# Blender 5.0.1
# www.blender.org
mtllib tripo_convert_184053a2-f901-449f-aae3-57ce1cfeef07.mtl
o tripo_node_184053a2-f901-449f-aae3-57ce1cfeef07
v 0.455462 0.032532 -0.004307
v 0.459884 0.033835 0.001115
v 0.457964 0.016428 -0.073802
v 0.464494 0.034441 0.004958
v 0.097117 0.007215 -0.099386
v 0.107945 -0.003113 -0.105588
v -0.066686 -0.042658 -0.103813
v 0.036264 -0.038293 -0.106560
v 0.045976 -0.055121 -0.108158
v 0.092931 -0.047155 -0.107702
v 0.103211 -0.029203 -0.107268
v 0.468806 -0.016374 -0.075661
v 0.469222 -0.014100 -0.065383
v 0.464094 0.000848 -0.071394
v 0.465689 -0.015057 -0.043870
v 0.464812 -0.007093 -0.040441
v 0.463746 0.010548 -0.070988
v 0.465262 -0.000491 -0.019807
v 0.466910 0.015417 -0.001760
v 0.466872 0.010126 -0.005902
v 0.435745 0.024246 0.066768
v 0.473339 0.007467 0.048556
v 0.474151 0.013812 0.040501
v 0.466730 0.018626 0.051988
v 0.487967 0.020549 0.063946
v 0.491238 0.016227 0.079536
v 0.463159 0.000005 0.081220
v 0.488049 0.003091 0.087425
v 0.455852 -0.005554 0.108059
v 0.432072 0.068390 0.098948
v 0.429312 0.015997 0.082538
v 0.473497 0.071963 0.054957
v 0.483653 0.069570 0.097768
v 0.441336 0.064890 0.054259
v 0.447004 0.068183 0.060215
v 0.418835 0.054909 0.072088
v 0.457453 0.054185 0.039201
v -0.429656 0.036835 0.079579
v -0.476449 0.062700 0.052332
v -0.427922 0.073240 0.094464
v -0.426170 -0.001783 0.101429
v -0.475840 0.020783 0.102901
v -0.467317 0.000156 0.106309
v -0.478431 0.068139 0.092645
v -0.427622 0.025340 0.062481
v -0.460387 0.006044 0.075113
v -0.438026 -0.006217 0.103299
v -0.486459 0.004598 0.078873
v -0.458286 0.013540 0.054182
v -0.467150 0.026545 0.030502
v -0.471618 0.035737 0.022786
v -0.473488 0.004324 -0.008520
v -0.469706 0.016279 0.004856
v -0.467585 0.023106 0.010533
v -0.465088 0.030823 0.015923
v -0.492381 0.058849 0.041304
v -0.449971 0.029589 0.042700
v -0.468937 0.015201 -0.093827
v -0.327201 -0.014434 -0.101243
v -0.319484 -0.037033 -0.106066
v -0.174370 -0.040998 -0.104834
v -0.421736 -0.037516 -0.107297
v -0.472483 -0.057342 -0.093648
v -0.472490 -0.030790 -0.027360
v -0.475584 -0.021469 -0.030157
v -0.312677 -0.054672 -0.106933
v -0.423222 -0.019388 -0.105878
v -0.123484 -0.053610 -0.104967
v -0.106459 -0.043494 -0.103056
v -0.115502 -0.049202 -0.104563
v -0.100391 -0.040237 -0.103939
v -0.347928 -0.005192 -0.103485
v -0.473977 0.015154 -0.100458
v -0.422533 0.006940 -0.101780
v -0.473830 0.012958 -0.012669
v -0.463570 0.035450 0.019122
v -0.471833 0.006209 -0.045214
v -0.466446 0.025915 -0.007776
v -0.469663 0.015719 -0.005064
v -0.472629 -0.023163 -0.025787
v -0.315147 0.013720 -0.094004
v -0.308641 0.010401 -0.097143
v -0.375265 0.019963 -0.041654
v -0.364794 0.021130 -0.041603
v -0.472461 0.033972 0.012689
v -0.321639 0.014633 -0.087620
v -0.314104 0.014177 -0.091479
v -0.319435 0.014294 -0.089805
v 0.454488 0.035917 0.008620
v 0.467821 0.024496 -0.001094
v 0.466074 0.029850 -0.013775
v 0.460394 0.034477 0.001661
v 0.464747 0.019006 0.012840
v 0.441844 0.014746 -0.075878
v 0.439183 0.012343 -0.098751
v 0.457736 0.015585 -0.078722
v 0.460049 0.020937 -0.053507
v 0.443181 0.018892 -0.051476
v 0.463142 0.015750 -0.079776
v 0.463946 0.011997 -0.081188
v 0.463861 0.010966 -0.078550
v 0.464186 0.005637 -0.080552
v 0.464386 0.009550 -0.046623
v 0.305946 0.025889 -0.028217
v 0.278463 0.023437 -0.052295
v 0.249877 0.028314 -0.009741
v 0.303629 0.031094 0.003369
v 0.131452 0.005526 -0.096077
v 0.132575 0.005085 -0.098019
v 0.131362 0.006905 -0.097636
v 0.124355 -0.016094 -0.107115
v 0.106147 -0.008637 -0.106047
v 0.071006 0.004094 -0.103718
v 0.082017 0.008908 -0.098721
v 0.093784 0.014663 -0.086678
v 0.128074 0.011077 -0.089933
v 0.046132 0.000442 -0.097312
v 0.087244 -0.012725 -0.101108
v 0.113879 -0.010194 -0.100727
v -0.031041 -0.047566 -0.106060
v -0.034842 -0.023585 -0.103024
v -0.080463 -0.027483 -0.101443
v -0.089110 -0.054315 -0.104150
v -0.055241 -0.054513 -0.105810
v 0.042947 -0.058506 -0.108589
v 0.040342 -0.056011 -0.108389
v 0.054571 -0.043356 -0.106989
v 0.079346 -0.046043 -0.107892
v 0.066269 -0.057019 -0.108160
v 0.042133 -0.060314 -0.108938
v 0.050235 -0.064694 -0.109186
v 0.054713 -0.060281 -0.108508
v 0.058464 -0.057858 -0.108037
v 0.062607 -0.063412 -0.108776
v 0.070558 -0.071583 -0.110807
v 0.090366 -0.038486 -0.107656
v 0.087941 -0.030993 -0.107103
v 0.105542 -0.028364 -0.104918
v 0.092966 -0.037123 -0.104822
v 0.093495 -0.044469 -0.107054
v 0.091227 -0.044811 -0.107844
v 0.094144 -0.046170 -0.108230
v 0.095204 -0.047624 -0.108595
v 0.094146 -0.046179 -0.107816
v 0.096703 -0.046651 -0.108663
v 0.112025 -0.029080 -0.107532
v 0.111896 -0.029250 -0.107687
v 0.114136 -0.026627 -0.107529
v 0.466381 -0.011452 -0.080062
v 0.467942 -0.007437 -0.073671
v 0.469215 -0.017766 -0.071579
v 0.465444 -0.002857 -0.085238
v 0.465322 -0.001999 -0.086660
v 0.465342 -0.002777 -0.086523
v 0.468869 -0.008163 -0.065688
v 0.469275 -0.005011 -0.055135
v 0.462772 0.001029 -0.080098
v 0.464785 -0.003247 -0.081250
v 0.465041 -0.006649 -0.076284
v 0.465562 -0.012179 -0.067805
v 0.464970 -0.009170 -0.058750
v 0.467426 -0.020687 -0.049062
v 0.466658 -0.018633 -0.038935
v 0.465302 -0.015023 -0.040047
v 0.464151 -0.011876 -0.040579
v 0.464683 -0.012914 -0.038236
v 0.464036 -0.011652 -0.041085
v 0.465906 -0.015993 -0.054486
v 0.466909 -0.015262 -0.025225
v 0.464939 0.017176 -0.021315
v 0.467430 0.006871 0.002093
v 0.465403 0.021533 -0.002401
v 0.465143 -0.001973 -0.016895
v 0.467563 0.005685 0.002226
v 0.464408 0.012777 0.008828
v 0.466072 0.004065 -0.007203
v 0.467738 0.004934 -0.011373
v 0.467424 0.005266 -0.010673
v 0.468065 0.005317 -0.020908
v 0.468885 0.012986 -0.023844
v 0.438729 0.033811 0.042954
v 0.466986 0.026772 0.043139
v 0.395057 0.032138 0.068450
v 0.467594 0.010784 0.058030
v 0.471450 0.014191 0.046090
v 0.478689 0.011050 0.046837
v 0.476370 0.004758 0.061342
v 0.472404 0.024742 0.037154
v 0.482410 0.022512 0.046017
v 0.488446 0.007062 0.078572
v 0.491191 0.030791 0.076280
v 0.489551 0.014295 0.089584
v 0.488687 0.034651 0.089289
v 0.475993 -0.001078 0.094917
v 0.477456 0.012498 0.098553
v 0.465089 0.000548 0.103788
v 0.463667 0.013314 0.105351
v 0.452428 0.013111 0.105863
v 0.439851 0.010906 0.099372
v 0.442408 -0.006126 0.099026
v 0.429108 0.017719 0.093063
v 0.431545 0.057626 0.099043
v 0.447068 0.059099 0.100449
v 0.447463 0.071266 0.098947
v 0.445958 0.074916 0.086895
v 0.427516 0.069876 0.088067
v 0.428394 0.056279 0.090122
v 0.427417 0.034300 0.089992
v 0.431176 0.037964 0.080716
v 0.387235 0.046140 0.071925
v 0.471956 0.068889 0.046258
v 0.471193 0.072963 0.072935
v 0.489064 0.067116 0.073021
v 0.492646 0.061348 0.054265
v 0.445937 0.072356 0.073323
v 0.481520 0.056532 0.099199
v 0.487343 0.056133 0.089098
v 0.484648 0.070051 0.088457
v 0.468609 0.070580 0.099074
v 0.467109 0.058166 0.100580
v 0.469432 0.073286 0.086911
v 0.416023 0.056217 0.044380
v 0.416179 0.058767 0.055933
v 0.429525 0.066516 0.072421
v 0.378080 0.056390 0.069082
v 0.488583 0.056579 0.037659
v 0.450024 0.044404 0.035600
v 0.412312 0.047318 0.039297
v -0.428581 0.055996 0.072264
v -0.428658 0.059117 0.085921
v -0.427609 0.036935 0.093088
v -0.431954 0.019898 0.075366
v -0.422580 0.033412 0.067505
v -0.419314 0.044685 0.072219
v -0.418877 0.054442 0.067071
v -0.491550 0.048308 0.046294
v -0.487938 0.055320 0.059497
v -0.470318 0.052780 0.038223
v -0.480105 0.047793 0.032611
v -0.454366 0.065338 0.058906
v -0.450499 0.058656 0.045815
v -0.418410 0.063662 0.053515
v -0.415652 0.049829 0.040235
v -0.444706 0.046341 0.034805
v -0.425911 0.068072 0.065677
v -0.427155 0.073200 0.080676
v -0.455730 0.070710 0.076687
v -0.454407 0.074345 0.092001
v -0.451416 0.057484 0.096812
v -0.427747 0.059671 0.095752
v -0.434346 0.001475 0.101671
v -0.434489 -0.006956 0.096582
v -0.432133 0.002059 0.087573
v -0.427533 0.012616 0.092611
v -0.430448 0.014556 0.099960
v -0.467928 0.019656 0.103687
v -0.467730 0.033867 0.101324
v -0.477883 0.032172 0.100464
v -0.481060 0.028970 0.089296
v -0.479763 0.011283 0.097181
v -0.468351 0.010114 0.105296
v -0.459222 -0.001410 0.104431
v -0.456496 0.008190 0.103862
v -0.473198 -0.002814 0.097333
v -0.461468 -0.006369 0.095428
v -0.469632 0.072625 0.091625
v -0.472759 0.068966 0.076837
v -0.482274 0.063965 0.080104
v -0.481960 0.049961 0.083120
v -0.478011 0.055162 0.096287
v -0.468129 0.056918 0.097718
v -0.440397 0.009690 0.076805
v -0.450472 0.019935 0.060666
v -0.426272 0.029042 0.046868
v -0.444420 -0.001941 0.087734
v -0.461373 -0.005834 0.086022
v -0.477065 -0.006041 0.088045
v -0.478109 -0.002658 0.076244
v -0.479847 0.008171 0.056590
v -0.465126 0.006160 0.056215
v -0.446854 -0.004328 0.104281
v -0.446844 -0.008849 0.097002
v -0.444329 0.004677 0.102569
v -0.483966 0.004493 0.086697
v -0.485163 0.023423 0.076363
v -0.488510 0.017497 0.065212
v -0.467676 0.015911 0.037542
v -0.460398 0.020539 0.044607
v -0.480639 0.025295 0.044348
v -0.481902 0.038435 0.037358
v -0.448928 0.032518 0.030000
v -0.465030 0.041127 0.028131
v -0.473986 0.005401 -0.029170
v -0.473090 -0.000424 -0.012225
v -0.470728 0.032335 0.003248
v -0.456795 0.027663 -0.000675
v -0.447559 0.030978 0.021089
v -0.424230 0.032115 0.037623
v -0.449349 0.012718 -0.091988
v -0.453280 0.015854 -0.075101
v -0.469835 0.013139 -0.072320
v -0.470227 -0.013254 -0.093982
v -0.449187 -0.018328 -0.097932
v -0.470906 -0.000903 -0.058920
v -0.344016 -0.018293 -0.103267
v -0.344118 -0.019396 -0.103299
v -0.338296 -0.020924 -0.102674
v -0.334913 -0.027188 -0.103679
v -0.315510 -0.022724 -0.101651
v -0.289860 -0.023083 -0.108096
v -0.256987 -0.037854 -0.108884
v -0.287056 -0.039786 -0.109363
v -0.417786 -0.034362 -0.109350
v -0.419343 -0.029514 -0.107842
v -0.450824 -0.038567 -0.098589
v -0.423182 -0.042583 -0.107415
v -0.417032 -0.040958 -0.110318
v -0.422341 -0.037999 -0.106983
v -0.482741 -0.045927 -0.104697
v -0.467923 -0.060255 -0.106694
v -0.454670 -0.055480 -0.098977
v -0.452541 -0.047206 -0.098699
v -0.471383 -0.037251 -0.093924
v -0.473469 -0.029926 -0.024459
v -0.472429 -0.032987 -0.024472
v -0.472402 -0.027486 -0.024835
v -0.473582 -0.020218 -0.022882
v -0.473348 -0.019070 -0.021831
v -0.474664 -0.017509 -0.024580
v -0.310642 -0.059874 -0.106853
v -0.317963 -0.058291 -0.103914
v -0.316824 -0.049125 -0.104365
v -0.423049 -0.027413 -0.105246
v -0.415416 -0.044228 -0.105971
v -0.477842 -0.011737 -0.102547
v -0.417593 -0.001318 -0.104266
v -0.423382 -0.012917 -0.105996
v -0.125002 -0.058803 -0.106083
v -0.115590 -0.059433 -0.105768
v -0.111004 -0.046146 -0.102868
v -0.098535 -0.053744 -0.104102
v -0.095336 -0.053035 -0.103979
v -0.115728 -0.020457 -0.101124
v -0.139464 -0.059152 -0.106569
v -0.135143 -0.059500 -0.106411
v -0.118659 -0.053906 -0.104517
v -0.132437 -0.051528 -0.105302
v -0.122933 -0.044953 -0.104796
v -0.099986 -0.056634 -0.103443
v -0.109022 -0.050790 -0.104480
v -0.109461 -0.049797 -0.104528
v -0.144749 -0.041268 -0.105488
v -0.139181 -0.024899 -0.104720
v -0.349412 -0.009367 -0.103158
v -0.348877 -0.013248 -0.102834
v -0.349948 -0.012573 -0.102719
v -0.350586 -0.012229 -0.102644
v -0.349132 -0.007458 -0.103397
v -0.348077 -0.004602 -0.103879
v -0.349400 -0.005034 -0.103643
v -0.355275 -0.006953 -0.102596
v -0.350841 -0.012083 -0.102616
v -0.477886 -0.015451 -0.075195
v -0.473428 0.018885 -0.079293
v -0.420596 0.006111 -0.102275
v -0.421627 0.006534 -0.102015
v -0.421393 0.007253 -0.101824
v -0.423071 0.007241 -0.101393
v -0.469045 0.029397 -0.012636
v -0.472860 0.025753 -0.038755
v -0.459207 0.033093 0.007239
v -0.469424 0.015121 -0.046187
v -0.469710 0.014767 -0.027434
v -0.473387 0.001787 -0.032853
v -0.461990 0.025831 -0.017294
v -0.454271 0.025050 -0.015427
v -0.474725 -0.018745 -0.019504
v -0.473663 -0.028454 -0.023638
v -0.471717 -0.025335 -0.036780
v -0.307578 0.012267 -0.102213
v -0.323301 -0.007478 -0.100291
v -0.277603 0.010132 -0.093645
v -0.296668 -0.002947 -0.098853
v -0.261689 0.003031 -0.098614
v -0.368640 0.019779 -0.045504
v -0.367407 0.020015 -0.046010
v -0.361503 0.021144 -0.048435
v -0.359939 0.021935 -0.041717
v -0.357329 0.021618 -0.045871
v -0.352836 0.020275 -0.044747
v -0.382789 0.025013 -0.001568
v -0.312707 0.014364 -0.090623
v -0.269410 0.014181 -0.093796
v -0.286673 -0.004284 -0.105755
v -0.326935 -0.035731 -0.104475
v -0.224248 0.007327 -0.101339
v -0.218531 -0.004503 -0.102639
v -0.220994 -0.017465 -0.104341
v -0.216542 -0.038900 -0.106749
v -0.189075 -0.004517 -0.102619
v -0.190702 -0.017034 -0.103551
v -0.190018 -0.041167 -0.105599
v -0.165754 -0.018577 -0.104014
v -0.167293 -0.041063 -0.105698
v -0.162152 -0.005456 -0.103066
v -0.132797 -0.009192 -0.103735
v -0.187504 0.005555 -0.101861
v -0.158489 0.004442 -0.102349
v -0.126406 0.002171 -0.102957
v -0.154550 0.013025 -0.100271
v -0.120430 0.010423 -0.101648
v -0.064812 0.008455 -0.102082
v -0.067149 -0.001285 -0.102519
v -0.075503 -0.021102 -0.103134
v -0.025690 0.004784 -0.102001
v -0.027860 -0.007627 -0.102412
v -0.029909 -0.025245 -0.103771
v -0.028968 -0.039784 -0.105332
v -0.058158 -0.040289 -0.104098
v -0.000739 -0.014839 -0.103982
v -0.009470 -0.033504 -0.105561
v 0.035927 -0.024306 -0.105121
v 0.001734 -0.051182 -0.107877
v 0.075821 -0.024115 -0.106234
v 0.056985 -0.004172 -0.104197
v 0.090206 -0.015478 -0.106060
v 0.006396 -0.000027 -0.102716
v 0.012957 0.009723 -0.101851
v -0.023316 0.013834 -0.098864
v -0.020429 0.015363 -0.089086
v 0.019856 0.014410 -0.093405
v -0.015927 0.017845 -0.073835
v 0.028705 0.016896 -0.078420
v -0.008660 0.022210 -0.047610
v 0.040873 0.020658 -0.055619
v 0.111294 0.019169 -0.060933
v 0.002107 0.030161 0.000006
v 0.053600 0.029574 -0.002435
v 0.118400 0.029195 -0.004769
v 0.062370 0.033622 0.021365
v 0.126437 0.034181 0.022609
v 0.195588 0.035195 0.025440
v 0.197301 0.030221 0.003437
v 0.123489 0.015355 -0.081702
v 0.193601 0.022417 -0.035775
v 0.178699 0.025592 -0.005000
v 0.113421 0.020158 -0.023059
v 0.096054 0.030454 0.026166
v 0.039091 0.029822 0.023192
v 0.041507 0.022057 -0.020943
v 0.047812 0.013224 -0.070708
v 0.163867 0.032443 0.028828
v 0.159541 0.033513 0.040470
v 0.093058 0.032872 0.039258
v 0.228357 0.027246 -0.002063
v 0.229832 0.032405 0.027145
v 0.226693 0.031898 0.039698
v 0.222955 0.027155 0.049886
v 0.156314 0.029190 0.051169
v 0.287612 0.029091 0.020351
v 0.284002 0.030325 0.035263
v 0.280845 0.028696 0.047156
v 0.277909 0.027330 0.058681
v 0.219384 0.025922 0.060811
v 0.339138 0.034809 0.030883
v 0.337415 0.034192 0.043650
v 0.345149 0.031992 0.053415
v 0.340893 0.028102 0.067114
v 0.274616 0.029129 0.069909
v 0.397455 0.036456 0.037600
v 0.404279 0.033937 0.027175
v 0.456614 0.035302 0.014890
v 0.403520 0.025914 -0.002872
v 0.448477 0.027296 -0.014616
v 0.464061 0.028343 -0.020675
v 0.464910 0.033457 0.003561
v 0.465326 0.034108 0.008196
v 0.461383 0.033907 0.005052
v 0.464674 0.036606 0.008505
v 0.464213 0.037632 0.012705
v 0.465244 0.033466 0.009462
v 0.465039 0.035156 0.011832
v 0.464765 0.034206 0.008053
v 0.465505 0.031010 0.008080
v 0.465738 0.031343 0.010796
v 0.465053 0.033406 0.009713
v 0.465681 0.025600 0.006602
v 0.466548 0.028426 0.012336
v 0.466498 0.018283 0.008035
v 0.466672 0.023909 0.014238
v 0.467482 0.012572 0.009039
v 0.467252 0.019902 0.015447
v 0.465155 0.034661 0.011672
v 0.466016 0.033992 0.018095
v 0.466229 0.036623 0.019286
v 0.399170 0.016955 -0.052637
v 0.340882 0.030426 0.007687
v 0.337579 0.020164 -0.045584
v 0.335727 0.012758 -0.083933
v 0.396953 0.011717 -0.083517
v 0.332081 0.014435 -0.099353
v 0.395977 0.013565 -0.100178
v 0.340360 0.018499 -0.072226
v 0.397300 0.017117 -0.080648
v 0.436842 0.014161 -0.091561
v 0.447824 0.011745 -0.098493
v 0.436546 0.017867 -0.074350
v 0.458674 0.010674 -0.094413
v 0.451761 0.012352 -0.093691
v 0.453495 0.010450 -0.098401
v 0.455267 0.016476 -0.078124
v 0.462731 0.021844 -0.051250
v 0.461205 0.016864 -0.075405
v 0.466401 0.015721 -0.061070
v 0.463410 0.016207 -0.076560
v 0.466602 0.012980 -0.063051
v 0.463190 0.015744 -0.079559
v 0.468922 0.005633 -0.050752
v 0.464297 0.006213 -0.081843
v 0.462574 0.013040 -0.084336
v 0.468048 0.001041 -0.025813
v 0.469155 0.000967 -0.052556
v 0.467866 -0.000288 -0.067060
v 0.469251 0.019381 -0.022759
v 0.436630 0.026838 -0.032915
v 0.439746 0.035612 0.011007
v 0.406799 0.030896 -0.010117
v 0.409507 0.036716 0.019813
v 0.410810 0.039557 0.032115
v 0.443990 0.039450 0.029382
v 0.457182 0.038557 0.027480
v 0.460192 0.040020 0.032644
v 0.462069 0.037558 0.024935
v 0.360969 0.036274 0.023061
v 0.363411 0.039468 0.034029
v 0.366324 0.047893 0.039951
v 0.308812 0.038247 0.032066
v 0.311744 0.048177 0.039081
v 0.315070 0.057829 0.045090
v 0.369951 0.057705 0.045305
v 0.318223 0.060203 0.055220
v 0.373611 0.059132 0.056210
v 0.321314 0.058229 0.067200
v 0.262383 0.062067 0.053618
v 0.265373 0.060611 0.064894
v 0.268438 0.051109 0.071466
v 0.324409 0.048077 0.073123
v 0.271498 0.039479 0.073669
v 0.329144 0.036132 0.072118
v 0.209348 0.052355 0.069932
v 0.212526 0.042102 0.074285
v 0.215889 0.031462 0.069503
v 0.146876 0.043411 0.074984
v 0.150042 0.032635 0.068722
v 0.153089 0.024721 0.061512
v 0.085823 0.034184 0.068302
v 0.087968 0.025456 0.061813
v 0.090724 0.028594 0.050243
v 0.033689 0.025014 0.060393
v 0.035299 0.027620 0.048802
v 0.037118 0.031986 0.037348
v -0.012122 0.026645 0.047978
v -0.010559 0.031624 0.035393
v -0.008724 0.029432 0.020868
v -0.053821 0.031309 0.034720
v -0.051946 0.029270 0.020240
v -0.049793 0.022343 -0.021498
v -0.006917 0.022362 -0.021241
v -0.047540 0.015632 -0.061261
v -0.006730 0.015041 -0.062914
v -0.046067 0.012251 -0.080312
v -0.004995 0.011953 -0.080362
v 0.057547 0.010366 -0.086307
v 0.015646 0.008190 -0.094058
v -0.045302 0.007810 -0.093270
v -0.044013 -0.003147 -0.099272
v -0.006029 -0.002208 -0.098515
v -0.008197 -0.013637 -0.101041
v 0.024695 -0.013955 -0.100633
v -0.083465 0.007324 -0.093630
v -0.082720 -0.004212 -0.098995
v -0.119261 0.008457 -0.095419
v -0.118091 -0.003667 -0.099621
v -0.152814 0.008655 -0.097578
v -0.151034 -0.004992 -0.100420
v -0.148538 -0.024609 -0.102335
v -0.181194 -0.009517 -0.101236
v -0.146617 -0.041103 -0.104031
v -0.216243 -0.011848 -0.100555
v -0.206175 -0.038756 -0.103447
v -0.281204 -0.031083 -0.101902
v -0.289789 -0.016032 -0.100264
v -0.283878 -0.039364 -0.102937
v -0.257221 -0.037261 -0.102248
v -0.253455 -0.013592 -0.100128
v -0.223643 0.004527 -0.099081
v -0.230408 0.011391 -0.088344
v -0.185621 0.005871 -0.099335
v -0.190277 0.011900 -0.086160
v -0.196592 0.015084 -0.065557
v -0.240991 0.013935 -0.071888
v -0.155496 0.012175 -0.084024
v -0.160096 0.015215 -0.064069
v -0.166524 0.021635 -0.021594
v -0.204769 0.021672 -0.022390
v -0.121159 0.012341 -0.082089
v -0.124558 0.015316 -0.062598
v -0.128853 0.021441 -0.021287
v -0.132720 0.028532 0.022041
v -0.171929 0.028310 0.021961
v -0.087214 0.015505 -0.061038
v -0.090642 0.021725 -0.021402
v -0.093230 0.028736 0.021566
v -0.095283 0.031414 0.037184
v -0.135938 0.031175 0.038400
v -0.138374 0.030262 0.049898
v -0.178120 0.028241 0.049664
v -0.175477 0.031007 0.037899
v -0.097147 0.029541 0.049137
v -0.099912 0.024381 0.059685
v -0.140921 0.028659 0.061377
v -0.055734 0.026002 0.047422
v -0.057550 0.024073 0.059037
v -0.059639 0.031802 0.069729
v -0.102240 0.030770 0.070548
v -0.013508 0.024513 0.058840
v -0.015664 0.033834 0.068398
v -0.017782 0.042536 0.076302
v -0.062040 0.040958 0.074959
v 0.031131 0.034754 0.067316
v 0.029020 0.042731 0.075560
v 0.026353 0.053299 0.070874
v -0.020149 0.052216 0.069516
v 0.083348 0.044181 0.074936
v 0.080654 0.052248 0.070124
v 0.077889 0.058205 0.058446
v 0.023336 0.060107 0.059622
v 0.143816 0.053695 0.071539
v 0.140765 0.059482 0.060507
v 0.137789 0.059085 0.048406
v 0.074692 0.059158 0.046809
v 0.206141 0.061950 0.063707
v 0.203378 0.057994 0.053732
v 0.200736 0.050330 0.044212
v 0.134461 0.049857 0.039684
v 0.259448 0.056429 0.043386
v 0.256690 0.046433 0.036361
v 0.198218 0.042821 0.034964
v 0.131013 0.039943 0.032749
v 0.254119 0.035702 0.027865
v 0.252169 0.032508 0.015382
v 0.306133 0.034563 0.021184
v 0.357070 0.032189 0.002477
v 0.349526 0.024160 -0.038230
v 0.400705 0.022131 -0.055017
v 0.221341 0.023421 -0.031168
v 0.260474 0.019743 -0.070984
v 0.267346 0.017984 -0.056635
v 0.226350 0.024297 -0.021009
v 0.216608 0.024750 -0.021115
v 0.214852 0.024409 -0.026034
v 0.283004 0.022884 -0.018789
v 0.067203 0.037797 0.034012
v 0.070856 0.048554 0.040349
v 0.012473 0.037890 0.033170
v 0.016427 0.049360 0.039011
v 0.019878 0.058647 0.046995
v -0.026970 0.046851 0.043283
v -0.024792 0.057154 0.050082
v -0.022585 0.061057 0.060976
v -0.069789 0.058172 0.051742
v -0.067157 0.060778 0.062859
v -0.064519 0.050885 0.068703
v -0.109522 0.060980 0.061495
v -0.107010 0.052163 0.069299
v -0.104544 0.040949 0.075253
v -0.147977 0.053257 0.069983
v -0.145703 0.041446 0.074501
v -0.143435 0.030705 0.071924
v -0.185551 0.042255 0.073199
v -0.183303 0.030674 0.073046
v -0.180716 0.030036 0.061665
v -0.222485 0.030531 0.072471
v -0.219867 0.027843 0.061642
v -0.217497 0.027708 0.049562
v -0.259263 0.025678 0.062460
v -0.257264 0.027460 0.050202
v -0.255061 0.030683 0.037880
v -0.215005 0.030960 0.037864
v -0.251692 0.028640 0.022742
v -0.211313 0.028355 0.022055
v -0.245551 0.021371 -0.024185
v -0.294691 0.028625 0.022997
v -0.300691 0.019266 -0.036511
v -0.295718 0.030951 0.038859
v -0.337332 0.031201 0.041106
v -0.339641 0.028137 0.020100
v -0.380766 0.031627 0.042416
v -0.380049 0.029844 0.030359
v -0.422318 0.031070 0.027725
v -0.419016 0.027387 0.007774
v -0.443701 0.027856 0.004489
v -0.440868 0.023972 -0.016626
v -0.403902 0.020557 -0.027324
v -0.452473 0.022048 -0.033256
v -0.436390 0.019493 -0.040688
v -0.401834 0.017431 -0.048449
v -0.449178 0.016658 -0.065574
v -0.427739 0.012724 -0.076623
v -0.397530 0.014309 -0.078423
v -0.460572 0.020260 -0.053110
v -0.462591 0.023996 -0.030104
v -0.381614 0.027976 0.052546
v -0.337962 0.027648 0.052936
v -0.339026 0.025418 0.064492
v -0.382310 0.025393 0.063635
v -0.297170 0.027370 0.051190
v -0.298770 0.024325 0.063057
v -0.300274 0.033016 0.070989
v -0.339869 0.034571 0.069724
v -0.261254 0.031865 0.072503
v -0.263249 0.043481 0.072790
v -0.301550 0.044913 0.073056
v -0.224771 0.042415 0.072412
v -0.227003 0.054464 0.069673
v -0.265116 0.055510 0.070278
v -0.187903 0.054173 0.070297
v -0.190270 0.059111 0.061548
v -0.229304 0.059309 0.060933
v -0.150359 0.059822 0.061618
v -0.152917 0.057430 0.050248
v -0.192765 0.057784 0.049611
v -0.112135 0.057918 0.050412
v -0.114881 0.050949 0.041153
v -0.155572 0.051231 0.041324
v -0.072805 0.050006 0.041250
v -0.076065 0.039827 0.034934
v -0.117806 0.040194 0.035794
v -0.030401 0.038961 0.034382
v -0.034857 0.034170 0.023349
v -0.079621 0.034440 0.024347
v 0.008412 0.033703 0.021169
v -0.041207 0.030951 0.004212
v -0.051324 0.022875 -0.044227
v -0.094370 0.023620 -0.041080
v -0.084944 0.031397 0.006294
v -0.135452 0.023987 -0.039748
v -0.126265 0.031823 0.008158
v -0.121128 0.034750 0.025656
v -0.165479 0.031911 0.008767
v -0.161183 0.034970 0.026490
v -0.158312 0.040432 0.036208
v -0.200423 0.034807 0.025302
v -0.197789 0.040436 0.035406
v -0.195227 0.051032 0.041063
v -0.236468 0.040009 0.033305
v -0.234132 0.050375 0.040177
v -0.231702 0.058019 0.048866
v -0.270860 0.050354 0.038823
v -0.268929 0.058973 0.048569
v -0.267007 0.061298 0.060571
v -0.304656 0.054760 0.051235
v -0.303779 0.062091 0.060012
v -0.302552 0.056610 0.069360
v -0.341050 0.062013 0.059060
v -0.340841 0.056033 0.068173
v -0.340466 0.045945 0.073403
v -0.380905 0.055393 0.067169
v -0.381917 0.045691 0.073543
v -0.382291 0.035014 0.068450
v -0.379281 0.063438 0.055311
v -0.377637 0.052611 0.045470
v -0.341186 0.054393 0.049095
v -0.341286 0.044817 0.040343
v -0.376070 0.043389 0.036607
v -0.305272 0.045468 0.042877
v -0.306364 0.037460 0.033812
v -0.341284 0.037530 0.031882
v -0.273222 0.039708 0.031373
v -0.275824 0.034217 0.021165
v -0.308390 0.034592 0.021895
v -0.238796 0.034381 0.022587
v -0.242234 0.031187 0.004223
v -0.279812 0.030670 0.001051
v -0.203959 0.031630 0.007106
v -0.209800 0.023477 -0.040394
v -0.248694 0.023157 -0.042524
v -0.173127 0.023768 -0.039456
v -0.178213 0.019062 -0.067341
v -0.213304 0.018925 -0.066959
v -0.142736 0.019218 -0.067950
v -0.147374 0.016803 -0.082164
v -0.181475 0.016673 -0.081465
v -0.102671 0.019186 -0.068744
v -0.108938 0.016819 -0.083429
v -0.114637 0.014984 -0.094042
v -0.151052 0.015057 -0.092225
v -0.057093 0.018532 -0.070979
v -0.060592 0.016185 -0.085581
v -0.062947 0.014393 -0.096296
v -0.185763 0.013578 -0.099571
v -0.183779 0.014996 -0.091351
v -0.217440 0.013261 -0.097966
v -0.216116 0.014918 -0.090384
v -0.215087 0.016580 -0.080716
v -0.257435 0.015022 -0.089240
v -0.253875 0.016522 -0.080702
v -0.251958 0.018770 -0.067830
v -0.293250 0.016767 -0.078507
v -0.295548 0.018681 -0.067420
v -0.288255 0.022765 -0.044188
v -0.313619 0.023325 -0.038067
v -0.311110 0.029275 -0.003933
v -0.352662 0.020663 -0.044764
v -0.342103 0.027877 -0.011812
v -0.341305 0.034418 0.019306
v -0.359085 0.025213 -0.025129
v -0.370872 0.033390 0.013344
v -0.374009 0.036492 0.027108
v -0.408364 0.030985 0.000518
v -0.409012 0.035398 0.021224
v -0.412576 0.040941 0.031679
v -0.437065 0.034113 0.014305
v -0.440644 0.037622 0.026132
v -0.429599 0.030710 -0.001841
v -0.452673 0.030145 -0.008757
v -0.442725 0.024240 -0.041601
v -0.408094 0.024254 -0.034464
v -0.359163 0.018787 -0.049049
v -0.357449 0.019122 -0.045480
v -0.084730 0.012414 -0.080560
v -0.176964 -0.059466 -0.105756
v -0.178143 -0.058073 -0.106523
v -0.213178 -0.049936 -0.107911
v -0.243347 -0.049262 -0.109588
v -0.266695 -0.049321 -0.110829
v -0.212247 -0.057521 -0.108648
v -0.238522 -0.056134 -0.110080
v -0.216462 -0.063475 -0.109767
v -0.237399 -0.063664 -0.109723
v -0.253107 -0.065466 -0.110789
v -0.256293 -0.059704 -0.111206
v -0.474621 -0.007128 -0.020374
v -0.471265 -0.034284 -0.093911
v -0.472262 0.007647 -0.018106
v -0.474218 0.000968 -0.029973
v -0.420714 0.007258 -0.101998
v -0.423571 0.010653 -0.099312
v -0.478906 -0.024494 -0.060124
v -0.475217 -0.007178 -0.021744
v -0.474428 -0.017142 -0.023665
v -0.472579 -0.013416 -0.016336
v 0.012369 -0.033371 -0.105003
v 0.054744 -0.029596 -0.104404
v 0.075359 -0.018165 -0.102159
v 0.073804 -0.039204 -0.105324
v 0.089744 -0.028427 -0.103536
v 0.102000 -0.023878 -0.102890
v 0.080995 -0.048122 -0.106201
v -0.135782 -0.058730 -0.104483
v -0.115515 -0.059503 -0.104150
v -0.076480 -0.050592 -0.104314
v -0.064345 -0.047876 -0.104578
v -0.076206 -0.051262 -0.104388
v -0.061144 -0.055041 -0.105407
v -0.074657 -0.055050 -0.104806
v -0.410188 -0.008314 -0.103859
v -0.416198 -0.012988 -0.103581
v -0.284006 -0.062709 -0.112144
v -0.280682 -0.061505 -0.111077
v -0.280737 -0.064331 -0.111492
v -0.471362 -0.024719 -0.020380
v -0.472200 -0.020434 -0.019431
v -0.420182 -0.056084 -0.108519
v -0.421411 -0.048114 -0.107827
v -0.413993 -0.052401 -0.112206
v -0.414397 -0.050574 -0.111861
v -0.420588 -0.058963 -0.109040
v -0.209831 -0.063053 -0.108883
v -0.177911 -0.057844 -0.106958
v -0.341249 -0.023109 -0.103528
v -0.337921 -0.027107 -0.103821
v -0.344236 -0.020678 -0.103337
v -0.489638 0.035130 0.054922
v -0.486523 0.042616 0.066717
v -0.441386 0.016576 0.100434
v -0.454722 0.018819 0.101828
v -0.435918 0.036126 0.098205
v -0.452941 0.035497 0.099081
v 0.465533 0.040206 0.032567
v 0.485855 0.039489 0.041277
v 0.492219 0.043827 0.055311
v 0.490346 0.052609 0.072451
v 0.449403 0.037280 0.103107
v 0.465148 0.036840 0.103152
v 0.478907 0.033774 0.099236
v 0.435225 0.034251 0.099055
v 0.466983 -0.005352 -0.016145
v 0.468771 0.005473 -0.013959
v 0.464391 0.012702 0.008811
v 0.467643 -0.022082 -0.060516
v 0.466063 -0.014830 -0.074175
v 0.467947 -0.022834 -0.069353
v 0.468906 -0.027633 -0.069263
v 0.468971 -0.025280 -0.060091
v 0.469434 -0.030514 -0.069353
v 0.467814 -0.029845 -0.059987
v 0.469567 -0.028310 -0.067200
v 0.467953 -0.024242 -0.074848
v 0.470459 -0.031866 -0.073472
v 0.467337 -0.016736 -0.080183
v 0.467581 -0.019374 -0.081396
v 0.468796 -0.025013 -0.078298
v 0.466266 -0.011457 -0.080193
v 0.466944 -0.014349 -0.081671
v 0.469193 -0.025991 -0.050095
v 0.467737 -0.021506 -0.038050
v 0.464631 0.008650 -0.082879
v 0.466027 -0.007019 -0.082944
v 0.465699 -0.004238 -0.084166
v 0.465333 -0.002739 -0.086585
v 0.470379 -0.016151 -0.074063
v 0.468375 -0.024132 -0.077798
v 0.467802 -0.022747 -0.080808
v 0.085372 -0.051567 -0.107731
v 0.072763 -0.068124 -0.107438
v 0.072975 -0.067919 -0.111050
v 0.125681 0.011807 -0.088276
v 0.122980 0.014470 -0.084779
v 0.465627 0.035110 0.010586
v 0.463292 0.034109 0.000645
v 0.465268 0.036245 0.011208
v 0.452785 0.035445 0.004327
v -0.473959 -0.003993 -0.048719
v -0.149802 -0.049767 -0.105529
v -0.196756 -0.055829 -0.107057
v -0.199727 -0.049686 -0.106955
v 0.176788 0.024782 -0.025047
v -0.480339 -0.029207 -0.103772
v 0.460408 0.038670 0.026766
v 0.466343 -0.009001 -0.086799
v 0.464017 0.005976 -0.090166
v 0.462391 0.012468 -0.088553
v 0.464707 0.000611 -0.092328
v 0.467209 -0.015142 -0.086075
v 0.467705 -0.028240 -0.059999
v 0.467298 -0.027870 -0.050783
v 0.465815 -0.016228 -0.017054
v 0.466757 -0.023089 -0.040206
v 0.467705 -0.029045 -0.059638
v 0.456607 0.012311 -0.096371
v 0.459870 0.012929 -0.091733
v 0.465946 -0.001987 -0.004852
v 0.465895 -0.003136 -0.009810
v 0.465957 0.025871 0.018796
v 0.464176 0.007616 -0.085389
v 0.465914 0.032809 0.023172
v 0.466468 0.028578 0.018149
v 0.462150 0.038375 0.024810
v 0.456969 0.038360 0.027570
v 0.457003 0.038371 0.027599
v 0.466722 -0.016679 -0.094683
v 0.465906 -0.010361 -0.095494
v 0.463983 0.006240 -0.093497
v 0.463878 0.008409 -0.089689
v 0.463778 0.008326 -0.091359
v 0.464168 0.002728 -0.097932
v 0.462217 0.011095 -0.094233
v 0.459039 0.011837 -0.098020
v 0.459725 0.013080 -0.091742
v 0.458867 0.013678 -0.088785
v 0.465397 -0.006296 -0.077209
v 0.464832 -0.002047 -0.096533
v 0.468055 -0.021201 -0.078750
v 0.467549 -0.023092 -0.093909
v 0.466798 -0.012576 -0.086015
v 0.467305 -0.014290 -0.091103
v 0.467446 -0.015161 -0.078500
v 0.467726 -0.018621 -0.073221
v 0.463946 0.004816 -0.097398
v 0.467356 -0.027189 -0.054219
v 0.467399 -0.028505 -0.052914
v 0.467715 -0.029931 -0.058765
v 0.467622 -0.028372 -0.059307
v 0.467422 -0.025115 -0.049837
v 0.466990 -0.025565 -0.044496
v 0.467003 -0.026786 -0.044875
v 0.465641 -0.018650 -0.015426
v 0.466001 -0.006604 -0.016236
v 0.465658 -0.011961 -0.009208
v 0.466106 -0.022897 -0.026616
v 0.466010 -0.016379 -0.025298
v 0.466660 -0.022328 -0.037554
v 0.467881 -0.030419 -0.061522
v 0.467788 -0.030109 -0.059805
v 0.466485 -0.010660 -0.082432
v 0.466437 -0.011354 -0.082388
v 0.468186 -0.026272 -0.071177
v 0.468023 -0.025064 -0.069670
v 0.468103 -0.026927 -0.069628
v 0.462783 0.011324 -0.097780
v 0.458063 0.011877 -0.098396
v 0.465977 -0.000216 -0.009992
v 0.465972 -0.003758 -0.001873
v 0.465726 -0.002582 -0.001742
v 0.465699 -0.006644 -0.005007
v 0.465964 0.029813 0.023778
v 0.465967 0.024813 0.017979
v 0.466524 0.028600 0.018352
v 0.465917 0.023962 0.019184
v 0.465954 0.023169 0.016878
v 0.464173 0.008507 -0.086947
v 0.464369 0.007184 -0.083941
v 0.464234 0.007015 -0.084620
v 0.466115 0.034952 0.027800
v 0.466104 0.034613 0.027590
v 0.468213 -0.020924 -0.074736
v 0.467859 -0.021230 -0.069758
v 0.466362 -0.024067 -0.031928
v 0.465933 -0.014752 -0.030523
v 0.467578 -0.015979 -0.066664
v 0.219141 0.023674 -0.028949
v 0.211821 0.024469 -0.023052
v 0.214898 0.024040 -0.025891
v 0.218479 0.023735 -0.028447
v 0.217992 0.023792 -0.027976
v -0.047066 -0.053864 -0.106041
v -0.080227 -0.056741 -0.104806
v 0.054801 -0.063246 -0.108826
v 0.042756 -0.060605 -0.108878
v -0.096477 -0.055430 -0.104144
v -0.179452 -0.059728 -0.107030
v -0.178344 -0.058225 -0.106808
v -0.121290 -0.059234 -0.105160
v -0.151730 -0.059333 -0.106221
v -0.159097 -0.057579 -0.106356
v -0.099884 -0.055082 -0.104243
v -0.107284 -0.055649 -0.104441
v -0.135031 -0.059706 -0.105661
v -0.168332 -0.058562 -0.106711
v -0.171067 -0.057113 -0.106600
v -0.041724 -0.053679 -0.106236
v -0.094148 -0.056183 -0.104225
v 0.020627 -0.048594 -0.108151
v -0.041011 -0.054334 -0.106337
v -0.046804 -0.054876 -0.106132
v -0.054780 -0.055612 -0.105848
v -0.053081 -0.054306 -0.105777
v -0.074653 -0.055166 -0.104886
v -0.066092 -0.055572 -0.105325
v -0.070273 -0.057127 -0.105306
v -0.085337 -0.058684 -0.104786
v -0.091857 -0.055490 -0.104194
v -0.084908 -0.053037 -0.104184
v -0.078331 -0.046093 -0.103711
v 0.052973 -0.063190 -0.108874
v 0.057931 -0.055949 -0.107883
v 0.058706 -0.059210 -0.108234
v 0.064946 -0.066541 -0.108887
v 0.054379 -0.066889 -0.109264
v 0.052026 -0.065821 -0.109211
v 0.042053 -0.060707 -0.108916
v 0.042808 -0.060996 -0.108928
v 0.042412 -0.061296 -0.108975
v 0.044622 -0.061695 -0.108954
v 0.044001 -0.061424 -0.108940
v -0.096262 -0.058343 -0.104300
v -0.100636 -0.059052 -0.104426
v -0.101321 -0.053207 -0.104028
v -0.097157 -0.053063 -0.103963
v -0.094159 -0.056261 -0.104164
v -0.184489 -0.059790 -0.107176
v -0.184344 -0.058951 -0.106926
v -0.179455 -0.059846 -0.106987
v -0.177651 -0.060066 -0.106952
v -0.177893 -0.059555 -0.106982
v -0.176149 -0.060017 -0.107002
v -0.179496 -0.060654 -0.107146
v -0.184046 -0.061592 -0.107579
v -0.119250 -0.060105 -0.105140
v -0.126490 -0.060256 -0.105403
v -0.127755 -0.059161 -0.105348
v -0.162785 -0.050543 -0.105891
v -0.160055 -0.049466 -0.105588
v -0.157933 -0.057304 -0.106274
v -0.157656 -0.060988 -0.106529
v -0.163345 -0.061122 -0.106734
v -0.164124 -0.058517 -0.106585
v -0.168472 -0.055011 -0.106487
v -0.106168 -0.059812 -0.104669
v -0.103729 -0.053382 -0.104163
v -0.104927 -0.052842 -0.104130
v -0.152351 -0.059295 -0.106274
v -0.151973 -0.059935 -0.106341
v -0.150978 -0.059589 -0.106283
v -0.135477 -0.060564 -0.105732
v -0.139859 -0.060572 -0.105885
v -0.139797 -0.059518 -0.105848
v -0.169851 -0.061390 -0.106982
v -0.043285 -0.053661 -0.106163
v -0.035271 -0.052931 -0.106445
v -0.034884 -0.053049 -0.106475
v -0.034871 -0.053048 -0.106476
v -0.094099 -0.057434 -0.104281
v 0.020633 -0.050807 -0.108416
v 0.019764 -0.050739 -0.108440
v 0.018266 -0.050280 -0.108441
v 0.046023 -0.062393 -0.108993
v 0.044833 -0.062102 -0.108995
v 0.023769 -0.044812 -0.107591
v -0.029033 -0.052707 -0.106705
v -0.027229 -0.053090 -0.106831
v -0.027392 -0.052408 -0.106746
v -0.188971 -0.062084 -0.107983
v -0.188994 -0.060719 -0.107622
v -0.201485 -0.062343 -0.108704
v -0.202111 -0.063049 -0.108938
v -0.199275 -0.056917 -0.107059
v -0.188578 -0.058048 -0.106885
v -0.205692 -0.062397 -0.108933
v -0.208270 -0.062170 -0.108996
v 0.072607 -0.067048 -0.108949
v 0.074510 -0.067627 -0.109094
v 0.069321 -0.073454 -0.109588
v 0.081588 -0.059100 -0.108542
v 0.083270 -0.060113 -0.109028
v 0.085462 -0.055236 -0.108395
v 0.086320 -0.056697 -0.108887
v 0.086314 -0.052204 -0.107797
v 0.088969 -0.054274 -0.108914
v 0.083475 -0.054367 -0.107813
v 0.085006 -0.050952 -0.107192
v 0.080417 -0.058636 -0.108285
v 0.072805 -0.068360 -0.109040
v 0.042384 -0.059026 -0.108705
v 0.136082 0.000151 -0.104764
v 0.135641 -0.000355 -0.105625
v 0.136272 -0.000358 -0.105711
v 0.136546 0.000412 -0.104596
v 0.137423 0.000939 -0.103790
v 0.137508 0.000496 -0.104303
v 0.135198 -0.000241 -0.105259
v 0.134807 -0.000352 -0.105510
v 0.137558 0.000230 -0.104611
v 0.136286 -0.000076 -0.105021
v 0.135558 -0.000648 -0.105663
v 0.134920 -0.001426 -0.105849
v 0.134524 -0.000874 -0.105627
v 0.136605 -0.000524 -0.105530
v 0.135937 -0.001223 -0.105888
v 0.135341 -0.002014 -0.106082
v 0.134603 -0.002800 -0.106059
v 0.134122 -0.002147 -0.105790
v 0.136392 -0.001922 -0.106160
v 0.135889 -0.002741 -0.106373
v 0.135192 -0.003540 -0.106390
v 0.134372 -0.004277 -0.106383
v 0.133792 -0.003523 -0.106037
v 0.136533 -0.003501 -0.106684
v 0.135798 -0.004275 -0.106737
v 0.134946 -0.005023 -0.106724
v 0.133846 -0.005987 -0.106707
v 0.133449 -0.004919 -0.106324
v 0.132222 -0.005659 -0.106339
v 0.131877 -0.004531 -0.105917
v 0.132952 -0.004010 -0.105958
v 0.131579 -0.003555 -0.105553
v 0.132498 -0.003108 -0.105604
v 0.133309 -0.002665 -0.105688
v 0.132139 -0.002190 -0.105270
v 0.132942 -0.001827 -0.105404
v 0.133741 -0.001488 -0.105547
v 0.132617 -0.001009 -0.105143
v 0.133413 -0.000676 -0.105286
v 0.134167 -0.000361 -0.105422
v 0.131800 -0.001351 -0.104996
v 0.131291 -0.002613 -0.105201
v 0.131007 -0.001683 -0.104853
v 0.136952 -0.002651 -0.106453
v 0.136921 -0.001092 -0.105946
v 0.137386 -0.001773 -0.106214
v 0.137728 -0.000661 -0.105644
v 0.137786 -0.000962 -0.105993
v 0.137643 -0.000212 -0.105123
v 0.137144 0.000480 -0.104572
v 0.137353 0.001308 -0.103362
v 0.136931 -0.000360 -0.105801
v 0.121849 0.014837 -0.083620
v 0.121824 0.014910 -0.084102
v 0.121847 0.014983 -0.083983
v 0.121944 0.014755 -0.084351
v 0.122271 0.014975 -0.083994
v 0.122189 0.015040 -0.083889
v 0.122096 0.015113 -0.083771
v 0.122030 0.014781 -0.083972
v 0.122336 0.014808 -0.083973
v 0.122275 0.014763 -0.084197
v 0.121901 0.014852 -0.083564
v 0.122167 0.014842 -0.083730
v 0.122392 0.014851 -0.083784
v 0.122756 0.014869 -0.083851
v 0.122689 0.014827 -0.084030
v 0.122370 0.014888 -0.083591
v 0.122822 0.014911 -0.083672
v 0.122892 0.014954 -0.083485
v 0.122499 0.014938 -0.083396
v 0.122604 0.014976 -0.083254
v 0.122963 0.014999 -0.083293
v 0.123106 0.015090 -0.082908
v 0.122703 0.015098 -0.082695
v 0.122800 0.015127 -0.082590
v 0.123171 0.015130 -0.082735
v 0.122943 0.015171 -0.082435
v 0.123242 0.015175 -0.082544
v 0.123092 0.015217 -0.082273
v 0.123330 0.015231 -0.082306
v 0.123184 0.015245 -0.082174
v 0.122370 0.014996 -0.083056
v 0.122203 0.014945 -0.083237
v 0.122053 0.014899 -0.083400
v 0.122635 0.014793 -0.084173
v 0.122692 0.014829 -0.084021
v 0.122377 0.014856 -0.084171
v 0.096029 -0.046962 -0.108527
v 0.096186 -0.044239 -0.107976
v 0.093275 -0.047371 -0.108119
v 0.091907 -0.043321 -0.107027
v 0.095033 -0.047110 -0.108379
v 0.094799 -0.045864 -0.108077
v 0.096086 -0.045979 -0.108328
v 0.096138 -0.045065 -0.108143
v 0.094766 -0.044922 -0.107871
v 0.094819 -0.043946 -0.107673
v 0.092838 -0.046078 -0.107770
v 0.093832 -0.045924 -0.107916
v 0.094106 -0.047248 -0.108242
v 0.093450 -0.043652 -0.107369
v 0.093402 -0.044626 -0.107568
v 0.092402 -0.044787 -0.107422
v -0.356511 0.020344 -0.046199
v -0.413866 -0.047428 -0.108929
v -0.401339 -0.004873 -0.106410
v -0.414155 -0.011376 -0.105707
v -0.399265 -0.000137 -0.106088
v -0.415416 0.003874 -0.104139
v -0.402752 -0.004720 -0.106241
v -0.407346 -0.002035 -0.105400
v -0.409354 0.005734 -0.102033
v -0.393595 0.012649 -0.080933
v -0.413858 0.006712 -0.102106
v -0.365905 0.018756 -0.055362
v -0.355663 0.019966 -0.048617
v -0.357801 0.020563 -0.046107
v -0.357843 0.020564 -0.046119
v -0.356327 0.020516 -0.045713
v -0.352775 0.020404 -0.044761
v -0.411182 -0.055299 -0.110097
v -0.411194 -0.058845 -0.110402
v -0.410347 -0.054530 -0.110119
v -0.410791 -0.046867 -0.109299
v -0.408989 -0.053279 -0.110153
v -0.393529 0.000572 -0.106497
v -0.409648 -0.008661 -0.105814
v -0.409993 -0.008571 -0.105771
v -0.400600 0.004557 -0.103246
v -0.414709 0.005966 -0.104078
v -0.416226 -0.001289 -0.104495
v -0.426891 -0.001273 -0.102546
v -0.427497 0.003606 -0.102881
v -0.401927 -0.003437 -0.106090
v -0.409858 -0.008553 -0.105787
v -0.411044 -0.007859 -0.105589
v -0.416936 -0.007482 -0.104997
v -0.418172 0.010875 -0.092778
v -0.407626 0.009497 -0.092995
v -0.399176 0.008422 -0.093280
v -0.393975 0.014377 -0.076217
v -0.379315 0.009534 -0.085127
v -0.382878 0.007851 -0.090664
v -0.388194 0.005329 -0.098956
v -0.379177 0.016651 -0.065653
v -0.380318 0.017896 -0.061352
v -0.361218 0.020152 -0.048063
v -0.358428 0.019640 -0.051452
v -0.361940 0.018157 -0.057036
v -0.357241 0.019448 -0.052521
v -0.368753 0.020517 -0.045500
v -0.359733 0.019993 -0.049041
v -0.366961 0.019807 -0.049922
v -0.371419 0.013281 -0.072808
v -0.421366 0.009938 -0.095862
v -0.418604 0.010130 -0.094485
v -0.420109 0.007275 -0.102806
v -0.426070 0.009610 -0.098208
v -0.424983 -0.006966 -0.104190
v -0.391986 0.003361 -0.105180
v -0.416467 -0.013209 -0.105594
v -0.421452 -0.027595 -0.106324
v -0.415702 -0.042928 -0.108285
v -0.406079 -0.043722 -0.109514
v -0.405902 -0.043094 -0.109471
v -0.407553 -0.048971 -0.109874
v -0.473457 -0.018782 -0.018267
v -0.473308 -0.019115 -0.017201
v -0.473482 -0.017302 -0.016693
v -0.473689 -0.017432 -0.017802
v -0.473618 -0.018986 -0.017664
v -0.473418 -0.020289 -0.018422
v -0.473168 -0.020694 -0.017794
v -0.474554 -0.001763 -0.014376
v -0.474617 -0.002513 -0.015143
v -0.474770 -0.001730 -0.016545
v -0.474756 -0.002373 -0.017015
v -0.474741 -0.002929 -0.017481
v -0.474768 -0.003046 -0.014119
v -0.474738 -0.002407 -0.013041
v -0.474731 -0.002259 -0.012792
v -0.474516 -0.000396 -0.014357
v -0.474434 0.000012 -0.015919
v -0.474637 -0.004943 -0.013776
v -0.474716 -0.003839 -0.018242
v -0.474684 -0.004992 -0.019206
v -0.474360 -0.007858 -0.013690
v -0.474646 -0.006391 -0.020376
v -0.474071 -0.011199 -0.015222
v -0.474625 -0.007136 -0.020999
v -0.474180 -0.011127 -0.016336
v -0.473770 -0.014834 -0.016481
v -0.473749 -0.014759 -0.016365
v -0.473141 -0.022429 -0.019060
v -0.473041 -0.022376 -0.018719
v -0.472919 -0.024244 -0.019482
v -0.472856 -0.024256 -0.019073
v -0.472705 -0.026440 -0.020820
v -0.472574 -0.027013 -0.019389
v -0.472489 -0.029709 -0.022833
v -0.472326 -0.031304 -0.022045
v -0.472673 -0.032456 -0.027048
v -0.326044 -0.047027 -0.105114
v -0.352311 -0.020696 -0.103598
v -0.342280 -0.033447 -0.104301
v -0.335435 -0.037995 -0.104512
v -0.315649 -0.057804 -0.106106
v -0.334341 -0.041389 -0.104667
v -0.336697 -0.038424 -0.104595
v -0.339092 -0.037203 -0.104519
v -0.323472 -0.050363 -0.105333
v -0.326559 -0.052521 -0.105522
v -0.329432 -0.049646 -0.105335
v -0.331715 -0.047354 -0.105186
v -0.329419 -0.044539 -0.104861
v -0.329889 -0.046740 -0.105086
v -0.328607 -0.047832 -0.105184
v -0.327480 -0.048792 -0.105271
v -0.324571 -0.046565 -0.105120
v -0.319397 -0.042373 -0.104762
v -0.320635 -0.045576 -0.105041
v -0.351996 -0.025072 -0.103643
v -0.348497 -0.026795 -0.103997
v -0.352832 -0.022235 -0.103775
v -0.340962 -0.036146 -0.104513
v -0.338928 -0.038184 -0.104746
v -0.337944 -0.035723 -0.104403
v -0.344874 -0.032130 -0.104179
v -0.339679 -0.037412 -0.104588
v -0.337210 -0.035247 -0.104327
v -0.340149 -0.034971 -0.104388
v -0.334619 -0.035972 -0.104378
v -0.336037 -0.040856 -0.104850
v -0.316906 -0.059328 -0.106156
v -0.319671 -0.055817 -0.105796
v -0.318028 -0.054916 -0.105726
v -0.317806 -0.054360 -0.105525
v -0.317922 -0.057768 -0.105814
v -0.334723 -0.042621 -0.104713
v -0.332887 -0.044185 -0.104855
v -0.331100 -0.043155 -0.104741
v -0.333679 -0.045386 -0.105057
v -0.335992 -0.043072 -0.104904
v -0.345216 -0.033834 -0.104302
v -0.350288 -0.028771 -0.103971
v -0.342633 -0.036425 -0.104471
v -0.338391 -0.040744 -0.104752
v -0.340360 -0.038708 -0.104620
v -0.353633 -0.013711 -0.102954
v -0.353934 -0.006598 -0.102561
v -0.356320 -0.007170 -0.102560
v -0.357797 -0.015894 -0.103245
v -0.362449 -0.008837 -0.102647
v -0.360911 -0.018151 -0.103278
v -0.368269 -0.010647 -0.102788
v -0.355171 -0.023902 -0.103654
v -0.319303 -0.051959 -0.105473
v -0.317291 -0.051613 -0.105336
v -0.319958 -0.049014 -0.105266
v -0.316855 -0.048635 -0.105162
v -0.316857 -0.044392 -0.104965
v -0.314894 -0.038726 -0.104450
v -0.321683 -0.053127 -0.105564
v -0.321924 -0.057165 -0.105821
v -0.324063 -0.055019 -0.105684
v -0.319305 -0.059703 -0.106031
v -0.312012 -0.058942 -0.106533
v -0.253749 -0.064869 -0.112043
v -0.255873 -0.065521 -0.112341
v -0.257754 -0.063882 -0.111994
v -0.253845 -0.064045 -0.111807
v -0.259177 -0.062141 -0.111579
v -0.255233 -0.061392 -0.111088
v -0.260830 -0.060955 -0.111360
v -0.256392 -0.059177 -0.110487
v -0.267402 -0.064063 -0.112436
v -0.268339 -0.065441 -0.112826
v -0.270149 -0.065552 -0.112742
v -0.269064 -0.062892 -0.112016
v -0.271615 -0.065495 -0.112600
v -0.270872 -0.062163 -0.111694
v -0.273161 -0.065575 -0.112470
v -0.272498 -0.062674 -0.111694
v -0.274879 -0.065679 -0.112328
v -0.272587 -0.065227 -0.112505
v -0.264184 -0.065217 -0.112651
v -0.261955 -0.065830 -0.112709
v -0.259367 -0.065730 -0.112549
v -0.284373 -0.063284 -0.110646
v -0.284883 -0.064188 -0.110824
v -0.280143 -0.064060 -0.111235
v -0.280261 -0.064041 -0.111219
v -0.280285 -0.064349 -0.111297
v -0.280515 -0.063999 -0.111184
v -0.280562 -0.064346 -0.111270
v -0.280766 -0.063957 -0.111150
v -0.280818 -0.064343 -0.111245
v -0.281017 -0.063916 -0.111115
v -0.281075 -0.064340 -0.111220
v -0.281268 -0.063874 -0.111080
v -0.281331 -0.064337 -0.111195
v -0.281519 -0.063833 -0.111046
v -0.281587 -0.064334 -0.111170
v -0.281770 -0.063791 -0.111011
v -0.281844 -0.064331 -0.111145
v -0.282074 -0.063741 -0.110969
v -0.282120 -0.064327 -0.111118
v -0.282914 -0.063591 -0.110848
v -0.282620 -0.064138 -0.111026
v -0.283038 -0.063568 -0.110830
v -0.283206 -0.063732 -0.110876
v -0.283883 -0.063414 -0.110706
v -0.283982 -0.063464 -0.110739
v -0.409527 -0.008700 -0.105374
v -0.409549 -0.008949 -0.105278
v -0.409687 -0.009025 -0.105305
v -0.409672 -0.008857 -0.104950
v -0.408937 -0.008194 -0.105658
v -0.409136 -0.008390 -0.105551
v -0.409611 -0.008764 -0.105423
v -0.408688 -0.008004 -0.105711
v -0.408727 -0.008068 -0.105661
v -0.408227 -0.007655 -0.105802
v -0.408278 -0.007715 -0.105781
v -0.408013 -0.007493 -0.105844
v -0.407971 -0.007474 -0.105864
v -0.408401 -0.007811 -0.105748
v -0.396456 0.012719 -0.082212
v -0.397130 0.012860 -0.081438
v -0.396253 0.012844 -0.081494
v -0.395600 0.012511 -0.082370
v -0.398368 0.012917 -0.082284
v -0.398327 0.012914 -0.081432
v -0.397783 0.013256 -0.082071
v -0.398558 0.013271 -0.082370
v -0.398492 0.013878 -0.081504
v -0.399284 0.013752 -0.081837
v -0.399586 0.013235 -0.082555
v -0.399633 0.012917 -0.082457
v -0.400417 0.013223 -0.082684
v -0.400532 0.012996 -0.082604
v -0.400930 0.013037 -0.082233
v -0.399680 0.013018 -0.081656
v -0.401246 0.013124 -0.081546
v -0.399683 0.013199 -0.080693
v -0.397729 0.013048 -0.079975
v -0.397274 0.012964 -0.080743
v -0.396633 0.013046 -0.080647
v -0.395837 0.012952 -0.080667
v -0.395523 0.012681 -0.081567
v -0.396929 0.013104 -0.080123
v -0.396185 0.013211 -0.079848
v -0.395372 0.013054 -0.079821
v -0.395058 0.012775 -0.080759
v -0.396573 0.013251 -0.079473
v -0.395512 0.013323 -0.078783
v -0.394922 0.013159 -0.078980
v -0.394608 0.012876 -0.079933
v -0.395371 0.013449 -0.078112
v -0.395087 0.013406 -0.078054
v -0.394506 0.013264 -0.078166
v -0.394207 0.013010 -0.079006
v -0.395097 0.013496 -0.077671
v -0.394612 0.013354 -0.077869
v -0.393879 0.012730 -0.079930
v -0.393549 0.012450 -0.080858
v -0.394281 0.012596 -0.080861
v -0.393215 0.012166 -0.081798
v -0.393994 0.012326 -0.081778
v -0.394748 0.012501 -0.081675
v -0.394080 0.012154 -0.082597
v -0.394642 0.012296 -0.082471
v -0.395265 0.012441 -0.082381
v -0.392845 0.011851 -0.082838
v -0.402223 0.012893 -0.082911
v -0.402510 0.012963 -0.082450
v -0.403182 0.012794 -0.083162
v -0.403547 0.012827 -0.082929
v -0.407475 0.012305 -0.084506
v -0.406800 0.012395 -0.084235
v -0.406791 0.012456 -0.084241
v -0.403236 0.013237 -0.082860
v -0.402979 0.013029 -0.083143
v -0.401919 0.013150 -0.082894
v -0.401911 0.013528 -0.082345
v -0.400599 0.013463 -0.082347
v -0.400492 0.013839 -0.081794
v -0.399052 0.014156 -0.081235
v -0.397390 0.014521 -0.080589
v -0.396965 0.012403 -0.081928
v -0.398145 0.012250 -0.081701
v -0.397496 0.013174 -0.081089
v -0.396786 0.012869 -0.081165
v -0.397423 0.012110 -0.081713
v -0.398682 0.012252 -0.081390
v -0.395825 0.012772 -0.081154
v -0.396027 0.012490 -0.081684
v -0.396835 0.013334 -0.080445
v -0.395988 0.013152 -0.080444
v -0.394905 0.013200 -0.080341
v -0.394727 0.012839 -0.081015
v -0.395133 0.012577 -0.081511
v -0.393527 0.012952 -0.080788
v -0.393341 0.012682 -0.081292
v -0.393386 0.012747 -0.081171
v -0.393769 0.013306 -0.080128
v -0.395135 0.013566 -0.079657
v -0.394015 0.013666 -0.079457
v -0.395316 0.013943 -0.078954
v -0.394260 0.014024 -0.078788
v -0.395344 0.014318 -0.078252
v -0.394475 0.014338 -0.078203
v -0.395219 0.014481 -0.077944
v -0.394481 0.014347 -0.078186
v -0.396199 0.014197 -0.078685
v -0.396065 0.013930 -0.079035
v -0.396164 0.013526 -0.079745
v -0.396634 0.013543 -0.079993
v -0.397278 0.013372 -0.080644
v -0.398520 0.012177 -0.082114
v -0.397647 0.013738 -0.080273
v -0.399264 0.012319 -0.081568
v -0.398799 0.013473 -0.080893
v -0.399407 0.012305 -0.080938
vt 0.150846 0.083128
vt 0.146752 0.074076
vt 0.155824 0.065882
vt 0.158323 0.081323
vt 0.047420 0.182038
vt 0.047681 0.181896
vt 0.047681 0.203029
vt 0.037001 0.190558
vt 0.008626 0.308317
vt 0.020929 0.320895
vt 0.008046 0.342340
vt 0.005532 0.312739
vt 0.020499 0.289211
vt 0.036096 0.298832
vt 0.016796 0.516608
vt 0.010495 0.516801
vt 0.008180 0.513093
vt 0.010731 0.511424
vt 0.018622 0.509303
vt 0.007420 0.506225
vt 0.016009 0.499138
vt 0.039324 0.516656
vt 0.044157 0.502755
vt 0.302078 0.159720
vt 0.341522 0.157619
vt 0.337420 0.212803
vt 0.282738 0.188429
vt 0.107667 0.064928
vt 0.107667 0.102148
vt 0.106088 0.103053
vt 0.105457 0.101839
vt 0.202693 0.706857
vt 0.207873 0.703275
vt 0.229613 0.737408
vt 0.216739 0.734727
vt 0.528765 0.236067
vt 0.540963 0.247020
vt 0.522329 0.250331
vt 0.495735 0.224072
vt 0.393364 0.674042
vt 0.431997 0.714042
vt 0.388364 0.697522
vt 0.367493 0.677510
vt 0.498720 0.826128
vt 0.465248 0.806315
vt 0.484533 0.788618
vt 0.520555 0.822571
vt 0.509900 0.851045
vt 0.481086 0.828446
vt 0.295504 0.705744
vt 0.274931 0.707347
vt 0.255454 0.688722
vt 0.273878 0.687894
vt 0.196103 0.172069
vt 0.203029 0.171335
vt 0.202654 0.181281
vt 0.196103 0.183034
vt 0.064082 0.112490
vt 0.069214 0.125310
vt 0.066712 0.132411
vt 0.064082 0.144581
vt 0.363835 0.700632
vt 0.362402 0.698407
vt 0.367178 0.714268
vt 0.361820 0.720089
vt 0.241033 0.687974
vt 0.238187 0.696016
vt 0.223908 0.687516
vt 0.242225 0.680857
vt 0.116896 0.126539
vt 0.116789 0.127913
vt 0.116896 0.129200
vt 0.116379 0.127744
vt 0.061524 0.144581
vt 0.059469 0.135276
vt 0.059325 0.135453
vt 0.061524 0.132446
vt 0.261016 0.226285
vt 0.254044 0.227639
vt 0.253809 0.219504
vt 0.264553 0.223259
vt 0.264553 0.215478
vt 0.258866 0.212490
vt 0.006812 0.501382
vt 0.004691 0.496965
vt 0.009177 0.492248
vt 0.016899 0.484480
vt 0.027128 0.485679
vt 0.041538 0.476089
vt 0.034834 0.471170
vt 0.045973 0.471137
vt 0.045573 0.475303
vt 0.045686 0.478835
vt 0.047944 0.477174
vt 0.046935 0.483792
vt 0.045198 0.479193
vt 0.030117 0.477456
vt 0.061228 0.471608
vt 0.070242 0.486107
vt 0.072637 0.505097
vt 0.095114 0.488799
vt 0.093620 0.505428
vt 0.072979 0.483903
vt 0.094990 0.487507
vt 0.133619 0.028583
vt 0.139736 0.031318
vt 0.137862 0.035554
vt 0.137672 0.034735
vt 0.135296 0.045550
vt 0.126520 0.046928
vt 0.438964 0.135863
vt 0.451467 0.095215
vt 0.459278 0.134880
vt 0.454466 0.177497
vt 0.209181 0.001566
vt 0.209181 0.012305
vt 0.198838 0.009412
vt 0.201306 0.001786
vt 0.205967 0.187648
vt 0.206607 0.180224
vt 0.212258 0.178485
vt 0.212258 0.186648
vt 0.190990 0.265337
vt 0.185520 0.267629
vt 0.185520 0.252746
vt 0.195339 0.253831
vt 0.556792 0.214006
vt 0.554650 0.224205
vt 0.543214 0.215476
vt 0.551490 0.206911
vt 0.186889 0.169933
vt 0.181004 0.170729
vt 0.181004 0.156430
vt 0.187648 0.157489
vt 0.415800 0.106550
vt 0.424576 0.100597
vt 0.412857 0.142045
vt 0.404038 0.112082
vt 0.411163 0.100770
vt 0.532028 0.199208
vt 0.531999 0.177765
vt 0.556792 0.170151
vt 0.550697 0.190394
vt 0.217687 0.542974
vt 0.202588 0.551408
vt 0.202046 0.535286
vt 0.204859 0.525726
vt 0.191734 0.531213
vt 0.196245 0.519735
vt 0.187959 0.552889
vt 0.227196 0.246492
vt 0.250710 0.260521
vt 0.245276 0.267629
vt 0.230328 0.266339
vt 0.426569 0.088721
vt 0.175494 0.572355
vt 0.163677 0.575249
vt 0.164400 0.561971
vt 0.178738 0.558855
vt 0.181496 0.536586
vt 0.175919 0.547253
vt 0.162072 0.547192
vt 0.160997 0.535086
vt 0.161767 0.521368
vt 0.180355 0.522145
vt 0.099093 0.519671
vt 0.110599 0.517858
vt 0.110846 0.534699
vt 0.097787 0.536545
vt 0.282638 0.025706
vt 0.299484 0.026930
vt 0.297902 0.039991
vt 0.277592 0.036515
vt 0.134215 0.236867
vt 0.132152 0.224924
vt 0.146901 0.226989
vt 0.145783 0.236790
vt 0.190321 0.218265
vt 0.188564 0.229645
vt 0.170526 0.226487
vt 0.166753 0.216702
vt 0.768384 0.055262
vt 0.769836 0.079084
vt 0.722188 0.086978
vt 0.731022 0.072131
vt 0.099112 0.126464
vt 0.106507 0.119666
vt 0.127867 0.145823
vt 0.118722 0.147654
vt 0.089198 0.143051
vt 0.074693 0.130010
vt 0.084649 0.110936
vt 0.110522 0.160056
vt 0.171886 0.588250
vt 0.172941 0.574101
vt 0.183841 0.575736
vt 0.181695 0.590630
vt 0.103782 0.575249
vt 0.100980 0.559188
vt 0.114177 0.556126
vt 0.117574 0.571434
vt 0.062812 0.154558
vt 0.067985 0.146306
vt 0.081526 0.155832
vt 0.074633 0.165861
vt 0.125381 0.120432
vt 0.156998 0.152709
vt 0.148986 0.162676
vt 0.125844 0.169021
vt 0.756105 0.097266
vt 0.712043 0.097879
vt 0.147466 0.207044
vt 0.136675 0.173446
vt 0.135752 0.208076
vt 0.033029 0.221616
vt 0.046435 0.204350
vt 0.049219 0.237593
vt 0.034722 0.255324
vt 0.022317 0.213378
vt 0.026706 0.172670
vt 0.036705 0.176859
vt 0.395721 0.163920
vt 0.402020 0.185183
vt 0.387043 0.187407
vt 0.381189 0.162910
vt 0.401636 0.146007
vt 0.409134 0.161272
vt 0.403168 0.173042
vt 0.310696 0.303562
vt 0.298989 0.310696
vt 0.287655 0.308236
vt 0.290607 0.297367
vt 0.345024 0.349148
vt 0.345024 0.329573
vt 0.354903 0.334052
vt 0.359915 0.341750
vt 0.910644 0.754694
vt 0.915936 0.736897
vt 0.928583 0.737740
vt 0.931912 0.755390
vt 0.887207 0.745972
vt 0.893340 0.731197
vt 0.860342 0.717238
vt 0.868474 0.701556
vt 0.897207 0.715686
vt 0.270190 0.310696
vt 0.276392 0.296008
vt 0.858206 0.733192
vt 0.840439 0.759378
vt 0.848798 0.747473
vt 0.876051 0.762681
vt 0.864448 0.775204
vt 0.522954 0.194971
vt 0.494377 0.196877
vt 0.497164 0.178479
vt 0.522800 0.180279
vt 0.376671 0.201918
vt 0.376419 0.187189
vt 0.391544 0.203029
vt 0.522954 0.113719
vt 0.514197 0.117436
vt 0.510021 0.109181
vt 0.513867 0.108444
vt 0.079490 0.418823
vt 0.091237 0.418817
vt 0.088994 0.432645
vt 0.078123 0.436037
vt 0.281069 0.247634
vt 0.281069 0.229425
vt 0.289163 0.231801
vt 0.288312 0.243555
vt 0.469828 0.139298
vt 0.478345 0.137866
vt 0.478923 0.153268
vt 0.467917 0.151707
vt 0.199959 0.435746
vt 0.212646 0.434812
vt 0.213017 0.447446
vt 0.192222 0.444697
vt 0.465389 0.129259
vt 0.477643 0.127532
vt 0.478508 0.116725
vt 0.487228 0.114875
vt 0.490414 0.125191
vt 0.244828 0.292239
vt 0.239781 0.281488
vt 0.252684 0.280560
vt 0.253790 0.291122
vt 0.176880 0.438360
vt 0.187569 0.436366
vt 0.177051 0.448719
vt 0.885287 0.790435
vt 0.877877 0.784670
vt 0.890677 0.773778
vt 0.897295 0.781769
vt 0.252248 0.431841
vt 0.252090 0.446213
vt 0.236671 0.447396
vt 0.237690 0.432057
vt 0.468260 0.190753
vt 0.468370 0.176641
vt 0.479084 0.178261
vt 0.477885 0.195405
vt 0.085380 0.469786
vt 0.075210 0.471490
vt 0.086176 0.455128
vt 0.097581 0.446421
vt 0.117736 0.444261
vt 0.108912 0.466361
vt 0.856912 0.775606
vt 0.874827 0.792807
vt 0.863484 0.806685
vt 0.845867 0.787576
vt 0.101646 0.429104
vt 0.119208 0.426946
vt 0.132445 0.424320
vt 0.136891 0.436376
vt 0.142451 0.430695
vt 0.161500 0.432546
vt 0.161500 0.452201
vt 0.145594 0.451338
vt 0.276765 0.292125
vt 0.267130 0.292235
vt 0.268203 0.283872
vt 0.281472 0.285358
vt 0.503483 0.121123
vt 0.500522 0.111418
vt 0.191471 0.465888
vt 0.184069 0.470637
vt 0.176880 0.459430
vt 0.188762 0.457754
vt 0.211582 0.462653
vt 0.209147 0.476113
vt 0.121437 0.466887
vt 0.129919 0.459732
vt 0.135824 0.481814
vt 0.124306 0.479555
vt 0.111837 0.487947
vt 0.384525 0.364444
vt 0.384497 0.377749
vt 0.367432 0.375856
vt 0.365069 0.360700
vt 0.366101 0.350217
vt 0.379892 0.351407
vt 0.133670 0.495042
vt 0.136891 0.507573
vt 0.115000 0.500540
vt 0.929350 0.721467
vt 0.919547 0.722618
vt 0.924931 0.713025
vt 0.928916 0.710431
vt 0.071118 0.113489
vt 0.061171 0.110630
vt 0.066238 0.091677
vt 0.075533 0.108694
vt 0.055043 0.137403
vt 0.043484 0.141505
vt 0.043675 0.131214
vt 0.061112 0.130041
vt 0.856978 0.846331
vt 0.844274 0.860827
vt 0.840803 0.848240
vt 0.859029 0.839266
vt 0.086725 0.099026
vt 0.086711 0.093838
vt 0.095362 0.098188
vt 0.086711 0.107667
vt 0.847408 0.823300
vt 0.854540 0.816466
vt 0.869532 0.837207
vt 0.348911 0.348664
vt 0.350776 0.360317
vt 0.838338 0.793747
vt 0.789221 0.936731
vt 0.773435 0.922522
vt 0.788113 0.910429
vt 0.803875 0.919280
vt 0.593706 0.093776
vt 0.593596 0.124554
vt 0.570596 0.128832
vt 0.572436 0.095465
vt 0.000650 0.457425
vt 0.005742 0.434620
vt 0.022601 0.422110
vt 0.031156 0.461377
vt 0.738362 0.977121
vt 0.750038 0.991632
vt 0.749385 0.992634
vt 0.743421 0.990035
vt 0.736360 0.993048
vt 0.722898 0.976288
vt 0.592075 0.958200
vt 0.557613 0.950519
vt 0.539074 0.916262
vt 0.566194 0.934294
vt 0.537740 0.139109
vt 0.571292 0.150749
vt 0.541197 0.153427
vt 0.539904 0.147885
vt 0.535796 0.144226
vt 0.534630 0.151284
vt 0.540533 0.148445
vt 0.158201 0.252248
vt 0.149998 0.239544
vt 0.166565 0.239544
vt 0.178201 0.251768
vt 0.593706 0.172267
vt 0.574550 0.169198
vt 0.572688 0.160162
vt 0.593579 0.150518
vt 0.082157 0.174966
vt 0.080060 0.172485
vt 0.078259 0.175343
vt 0.081699 0.170499
vt 0.075153 0.189043
vt 0.067389 0.191158
vt 0.065845 0.190506
vt 0.067894 0.187654
vt 0.154007 0.170072
vt 0.156886 0.175343
vt 0.148759 0.174358
vt 0.148759 0.164460
vt 0.039505 0.529562
vt 0.056321 0.518825
vt 0.030940 0.590630
vt 0.010768 0.527710
vt 0.182972 0.028449
vt 0.181014 0.036914
vt 0.181014 0.008128
vt 0.184572 0.021637
vt 0.321277 0.332507
vt 0.316867 0.336307
vt 0.312032 0.327332
vt 0.323001 0.316921
vt 0.531850 0.853546
vt 0.518268 0.856888
vt 0.516032 0.854142
vt 0.555146 0.840295
vt 0.320722 0.346593
vt 0.323001 0.350686
vt 0.424723 0.814120
vt 0.430508 0.812173
vt 0.440831 0.823177
vt 0.428341 0.822606
vt 0.405847 0.811925
vt 0.416194 0.797684
vt 0.420190 0.808518
vt 0.419921 0.809651
vt 0.444709 0.840009
vt 0.429182 0.850415
vt 0.041418 0.123637
vt 0.041529 0.128037
vt 0.041529 0.132276
vt 0.041385 0.131479
vt 0.141505 0.013365
vt 0.141505 0.021533
vt 0.140739 0.021354
vt 0.140903 0.016056
vt 0.046143 0.011406
vt 0.045834 0.013843
vt 0.045834 0.010706
vt 0.046027 0.011218
vt 0.081544 0.188096
vt 0.083143 0.188109
vt 0.089210 0.190936
vt 0.082609 0.192772
vt 0.043115 0.017538
vt 0.071010 0.010284
vt 0.079849 0.038734
vt 0.042981 0.040775
vt 0.069179 0.131540
vt 0.069214 0.132611
vt 0.068403 0.132555
vt 0.069104 0.130880
vt 0.044092 0.113824
vt 0.042981 0.085213
vt 0.929287 0.699818
vt 0.941800 0.704033
vt 0.936894 0.713324
vt 0.016810 0.406444
vt 0.007108 0.406336
vt 0.009997 0.386266
vt 0.023215 0.393754
vt 0.834228 0.865982
vt 0.828771 0.859391
vt 0.189526 0.009579
vt 0.187493 0.001505
vt 0.195706 0.009425
vt 0.187493 0.021533
vt 0.657273 0.835622
vt 0.645299 0.837763
vt 0.649363 0.834360
vt 0.625046 0.810948
vt 0.739266 0.943716
vt 0.739718 0.968632
vt 0.720179 0.946950
vt 0.694552 0.918415
vt 0.712754 0.923186
vt 0.743524 0.830120
vt 0.735317 0.829041
vt 0.733950 0.828633
vt 0.734691 0.823045
vt 0.727406 0.826677
vt 0.730528 0.819852
vt 0.108254 0.103546
vt 0.108179 0.108419
vt 0.110743 0.112516
vt 0.108179 0.116896
vt 0.722320 0.817923
vt 0.776612 0.800481
vt 0.875326 0.516287
vt 0.876158 0.522728
vt 0.870956 0.517589
vt 0.836198 0.486111
vt 0.597539 0.964337
vt 0.575720 0.986462
vt 0.551269 0.992398
vt 0.549406 0.992863
vt 0.542459 0.964699
vt 0.554520 0.999769
vt 0.481006 0.934052
vt 0.483899 0.920078
vt 0.494581 0.910469
vt 0.504900 0.889019
vt 0.458603 0.900746
vt 0.468236 0.891034
vt 0.483537 0.869780
vt 0.447838 0.873310
vt 0.463953 0.854954
vt 0.436113 0.882245
vt 0.413374 0.859738
vt 0.450627 0.908390
vt 0.426457 0.888364
vt 0.400413 0.865325
vt 0.417350 0.893295
vt 0.389814 0.868571
vt 0.343347 0.830368
vt 0.351746 0.823538
vt 0.371913 0.812025
vt 0.312135 0.801574
vt 0.322136 0.792353
vt 0.335488 0.778521
vt 0.344270 0.765342
vt 0.369610 0.784162
vt 0.303638 0.768263
vt 0.323427 0.757900
vt 0.278391 0.736022
vt 0.325484 0.735241
vt 0.244055 0.709921
vt 0.247087 0.739499
vt 0.226041 0.707883
vt 0.287324 0.723722
vt 0.287755 0.776353
vt 0.275699 0.780457
vt 0.304011 0.808020
vt 0.601687 0.290575
vt 0.630075 0.318042
vt 0.621030 0.324513
vt 0.589685 0.293932
vt 0.554229 0.249222
vt 0.606912 0.334627
vt 0.572039 0.300934
vt 0.583025 0.352354
vt 0.546296 0.312447
vt 0.490018 0.260873
vt 0.541717 0.386163
vt 0.499557 0.349750
vt 0.445972 0.304610
vt 0.476016 0.364408
vt 0.420595 0.322907
vt 0.359751 0.279425
vt 0.373316 0.259080
vt 0.289811 0.535723
vt 0.260404 0.449705
vt 0.293562 0.433045
vt 0.337189 0.492026
vt 0.385134 0.460544
vt 0.431919 0.500705
vt 0.400324 0.537448
vt 0.361626 0.576524
vt 0.328972 0.413345
vt 0.340381 0.406192
vt 0.396469 0.451135
vt 0.253098 0.397622
vt 0.271377 0.371276
vt 0.282229 0.362738
vt 0.012939 0.292239
vt 0.001254 0.287411
vt 0.001369 0.217981
vt 0.013171 0.222495
vt 0.217165 0.339304
vt 0.230113 0.328882
vt 0.240453 0.321040
vt 0.291682 0.357066
vt 0.250385 0.313335
vt 0.301776 0.350275
vt 0.180418 0.295754
vt 0.190188 0.286113
vt 0.189760 0.272957
vt 0.202025 0.264551
vt 0.260701 0.305774
vt 0.135010 0.251410
vt 0.102935 0.219931
vt 0.464584 0.226101
vt 0.479887 0.225756
vt 0.122132 0.256039
vt 0.069398 0.231812
vt 0.102445 0.282937
vt 0.056385 0.263114
vt 0.146119 0.134506
vt 0.145538 0.133418
vt 0.143061 0.136891
vt 0.143061 0.132095
vt 0.039168 0.257870
vt 0.054727 0.236165
vt 0.058434 0.231779
vt 0.061663 0.228404
vt 0.107659 0.516326
vt 0.108848 0.515373
vt 0.111728 0.516642
vt 0.107512 0.516508
vt 0.102601 0.516710
vt 0.106840 0.513070
vt 0.109793 0.512796
vt 0.109094 0.515269
vt 0.104060 0.507682
vt 0.110785 0.509310
vt 0.103944 0.499580
vt 0.111776 0.504112
vt 0.103744 0.493254
vt 0.112165 0.499569
vt 0.111451 0.516147
vt 0.118111 0.513935
vt 0.119972 0.516426
vt 0.075812 0.516801
vt 0.072861 0.329054
vt 0.163381 0.314785
vt 0.130495 0.363331
vt 0.106369 0.397935
vt 0.054118 0.357318
vt 0.099554 0.413255
vt 0.044220 0.371913
vt 0.274060 0.037801
vt 0.327796 0.081195
vt 0.302499 0.098931
vt 0.259712 0.053787
vt 0.229064 0.004302
vt 0.233568 0.017839
vt 0.222093 0.033021
vt 0.217302 0.000227
vt 0.147658 0.062154
vt 0.143278 0.073829
vt 0.142369 0.066341
vt 0.147658 0.068288
vt 0.201923 0.015526
vt 0.184195 0.035494
vt 0.188285 0.023668
vt 0.200886 0.012969
vt 0.111218 0.101821
vt 0.115218 0.085609
vt 0.117666 0.088327
vt 0.111030 0.105092
vt 0.128199 0.077030
vt 0.120578 0.109682
vt 0.112810 0.110743
vt 0.138704 0.051701
vt 0.132720 0.079996
vt 0.130772 0.095588
vt 0.120004 0.044339
vt 0.110996 0.073787
vt 0.110996 0.032423
vt 0.119513 0.020263
vt 0.128964 0.023008
vt 0.208805 0.017153
vt 0.193783 0.069048
vt 0.161295 0.105071
vt 0.203754 0.108576
vt 0.181138 0.132701
vt 0.171622 0.142584
vt 0.145178 0.118218
vt 0.135307 0.107681
vt 0.135333 0.120367
vt 0.129181 0.110246
vt 0.132941 0.102118
vt 0.150266 0.093350
vt 0.164639 0.149130
vt 0.220390 0.167600
vt 0.210730 0.175696
vt 0.017670 0.170911
vt 0.018875 0.119676
vt 0.028466 0.122985
vt 0.018642 0.060661
vt 0.029961 0.064018
vt 0.040871 0.067802
vt 0.039476 0.127102
vt 0.195417 0.184451
vt 0.242258 0.220830
vt 0.232646 0.227590
vt 0.184992 0.191317
vt 0.222447 0.235015
vt 0.173137 0.198401
vt 0.424515 0.216872
vt 0.411320 0.211592
vt 0.407704 0.167675
vt 0.424515 0.171090
vt 0.280982 0.263825
vt 0.271260 0.270843
vt 0.770256 0.960635
vt 0.721058 0.925842
vt 0.730576 0.918556
vt 0.779614 0.953463
vt 0.650665 0.098438
vt 0.654244 0.087416
vt 0.593693 0.089281
vt 0.597290 0.076746
vt 0.659676 0.074658
vt 0.600948 0.065730
vt 0.672606 0.066400
vt 0.775202 0.064697
vt 0.529817 0.089132
vt 0.533496 0.078040
vt 0.537432 0.066739
vt 0.462519 0.077737
vt 0.466252 0.066320
vt 0.310930 0.344593
vt 0.366912 0.388554
vt 0.358906 0.393531
vt 0.469788 0.058011
vt 0.396821 0.066339
vt 0.399400 0.057113
vt 0.414935 0.436141
vt 0.405281 0.443810
vt 0.349767 0.399702
vt 0.460453 0.473191
vt 0.451720 0.481691
vt 0.001421 0.150757
vt 0.001668 0.094209
vt 0.014108 0.097422
vt 0.013420 0.154423
vt 0.001444 0.045775
vt 0.015240 0.048811
vt 0.443050 0.489745
vt 0.482572 0.522887
vt 0.471314 0.534255
vt 0.519154 0.552024
vt 0.507904 0.563309
vt 0.478174 0.598098
vt 0.441626 0.569602
vt 0.449669 0.631120
vt 0.413587 0.605675
vt 0.435660 0.646699
vt 0.400427 0.619688
vt 0.342842 0.583666
vt 0.373471 0.618119
vt 0.300132 0.569023
vt 0.426150 0.657685
vt 0.462996 0.728008
vt 0.514372 0.769252
vt 0.505984 0.777541
vt 0.474424 0.751268
vt 0.468615 0.762350
vt 0.440529 0.740553
vt 0.546383 0.795269
vt 0.538062 0.804427
vt 0.577490 0.818296
vt 0.568402 0.827692
vt 0.606071 0.840601
vt 0.595431 0.850907
vt 0.580170 0.865806
vt 0.617956 0.874964
vt 0.591081 0.896973
vt 0.567489 0.878453
vt 0.646080 0.900476
vt 0.619520 0.916449
vt 0.688224 0.960338
vt 0.705583 0.953387
vt 0.684942 0.969125
vt 0.663761 0.949468
vt 0.676434 0.926937
vt 0.663326 0.891604
vt 0.574798 0.780592
vt 0.588203 0.775184
vt 0.607556 0.805448
vt 0.632016 0.864941
vt 0.542185 0.755585
vt 0.555307 0.746809
vt 0.574460 0.733125
vt 0.608245 0.767909
vt 0.515478 0.732155
vt 0.526941 0.722027
vt 0.544189 0.707779
vt 0.578019 0.675238
vt 0.610254 0.701132
vt 0.498814 0.697721
vt 0.514725 0.683082
vt 0.545941 0.650155
vt 0.578193 0.615128
vt 0.611700 0.641079
vt 0.483780 0.657107
vt 0.513167 0.625023
vt 0.544081 0.589467
vt 0.556281 0.577263
vt 0.591873 0.603067
vt 0.601398 0.595006
vt 0.635109 0.621636
vt 0.625391 0.629586
vt 0.565532 0.568542
vt 0.574351 0.561968
vt 0.610947 0.587110
vt 0.528639 0.543073
vt 0.537622 0.534616
vt 0.547069 0.526069
vt 0.583998 0.553580
vt 0.491709 0.513770
vt 0.499814 0.505691
vt 0.508713 0.497977
vt 0.690606 0.013255
vt 0.688197 0.022463
vt 0.640383 0.020407
vt 0.643086 0.010651
vt 0.468010 0.467936
vt 0.475896 0.461456
vt 0.516445 0.491713
vt 0.534251 0.750635
vt 0.525868 0.757488
vt 0.486270 0.726592
vt 0.495385 0.718602
vt 0.335182 0.073939
vt 0.337713 0.065562
vt 0.393853 0.076926
vt 0.390757 0.085680
vt 0.332050 0.085393
vt 0.571430 0.793912
vt 0.560208 0.802951
vt 0.514422 0.766517
vt 0.458963 0.088847
vt 0.624964 0.836150
vt 0.613943 0.844477
vt 0.380341 0.349930
vt 0.390831 0.341836
vt 0.445574 0.382532
vt 0.435375 0.389815
vt 0.679549 0.880539
vt 0.670092 0.887546
vt 0.322279 0.309569
vt 0.331664 0.302348
vt 0.341131 0.294650
vt 0.400566 0.334928
vt 0.290899 0.256156
vt 0.299140 0.250110
vt 0.350296 0.287127
vt 0.040495 0.007676
vt 0.029100 0.004505
vt 0.409324 0.329433
vt 0.308279 0.242573
vt 0.318509 0.232897
vt 0.016761 0.001528
vt 0.258647 0.210165
vt 0.268516 0.202196
vt 0.237689 0.152347
vt 0.271749 0.122082
vt 0.239415 0.073731
vt 0.376346 0.213085
vt 0.369525 0.153391
vt 0.179883 0.435802
vt 0.183229 0.419273
vt 0.242175 0.415360
vt 0.239747 0.427388
vt 0.250488 0.421824
vt 0.248746 0.427198
vt 0.194986 0.376266
vt 0.463095 0.372504
vt 0.732434 0.056883
vt 0.663434 0.058448
vt 0.667442 0.046271
vt 0.736205 0.045552
vt 0.604289 0.057901
vt 0.608634 0.045010
vt 0.612394 0.034249
vt 0.671644 0.034249
vt 0.739825 0.034779
vt 0.561667 0.046862
vt 0.564073 0.035114
vt 0.492177 0.419066
vt 0.528379 0.451038
vt 0.518875 0.459378
vt 0.480795 0.427496
vt 0.565464 0.482573
vt 0.555623 0.490544
vt 0.476305 0.735266
vt 0.440027 0.703927
vt 0.448871 0.696635
vt 0.403502 0.676485
vt 0.413081 0.668365
vt 0.422261 0.660194
vt 0.457840 0.688945
vt 0.594440 0.020024
vt 0.591710 0.032256
vt 0.547418 0.033069
vt 0.549954 0.020225
vt 0.552514 0.008695
vt 0.597046 0.009150
vt 0.506885 0.020785
vt 0.509416 0.008293
vt 0.620171 0.579585
vt 0.655045 0.604928
vt 0.645333 0.612959
vt 0.688212 0.631272
vt 0.678658 0.639037
vt 0.668719 0.647749
vt 0.712745 0.664558
vt 0.703172 0.673459
vt 0.693507 0.682122
vt 0.659216 0.655689
vt 0.680548 0.692981
vt 0.645494 0.666966
vt 0.643980 0.729584
vt 0.717538 0.721123
vt 0.682961 0.776648
vt 0.728989 0.708073
vt 0.766117 0.733580
vt 0.754096 0.753280
vt 0.804207 0.761065
vt 0.795556 0.771028
vt 0.830138 0.801008
vt 0.813949 0.816178
vt 0.832981 0.835197
vt 0.816416 0.851688
vt 0.777469 0.836768
vt 0.815315 0.873677
vt 0.796462 0.869662
vt 0.761616 0.853690
vt 0.790899 0.899543
vt 0.764975 0.895218
vt 0.738064 0.876652
vt 0.438358 0.402470
vt 0.437609 0.421576
vt 0.424973 0.424205
vt 0.427043 0.406846
vt 0.809116 0.896078
vt 0.820780 0.896594
vt 0.826209 0.877459
vt 0.811242 0.753417
vt 0.774085 0.724334
vt 0.782360 0.715463
vt 0.818865 0.744738
vt 0.737985 0.698946
vt 0.746852 0.690252
vt 0.384726 0.000663
vt 0.382980 0.009863
vt 0.340177 0.011231
vt 0.341197 0.001464
vt 0.721550 0.656666
vt 0.754075 0.683559
vt 0.425155 0.008921
vt 0.422897 0.021450
vt 0.381486 0.022662
vt 0.467071 0.007813
vt 0.464497 0.020637
vt 0.461994 0.033701
vt 0.420787 0.034489
vt 0.504254 0.033709
vt 0.344995 0.614414
vt 0.336189 0.621235
vt 0.302918 0.595530
vt 0.311633 0.588719
vt 0.378684 0.640963
vt 0.369585 0.648368
vt 0.627380 0.544704
vt 0.637297 0.536519
vt 0.671586 0.562591
vt 0.661492 0.571064
vt 0.592549 0.517660
vt 0.602412 0.509609
vt 0.611707 0.502341
vt 0.646196 0.529626
vt 0.575951 0.474217
vt 0.512179 0.043226
vt 0.508602 0.054782
vt 0.463485 0.053896
vt 0.466714 0.041813
vt 0.536019 0.444730
vt 0.557952 0.056211
vt 0.545784 0.438021
vt 0.557409 0.430879
vt 0.594826 0.461556
vt 0.584180 0.469053
vt 0.510220 0.408259
vt 0.522063 0.400180
vt 0.575736 0.418633
vt 0.617044 0.383686
vt 0.651532 0.415093
vt 0.611547 0.449558
vt 0.685584 0.443616
vt 0.645447 0.478691
vt 0.629262 0.490331
vt 0.678417 0.505315
vt 0.662783 0.517728
vt 0.653279 0.524979
vt 0.619101 0.497624
vt 0.696983 0.542833
vt 0.687406 0.550595
vt 0.419704 0.053206
vt 0.377044 0.052899
vt 0.379876 0.040953
vt 0.422736 0.041098
vt 0.335252 0.053195
vt 0.337828 0.041372
vt 0.680147 0.555766
vt 0.713928 0.580795
vt 0.705186 0.587943
vt 0.746078 0.604119
vt 0.736943 0.612676
vt 0.727164 0.621791
vt 0.695094 0.596580
vt 0.766163 0.637783
vt 0.758726 0.645973
vt 0.270357 0.571485
vt 0.238835 0.547572
vt 0.247213 0.539303
vt 0.279605 0.563261
vt 0.206931 0.523131
vt 0.214468 0.514074
vt 0.380321 0.035376
vt 0.338948 0.034450
vt 0.339413 0.023433
vt 0.221100 0.505570
vt 0.180359 0.487498
vt 0.186391 0.477501
vt 0.294611 0.022799
vt 0.294328 0.011372
vt 0.254207 0.021420
vt 0.250802 0.009316
vt 0.245450 0.000663
vt 0.294419 0.001085
vt 0.148654 0.461561
vt 0.154449 0.452739
vt 0.172066 0.500695
vt 0.137995 0.475726
vt 0.825890 0.692628
vt 0.832333 0.681153
vt 0.791084 0.669979
vt 0.798704 0.660255
vt 0.805755 0.651101
vt 0.837991 0.670872
vt 0.773360 0.629357
vt 0.781256 0.620931
vt 0.812232 0.642596
vt 0.754345 0.597323
vt 0.763944 0.589484
vt 0.791140 0.611842
vt 0.295542 0.053356
vt 0.298144 0.041175
vt 0.721758 0.574518
vt 0.731476 0.566044
vt 0.746815 0.552504
vt 0.780942 0.574790
vt 0.712293 0.529499
vt 0.749359 0.492465
vt 0.783899 0.516529
vt 0.717492 0.468889
vt 0.740651 0.448268
vt 0.770289 0.471913
vt 0.710830 0.424182
vt 0.724378 0.415028
vt 0.752965 0.438279
vt 0.677248 0.396851
vt 0.692485 0.388403
vt 0.704508 0.383050
vt 0.734309 0.408806
vt 0.639998 0.364530
vt 0.652821 0.354313
vt 0.662059 0.346659
vt 0.668201 0.341887
vt 0.715003 0.379676
vt 0.337553 0.834714
vt 0.742808 0.404067
vt 0.768848 0.425537
vt 0.761604 0.431299
vt 0.794805 0.447882
vt 0.788508 0.453606
vt 0.781100 0.461251
vt 0.822918 0.482076
vt 0.814115 0.487070
vt 0.803781 0.496891
vt 0.846166 0.515143
vt 0.840630 0.526226
vt 0.818712 0.541407
vt 0.836231 0.563462
vt 0.811020 0.591217
vt 0.874187 0.583366
vt 0.842731 0.605050
vt 0.820871 0.631577
vt 0.866234 0.604802
vt 0.850068 0.646121
vt 0.843342 0.660222
vt 0.890674 0.659985
vt 0.877124 0.678433
vt 0.872604 0.690593
vt 0.905690 0.691126
vt 0.900553 0.704006
vt 0.910326 0.672115
vt 0.934559 0.681645
vt 0.948317 0.646672
vt 0.971912 0.669396
vt 0.951126 0.689184
vt 0.914175 0.629517
vt 0.882765 0.583764
vt 0.878931 0.585640
vt 0.876562 0.526070
vt 0.471098 0.934947
vt 0.514918 0.970180
vt 0.443765 0.914302
vt 0.340767 0.055262
vt 0.001254 0.001126
vt 0.015381 0.004465
vt 0.468623 0.672390
vt 0.488138 0.708215
vt 0.458554 0.683212
vt 0.484296 0.845561
vt 0.484439 0.847460
vt 0.509289 0.877280
vt 0.534854 0.897503
vt 0.555016 0.912661
vt 0.513487 0.870122
vt 0.535229 0.888421
vt 0.521062 0.867702
vt 0.539169 0.881278
vt 0.553897 0.889950
vt 0.552889 0.896931
vt 0.034452 0.381544
vt 0.051771 0.401622
vt 0.056910 0.464506
vt 0.053728 0.464096
vt 0.593607 0.147309
vt 0.018895 0.377173
vt 0.024483 0.390761
vt 0.069214 0.133815
vt 0.068120 0.133233
vt 0.971486 0.583438
vt 0.999773 0.634869
vt 0.060570 0.178665
vt 0.106129 0.178665
vt 0.066825 0.187712
vt 0.057926 0.187399
vt 0.437984 0.765180
vt 0.404609 0.733554
vt 0.394793 0.710083
vt 0.382020 0.728881
vt 0.375731 0.709093
vt 0.368394 0.697027
vt 0.178419 0.026156
vt 0.176544 0.030885
vt 0.175902 0.038452
vt 0.173225 0.029314
vt 0.369952 0.731590
vt 0.448370 0.819284
vt 0.431447 0.805358
vt 0.015303 0.273129
vt 0.015303 0.250417
vt 0.019195 0.260268
vt 0.016084 0.273228
vt 0.027686 0.261062
vt 0.020495 0.273782
vt 0.235612 0.213796
vt 0.235612 0.199680
vt 0.246096 0.202854
vt 0.242480 0.210219
vt 0.056978 0.137948
vt 0.058448 0.141505
vt 0.055365 0.141505
vt 0.066860 0.196877
vt 0.064055 0.192996
vt 0.196877 0.010822
vt 0.196627 0.014100
vt 0.537241 0.167817
vt 0.538991 0.159294
vt 0.530737 0.163432
vt 0.531271 0.161489
vt 0.216691 0.250041
vt 0.216872 0.251078
vt 0.606363 0.939367
vt 0.582796 0.913574
vt 0.744464 0.993849
vt 0.738964 0.994996
vt 0.748625 0.993798
vt 0.000650 0.363746
vt 0.006118 0.344468
vt 0.012693 0.351434
vt 0.011967 0.362148
vt 0.438358 0.433049
vt 0.434133 0.439896
vt 0.238732 0.498344
vt 0.222911 0.495122
vt 0.230607 0.481365
vt 0.247022 0.486288
vt 0.201409 0.487699
vt 0.234477 0.466764
vt 0.249930 0.470362
vt 0.384525 0.399906
vt 0.368849 0.398085
vt 0.063823 0.428760
vt 0.076905 0.428502
vt 0.076905 0.452201
vt 0.065978 0.449075
vt 0.518743 0.131511
vt 0.506970 0.133953
vt 0.492606 0.136676
vt 0.513375 0.154989
vt 0.494959 0.154712
vt 0.522406 0.155771
vt 0.375606 0.161571
vt 0.254036 0.270643
vt 0.271911 0.275294
vt 0.102915 0.416519
vt 0.236941 0.270643
vt 0.916705 0.766722
vt 0.375606 0.138206
vt 0.383736 0.136742
vt 0.389969 0.125763
vt 0.408154 0.198760
vt 0.555491 0.238405
vt 0.534202 0.231077
vt 0.237939 0.567614
vt 0.238405 0.586508
vt 0.219879 0.588279
vt 0.222267 0.569456
vt 0.236247 0.548610
vt 0.198746 0.590630
vt 0.202275 0.575342
vt 0.116894 0.183978
vt 0.101305 0.171784
vt 0.323001 0.038222
vt 0.322172 0.025706
vt 0.134619 0.534658
vt 0.136918 0.551527
vt 0.141724 0.565989
vt 0.422799 0.404248
vt 0.422977 0.423519
vt 0.407711 0.424515
vt 0.408017 0.404817
vt 0.408705 0.383876
vt 0.421288 0.383876
vt 0.136140 0.519104
vt 0.171261 0.236641
vt 0.134985 0.510791
vt 0.153063 0.510663
vt 0.099577 0.098935
vt 0.479887 0.094684
vt 0.478780 0.108299
vt 0.215095 0.267629
vt 0.204774 0.265017
vt 0.081451 0.113819
vt 0.081451 0.100938
vt 0.081932 0.101619
vt 0.084595 0.102441
vt 0.128492 0.006732
vt 0.134245 0.012412
vt 0.022424 0.472240
vt 0.009585 0.483067
vt 0.012928 0.473396
vt 0.011967 0.468236
vt 0.022192 0.468663
vt 0.011237 0.465175
vt 0.021232 0.463922
vt 0.014014 0.467007
vt 0.006805 0.473138
vt 0.006612 0.464586
vt 0.002848 0.482294
vt 0.000976 0.479764
vt 0.003011 0.473026
vt 0.003997 0.487950
vt 0.001802 0.485176
vt 0.032599 0.465663
vt 0.046292 0.467821
vt 0.005657 0.509885
vt 0.002087 0.493264
vt 0.147657 0.042915
vt 0.138454 0.084078
vt 0.139399 0.095937
vt 0.069193 0.114873
vt 0.069214 0.116666
vt 0.068556 0.118434
vt 0.068556 0.115364
vt 0.067676 0.165819
vt 0.066237 0.166758
vt 0.067676 0.175335
vt 0.064105 0.175343
vt 0.244440 0.681986
vt 0.253880 0.680061
vt 0.275522 0.674203
vt 0.394943 0.760980
vt 0.363507 0.753639
vt 0.283331 0.540248
vt 0.280135 0.540157
vt 0.496594 0.227185
vt 0.099670 0.087672
vt 0.099670 0.057442
vt 0.101515 0.083268
vt 0.078443 0.109266
vt 0.077947 0.115352
vt 0.077378 0.119972
vt 0.077378 0.108356
vt 0.154580 0.090841
vt 0.215334 0.236370
vt 0.196783 0.236867
vt 0.240982 0.676751
vt 0.041447 0.119972
vt 0.041529 0.108359
vt 0.041529 0.119972
vt 0.000227 0.310050
vt 0.141240 0.027741
vt 0.143043 0.022879
vt 0.143043 0.029224
vt 0.149972 0.083372
vt 0.137013 0.073497
vt 0.136819 0.065907
vt 0.138429 0.064496
vt 0.138429 0.075367
vt 0.041529 0.104591
vt 0.041295 0.095894
vt 0.041529 0.088903
vt 0.073114 0.522050
vt 0.081519 0.572553
vt 0.068331 0.590630
vt 0.015381 0.170222
vt 0.015381 0.175996
vt 0.015381 0.176881
vt 0.600745 0.990551
vt 0.583670 0.982992
vt 0.145432 0.038452
vt 0.145432 0.003163
vt 0.147657 0.038108
vt 0.193800 0.176881
vt 0.188158 0.172698
vt 0.193800 0.163288
vt 0.014969 0.187020
vt 0.019995 0.174148
vt 0.019995 0.206105
vt 0.090325 0.003076
vt 0.090325 0.001755
vt 0.090748 0.002976
vt 0.016919 0.113819
vt 0.015387 0.108078
vt 0.016919 0.100301
vt 0.051496 0.219608
vt 0.057957 0.225078
vt 0.067676 0.220926
vt 0.051496 0.236867
vt 0.106129 0.113819
vt 0.104583 0.105385
vt 0.106129 0.104604
vt 0.015381 0.126124
vt 0.015179 0.121282
vt 0.015381 0.115038
vt 0.092286 0.000250
vt 0.061269 0.003289
vt 0.036865 0.004614
vt 0.025159 0.000250
vt 0.168110 0.016814
vt 0.172267 0.033998
vt 0.168110 0.049219
vt 0.014908 0.337579
vt 0.000763 0.336488
vt 0.388809 0.122292
vt 0.397736 0.106950
vt 0.073740 0.210380
vt 0.017066 0.224281
vt 0.017133 0.230058
vt 0.016761 0.251937
vt 0.524947 0.221590
vt 0.517645 0.220180
vt 0.177838 0.009307
vt 0.173225 0.014195
vt 0.166115 0.020475
vt 0.160357 0.028651
vt 0.158826 0.008896
vt 0.164408 0.049219
vt 0.158826 0.045827
vt 0.028342 0.371932
vt 0.013934 0.370606
vt 0.023748 0.367317
vt 0.406058 0.404299
vt 0.387671 0.409134
vt 0.387671 0.358344
vt 0.403432 0.373291
vt 0.072726 0.069151
vt 0.100196 0.015052
vt 0.097729 0.078060
vt 0.081077 0.098742
vt 0.001492 0.590626
vt 0.372220 0.155348
vt 0.351308 0.097144
vt 0.372220 0.087085
vt 0.149955 0.069214
vt 0.149955 0.003977
vt 0.159962 0.058210
vt 0.516640 0.091327
vt 0.549178 0.094670
vt 0.104174 0.095175
vt 0.100443 0.053053
vt 0.104591 0.039078
vt 0.104591 0.095362
vt 0.047681 0.142522
vt 0.047681 0.178420
vt 0.037864 0.177221
vt 0.824739 0.555296
vt 0.294908 0.701885
vt 0.454609 0.836055
vt 0.497519 0.868751
vt 0.498990 0.861542
vt 0.079981 0.005792
vt 0.052294 0.012305
vt 0.042059 0.005792
vt 0.496261 0.232424
vt 0.410094 0.248080
vt 0.081932 0.159351
vt 0.085034 0.167061
vt 0.093824 0.175343
vt 0.325595 0.327820
vt 0.344534 0.326316
vt 0.339691 0.329007
vt 0.341090 0.336829
vt 0.344534 0.369144
vt 0.089210 0.093824
vt 0.089057 0.092789
vt 0.089210 0.092046
vt 0.109635 0.077227
vt 0.109773 0.075464
vt 0.110743 0.077825
vt 0.109635 0.078443
vt 0.513670 0.206704
vt 0.527497 0.221258
vt 0.108546 0.061273
vt 0.108570 0.059474
vt 0.109205 0.060044
vt 0.109205 0.063062
vt 0.134170 0.012377
vt 0.123710 0.109470
vt 0.124586 0.129207
vt 0.121715 0.135353
vt 0.121715 0.119994
vt 0.083800 0.195880
vt 0.081544 0.196877
vt 0.079981 0.169191
vt 0.077070 0.168506
vt 0.075426 0.169191
vt 0.078930 0.162760
vt 0.872729 0.517773
vt 0.236509 0.009965
vt 0.092075 0.053102
vt 0.089157 0.005714
vt 0.050057 0.590620
vt 0.106569 0.001602
vt 0.121510 0.011651
vt 0.119972 0.129626
vt 0.118947 0.132276
vt 0.118947 0.125985
vt 0.118993 0.126002
vt 0.388716 0.098091
vt 0.382040 0.097842
vt 0.381810 0.088403
vt 0.388688 0.088587
vt 0.405254 0.096993
vt 0.399882 0.093791
vt 0.406083 0.093479
vt 0.407775 0.097904
vt 0.171921 0.202819
vt 0.174064 0.200924
vt 0.178419 0.209181
vt 0.171921 0.209098
vt 0.411915 0.099809
vt 0.411380 0.093519
vt 0.074023 0.195841
vt 0.073864 0.195806
vt 0.073070 0.192512
vt 0.076905 0.192717
vt 0.124586 0.008758
vt 0.121742 0.010236
vt 0.121899 0.003296
vt 0.121742 0.003287
vt 0.076467 0.199020
vt 0.070289 0.200730
vt 0.397734 0.088861
vt 0.374369 0.104658
vt 0.374836 0.088162
vt 0.062178 0.215334
vt 0.064080 0.208873
vt 0.062590 0.212566
vt 0.067676 0.215334
vt 0.380778 0.105927
vt 0.376217 0.110992
vt 0.405202 0.089078
vt 0.040983 0.159962
vt 0.041258 0.153614
vt 0.042797 0.150153
vt 0.042957 0.152553
vt 0.127662 0.004115
vt 0.126739 0.003888
vt 0.125631 0.003134
vt 0.127396 0.003407
vt 0.040117 0.148500
vt 0.041870 0.142971
vt 0.043067 0.143662
vt 0.296356 0.319845
vt 0.303086 0.311865
vt 0.305943 0.320984
vt 0.296280 0.323001
vt 0.283753 0.319752
vt 0.288988 0.314827
vt 0.040286 0.137854
vt 0.040117 0.134875
vt 0.125631 0.006152
vt 0.125637 0.004271
vt 0.386226 0.102482
vt 0.385477 0.102415
vt 0.384770 0.098334
vt 0.110349 0.096900
vt 0.113819 0.085183
vt 0.111921 0.086055
vt 0.113707 0.086987
vt 0.076905 0.202719
vt 0.071771 0.203029
vt 0.316012 0.314903
vt 0.310923 0.312821
vt 0.312585 0.310130
vt 0.317534 0.318325
vt 0.318386 0.317373
vt 0.312970 0.318916
vt 0.096830 0.093323
vt 0.094461 0.091463
vt 0.095900 0.084506
vt 0.098419 0.086643
vt 0.096846 0.094768
vt 0.094618 0.091309
vt 0.098438 0.094684
vt 0.097011 0.096900
vt 0.135150 0.126046
vt 0.135353 0.124117
vt 0.135353 0.127662
vt 0.134890 0.127066
vt 0.098389 0.079591
vt 0.098438 0.080019
vt 0.412210 0.089759
vt 0.161814 0.148405
vt 0.166115 0.151665
vt 0.163895 0.155165
vt 0.161814 0.155348
vt 0.278333 0.317464
vt 0.285396 0.310130
vt 0.377961 0.118434
vt 0.067676 0.143043
vt 0.066685 0.140372
vt 0.067676 0.136728
vt 0.390024 0.108795
vt 0.383778 0.092610
vt 0.122737 0.010767
vt 0.156886 0.005437
vt 0.156154 0.010627
vt 0.156886 0.016919
vt 0.154380 0.009702
vt 0.084595 0.099976
vt 0.083982 0.097169
vt 0.084595 0.096714
vt 0.131103 0.007148
vt 0.132276 0.003953
vt 0.132276 0.007690
vt 0.110349 0.079199
vt 0.129200 0.119373
vt 0.129157 0.121510
vt 0.127615 0.119373
vt 0.074468 0.113623
vt 0.075367 0.119064
vt 0.074575 0.126124
vt 0.074468 0.125930
vt 0.156886 0.026148
vt 0.155322 0.025248
vt 0.154722 0.022919
vt 0.156886 0.019781
vt 0.172414 0.200180
vt 0.403061 0.088162
vt 0.102723 0.094394
vt 0.103053 0.098931
vt 0.102792 0.103691
vt 0.102723 0.102959
vt 0.102768 0.104591
vt 0.133595 0.002167
vt 0.127827 0.001813
vt 0.127125 0.001029
vt 0.133414 0.001047
vt 0.142073 0.001082
vt 0.140114 0.002319
vt 0.169573 0.002511
vt 0.163416 0.003636
vt 0.154243 0.002303
vt 0.158899 0.001056
vt 0.175267 0.000941
vt 0.181965 0.005072
vt 0.174241 0.007009
vt 0.166467 0.013843
vt 0.157380 0.181724
vt 0.155761 0.180590
vt 0.164577 0.176949
vt 0.163325 0.180370
vt 0.164577 0.190724
vt 0.154817 0.184784
vt 0.153330 0.182420
vt 0.100076 0.043920
vt 0.101515 0.045077
vt 0.101091 0.045841
vt 0.100863 0.045482
vt 0.100076 0.047681
vt 0.100402 0.047025
vt 0.172084 0.149900
vt 0.175236 0.150111
vt 0.175343 0.154900
vt 0.171209 0.153493
vt 0.168972 0.154748
vt 0.169440 0.150269
vt 0.173320 0.147545
vt 0.173245 0.147521
vt 0.127397 0.209093
vt 0.127044 0.214524
vt 0.126132 0.214296
vt 0.127519 0.209106
vt 0.084493 0.003185
vt 0.084595 0.003264
vt 0.083550 0.004927
vt 0.082483 0.003092
vt 0.127340 0.207398
vt 0.127989 0.205558
vt 0.128398 0.209220
vt 0.129056 0.214202
vt 0.015915 0.078335
vt 0.016919 0.076162
vt 0.016861 0.083988
vt 0.015634 0.085316
vt 0.116231 0.206051
vt 0.108473 0.209756
vt 0.107391 0.206767
vt 0.115972 0.204782
vt 0.119972 0.204629
vt 0.119914 0.210778
vt 0.117066 0.211516
vt 0.113115 0.216074
vt 0.175343 0.160936
vt 0.168809 0.157352
vt 0.170717 0.161500
vt 0.168049 0.158552
vt 0.103927 0.103762
vt 0.103927 0.103089
vt 0.104591 0.103540
vt 0.104153 0.104591
vt 0.016004 0.093194
vt 0.016919 0.093705
vt 0.016793 0.098438
vt 0.015658 0.098335
vt 0.116962 0.216063
vt 0.115286 0.218961
vt 0.119972 0.217815
vt 0.129506 0.001995
vt 0.120808 0.001950
vt 0.120403 0.001782
vt 0.120389 0.001782
vt 0.184500 0.004555
vt 0.184572 0.003203
vt 0.130572 0.104561
vt 0.132277 0.106262
vt 0.131562 0.106875
vt 0.130066 0.107667
vt 0.092286 0.093824
vt 0.091640 0.092669
vt 0.091567 0.091509
vt 0.091809 0.092201
vt 0.130066 0.099241
vt 0.114072 0.001543
vt 0.112169 0.000941
vt 0.112276 0.001696
vt 0.118251 0.224562
vt 0.129200 0.219551
vt 0.127698 0.219458
vt 0.128473 0.233055
vt 0.129200 0.233791
vt 0.122677 0.230206
vt 0.124795 0.218779
vt 0.126124 0.139311
vt 0.125349 0.139967
vt 0.125522 0.135424
vt 0.125349 0.132632
vt 0.425047 0.218179
vt 0.431166 0.212574
vt 0.433049 0.211526
vt 0.433744 0.219948
vt 0.431662 0.199615
vt 0.433744 0.199085
vt 0.431539 0.193703
vt 0.433355 0.194151
vt 0.429771 0.190743
vt 0.433451 0.190280
vt 0.429333 0.194573
vt 0.427773 0.190796
vt 0.430406 0.200169
vt 0.119236 0.114374
vt 0.119972 0.113262
vt 0.119502 0.123048
vt 0.119972 0.122931
vt 0.101515 0.096750
vt 0.101478 0.098438
vt 0.101483 0.092669
vt 0.101478 0.086180
vt 0.093824 0.094070
vt 0.093533 0.095362
vt 0.093533 0.093670
vt 0.090496 0.090160
vt 0.091302 0.089920
vt 0.105691 0.056962
vt 0.107667 0.060388
vt 0.105691 0.064600
vt 0.016919 0.132276
vt 0.016228 0.129980
vt 0.016919 0.123027
vt 0.075261 0.003097
vt 0.075367 0.003760
vt 0.075261 0.004614
vt 0.016919 0.144581
vt 0.015588 0.144053
vt 0.016919 0.135861
vt 0.015863 0.070624
vt 0.016919 0.072985
vt 0.015863 0.073829
vt 0.015381 0.135353
vt 0.015048 0.133430
vt 0.015381 0.131768
vt 0.116723 0.006152
vt 0.114866 0.003088
vt 0.116896 0.003088
vt 0.082483 0.006152
vt 0.090702 0.089440
vt 0.092286 0.088456
vt 0.139673 0.129136
vt 0.139266 0.130159
vt 0.138736 0.129721
vt 0.139493 0.128621
vt 0.130244 0.006152
vt 0.130269 0.005571
vt 0.130244 0.004429
vt 0.130738 0.004638
vt 0.139890 0.130235
vt 0.139967 0.130738
vt 0.133577 0.098873
vt 0.133577 0.097236
vt 0.133963 0.097315
vt 0.133961 0.098776
vt 0.134455 0.099787
vt 0.133825 0.099976
vt 0.127200 0.173402
vt 0.127822 0.174307
vt 0.127109 0.174542
vt 0.126629 0.173641
vt 0.126772 0.172459
vt 0.127383 0.172277
vt 0.127932 0.173193
vt 0.128582 0.174058
vt 0.129161 0.175064
vt 0.128313 0.175355
vt 0.128821 0.172943
vt 0.129530 0.173721
vt 0.130139 0.174690
vt 0.130645 0.175767
vt 0.129653 0.176128
vt 0.130544 0.173295
vt 0.131118 0.174297
vt 0.131625 0.175410
vt 0.132276 0.176847
vt 0.131014 0.176920
vt 0.131399 0.178419
vt 0.130088 0.178419
vt 0.129887 0.177147
vt 0.128953 0.178419
vt 0.128782 0.177331
vt 0.128585 0.176355
vt 0.127691 0.177412
vt 0.127579 0.176471
vt 0.127491 0.175541
vt 0.126610 0.176549
vt 0.126528 0.175625
vt 0.126450 0.174750
vt 0.126647 0.174085
vt 0.126695 0.177498
vt 0.127859 0.178419
vt 0.126777 0.178419
vt 0.129774 0.172593
vt 0.128107 0.172133
vt 0.128980 0.171869
vt 0.127883 0.171159
vt 0.128246 0.171199
vt 0.135256 0.097582
vt 0.135353 0.098539
vt 0.134689 0.098669
vt 0.134605 0.097448
vt 0.139540 0.127289
vt 0.139081 0.128123
vt 0.139967 0.127000
vt 0.138181 0.129262
vt 0.062766 0.115357
vt 0.062454 0.115305
vt 0.062764 0.114859
vt 0.062905 0.114913
vt 0.063062 0.114976
vt 0.062893 0.115299
vt 0.142182 0.032062
vt 0.142045 0.031592
vt 0.142358 0.031887
vt 0.142408 0.032300
vt 0.142667 0.031769
vt 0.142688 0.032024
vt 0.142076 0.031513
vt 0.142406 0.031583
vt 0.142652 0.031551
vt 0.143043 0.031480
vt 0.143043 0.031691
vt 0.142558 0.031359
vt 0.143043 0.031269
vt 0.143043 0.031048
vt 0.142614 0.031108
vt 0.142667 0.030920
vt 0.143043 0.030822
vt 0.099976 0.001419
vt 0.099501 0.001538
vt 0.099501 0.001380
vt 0.099901 0.001229
vt 0.099501 0.001148
vt 0.099817 0.001019
vt 0.099501 0.000905
vt 0.099714 0.000758
vt 0.099501 0.000756
vt 0.142357 0.030805
vt 0.142257 0.031058
vt 0.142167 0.031285
vt 0.143043 0.031861
vt 0.062454 0.114533
vt 0.062601 0.114431
vt 0.062535 0.114801
vt 0.062524 0.114918
vt 0.135352 0.075037
vt 0.135353 0.075211
vt 0.135352 0.075367
vt 0.044605 0.010330
vt 0.044387 0.010767
vt 0.044357 0.010658
vt 0.044174 0.010330
vt 0.143843 0.172267
vt 0.143639 0.171198
vt 0.144994 0.170868
vt 0.144923 0.172267
vt 0.146834 0.172267
vt 0.145927 0.172267
vt 0.146026 0.170773
vt 0.147097 0.170770
vt 0.143279 0.169312
vt 0.144677 0.168760
vt 0.144888 0.169825
vt 0.143450 0.170204
vt 0.147657 0.167581
vt 0.147360 0.169271
vt 0.146291 0.169279
vt 0.146073 0.168208
vt 0.055709 0.162834
vt 0.054422 0.163403
vt 0.054388 0.163436
vt 0.055603 0.162255
vt 0.058448 0.159490
vt 0.057817 0.164664
vt 0.066138 0.164616
vt 0.060666 0.171717
vt 0.059451 0.175343
vt 0.060078 0.170640
vt 0.109845 0.118640
vt 0.112896 0.117195
vt 0.116660 0.123395
vt 0.114962 0.126124
vt 0.072291 0.125426
vt 0.071271 0.126580
vt 0.069351 0.120662
vt 0.072291 0.115151
vt 0.070474 0.135103
vt 0.070178 0.135353
vt 0.067456 0.398275
vt 0.067402 0.407238
vt 0.058433 0.407409
vt 0.061926 0.398496
vt 0.059111 0.414275
vt 0.057085 0.413018
vt 0.056315 0.411914
vt 0.064360 0.416392
vt 0.061544 0.427591
vt 0.056315 0.427043
vt 0.070264 0.401884
vt 0.073660 0.411479
vt 0.072622 0.412556
vt 0.070728 0.418659
vt 0.156834 0.190719
vt 0.160504 0.193960
vt 0.157235 0.205318
vt 0.148782 0.197605
vt 0.142080 0.191340
vt 0.150519 0.183475
vt 0.128521 0.198343
vt 0.125420 0.202769
vt 0.119877 0.184490
vt 0.126812 0.182124
vt 0.137181 0.178564
vt 0.087360 0.201205
vt 0.078338 0.204164
vt 0.078370 0.199400
vt 0.085267 0.197001
vt 0.058448 0.169191
vt 0.056752 0.168816
vt 0.039991 0.198706
vt 0.039991 0.209181
vt 0.036210 0.202278
vt 0.104474 0.189780
vt 0.105650 0.201590
vt 0.162644 0.192799
vt 0.162106 0.204831
vt 0.158848 0.204083
vt 0.166108 0.197811
vt 0.167653 0.206105
vt 0.068142 0.426994
vt 0.144810 0.175741
vt 0.076905 0.419572
vt 0.075560 0.416691
vt 0.016919 0.044564
vt 0.016919 0.067676
vt 0.016804 0.062383
vt 0.116896 0.111873
vt 0.116896 0.118484
vt 0.107667 0.055372
vt 0.106760 0.045535
vt 0.107667 0.035285
vt 0.139089 0.004247
vt 0.141505 0.010011
vt 0.139089 0.015744
vt 0.139370 0.024610
vt 0.063185 0.162969
vt 0.065477 0.389745
vt 0.103529 0.206105
vt 0.059451 0.158112
vt 0.059487 0.157409
vt 0.141232 0.070789
vt 0.140019 0.070816
vt 0.140051 0.068774
vt 0.141174 0.069236
vt 0.111608 0.113721
vt 0.111962 0.112218
vt 0.112281 0.113873
vt 0.111608 0.115357
vt 0.140936 0.072398
vt 0.140146 0.072639
vt 0.142987 0.052926
vt 0.142415 0.051918
vt 0.144686 0.052534
vt 0.144978 0.053344
vt 0.145291 0.054063
vt 0.141775 0.053156
vt 0.140850 0.052166
vt 0.140636 0.051938
vt 0.142805 0.050500
vt 0.144541 0.050559
vt 0.140839 0.055022
vt 0.145803 0.055239
vt 0.146451 0.056729
vt 0.139851 0.058030
vt 0.147238 0.058537
vt 0.140410 0.061973
vt 0.147657 0.059499
vt 0.141592 0.062232
vt 0.140596 0.066137
vt 0.140498 0.066025
vt 0.140932 0.074825
vt 0.140589 0.074671
vt 0.140806 0.076845
vt 0.140375 0.076736
vt 0.141514 0.079539
vt 0.139851 0.079703
vt 0.142598 0.083551
vt 0.141290 0.084970
vt 0.146146 0.087672
vt 0.054328 0.201592
vt 0.053738 0.206111
vt 0.049722 0.205406
vt 0.049730 0.201009
vt 0.049742 0.197510
vt 0.053662 0.197101
vt 0.126792 0.117260
vt 0.126125 0.112779
vt 0.128460 0.113440
vt 0.128854 0.115216
vt 0.129200 0.116777
vt 0.125606 0.118434
vt 0.055806 0.202367
vt 0.062975 0.203109
vt 0.059571 0.204619
vt 0.166679 0.187644
vt 0.169922 0.191101
vt 0.168717 0.195140
vt 0.168279 0.188357
vt 0.169434 0.204950
vt 0.170606 0.207974
vt 0.170729 0.211081
vt 0.168061 0.210061
vt 0.170293 0.201927
vt 0.170670 0.209919
vt 0.052324 0.178793
vt 0.053895 0.183846
vt 0.054824 0.184039
vt 0.052785 0.181587
vt 0.105828 0.050090
vt 0.106129 0.053142
vt 0.105828 0.053833
vt 0.105967 0.050464
vt 0.168023 0.213719
vt 0.165821 0.212885
vt 0.167146 0.210296
vt 0.170729 0.215334
vt 0.053995 0.217808
vt 0.051870 0.218010
vt 0.052456 0.213198
vt 0.054403 0.213764
vt 0.144625 0.091516
vt 0.143769 0.087568
vt 0.143153 0.087388
vt 0.146119 0.089564
vt 0.125606 0.106486
vt 0.126974 0.106742
vt 0.127538 0.109286
vt 0.125654 0.110475
vt 0.052314 0.190928
vt 0.053440 0.194754
vt 0.049749 0.194503
vt 0.049756 0.190964
vt 0.049786 0.176843
vt 0.049790 0.169091
vt 0.052662 0.168960
vt 0.049774 0.180800
vt 0.052778 0.186868
vt 0.049707 0.187348
vt 0.049761 0.184285
vt 0.051883 0.184102
vt 0.061730 0.147950
vt 0.058774 0.155007
vt 0.053911 0.153505
vt 0.055772 0.144538
vt 0.049809 0.152843
vt 0.049937 0.141475
vt 0.052839 0.162163
vt 0.049789 0.161631
vt 0.055009 0.213496
vt 0.055698 0.210523
vt 0.057507 0.211787
vt 0.057454 0.207767
vt 0.060120 0.209843
vt 0.063365 0.206602
vt 0.069214 0.203755
vt 0.052983 0.209598
vt 0.049707 0.212502
vt 0.049715 0.209225
vt 0.049760 0.216450
vt 0.143153 0.095362
vt 0.054420 0.161377
vt 0.063988 0.149340
vt 0.125949 0.104594
vt 0.055879 0.221486
vt 0.079981 0.116895
vt 0.079610 0.112645
vt 0.079981 0.105526
vt 0.054074 0.187500
vt 0.056248 0.186575
vt 0.063062 0.189383
vt 0.062853 0.191782
vt 0.060409 0.192965
vt 0.062181 0.189129
vt 0.058048 0.193649
vt 0.058901 0.189389
vt 0.056161 0.194798
vt 0.056161 0.189606
vt 0.056331 0.178419
vt 0.054808 0.177410
vt 0.054696 0.175454
vt 0.057633 0.176619
vt 0.054770 0.173868
vt 0.058448 0.174661
vt 0.054696 0.172195
vt 0.057896 0.172904
vt 0.136891 0.077390
vt 0.135509 0.080273
vt 0.136891 0.081519
vt 0.135258 0.079592
vt 0.059118 0.199953
vt 0.060661 0.197987
vt 0.061624 0.195359
vt 0.121510 0.113819
vt 0.120731 0.111551
vt 0.121510 0.111118
vt 0.131883 0.123048
vt 0.131868 0.122920
vt 0.132200 0.122910
vt 0.131837 0.122643
vt 0.132212 0.122610
vt 0.131806 0.122369
vt 0.132222 0.122333
vt 0.131775 0.122096
vt 0.132233 0.122057
vt 0.131744 0.121823
vt 0.132244 0.121780
vt 0.131713 0.121549
vt 0.132254 0.121503
vt 0.131682 0.121276
vt 0.132265 0.121226
vt 0.131645 0.120945
vt 0.132276 0.120927
vt 0.131529 0.120030
vt 0.132100 0.120377
vt 0.131511 0.119895
vt 0.131696 0.119722
vt 0.131391 0.118974
vt 0.131450 0.118869
vt 0.131278 0.118438
vt 0.132276 0.117935
vt 0.143043 0.007691
vt 0.142545 0.006413
vt 0.142979 0.005589
vt 0.143043 0.005467
vt 0.142253 0.006878
vt 0.079981 0.004614
vt 0.079763 0.004429
vt 0.079684 0.004439
vt 0.079981 0.004136
vt 0.041529 0.008586
vt 0.041449 0.009229
vt 0.041482 0.009012
vt 0.041449 0.008508
vt 0.113819 0.026148
vt 0.113758 0.025833
vt 0.113772 0.025493
vt 0.113819 0.025578
vt 0.113807 0.024867
vt 0.113819 0.024954
vt 0.021533 0.001538
vt 0.021517 0.001456
vt 0.021521 0.001169
vt 0.021533 0.001121
vt 0.015164 0.001238
vt 0.015381 0.001046
vt 0.015381 0.001538
vt 0.106093 0.067544
vt 0.106129 0.068256
vt 0.106093 0.069101
vt 0.106096 0.069214
vt 0.132249 0.097760
vt 0.132276 0.097518
vt 0.132276 0.098114
vt 0.132272 0.098438
vt 0.009229 0.001285
vt 0.009212 0.001538
vt 0.009212 0.000946
vt 0.009223 0.000994
vt 0.070411 0.171432
vt 0.071267 0.170713
vt 0.071195 0.171660
vt 0.070185 0.172359
vt 0.070404 0.169360
vt 0.071300 0.169419
vt 0.141164 0.091363
vt 0.140805 0.089858
vt 0.140904 0.089028
vt 0.141254 0.089287
vt 0.135447 0.007430
vt 0.136357 0.006978
vt 0.136338 0.007912
vt 0.135684 0.008534
vt 0.141101 0.087935
vt 0.141450 0.087935
vt 0.141243 0.087048
vt 0.141505 0.086961
vt 0.070236 0.167991
vt 0.070109 0.167015
vt 0.070515 0.166590
vt 0.071103 0.167950
vt 0.071262 0.166258
vt 0.072162 0.167959
vt 0.072860 0.170085
vt 0.072026 0.170567
vt 0.072140 0.171259
vt 0.072088 0.172121
vt 0.071070 0.172451
vt 0.072709 0.170946
vt 0.073017 0.171752
vt 0.072998 0.172635
vt 0.071939 0.172965
vt 0.073426 0.171338
vt 0.074158 0.172494
vt 0.073905 0.173133
vt 0.072829 0.173462
vt 0.074894 0.172654
vt 0.074941 0.172963
vt 0.074782 0.173593
vt 0.073833 0.173907
vt 0.075367 0.172956
vt 0.075119 0.173481
vt 0.072789 0.174253
vt 0.071740 0.174601
vt 0.071779 0.173807
vt 0.070676 0.174954
vt 0.070745 0.174109
vt 0.070905 0.173292
vt 0.069842 0.174006
vt 0.070015 0.173398
vt 0.070152 0.172722
vt 0.069500 0.175343
vt 0.069779 0.165186
vt 0.070284 0.164881
vt 0.069500 0.164147
vt 0.069758 0.163756
vt 0.067676 0.004614
vt 0.067614 0.003883
vt 0.067676 0.003860
vt 0.136891 0.012305
vt 0.136477 0.012175
vt 0.136302 0.011008
vt 0.136891 0.010756
vt 0.136338 0.009449
vt 0.136891 0.009097
vt 0.136891 0.007413
vt 0.136891 0.005469
vt 0.135899 0.009418
vt 0.024610 0.001538
vt 0.024205 0.001469
vt 0.024186 0.001209
vt 0.024610 0.001059
vt 0.092282 0.001343
vt 0.092286 0.001740
vt 0.092019 0.001943
vt 0.091819 0.001650
vt 0.092118 0.002767
vt 0.091819 0.003076
vt 0.095139 0.001256
vt 0.095362 0.002771
vt 0.094932 0.003076
vt 0.094932 0.001569
vt 0.106129 0.039991
vt 0.105857 0.038721
vt 0.105859 0.037405
vt 0.106129 0.036103
vt 0.012127 0.001538
vt 0.011881 0.001019
vt 0.012305 0.001019
vt 0.016509 0.035530
vt 0.016919 0.036284
vt 0.016509 0.036914
vt 0.140265 0.089000
vt 0.141505 0.095362
vt 0.135422 0.006534
vt 0.099976 0.186815
vt 0.099543 0.188026
vt 0.098815 0.187195
vt 0.099110 0.186463
vt 0.099976 0.092286
vt 0.099707 0.091763
vt 0.099876 0.090362
vt 0.099976 0.091024
vt 0.099314 0.185442
vt 0.099891 0.185769
vt 0.098242 0.186361
vt 0.098455 0.185464
vt 0.098553 0.184293
vt 0.099374 0.184246
vt 0.099870 0.184783
vt 0.099352 0.182924
vt 0.099976 0.182834
vt 0.098535 0.183041
vt 0.097711 0.184392
vt 0.097703 0.183161
vt 0.096856 0.184436
vt 0.096875 0.183280
vt 0.096032 0.184316
vt 0.096151 0.183384
vt 0.095699 0.184119
vt 0.096130 0.183387
vt 0.096339 0.185314
vt 0.096793 0.185247
vt 0.097606 0.185504
vt 0.097763 0.186052
vt 0.098349 0.186870
vt 0.099912 0.188508
vt 0.097802 0.187180
vt 0.099165 0.189186
vt 0.098278 0.188534
vt 0.047681 0.013843
vt 0.047107 0.013491
vt 0.047681 0.012416
vt 0.098438 0.097060
vt 0.098438 0.098438
vt 0.098414 0.097854
vt 0.088613 0.001482
vt 0.089109 0.001963
vt 0.089210 0.002964
vt 0.088613 0.003076
vt 0.119294 0.003556
vt 0.119972 0.004060
vt 0.119755 0.004369
vt 0.119876 0.005404
vt 0.119294 0.007690
vt 0.043067 0.013843
vt 0.042629 0.012503
vt 0.042633 0.010992
vt 0.042779 0.010017
vt 0.049219 0.013843
vt 0.048919 0.013320
vt 0.049219 0.012384
vt 0.042925 0.008070
vt 0.043067 0.008111
s 1
usemtl tripo_mat_184053a2-f901-449f-aae3-57ce1cfeef07
f 2/1 90/2 91/3 1/4
f 2/5 92/6 93/7 90/8
f 3/9 94/10 95/11 96/12
f 3/9 97/13 98/14 94/10
f 3/15 99/16 100/17 101/18
f 17/19 101/18 102/20 14/21
f 97/22 3/15 101/18 17/19
f 17/19 14/21 103/23 97/22
f 104/24 105/25 106/26 107/27
f 5/28 108/29 109/30 110/31
f 6/32 112/33 113/34 114/35
f 5/36 114/37 115/38 116/39
f 5/40 117/41 118/42 119/43
f 7/44 120/45 121/46 122/47
f 7/44 122/47 123/48 124/49
f 126/50 127/51 128/52 129/53
f 9/54 130/55 131/56 132/57
f 9/58 133/59 134/60 135/61
f 11/62 138/63 139/64 140/65
f 136/66 137/67 11/68 140/69
f 10/70 142/71 143/72 144/73
f 11/74 146/75 147/76 148/77
f 12/78 149/79 150/80 151/81
f 13/82 151/81 150/80 155/83
f 14/21 157/84 158/85 159/86
f 14/21 159/86 160/87 161/88
f 15/89 162/90 163/91 164/92
f 15/89 165/93 166/94 16/95
f 15/89 164/92 167/96 165/93
f 15/89 16/95 161/88 168/97
f 16/95 166/94 169/98 18/99
f 18/99 170/100 103/23 16/95
f 18/99 171/101 172/102 170/100
f 18/99 173/103 174/104 171/101
f 20/105 176/106 177/107 178/108
f 20/105 178/108 179/109 180/110
f 21/111 27/112 31/113 183/114
f 22/115 184/116 24/117 185/118
f 22/119 185/120 23/121 186/122
f 22/123 186/124 187/125 184/126
f 23/127 188/128 189/129 186/130
f 23/131 185/132 182/133 188/134
f 24/135 184/136 21/111 181/137
f 24/135 181/137 182/138 185/139
f 25/140 190/141 27/142 187/143
f 25/140 187/143 186/130 189/129
f 25/144 191/145 26/146 190/147
f 26/146 192/148 28/149 190/147
f 26/146 191/145 193/150 192/148
f 27/151 190/152 28/153 194/154
f 27/112 21/111 184/136 187/155
f 28/156 192/157 195/158 194/159
f 29/160 196/161 197/162 198/163
f 29/160 198/163 199/164 200/165
f 30/166 202/167 203/168 204/169
f 30/170 204/171 205/172 206/173
f 30/174 206/175 207/176 202/177
f 31/178 201/179 208/180 209/181
f 31/182 209/183 210/184 183/185
f 32/186 211/187 34/188 35/189
f 32/186 212/190 213/191 214/192
f 32/186 35/189 215/193 212/190
f 33/194 216/195 217/196 218/197
f 33/198 219/199 220/200 216/201
f 33/202 218/203 221/204 219/205
f 34/188 37/206 222/207 223/208
f 35/189 34/188 224/209 215/193
f 36/210 225/211 210/184 209/183
f 36/212 209/181 208/180 207/176
f 36/213 224/209 34/188 223/208
f 36/212 207/176 206/175 224/214
f 37/215 34/216 211/217 226/218
f 37/215 227/219 228/220 222/221
f 38/222 229/223 230/224 231/225
f 38/222 232/226 233/227 234/228
f 38/229 234/230 235/231 229/232
f 39/233 56/234 236/235 237/236
f 39/237 238/238 239/239 56/240
f 39/237 240/241 241/242 238/238
f 242/243 243/244 244/245 241/242
f 242/246 245/247 229/232 235/231
f 242/243 241/242 240/241 245/248
f 40/249 246/250 247/251 248/252
f 40/253 248/254 249/255 250/256
f 40/257 250/258 230/224 246/259
f 41/260 251/261 47/262 252/263
f 41/264 252/265 253/266 254/267
f 41/268 254/269 255/270 251/271
f 42/272 256/273 257/274 258/275
f 42/276 258/277 259/278 260/279
f 42/272 260/280 261/281 256/273
f 43/282 262/283 263/284 261/281
f 43/285 264/286 265/287 262/288
f 43/289 261/290 260/279 264/291
f 44/292 266/293 267/294 268/295
f 44/296 268/297 269/298 270/299
f 44/300 270/301 271/302 266/303
f 45/304 233/305 232/306 272/307
f 45/304 272/307 46/308 273/309
f 45/310 273/311 57/312 274/313
f 46/308 272/307 275/314 276/315
f 46/308 276/315 277/316 278/317
f 46/318 278/319 279/320 280/321
f 47/322 281/323 282/324 252/325
f 47/262 251/261 283/326 281/327
f 48/328 278/329 277/330 284/331
f 48/328 284/331 285/332 286/333
f 49/334 280/335 287/336 288/337
f 49/334 273/309 46/308 280/335
f 49/334 288/337 57/338 273/309
f 50/339 287/340 289/341 290/342
f 50/339 290/342 239/343 51/344
f 50/345 51/346 291/347 57/338
f 51/348 292/349 76/350 55/351
f 51/348 239/239 238/238 292/349
f 52/352 75/353 293/354 294/355
f 54/356 85/357 295/358 53/359
f 54/360 78/361 296/362 55/363
f 55/364 76/365 85/366 54/367
f 55/363 297/368 291/369 51/370
f 56/371 239/343 290/342 236/372
f 57/312 291/369 298/373 274/313
f 58/374 299/375 300/376 301/377
f 58/378 302/379 303/380 299/381
f 58/382 301/383 304/384 302/385
f 59/386 305/387 306/388 307/389
f 59/386 307/389 308/390 309/391
f 60/392 310/393 311/394 312/395
f 314/396 303/380 315/397 316/398
f 62/399 313/400 314/396 316/398
f 62/399 316/398 317/401 318/402
f 63/403 319/404 320/405 321/406
f 63/407 321/408 322/409 323/410
f 64/411 324/412 325/413 326/414
f 65/415 327/416 328/417 329/418
f 66/419 330/420 331/421 332/422
f 333/423 334/424 335/425 336/426
f 67/427 333/428 336/429 337/430
f 68/431 338/432 339/433 340/434
f 69/435 341/436 342/437 123/48
f 69/435 123/48 122/47 343/438
f 345/439 338/432 68/431 344/440
f 70/441 346/442 347/443 348/444
f 71/445 349/446 350/447 351/448
f 71/445 348/444 352/449 353/450
f 72/451 354/452 355/453 356/454
f 72/455 356/456 357/457 358/458
f 72/459 358/460 359/461 360/462
f 72/463 360/464 361/465 354/466
f 73/467 335/468 363/469 364/470
f 74/471 366/472 367/473 368/474
f 75/353 369/475 370/476 293/354
f 75/353 53/359 295/358 369/475
f 76/350 371/477 295/478 85/479
f 77/480 372/481 373/482 374/483
f 77/480 304/384 301/383 372/481
f 78/361 375/484 376/485 296/362
f 80/486 377/487 378/488 379/489
f 81/490 380/491 82/492 382/493
f 82/494 381/495 59/386 383/496
f 82/494 383/496 384/497 382/498
f 83/499 385/500 386/501 84/502
f 84/502 386/501 387/503 388/504
f 84/505 388/506 389/507 390/508
f 84/502 390/509 391/510 83/499
f 81/511 88/512 392/513 393/514
f 395/515 381/516 82/517 380/518
f 394/519 81/520 396/521 397/522
f 394/519 397/522 398/523 310/393
f 398/523 399/524 311/394 310/393
f 398/523 397/522 400/525 401/526
f 398/523 401/526 402/527 399/524
f 402/527 401/526 403/528 404/529
f 404/529 403/528 353/450 352/449
f 403/528 401/526 400/525 405/530
f 403/528 405/530 406/531 353/450
f 405/530 400/525 407/532 408/533
f 405/530 408/533 409/534 406/531
f 409/534 408/533 410/535 411/536
f 409/534 411/536 412/537 413/538
f 409/534 413/538 414/539 406/531
f 413/538 412/537 415/540 416/541
f 413/538 416/541 417/542 414/539
f 417/542 418/543 419/544 414/539
f 417/542 416/541 420/545 421/546
f 421/546 420/545 422/547 423/548
f 424/549 422/547 425/550 426/551
f 424/549 426/551 11/68 137/67
f 424/549 137/67 127/51 8/552
f 425/550 422/547 420/545 427/553
f 425/550 427/553 428/554 113/34
f 425/550 113/34 112/33 426/551
f 428/554 427/553 415/540 429/555
f 428/556 429/557 430/558 431/559
f 428/556 431/559 114/37 113/560
f 431/559 430/558 432/561 433/562
f 431/559 433/562 115/38 114/37
f 433/562 432/561 434/563 435/564
f 433/562 435/564 436/565 115/38
f 435/564 434/563 437/566 438/567
f 435/564 438/567 439/568 436/565
f 439/568 438/567 440/569 441/570
f 439/568 441/570 442/571 443/572
f 444/573 445/574 446/575 447/576
f 447/576 448/577 449/578 450/579
f 447/576 450/579 451/580 444/573
f 447/576 446/575 452/581 448/577
f 452/581 453/582 454/583 448/577
f 452/581 446/575 455/584 456/585
f 452/581 456/585 457/586 453/582
f 457/587 458/588 459/589 453/590
f 457/586 456/585 460/591 461/592
f 457/586 461/592 462/593 458/594
f 462/593 463/595 464/596 458/594
f 462/593 461/592 465/597 466/598
f 462/593 466/598 467/599 463/595
f 467/599 468/600 469/601 463/595
f 467/599 466/598 470/602 181/603
f 467/604 181/137 21/111 468/605
f 470/602 466/598 465/597 471/606
f 472/607 471/606 473/608 474/609
f 476/610 477/611 478/612 479/613
f 472/607 474/609 475/614 476/615
f 472/607 476/615 479/616 480/617
f 477/618 481/619 482/620 483/621
f 477/618 476/622 484/623 481/619
f 484/623 485/624 486/625 481/619
f 484/623 476/622 172/102 487/626
f 484/623 487/626 488/627 485/624
f 488/627 487/626 489/628 490/629
f 490/629 489/628 491/630 492/631
f 489/628 487/626 172/102 171/101
f 486/625 493/632 482/620 481/619
f 493/632 494/633 495/634 482/620
f 476/622 475/635 170/100 172/102
f 475/614 474/609 98/14 97/13
f 475/635 97/22 103/23 170/100
f 474/609 473/608 496/636 98/14
f 496/636 473/608 497/637 498/638
f 496/636 498/638 499/639 500/640
f 496/636 500/640 94/10 98/14
f 500/640 499/639 501/641 502/642
f 500/640 502/642 95/11 94/10
f 502/643 501/644 503/645 504/646
f 506/647 505/648 507/649 508/650
f 506/651 508/652 509/653 510/654
f 513/655 512/656 514/657 515/658
f 515/659 514/660 516/661 517/662
f 516/661 518/663 519/664 520/665
f 518/663 516/661 180/110 179/109
f 518/663 179/109 521/666 522/667
f 518/663 522/667 523/668 519/664
f 516/661 514/660 524/669 180/110
f 524/669 514/660 512/670 91/671
f 524/669 91/671 90/672 19/673
f 524/669 19/673 20/105 180/110
f 512/656 511/674 1/4 91/3
f 511/674 525/675 526/676 1/4
f 526/676 525/675 527/677 528/678
f 526/676 528/678 529/679 530/680
f 526/676 530/680 531/681 1/4
f 531/681 530/680 227/682 532/683
f 531/681 533/684 89/685 1/4
f 530/680 529/679 228/686 227/682
f 529/679 528/678 534/687 535/688
f 529/689 535/690 536/691 228/220
f 536/691 535/690 537/692 538/693
f 536/691 538/693 539/694 540/695
f 536/691 540/695 222/221 228/220
f 540/696 539/697 541/698 542/699
f 540/696 542/699 223/208 222/207
f 542/699 541/698 543/700 225/701
f 542/702 225/703 36/704 223/705
f 543/700 541/698 544/706 545/707
f 543/708 545/709 546/710 547/711
f 543/712 547/713 210/184 225/211
f 547/713 546/714 548/715 549/716
f 547/713 549/716 183/185 210/184
f 549/716 548/715 469/717 468/718
f 549/716 468/718 21/719 183/185
f 548/715 546/714 550/720 551/721
f 548/715 551/721 552/722 469/717
f 552/722 551/721 553/723 554/724
f 552/725 554/726 555/727 464/596
f 552/725 464/596 463/595 469/601
f 555/728 554/724 556/729 557/730
f 555/727 557/731 558/732 459/733
f 555/727 459/733 458/594 464/596
f 558/732 557/731 559/734 560/735
f 558/736 560/737 561/738 454/739
f 558/736 454/739 453/590 459/589
f 561/738 560/737 562/740 563/741
f 561/742 563/743 564/744 449/578
f 561/742 449/578 448/577 454/583
f 564/744 563/743 565/745 566/746
f 564/744 566/746 567/747 568/748
f 564/744 568/748 450/579 449/578
f 568/748 567/747 569/749 570/750
f 568/748 570/750 451/580 450/579
f 570/750 569/749 571/751 572/752
f 570/750 572/752 573/753 451/580
f 573/753 572/752 574/754 5/755
f 574/754 572/752 571/751 575/756
f 574/757 575/758 576/759 577/760
f 574/757 577/760 117/41 5/40
f 577/760 576/759 121/46 578/761
f 577/760 578/761 579/762 117/41
f 576/759 575/758 580/763 581/764
f 576/759 581/764 122/47 121/46
f 581/764 580/763 582/765 583/766
f 581/764 583/766 343/438 122/47
f 583/766 582/765 584/767 585/768
f 583/766 585/768 586/769 343/438
f 586/769 585/768 587/770 61/771
f 586/769 588/772 69/435 343/438
f 61/771 587/770 589/773 590/774
f 591/775 592/776 309/391 593/777
f 591/775 594/778 595/779 592/776
f 595/779 384/497 383/496 592/776
f 595/779 594/778 590/774 589/773
f 595/779 589/773 596/780 384/497
f 596/781 597/782 382/493 384/783
f 596/780 589/773 587/770 598/784
f 596/781 598/785 599/786 597/782
f 599/786 600/787 601/788 597/782
f 599/786 598/785 584/789 602/790
f 599/786 602/790 603/791 600/787
f 603/791 604/792 605/793 600/787
f 603/791 602/790 606/794 607/795
f 603/791 607/795 608/796 604/792
f 608/796 609/797 610/798 604/792
f 608/796 607/795 611/799 612/800
f 608/796 612/800 613/801 609/797
f 613/801 614/802 615/803 609/797
f 613/801 612/800 567/747 566/746
f 613/801 566/746 565/745 614/802
f 615/803 616/804 617/805 618/806
f 615/803 618/806 610/798 609/797
f 615/803 614/802 619/807 616/804
f 619/807 620/808 621/809 616/804
f 619/807 614/802 565/745 622/810
f 619/807 622/810 623/811 620/808
f 623/811 624/812 625/813 620/808
f 623/811 622/810 562/814 626/815
f 623/811 626/815 627/816 624/812
f 627/817 628/818 629/819 624/820
f 627/816 626/815 559/734 630/821
f 627/816 630/821 631/822 628/823
f 631/824 632/825 633/826 628/827
f 631/828 630/829 556/729 634/830
f 631/828 634/830 635/831 632/832
f 635/833 636/834 637/835 632/825
f 635/831 634/830 553/723 638/836
f 635/833 638/837 639/838 636/834
f 639/839 640/840 641/841 636/842
f 639/838 638/837 550/843 642/844
f 639/839 642/845 643/846 640/840
f 643/846 644/847 645/848 640/840
f 643/846 642/845 545/707 544/706
f 643/846 544/706 646/849 644/847
f 646/849 647/850 648/851 644/847
f 646/849 544/706 541/698 539/697
f 646/852 539/694 538/693 647/853
f 648/851 442/571 441/570 649/854
f 648/851 649/854 645/848 644/847
f 648/851 647/850 650/855 442/571
f 650/855 651/856 443/572 442/571
f 650/857 647/853 538/693 537/692
f 650/855 537/858 652/859 651/856
f 652/859 107/27 106/26 651/856
f 652/859 537/858 535/688 534/687
f 652/859 534/687 653/860 107/27
f 653/860 654/861 104/24 107/27
f 653/860 534/687 528/678 527/677
f 653/860 527/677 655/862 654/861
f 655/862 504/646 503/645 654/861
f 655/862 527/677 525/675 507/649
f 655/862 507/649 505/648 504/646
f 654/861 503/645 105/25 104/24
f 656/863 106/26 105/25 657/864
f 657/865 658/866 659/867 656/868
f 657/864 105/25 503/645 501/644
f 657/865 501/641 499/639 658/866
f 659/867 660/869 661/870 656/868
f 659/867 658/866 662/871 455/584
f 662/871 460/591 456/585 455/584
f 662/871 658/866 499/639 498/638
f 662/871 498/638 497/637 460/591
f 649/854 441/570 440/569 663/872
f 649/873 663/874 664/875 645/876
f 664/875 663/874 665/877 666/878
f 664/875 666/878 667/879 641/880
f 664/875 641/880 640/881 645/876
f 667/879 666/878 668/882 669/883
f 667/884 669/885 670/886 637/887
f 667/884 637/887 636/842 641/841
f 670/886 669/885 671/888 672/889
f 670/890 672/891 673/892 633/826
f 670/890 633/826 632/825 637/835
f 673/892 672/891 674/893 675/894
f 673/892 675/894 676/895 629/896
f 673/892 629/896 628/827 633/826
f 676/897 675/898 677/899 678/900
f 676/897 678/900 679/901 625/902
f 676/897 625/902 624/820 629/819
f 679/901 678/900 680/903 681/904
f 679/905 681/906 682/907 621/809
f 679/905 621/809 620/808 625/813
f 682/907 681/906 683/908 684/909
f 682/907 684/909 685/910 617/805
f 682/907 617/805 616/804 621/809
f 685/910 684/909 686/911 687/912
f 685/910 687/912 688/913 689/914
f 685/910 689/914 618/806 617/805
f 689/914 688/913 690/915 691/916
f 689/914 691/916 610/798 618/806
f 691/916 690/915 692/917 605/793
f 691/916 605/793 604/792 610/798
f 692/917 690/915 693/918 694/919
f 692/917 694/919 81/490 601/788
f 692/917 601/788 600/787 605/793
f 693/918 695/920 696/921 697/922
f 693/918 697/922 390/509 694/919
f 693/918 690/915 688/913 695/920
f 697/922 696/921 698/923 699/924
f 697/922 699/924 391/510 390/509
f 699/924 698/923 298/373 700/925
f 699/924 700/925 701/926 391/510
f 701/926 700/925 297/368 702/927
f 701/926 702/927 703/928 704/929
f 701/926 704/929 83/499 391/510
f 703/928 702/927 296/362 376/485
f 703/928 376/485 705/930 706/931
f 703/928 706/931 707/932 704/929
f 706/931 705/930 708/933 709/934
f 706/931 709/934 710/935 707/932
f 711/936 712/937 373/938 372/939
f 711/940 372/941 301/377 300/376
f 711/940 708/933 705/930 712/942
f 705/930 376/485 375/484 712/942
f 702/927 297/368 55/363 296/362
f 700/925 298/373 291/369 297/368
f 698/923 713/943 274/313 298/373
f 698/923 696/921 714/944 713/943
f 714/944 715/945 716/946 713/943
f 714/944 696/921 695/920 717/947
f 714/944 717/947 718/948 715/945
f 718/949 719/950 720/951 715/952
f 718/948 717/947 687/912 686/911
f 718/948 686/911 721/953 719/954
f 721/955 722/956 723/957 719/950
f 721/953 686/911 684/909 683/908
f 721/955 683/958 724/959 722/956
f 724/959 725/960 726/961 722/956
f 724/959 683/958 681/904 680/903
f 724/959 680/903 727/962 725/960
f 727/963 728/964 729/965 725/966
f 727/962 680/903 678/900 677/899
f 727/963 677/967 730/968 728/964
f 730/969 731/970 732/971 728/972
f 730/968 677/967 675/894 674/893
f 730/969 674/973 733/974 731/970
f 733/974 734/975 735/976 731/970
f 733/974 674/973 672/889 671/888
f 733/974 671/888 736/977 734/975
f 736/978 737/979 738/980 734/981
f 736/977 671/888 669/885 668/982
f 736/978 668/882 739/983 737/979
f 739/984 740/985 741/986 737/987
f 739/983 668/882 666/878 665/877
f 739/984 665/988 742/989 740/985
f 742/989 437/566 743/990 740/985
f 742/989 665/988 663/872 440/569
f 742/989 440/569 438/567 437/566
f 743/990 744/991 745/992 746/993
f 743/990 746/993 741/986 740/985
f 743/990 437/566 434/563 744/991
f 746/993 745/992 747/994 748/995
f 746/993 748/995 749/996 741/986
f 749/996 748/995 750/997 751/998
f 749/996 751/998 752/999 738/1000
f 749/996 738/1000 737/987 741/986
f 752/999 751/998 753/1001 754/1002
f 752/1003 754/1004 755/1005 735/1006
f 752/1003 735/1006 734/981 738/980
f 755/1005 754/1004 756/1007 757/1008
f 755/1009 757/1010 758/1011 732/971
f 755/1009 732/971 731/970 735/976
f 758/1011 757/1010 759/1012 760/1013
f 758/1011 760/1013 761/1014 729/1015
f 758/1011 729/1015 728/972 732/971
f 761/1014 760/1013 762/1016 763/1017
f 761/1018 763/1019 764/1020 726/1021
f 761/1018 726/1021 725/966 729/965
f 764/1020 763/1019 765/1022 766/1023
f 764/1024 766/1025 767/1026 723/957
f 764/1024 723/957 722/956 726/961
f 767/1027 766/1023 768/1028 769/1029
f 767/1026 769/1030 770/1031 720/951
f 767/1026 720/951 719/950 723/957
f 770/1031 769/1030 234/1032 233/1033
f 770/1031 233/1033 45/1034 716/1035
f 770/1031 716/1035 715/952 720/951
f 769/1029 768/1028 235/1036 234/1037
f 768/1028 771/1038 242/1039 235/1036
f 768/1028 766/1023 765/1022 771/1038
f 771/1040 772/1041 243/244 242/243
f 771/1040 765/1042 773/1043 772/1041
f 773/1043 774/1044 775/1045 772/1041
f 773/1043 765/1042 763/1017 762/1016
f 773/1043 762/1016 776/1046 774/1044
f 776/1046 777/1047 778/1048 774/1044
f 776/1046 762/1016 760/1013 759/1012
f 776/1046 759/1012 779/1049 777/1047
f 779/1049 780/1050 781/1051 777/1047
f 779/1052 759/1053 757/1008 756/1007
f 779/1049 756/1054 782/1055 780/1050
f 782/1055 783/1056 784/1057 780/1050
f 782/1055 756/1054 754/1002 753/1001
f 782/1055 753/1001 785/1058 783/1056
f 785/1058 786/1059 787/1060 783/1056
f 785/1058 753/1001 751/998 750/997
f 785/1058 750/997 788/1061 786/1059
f 788/1061 789/1062 790/1063 786/1059
f 788/1061 750/997 748/995 747/994
f 788/1061 747/994 791/1064 789/1062
f 791/1064 792/1065 793/1066 789/1062
f 791/1064 747/994 745/992 794/1067
f 791/1064 794/1067 795/1068 792/1065
f 795/1068 796/1069 797/1070 792/1065
f 795/1068 794/1067 798/1071 799/1072
f 795/1068 799/1072 800/1073 796/1069
f 800/1073 412/1074 411/1075 796/1069
f 800/1073 799/1072 430/558 429/557
f 800/1076 429/555 415/540 412/537
f 799/1072 798/1071 432/561 430/558
f 798/1071 794/1067 745/992 744/991
f 798/1071 744/991 434/563 432/561
f 797/1070 410/1077 801/1078 802/1079
f 797/1070 802/1079 793/1066 792/1065
f 797/1070 796/1069 411/1075 410/1077
f 802/1079 801/1078 803/1080 804/1081
f 802/1079 804/1081 805/1082 793/1066
f 805/1082 804/1081 806/1083 807/1084
f 805/1082 807/1084 808/1085 790/1063
f 805/1082 790/1063 789/1062 793/1066
f 808/1085 807/1084 809/1086 810/1087
f 808/1085 810/1087 811/1088 787/1060
f 808/1085 787/1060 786/1059 790/1063
f 811/1088 812/1089 813/1090 784/1057
f 811/1088 784/1057 783/1056 787/1060
f 813/1090 812/1089 814/1091 815/1092
f 813/1090 815/1092 816/1093 781/1051
f 813/1090 781/1051 780/1050 784/1057
f 816/1093 815/1092 817/1094 818/1095
f 816/1093 818/1095 819/1096 778/1048
f 816/1093 778/1048 777/1047 781/1051
f 819/1096 818/1095 820/1097 821/1098
f 819/1096 821/1098 822/1099 775/1045
f 819/1096 775/1045 774/1044 778/1048
f 822/1099 821/1098 823/1100 824/1101
f 822/1099 824/1101 244/245 243/244
f 822/1099 243/244 772/1041 775/1045
f 824/1101 823/1100 371/477 76/350
f 824/1101 76/350 292/349 244/245
f 823/1100 825/1102 826/1103 371/477
f 823/1100 821/1098 820/1097 825/1102
f 826/1103 827/1104 370/1105 369/1106
f 826/1103 369/1106 295/478 371/477
f 826/1103 825/1102 828/1107 827/1104
f 829/1108 820/1097 818/1095 817/1094
f 830/1109 817/1094 815/1092 814/1091
f 807/1084 806/1083 86/1110 809/1086
f 806/1083 393/514 392/513 86/1110
f 806/1083 804/1081 803/1080 393/514
f 803/1111 396/521 81/520 393/1112
f 803/1111 801/1113 407/532 396/521
f 801/1113 410/535 408/533 407/532
f 717/947 695/920 688/913 687/912
f 716/946 45/310 274/313 713/943
f 642/844 550/843 546/710 545/709
f 638/836 553/723 551/721 550/720
f 634/830 556/729 554/724 553/723
f 630/829 559/1114 557/730 556/729
f 626/815 562/814 560/735 559/734
f 622/1115 565/1116 563/741 562/740
f 612/800 611/799 569/749 567/747
f 611/799 607/795 606/794 831/1117
f 611/799 831/1117 571/751 569/749
f 831/1117 606/794 582/1118 580/1119
f 831/1117 580/1119 575/756 571/751
f 606/794 602/790 584/789 582/1118
f 601/788 81/490 382/493 597/782
f 598/784 587/770 585/768 584/767
f 592/776 383/496 59/386 309/391
f 497/637 465/597 461/592 460/591
f 497/637 473/608 471/606 465/597
f 427/553 420/545 416/541 415/540
f 407/532 400/525 397/522 396/521
f 832/1120 402/527 404/529 833/1121
f 399/524 834/1122 835/1123 311/394
f 835/1123 836/1124 312/395 311/394
f 835/1123 834/1122 837/1125 838/1126
f 837/1125 839/1127 840/1128 838/1126
f 840/1128 841/1129 842/1130 838/1126
f 843/1131 379/1132 323/1133 844/1134
f 843/1131 844/1134 302/385 304/384
f 844/1135 323/410 322/409 315/397
f 844/1135 315/397 303/380 302/379
f 374/483 373/482 845/1136 846/1137
f 367/473 366/472 365/1138 847/1139
f 827/1104 848/1140 364/1141 370/1105
f 850/1142 849/1143 851/1144 852/1145
f 579/762 853/1146 854/1147 855/1148
f 579/762 855/1148 118/42 117/41
f 855/1148 854/1147 856/1149 857/1150
f 855/1148 857/1150 858/1151 118/42
f 858/1151 857/1150 139/64 138/63
f 858/1152 138/1153 146/1154 11/1155
f 857/1150 856/1149 859/1156 139/64
f 860/1157 347/443 346/442 861/1158
f 862/1159 419/1160 863/1161 864/1162
f 863/1161 865/1163 866/1164 864/1162
f 337/1165 336/1166 867/1167 868/1168
f 869/1169 870/1170 871/1171
f 328/417 327/416 872/1172 873/1173
f 329/418 851/1144 849/1143 65/415
f 324/1174 64/1175 379/489 378/488
f 322/409 321/408 874/1176 875/1177
f 322/409 875/1177 316/398 315/397
f 875/1177 874/1176 876/1178 877/1179
f 878/1180 874/1181 321/406 320/405
f 590/774 879/1182 880/1183 61/771
f 308/390 307/389 881/1184 882/1185
f 881/1184 307/389 306/388 883/1186
f 78/1187 54/1188 53/1189 79/1190
f 78/1187 79/1190 845/1136 373/482
f 375/1191 78/1192 373/938 712/937
f 292/349 238/238 241/242 244/245
f 290/1193 289/1194 884/1195 236/1196
f 884/1195 289/1194 279/1197 286/333
f 884/1195 286/333 285/332 885/1198
f 884/1195 885/1198 237/1199 236/1196
f 885/1198 285/332 259/278 269/298
f 885/1198 269/298 268/297 237/1199
f 289/341 287/340 280/1200 279/1201
f 288/337 287/336 50/345 57/338
f 286/1202 279/1203 278/1204 48/1205
f 285/332 284/331 260/279 259/278
f 284/331 277/330 264/291 260/279
f 283/326 263/284 262/283 281/327
f 283/326 251/261 255/1206 886/1207
f 283/326 886/1207 887/1208 263/284
f 887/1208 256/273 261/281 263/284
f 887/1208 886/1207 888/1209 889/1210
f 887/1208 889/1210 257/274 256/273
f 889/1210 888/1209 250/256 249/255
f 889/1210 249/255 271/302 257/274
f 888/1209 886/1207 255/1206 231/1211
f 888/1212 231/225 230/224 250/258
f 282/324 281/323 262/288 265/287
f 282/324 265/287 276/1213 275/1214
f 282/1215 275/314 253/266 252/265
f 277/1216 276/1213 265/287 264/286
f 275/314 272/307 232/306 253/266
f 271/302 270/301 258/275 257/274
f 271/302 249/255 248/254 266/303
f 270/299 269/298 259/278 258/277
f 268/295 267/294 39/237 237/1217
f 267/294 266/293 248/252 247/251
f 267/294 247/251 240/241 39/237
f 255/1218 254/1219 38/222 231/225
f 254/1219 253/1220 232/226 38/222
f 247/251 246/250 245/248 240/241
f 246/259 230/224 229/223 245/1221
f 890/1222 891/1223 189/129 188/128
f 891/1224 226/1225 214/1226 892/1227
f 891/1224 892/1227 25/144 189/1228
f 892/1227 214/1226 213/1229 893/1230
f 892/1227 893/1230 191/145 25/144
f 893/1230 213/1229 218/197 217/196
f 893/1230 217/196 193/150 191/145
f 224/209 206/1231 205/1232 215/193
f 221/204 212/190 215/193 205/1232
f 221/1233 205/172 204/171 219/1234
f 221/204 218/203 213/191 212/190
f 220/200 219/199 204/169 203/168
f 220/200 203/168 894/1235 895/1236
f 220/200 895/1236 896/1237 216/201
f 896/1237 895/1236 197/162 195/158
f 896/1238 195/1239 192/1240 193/1241
f 896/1238 193/1241 217/1242 216/1243
f 895/1236 894/1235 198/163 197/162
f 894/1235 203/168 202/167 897/1244
f 894/1235 897/1244 199/164 198/163
f 897/1245 202/177 207/176 208/180
f 897/1244 208/1246 201/1247 199/164
f 211/187 32/186 214/192 226/1248
f 197/162 196/161 194/159 195/158
f 29/1249 200/1250 31/113 27/112
f 196/1251 29/1252 27/151 194/154
f 898/1253 178/1254 177/1255 899/1256
f 19/673 90/672 93/1257 900/1258
f 168/97 161/88 160/87 901/1259
f 901/1259 160/87 902/1260 903/1261
f 901/1259 903/1261 904/1262 905/1263
f 905/1263 904/1262 906/1264 907/1265
f 908/1266 903/1261 909/1267 910/1268
f 909/1267 903/1261 902/1260 911/1269
f 909/1267 911/1269 912/1270 913/1271
f 911/1269 902/1260 914/1272 915/1273
f 914/1272 902/1260 160/87 159/86
f 16/95 103/23 14/21 161/88
f 163/91 162/90 916/1274 917/1275
f 918/1276 102/20 101/18 100/17
f 159/86 158/85 919/1277 914/1272
f 521/666 179/109 178/108 898/1278
f 522/667 156/1279 155/1280 523/668
f 153/1281 152/1282 920/1283 921/1284
f 922/1285 12/1286 923/1287 924/1288
f 141/1289 925/1290 128/52 136/66
f 129/53 128/52 925/1290 926/1291
f 137/67 136/66 128/52 127/51
f 859/1156 856/1149 9/1292 927/1293
f 422/547 424/549 8/552
f 928/1294 573/753 5/755 116/1295
f 928/1296 116/39 115/38 436/565
f 928/1297 436/1298 929/1299
f 930/1300 4/1301 931/1302 932/1303
f 933/1304 2/1 1/4 89/685
f 31/178 200/1305 199/1306 201/179
f 70/441 348/444 71/445 351/448
f 136/66 140/69 145/1307 141/1289
f 175/1308 19/1309 900/1310
f 517/662 516/661 520/665
f 511/674 512/656 513/655
f 508/650 507/649 525/675 511/674
f 99/1311 3/9 96/12
f 157/84 14/21 102/20
f 904/1312 903/1313 908/1314
f 173/103 18/99 169/98
f 491/630 489/628 171/101
f 92/1315 2/1 933/1304
f 146/1316 138/1317 11/1318 148/1319
f 843/1131 304/384 77/480 374/483
f 829/1108 817/1094 830/1109
f 333/1320 67/1321 337/1322
f 878/1323 320/1324 319/1325 334/424
f 313/1326 62/1327 318/1328
f 305/1329 59/1330 381/516 395/515
f 140/65 139/64 859/1156 927/1293
f 925/1290 141/1289 145/1307
f 861/1158 346/442 70/441 351/448
f 444/573 451/580 573/753 928/1294
f 108/1331 5/1332 110/1333
f 130/1334 9/1335 132/1336
f 133/1337 9/1338 135/1339
f 142/1340 10/1341 144/1342
f 330/1343 66/1344 332/1345
f 344/440 68/431 340/434
f 865/1346 863/1347 419/1348 862/1349
f 923/1350 12/1351 922/1352
f 931/1353 4/1354 930/1355
f 519/1356 522/1357 521/1358 898/1359
f 519/1360 523/1361 522/1362
f 96/12 95/11 505/1363 506/1364
f 916/1274 162/90 901/1259
f 162/90 15/89 168/97 901/1259
f 890/1365 188/1366 182/138 181/137
f 890/1367 181/603 472/607
f 181/603 470/602 471/606 472/607
f 532/1368 227/219 37/215 890/1369
f 37/215 226/218 891/1370 890/1369
f 6/1371 114/37 5/36 119/1372
f 118/1373 858/1152 11/1155 426/1374
f 119/1375 112/1376 111/1377
f 119/1375 118/1378 426/1379 112/1376
f 294/1380 846/1137 845/1136
f 294/1380 845/1136 75/1381
f 294/1380 75/1381 52/1382
f 363/1383 849/1384 63/1385 323/1386
f 293/354 370/476 364/470 934/1387
f 364/470 363/469 323/1388 934/1387
f 323/1388 379/1389 843/1390 934/1387
f 843/1390 294/355 293/354 934/1387
f 848/1140 827/1104 828/1107 829/1108
f 828/1107 825/1102 820/1097 829/1108
f 336/426 335/425 73/1391
f 336/1392 73/1393 364/1394
f 336/1395 364/1396 848/1397
f 710/1398 709/1399 314/396
f 709/1399 299/381 303/380 314/396
f 709/934 708/933 300/376 299/375
f 708/933 711/940 300/376
f 385/500 83/499 704/929
f 385/500 704/929 707/932
f 385/500 707/932 710/935
f 814/1400 812/1401 694/1402 390/1403
f 810/1087 809/1086 86/1110
f 810/1404 86/1405 81/1406
f 810/1087 81/511 694/1407
f 879/1182 593/777 309/391 308/390
f 879/1182 590/774 594/778 593/777
f 594/778 591/775 593/777
f 341/436 69/435 588/772 880/1183
f 588/772 586/769 61/771 880/1183
f 853/1146 579/762 578/761 121/46
f 9/1292 856/1149 854/1147 853/1146
f 9/1292 853/1146 121/46 120/45
f 927/1293 9/1292 120/45 124/49
f 120/45 7/44 124/49
f 423/548 422/547 8/552
f 423/548 8/552 127/51
f 423/548 127/51 126/50
f 423/548 126/50 125/1408
f 423/548 125/1408 926/1291
f 418/543 417/542 421/546 423/548
f 349/446 71/445 419/544 423/548
f 419/544 418/543 423/548
f 71/445 414/539 419/544
f 71/445 353/450 406/531 414/539
f 347/443 860/1157 833/1121 935/1409
f 833/1121 404/529 352/449 935/1409
f 352/449 348/444 347/443 935/1409
f 837/1125 834/1122 937/1410 936/1411
f 399/524 402/527 937/1410 834/1122
f 936/1411 937/1410 402/527 832/1120
f 839/1127 837/1125 936/1411 832/1120
f 395/515 310/393 60/392 842/1130
f 394/519 310/393 395/515
f 394/519 395/515 380/518
f 394/1412 380/1413 81/1414
f 60/392 312/395 836/1124 842/1130
f 836/1124 835/1123 838/1126 842/1130
f 660/869 659/867 455/584
f 660/869 455/584 446/575
f 660/869 446/575 445/574
f 660/869 445/574 444/573
f 656/863 929/1415 436/565 938/1416
f 436/565 439/568 443/572 938/1416
f 443/572 106/26 656/863 938/1416
f 443/572 651/856 106/26
f 377/1417 80/1418 326/414
f 80/1418 379/1419 64/411 326/414
f 850/1420 872/1421 327/1422
f 850/1420 327/1422 65/1423
f 850/1420 65/1423 849/1424
f 366/1425 74/1426 368/1427
f 366/1428 368/1429 847/1430
f 366/1428 847/1430 365/1431
f 6/1371 119/1372 111/1432 112/1433
f 125/1408 126/50 129/53 926/1291
f 152/1434 153/1435 154/1436 920/1437
f 19/673 175/1438 176/106 20/105
f 53/1439 75/1440 845/1441 79/1442
f 354/466 361/465 362/1443 355/1444
f 81/1445 87/1446 392/1447 88/1448
f 81/511 86/1110 392/513 87/1449
f 95/1450 502/643 504/646 505/648
f 694/1407 812/1089 811/1088 810/1087
f 849/1451 363/469 335/468 939/1452
f 335/425 334/424 939/1453
f 849/1451 939/1452 319/1454 63/1455
f 939/1453 334/424 319/1325
f 940/1456 959/1457 960/1458 961/1459
f 941/1460 945/1461 962/1462 963/1463
f 942/1464 944/1465 964/1466 965/1467
f 942/1468 966/1469 967/1470 944/1471
f 943/1472 965/1467 964/1466 968/1473
f 952/1474 970/1475 971/1476 943/1477
f 951/1478 969/1479 970/1480 952/1481
f 943/1477 968/1482 951/1483 952/1474
f 944/1465 941/1460 963/1463 973/1484
f 945/1461 974/1485 975/1486 962/1462
f 945/1487 941/1488 976/1489 977/1490
f 945/1461 978/1491 979/1492 974/1485
f 944/1465 973/1484 980/1493 964/1466
f 946/1494 981/1495 947/1496 982/1497
f 946/1498 950/1499 983/1500 984/1501
f 947/1496 985/1502 986/1503 987/1504
f 947/1496 981/1495 985/1502
f 948/1505 989/1506 990/1507 988/1508
f 948/1505 988/1508 991/1509 992/1510
f 949/1511 987/1504 986/1503 993/1512
f 950/1499 946/1498 994/1513 995/1514
f 941/1460 996/1515 997/1516 976/1517
f 946/1518 998/1519 999/1520 1000/1521
f 951/1483 968/1482 1001/1522 1002/1523
f 953/1524 954/1525 1003/1526 1004/1527
f 953/1524 1005/1528 1006/1529 954/1525
f 954/1525 1006/1529 990/1507 989/1506
f 955/1530 958/1531 957/1532 1007/1533
f 955/1530 1008/1534 1009/1535 958/1531
f 955/1530 1010/1536 1011/1537 1008/1534
f 956/1538 1012/1539 1013/1540 1014/1541
f 957/1532 1015/1542 1016/1543 1007/1533
f 1001/1544 968/1473 964/1466 980/1493
f 1017/1545 1018/1546 999/1547 998/1548
f 992/1510 991/1509 1019/1549 1020/1550
f 1021/1551 979/1492 978/1491
f 959/1552 940/1553 961/1554
f 996/1515 941/1460 972/1555
f 978/1491 945/1461 977/1556
f 969/1479 951/1478 1002/1557
f 987/1504 949/1511 993/1512
f 982/1497 947/1496 987/1504
f 985/1558 981/1559 946/1560 982/1561
f 994/1562 946/1563 984/1564
f 983/1500 950/1499 995/1514
f 1003/1526 954/1525 989/1506
f 1005/1565 953/1566 1004/1567
f 989/1506 948/1505 992/1510
f 1017/1568 998/1519 946/1518 1000/1521
f 1010/1536 955/1530 1007/1533
f 1008/1569 1011/1570 1010/1571
f 1015/1572 957/1573 958/1574 1009/1575
f 1012/1539 956/1538 1014/1541
f 966/1576 965/1577 943/1578 971/1579
f 966/1469 942/1468 965/1580
f 941/1460 944/1465 967/1581 972/1555
f 1023/1582 1024/1583 1025/1584 1026/1585
f 1026/1585 1025/1584 1022/1586
f 1027/1587 1042/1588 1045/1589 1046/1590
f 1027/1587 1046/1590 1047/1591 1048/1592
f 1028/1593 1049/1594 1050/1595 1051/1596
f 1028/1593 1052/1597 1053/1598 1054/1599
f 1028/1593 1054/1599 1055/1600 1049/1594
f 1029/1601 1056/1602 1057/1603 1058/1604
f 1029/1601 1058/1604 1059/1605 1060/1606
f 1029/1601 1060/1606 1061/1607 1056/1602
f 1135/1608 1062/1609 1063/1610 1030/1611
f 1030/1611 1063/1610 1065/1612 1066/1613
f 1031/1614 1067/1615 1068/1616 1037/1617
f 1031/1614 1037/1617 1069/1618 1070/1619
f 1031/1614 1070/1619 1071/1620 1043/1621
f 1032/1622 1072/1623 1073/1624 1074/1625
f 1032/1626 1074/1627 1075/1628 1033/1629
f 1032/1622 1076/1630 1077/1631 1078/1632
f 1032/1622 1078/1632 1079/1633 1072/1623
f 1034/1634 1080/1635 1081/1636 1082/1637
f 1036/1638 1083/1639 1084/1640 1085/1641
f 1036/1638 1086/1642 1087/1643 1088/1644
f 1036/1638 1088/1644 1089/1645 1083/1639
f 1037/1617 1068/1616 1090/1646 1091/1647
f 1038/1648 1092/1649 1091/1647 1090/1646
f 1035/1650 1093/1651 1094/1652 1095/1653
f 1039/1654 1096/1655 1097/1656 1098/1657
f 1039/1654 1082/1637 1081/1636 1096/1655
f 1040/1658 1041/1659 1089/1645 1088/1644
f 1040/1658 1088/1644 1087/1643 1099/1660
f 1042/1588 1100/1661 1101/1662 1102/1663
f 1042/1588 1102/1663 1103/1664 1045/1589
f 1043/1665 1053/1598 1052/1597 1104/1666
f 1044/1667 1105/1668 1106/1669 1107/1670
f 1108/1671 1109/1672 1066/1673 1065/1674
f 1110/1675 1105/1668 1044/1667
f 1103/1664 1102/1663 1111/1676 1112/1677
f 1113/1678 1111/1676 1102/1663 1101/1662
f 1099/1660 1077/1679 1041/1659 1040/1658
f 1079/1633 1114/1680 1115/1681 1072/1623
f 1115/1681 1114/1680 1116/1682 1117/1683
f 1115/1681 1117/1683 1118/1684 1119/1685
f 1115/1681 1119/1685 1073/1624 1072/1623
f 1117/1686 1116/1687 1120/1688 1121/1689
f 1059/1690 1122/1691 1123/1692 1124/1693
f 1123/1692 1122/1691 1125/1694 1126/1695
f 1126/1695 1125/1694 1127/1696 1128/1697
f 1128/1697 1127/1696 1129/1698 1130/1699
f 1129/1698 1127/1696 1131/1700 1132/1701
f 1131/1700 1127/1696 1125/1694 1133/1702
f 1133/1703 1125/1704 1122/1705 1134/1706
f 1051/1596 1050/1595 1048/1592 1047/1591
f 1112/1677 1111/1676 1113/1678
f 1052/1597 1028/1593 1051/1596
f 1100/1707 1042/1708 1027/1709 1048/1710
f 1109/1711 1108/1712 1065/1713
f 1064/1714 1030/1715 1066/1673 1109/1672
f 1092/1716 1038/1717 1090/1718
f 1069/1618 1037/1617 1091/1647 1092/1649
f 1067/1615 1031/1614 1043/1621 1071/1620
f 1082/1637 1039/1654 1098/1657
f 1080/1719 1034/1720 1082/1721
f 1086/1642 1036/1638 1085/1641
f 1089/1645 1041/1659 1077/1679
f 1093/1722 1035/1723 1095/1724
f 1110/1675 1044/1667 1107/1670
f 1134/1725 1122/1726 1059/1727
f 1055/1600 1054/1599 1053/1598 1104/1666
f 1053/1728 1043/1729 1104/1730
f 1077/1731 1076/1732 1032/1733
f 1077/1734 1032/1735 1033/1736
f 1077/1737 1033/1629 1075/1628
f 1030/1715 1064/1714 1062/1738 1135/1739
f 1136/1740 1137/1741 1138/1742 1139/1743
f 1136/1744 1139/1745 1140/1746 1141/1747
f 1136/1740 1142/1748 1143/1749 1137/1741
f 1136/1750 1141/1751 1144/1752 1145/1753
f 1136/1750 1145/1753 1146/1754 1142/1755
f 1146/1756 1147/1757 1148/1758 1142/1759
f 1146/1756 1145/1760 1149/1761 1150/1762
f 1146/1756 1150/1762 1151/1763 1147/1757
f 1151/1763 1152/1764 1153/1765 1147/1757
f 1151/1763 1150/1762 1154/1766 1155/1767
f 1151/1763 1155/1767 1156/1768 1152/1764
f 1156/1768 1157/1769 1158/1770 1152/1764
f 1156/1768 1155/1767 1159/1771 1160/1772
f 1156/1768 1160/1772 1161/1773 1157/1769
f 1161/1773 1162/1774 1163/1775 1157/1769
f 1163/1775 1164/1776 1165/1777 1166/1778
f 1163/1775 1166/1778 1158/1770 1157/1769
f 1166/1778 1165/1777 1167/1779 1168/1780
f 1166/1778 1168/1780 1169/1781 1158/1770
f 1169/1781 1168/1780 1170/1782 1171/1783
f 1169/1781 1171/1783 1172/1784 1153/1765
f 1169/1781 1153/1765 1152/1764 1158/1770
f 1172/1784 1171/1783 1173/1785 1174/1786
f 1172/1784 1174/1786 1175/1787 1148/1758
f 1172/1784 1148/1758 1147/1757 1153/1765
f 1175/1787 1143/1788 1142/1759 1148/1758
f 1173/1785 1171/1783 1170/1782 1176/1789
f 1176/1789 1170/1782 1177/1790 1178/1791
f 1177/1790 1170/1782 1168/1780 1167/1779
f 1159/1771 1155/1767 1154/1766 1179/1792
f 1179/1792 1154/1766 1180/1793 1181/1794
f 1181/1794 1180/1793 1182/1795 1183/1796
f 1182/1797 1180/1798 1149/1799 1184/1800
f 1184/1800 1149/1799 1145/1753 1144/1752
f 1180/1793 1154/1766 1150/1762 1149/1761
f 1140/1801 1139/1743 1185/1802 1186/1803
f 1185/1802 1139/1743 1138/1742 1187/1804
f 1164/1776 1163/1775 1162/1774
f 1189/1805 1191/1806 1192/1807 1193/1808
f 1189/1805 1193/1808 1194/1809 1190/1810
f 1189/1811 1188/1812 1195/1813 1191/1814
f 1195/1813 1196/1815 1197/1816 1191/1814
f 1195/1813 1188/1812 1198/1817 1199/1818
f 1195/1813 1199/1818 1200/1819 1196/1815
f 1200/1819 1201/1820 1202/1821 1196/1815
f 1200/1819 1199/1818 1203/1822
f 1200/1819 1203/1822 1204/1823 1201/1820
f 1205/1824 1206/1825 1207/1826 1208/1827
f 1209/1828 1210/1829 1211/1830 1212/1831
f 1212/1831 1211/1830 1213/1832 1214/1833
f 1214/1833 1213/1832 1215/1834 1216/1835
f 1216/1835 1215/1834 1217/1836
f 1218/1837 1207/1826 1206/1825 1219/1838
f 1206/1825 1205/1824 1204/1823 1203/1822
f 1206/1825 1203/1822 1220/1839 1219/1838
f 1220/1839 1203/1822 1199/1818 1198/1817
f 1202/1821 1221/1840 1197/1816 1196/1815
f 1221/1841 1222/1842 1223/1843 1197/1844
f 1223/1843 1192/1807 1191/1806 1197/1844
f 1208/1827 1207/1826 1218/1837
f 1194/1809 1192/1807 1223/1843 1222/1842
f 1194/1845 1193/1846 1192/1847
f 1188/1848 1189/1849 1190/1850 1194/1851
f 1224/1852 1228/1853 1229/1854 1230/1855
f 1225/1856 1231/1857 1232/1858 1233/1859
f 1226/1860 1234/1861 1235/1862 1236/1863
f 1227/1864 1237/1865 1238/1866 1239/1867
f 1239/1867 1238/1866 1235/1862 1234/1861
f 1238/1866 1237/1865 1233/1859 1232/1858
f 1238/1866 1232/1858 1229/1854 1235/1862
f 1235/1862 1229/1854 1228/1853 1236/1863
f 1232/1858 1231/1857 1230/1855 1229/1854
f 1240/1868 1253/1869 1254/1870 1255/1871
f 1240/1868 1255/1871 1256/1872 1252/1873
f 1241/1874 1257/1875 1258/1876 1259/1877
f 1241/1878 1260/1879 1261/1880 1257/1881
f 1242/1882 1246/1883 1244/1884 1262/1885
f 1242/1882 1263/1886 1264/1887 1246/1883
f 1244/1888 1247/1889 1248/1890 1265/1891
f 1245/1892 1266/1893 1250/1894 1248/1890
f 1245/1892 1248/1890 1247/1889 1267/1895
f 1245/1892 1267/1895 1268/1896 1269/1897
f 1247/1889 1270/1898 1271/1899 1272/1900
f 1247/1889 1272/1900 1273/1901 1267/1895
f 1248/1902 1250/1903 1274/1904 1275/1905
f 1248/1902 1275/1905 1276/1906 1265/1907
f 1249/1908 1277/1909 1278/1910 1279/1911
f 1249/1908 1279/1911 1280/1912 1276/1906
f 1251/1913 1283/1914 1284/1915 1285/1916
f 1252/1873 1286/1917 1284/1918 1240/1868
f 1287/1919 1288/1920 1289/1921
f 1285/1916 1290/1922 1281/1923 1251/1913
f 1290/1922 1278/1910 1277/1909 1281/1923
f 1250/1903 1266/1924 1291/1925 1292/1926
f 1291/1925 1266/1924 1293/1927 1294/1928
f 1273/1901 1295/1929 1268/1896 1267/1895
f 1265/1907 1276/1906 1280/1912 1296/1930
f 1271/1899 1297/1931 1243/1932 1272/1900
f 1298/1933 1241/1934 1299/1935
f 1301/1936 1302/1937 1261/1880 1260/1879
f 1286/1917 1252/1873 1256/1872
f 1253/1869 1240/1868 1284/1918
f 1263/1938 1242/1939 1262/1940
f 1262/1941 1244/1942 1246/1943 1264/1944
f 1266/1893 1245/1892 1269/1897
f 1274/1904 1250/1903 1292/1926
f 1272/1900 1243/1932 1297/1931
f 1260/1945 1241/1874 1259/1877
f 1277/1909 1249/1908 1275/1905 1274/1904
f 1249/1908 1276/1906 1275/1905
f 1244/1888 1265/1891 1296/1946
f 1244/1888 1296/1946 1270/1898
f 1244/1888 1270/1898 1247/1889
f 1251/1913 1281/1923 1282/1947 1283/1914
f 1259/1877 1300/1948 1301/1949 1260/1945
f 1303/1950 1304/1951 1305/1952 1306/1953
f 1303/1954 1306/1955 1307/1956 1308/1957
f 1303/1950 1308/1958 1309/1959 1304/1951
f 1311/1960 1310/1961 1312/1962 1313/1963
f 1311/1960 1313/1963 1314/1964 1315/1965
f 1311/1960 1315/1965 1316/1966 1310/1961
f 1316/1966 1317/1967 1318/1968 1310/1961
f 1318/1968 1319/1969 1312/1962 1310/1961
f 1320/1970 1315/1965 1314/1964 1321/1971
f 1320/1970 1321/1971 1322/1972 1323/1973
f 1323/1973 1322/1972 1324/1974 1325/1975
f 1325/1975 1324/1974 1326/1976 1327/1977
f 1325/1975 1327/1977 1328/1978 1329/1979
f 1329/1979 1328/1978 1306/1953 1305/1952
f 1309/1959 1308/1958 1330/1980 1331/1981
f 1331/1981 1330/1980 1332/1982 1333/1983
f 1333/1983 1332/1982 1334/1984 1335/1985
f 1335/1985 1334/1984 1336/1986 1337/1987
f 1338/1988 1337/1987 1336/1986
f 1339/1989 1347/1990 1348/1991 1349/1992
f 1339/1989 1349/1992 1350/1993 1351/1994
f 1339/1995 1351/1996 1352/1997 1353/1998
f 1339/1995 1353/1998 1354/1999 1355/2000
f 1339/1989 1355/2001 1356/2002 1357/2003
f 1340/2004 1358/2005 1359/2006 1360/2007
f 1341/2008 1361/2009 1362/2010 1363/2011
f 1341/2008 1364/2012 1365/2013 1361/2009
f 1341/2014 1363/2015 1366/2016 1367/2017
f 1342/2018 1369/2019 1344/2020 1345/2021
f 1342/2022 1368/2023 1366/2024 1363/2011
f 1342/2022 1363/2011 1362/2010 1369/2025
f 1343/2026 1370/2027 1371/2028 1372/2029
f 1343/2030 1372/2031 1373/2032 1374/2033
f 1344/2034 1375/2035 1376/2036 1377/2037
f 1344/2038 1377/2039 1378/2040 1379/2041
f 1341/2008 1359/2006 1358/2005 1364/2012
f 1341/2014 1380/2042 1381/2043 1359/2044
f 1341/2014 1367/2017 1382/2045 1380/2042
f 1345/2046 1344/2038 1379/2041 1383/2047
f 1345/2046 1383/2047 1384/2048 1346/2049
f 1345/2046 1346/2049 1367/2017 1366/2016
f 1346/2049 1384/2048 1382/2045 1367/2017
f 1387/2050 1385/2051 1388/2052 1389/2053
f 1389/2053 1388/2052 1390/2054 1391/2055
f 1390/2054 1388/2052 1360/2056 1392/2057
f 1392/2057 1360/2056 1359/2044 1381/2043
f 1378/2040 1377/2039 1351/1994 1350/1993
f 1377/2037 1376/2036 1352/1997 1351/1996
f 1373/2058 1372/2029 1393/2059 1394/2060
f 1394/2060 1393/2059 1395/2061 1396/2062
f 1396/2062 1395/2061 1357/2003 1397/2063
f 1397/2063 1357/2003 1356/2002 1398/2064
f 1395/2061 1393/2059 1399/2065 1347/1990
f 1395/2061 1347/1990 1339/1989 1357/2003
f 1399/2065 1393/2059 1372/2029 1371/2028
f 1399/2065 1371/2028 1400/2066 1401/2067
f 1399/2065 1401/2067 1348/1991 1347/1990
f 1400/2066 1371/2028 1370/2027 1402/2068
f 1403/2069 1343/2030 1374/2033
f 1340/2070 1360/2056 1388/2052 1385/2051
f 1385/2051 1387/2050 1386/2071
f 1375/2035 1344/2034 1369/2072
f 1370/2027 1343/2026 1403/2073
f 1358/2074 1340/2075 1385/2076
f 1342/2077 1345/2046 1366/2016 1368/2078
f 1404/2079 1405/2080 1406/2081 1407/2082
f 1407/2082 1406/2081 1408/2083 1409/2084
f 1409/2084 1408/2083 1410/2085 1411/2086
f 1412/2087 1413/2088 1414/2089 1415/2090
f 1415/2090 1414/2089 1416/2091 1417/2092
f 1417/2092 1416/2091 1418/2093 1419/2094
f 1419/2095 1418/2096 1420/2097 1421/2098
f 1422/2099 1408/2083 1406/2081 1423/2100
f 1423/2100 1406/2081 1405/2080 1424/2101
f 1410/2085 1408/2083 1422/2099
f 1405/2102 1404/2103 1407/2104
f 1427/2105 1428/2106 1429/2107
f 1429/2107 1428/2106 1430/2108 1431/2109
f 1431/2109 1430/2108 1432/2110 1433/2111
f 1433/2111 1432/2110 1434/2112 1435/2113
f 1435/2113 1434/2112 1436/2114 1437/2115
f 1437/2115 1436/2114 1438/2116 1439/2117
f 1439/2117 1438/2116 1440/2118 1441/2119
f 1441/2119 1440/2118 1442/2120 1443/2121
f 1443/2121 1442/2120 1444/2122 1445/2123
f 1445/2123 1444/2122 1446/2124 1447/2125
f 1447/2125 1446/2124 1448/2126 1449/2127
f 1449/2127 1448/2126 1425/2128 1426/2129
f 1426/2130 1448/2131 1446/2132 1444/2133
f 1426/2130 1425/2134 1448/2131
f 1450/2135 1451/2136 1452/2137 1453/2138
f 1450/2139 1454/2140 1455/2141 1456/2142
f 1455/2143 1454/2144 1457/2145 1458/2146
f 1458/2146 1457/2145 1459/2147 1460/2148
f 1460/2149 1459/2150 1461/2151 1462/2152
f 1451/2153 1450/2154 1453/2155
f 1463/2156 1454/2157 1450/2158 1456/2159
f 1463/2160 1459/2161 1457/2162 1454/2163
f 1459/2164 1463/2165 1462/2166 1461/2167
f 1464/2168 1465/2169 1466/2170 1467/2171
f 1464/2168 1468/2172 1469/2173 1465/2169
f 1464/2174 1470/2175 1471/2176 1468/2177
f 1471/2178 1472/2179 1473/2180 1474/2181
f 1471/2176 1474/2182 1475/2183 1468/2177
f 1475/2183 1474/2182 1476/2184 1477/2185
f 1475/2186 1477/2187 1478/2188 1479/2189
f 1475/2186 1479/2189 1469/2173 1468/2172
f 1479/2189 1478/2188 1480/2190 1481/2191
f 1479/2189 1481/2191 1482/2192 1469/2173
f 1482/2192 1483/2193 1465/2169 1469/2173
f 1483/2193 1484/2194 1466/2170 1465/2169
f 1484/2194 1485/2195 1486/2196 1466/2170
f 1484/2194 1487/2197 1488/2198 1485/2195
f 1488/2198 1489/2199 1490/2200 1485/2195
f 1488/2198 1491/2201 1492/2202 1489/2199
f 1492/2202 1493/2203 1494/2204 1489/2199
f 1492/2202 1495/2205 1496/2206 1493/2203
f 1496/2206 1497/2207 1498/2208 1493/2203
f 1496/2206 1499/2209 1500/2210 1497/2207
f 1498/2208 1501/2211 1494/2204 1493/2203
f 1501/2211 1502/2212 1503/2213 1494/2204
f 1503/2213 1502/2212 1504/2214 1505/2215
f 1503/2213 1505/2215 1506/2216 1490/2200
f 1503/2213 1490/2200 1489/2199 1494/2204
f 1506/2216 1505/2215 1507/2217 1508/2218
f 1506/2216 1508/2218 1509/2219 1486/2196
f 1506/2216 1486/2196 1485/2195 1490/2200
f 1509/2219 1467/2171 1466/2170 1486/2196
f 1507/2217 1505/2215 1504/2214 1510/2220
f 1480/2190 1478/2188 1511/2221 1512/2222
f 1512/2222 1511/2221 1513/2223 1514/2224
f 1515/2225 1516/2226 1517/2227
f 1518/2228 1519/2229 1520/2230 1521/2231
f 1520/2230 1522/2232 1523/2233 1521/2231
f 1523/2233 1522/2232 1473/2180 1524/2234
f 1524/2234 1473/2180 1472/2179 1525/2235
f 1522/2232 1476/2236 1474/2181 1473/2180
f 1478/2237 1477/2238 1476/2239 1522/2240
f 1514/2241 1513/2242 1519/2243 1518/2244
f 1513/2242 1511/2245 1520/2246 1519/2243
f 1511/2247 1478/2248 1522/2249 1520/2250
f 1487/2197 1484/2194 1483/2193 1482/2192
f 1500/2251 1492/2252 1491/2253 1482/2254
f 1491/2201 1488/2198 1487/2197 1482/2192
f 1500/2255 1499/2256 1496/2257
f 1500/2210 1496/2206 1495/2205
f 1500/2258 1495/2259 1492/2260
f 1467/2171 1509/2219 1508/2218 1507/2217
f 1464/2168 1467/2171 1507/2217 1510/2220
f 1472/2261 1470/2175 1464/2174 1510/2262
f 1472/2179 1471/2178 1470/2263
f 1526/2264 1527/2265 1528/2266 1529/2267
f 1526/2268 1530/2269 1531/2270 1527/2271
f 1526/2264 1529/2267 1532/2272 1533/2273
f 1532/2272 1529/2267 1534/2274 1535/2275
f 1532/2272 1535/2275 1536/2276 1537/2277
f 1532/2272 1537/2277 1538/2278 1533/2273
f 1538/2278 1537/2277 1539/2279 1540/2280
f 1539/2279 1537/2277 1536/2276 1542/2281
f 1542/2281 1536/2276 1543/2282 1544/2283
f 1544/2283 1543/2282 1545/2284 1546/2285
f 1546/2285 1545/2284 1547/2286 1548/2287
f 1548/2287 1547/2286 1549/2288 1550/2289
f 1551/2290 1547/2286 1545/2284 1552/2291
f 1552/2291 1545/2284 1543/2282 1553/2292
f 1554/2293 1553/2292 1535/2275 1534/2274
f 1555/2294 1534/2274 1529/2267 1528/2266
f 1553/2292 1543/2282 1536/2276 1535/2275
f 1528/2266 1527/2265 1556/2295 1557/2296
f 1557/2296 1556/2295 1558/2297 1559/2298
f 1558/2299 1560/2300 1559/2301
f 1560/2302 1527/2303 1531/2304
f 1560/2305 1558/2306 1556/2307 1527/2308
f 1551/2290 1552/2291 1553/2292 1554/2293 1534/2274 1555/2294 1528/2266 1557/2296
f 1550/2309 1549/2310 1547/2311
f 1550/2309 1547/2311 1551/2312
f 1550/2309 1551/2312 1557/2313
f 1531/2314 1530/2315 1533/2316 1538/2317
f 1530/2318 1526/2319 1533/2320
f 1531/2314 1538/2317 1540/2321 1541/2322
