# Blender 5.0.1
# www.blender.org
mtllib tripo_convert_1b2cefbf-92b5-453a-9f90-000ae5290d7e.mtl
o tripo_node_1b2cefbf-92b5-453a-9f90-000ae5290d7e
v 0.492264 0.202297 -0.018873
v 0.363698 0.111206 0.001247
v 0.297207 0.112743 0.000990
v 0.296913 0.096367 0.001207
v 0.356765 0.027728 0.001907
v 0.355828 0.101147 0.000778
v 0.491926 -0.206714 -0.017602
v 0.069397 -0.152835 0.001860
v 0.056586 -0.106616 0.001953
v 0.339148 -0.129653 0.001870
v 0.303552 -0.156883 0.002016
v 0.234732 -0.113049 0.002098
v 0.328541 -0.001656 0.002750
v 0.308733 0.036166 0.001937
v 0.229430 -0.001630 0.001907
v 0.269861 -0.122629 0.003069
v 0.274019 -0.130675 0.004301
v 0.267775 -0.155640 0.002100
v 0.459374 -0.208601 -0.002372
v 0.296348 -0.135208 0.006377
v 0.459786 -0.205674 0.003602
v 0.314338 -0.104401 0.006553
v 0.285301 -0.123478 0.009908
v 0.294785 -0.152082 0.012205
v 0.274998 -0.135868 0.007372
v 0.021615 -0.130986 0.015498
v 0.044236 -0.121949 0.013995
v 0.026465 -0.083632 0.009063
v 0.018071 -0.090688 0.010279
v 0.042462 -0.101181 0.006497
v 0.251645 -0.016487 0.006350
v 0.323504 0.039482 0.014337
v 0.312142 -0.015287 0.004613
v 0.343437 0.036306 0.013689
v 0.325685 0.059265 0.008909
v 0.327750 0.067048 0.010186
v 0.335916 0.069768 0.011445
v 0.374738 0.087041 0.008524
v 0.460480 0.180430 0.011377
v 0.490748 0.199878 0.010286
v 0.384411 0.124538 0.002207
v 0.444329 0.175415 0.002783
v 0.343561 0.057227 0.006761
v 0.281502 0.075727 0.001997
v 0.061711 0.059978 0.001988
v 0.083329 0.146910 0.001899
v 0.122051 0.142165 0.002285
v 0.278875 0.128382 0.002156
v 0.111164 0.119142 0.004418
v 0.105686 0.132232 0.007748
v 0.099800 0.106436 0.009450
v 0.108735 0.106376 0.009634
v 0.094914 0.119724 0.007237
v 0.108539 0.114139 0.008803
v 0.100797 0.045998 0.013682
v 0.111835 0.048483 0.013580
v 0.045347 0.043263 0.004723
v -0.112500 0.059026 0.013719
v -0.105648 0.076012 0.010364
v -0.098851 0.055813 0.015056
v -0.100273 0.074611 0.012758
v -0.103907 0.106804 0.009615
v -0.107861 0.122322 0.007811
v -0.089937 0.082289 0.007476
v -0.087836 0.079560 0.004874
v -0.096368 0.113010 0.008988
v -0.088657 0.074868 0.009551
v -0.095334 0.104404 0.009887
v -0.084161 0.127777 0.007043
v -0.094634 0.136538 0.006245
v -0.072238 0.146464 0.001961
v -0.125838 0.138727 0.001941
v -0.073442 0.107301 0.001941
v -0.002908 0.070371 0.001916
v -0.109359 0.078412 0.004673
v -0.088990 0.095611 0.003438
v -0.185458 0.051463 0.001846
v -0.354011 0.131681 0.002072
v -0.305898 0.136509 0.001897
v -0.455533 0.165134 0.002470
v -0.463019 0.173350 0.012033
v -0.321155 0.119645 0.008627
v -0.332315 0.085901 0.009696
v -0.243045 -0.066938 0.007442
v -0.335093 0.022538 0.011186
v -0.325006 0.030297 0.013184
v -0.087108 0.053148 0.013903
v 0.002478 -0.065156 0.004757
v -0.200455 0.038445 0.007195
v -0.200139 -0.069476 0.007392
v -0.211618 -0.085388 0.009638
v 0.008515 -0.106262 0.010391
v -0.219988 -0.124720 0.015581
v -0.203523 -0.105785 0.015668
v -0.233433 -0.112053 0.018133
v -0.238547 -0.096052 0.009692
v -0.230107 -0.084262 0.009834
v -0.490927 -0.205879 0.008005
v -0.018355 -0.085554 0.002120
v 0.019597 -0.069674 0.004189
v -0.256500 -0.081463 0.002256
v -0.184512 -0.084376 0.001972
v 0.007661 0.046827 0.004198
v -0.118694 0.042961 0.001963
v -0.350681 0.014277 0.001962
v -0.308843 0.026519 0.001880
v -0.240611 0.030362 0.003689
v -0.196016 -0.130058 0.001894
v -0.241501 -0.133663 0.001968
v -0.002991 -0.130971 0.001858
v -0.494767 -0.204260 -0.017583
v -0.080351 0.032837 0.001866
v -0.495136 0.203102 -0.016707
v 0.492308 0.196715 -0.019158
v 0.486046 0.196113 -0.019515
v 0.486740 0.202185 -0.019383
v 0.487449 0.206694 -0.017926
v 0.494422 0.204345 -0.017103
v 0.496440 0.197343 -0.017472
v 0.366347 0.112817 0.002403
v 0.359666 0.118637 0.002014
v 0.357862 0.113576 0.000983
v 0.364254 0.105461 0.001056
v 0.367279 0.104321 0.002225
v 0.357704 0.106786 0.000795
v 0.304427 0.114187 0.000893
v 0.302647 0.119425 0.001872
v 0.293865 0.114890 0.002351
v 0.296003 0.107785 0.000976
v 0.305683 0.107731 0.000812
v 0.290987 0.108510 0.002956
v 0.102614 0.035121 0.001972
v 0.102632 0.041115 0.004489
v 0.094188 0.046619 0.002965
v 0.305219 0.094504 0.000895
v 0.305969 0.100746 0.000810
v 0.295770 0.101268 0.001055
v 0.290937 0.100498 0.003124
v 0.293958 0.094064 0.002908
v 0.304000 0.089235 0.002196
v 0.341513 0.021361 0.002070
v 0.343161 0.010427 0.001907
v 0.358703 0.010985 0.001903
v 0.363103 0.046273 0.001887
v 0.354988 0.045283 0.002036
v 0.349560 0.031464 0.002215
v 0.340203 0.025305 0.002608
v 0.344446 0.107837 0.000749
v 0.344761 0.099325 0.000745
v 0.359294 0.098235 0.000874
v 0.345668 0.092592 0.000802
v 0.492586 -0.208741 -0.014623
v 0.484411 -0.209444 -0.015089
v 0.485012 -0.206481 -0.018356
v 0.485614 -0.202144 -0.019436
v 0.493339 -0.203179 -0.018613
v 0.496748 -0.204363 -0.014855
v 0.071583 -0.175504 0.001850
v 0.092610 -0.176826 0.001850
v 0.093123 -0.158422 0.001856
v 0.076700 -0.132104 0.001877
v 0.063818 -0.123985 0.001891
v 0.057049 -0.137510 0.001877
v 0.095726 -0.139522 0.001864
v 0.050474 -0.159562 0.001843
v 0.053231 -0.176723 0.001851
v 0.045567 -0.146378 0.001848
v 0.049790 -0.106626 0.002827
v 0.051935 -0.116675 0.002560
v 0.055788 -0.119016 0.001989
v 0.067260 -0.111277 0.001880
v 0.071904 -0.096592 0.001866
v 0.061558 -0.093972 0.001883
v 0.329672 -0.119938 0.002018
v 0.315739 -0.126630 0.002138
v 0.319178 -0.137598 0.001877
v 0.346460 -0.105195 0.001887
v 0.338301 -0.102589 0.001970
v 0.360479 -0.130533 0.001867
v 0.362355 -0.107662 0.001882
v 0.306646 -0.141075 0.002060
v 0.302686 -0.142485 0.002707
v 0.298418 -0.154301 0.003360
v 0.320787 -0.153863 0.001856
v 0.286135 -0.160286 0.003588
v 0.287213 -0.165695 0.002028
v 0.287834 -0.174712 0.001850
v 0.305716 -0.171374 0.001845
v 0.323227 -0.170012 0.001847
v 0.251502 -0.124224 0.002123
v 0.251414 -0.119326 0.003345
v 0.237073 -0.105847 0.003251
v 0.235397 -0.132313 0.001875
v 0.251813 -0.136533 0.001878
v 0.219519 -0.109818 0.001875
v 0.218543 -0.130070 0.001873
v 0.336177 -0.024834 0.002042
v 0.346473 -0.025609 0.001894
v 0.344540 -0.004634 0.001902
v 0.327385 0.012220 0.001911
v 0.325158 -0.004056 0.005864
v 0.331820 -0.024577 0.002681
v 0.306180 0.012289 0.002174
v 0.305225 0.008757 0.003030
v 0.307436 0.022749 0.001925
v 0.304073 0.053288 0.001912
v 0.285060 0.059097 0.001898
v 0.285812 0.041933 0.001911
v 0.285474 0.029451 0.001935
v 0.315987 0.036812 0.002331
v 0.312878 0.050089 0.002056
v 0.327581 0.022679 0.002102
v 0.328076 0.024956 0.002303
v 0.226468 0.017087 0.001863
v 0.207080 0.015652 0.001884
v 0.209367 -0.003370 0.001886
v 0.247926 0.010913 0.002001
v 0.245049 0.022523 0.001869
v 0.236640 -0.006376 0.002578
v 0.249685 0.006041 0.002542
v 0.267037 -0.127750 0.002309
v 0.263501 -0.140086 0.001980
v 0.268959 -0.142617 0.003178
v 0.271851 -0.143253 0.008730
v 0.251275 -0.152836 0.001856
v 0.250874 -0.167670 0.001832
v 0.267999 -0.167849 0.001849
v 0.274215 -0.154526 0.005211
v 0.286571 -0.158065 0.006622
v 0.450895 -0.205898 -0.006056
v 0.452120 -0.209173 -0.009575
v 0.463054 -0.210202 -0.007966
v 0.456481 -0.204083 -0.000922
v 0.450087 -0.202849 -0.003318
v 0.462532 -0.208680 0.001053
v 0.457993 -0.205291 0.001257
v 0.298231 -0.131515 0.003400
v 0.294736 -0.127731 0.006495
v 0.293653 -0.134007 0.009450
v 0.299576 -0.143314 0.007299
v 0.296366 -0.143642 0.013114
v 0.463646 -0.206992 0.004622
v 0.463220 -0.203047 0.009049
v 0.458930 -0.201868 0.005857
v 0.457158 -0.201059 0.002579
v 0.316654 -0.106786 0.008769
v 0.320222 -0.098250 0.009157
v 0.315872 -0.097832 0.006524
v 0.309625 -0.098296 0.003752
v 0.309234 -0.106837 0.005430
v 0.309787 -0.110833 0.008106
v 0.284571 -0.134731 0.012447
v 0.289580 -0.134738 0.012186
v 0.291934 -0.126665 0.009171
v 0.276121 -0.127053 0.006855
v 0.278739 -0.134617 0.010781
v 0.300578 -0.120835 0.008361
v 0.299355 -0.118061 0.009486
v 0.287331 -0.155005 0.012678
v 0.296780 -0.153265 0.007394
v 0.299267 -0.113631 0.007573
v 0.284830 -0.115821 0.006810
v 0.268712 -0.111980 0.007166
v 0.268940 -0.116323 0.009323
v 0.266862 -0.120542 0.006884
v 0.276255 -0.141651 0.013280
v 0.019885 -0.134315 0.011124
v 0.029950 -0.135184 0.011108
v 0.028845 -0.130741 0.016196
v 0.015644 -0.123641 0.017389
v 0.009546 -0.125919 0.011929
v 0.024991 -0.121077 0.019331
v 0.037946 -0.127012 0.016109
v 0.039606 -0.131655 0.011009
v 0.046569 -0.123772 0.009645
v 0.047658 -0.114727 0.010300
v 0.043457 -0.115437 0.015466
v 0.034730 -0.118223 0.018881
v 0.044201 -0.072068 0.007402
v 0.040688 -0.071040 0.005086
v 0.023929 -0.081129 0.005655
v 0.035322 -0.086040 0.010161
v 0.048770 -0.073240 0.009735
v 0.029609 -0.092516 0.010999
v 0.006330 -0.080508 0.009417
v 0.003270 -0.083879 0.007605
v 0.020376 -0.097123 0.012301
v 0.029125 -0.096742 0.012751
v 0.000454 -0.087200 0.003296
v 0.011029 -0.093408 0.004587
v 0.013565 -0.098857 0.008172
v 0.042854 -0.099005 0.003722
v 0.038322 -0.096926 0.006810
v 0.039873 -0.100047 0.009491
v 0.046338 -0.106313 0.006359
v 0.044122 -0.106100 0.011043
v 0.249177 -0.013444 0.008532
v 0.246332 -0.024922 0.009335
v 0.250804 -0.025460 0.006253
v 0.329737 0.035837 0.015549
v 0.330704 0.044194 0.016107
v 0.323724 0.046138 0.015069
v 0.321058 0.037888 0.009707
v 0.328817 0.030595 0.010204
v 0.319945 0.047385 0.009596
v 0.301943 -0.011157 0.003660
v 0.301236 -0.024760 0.003497
v 0.312736 -0.025620 0.004635
v 0.317836 -0.025688 0.007606
v 0.315786 -0.012371 0.007116
v 0.302613 -0.005047 0.005927
v 0.337830 0.034460 0.015249
v 0.338051 0.030246 0.009801
v 0.344917 0.034839 0.008974
v 0.344974 0.044088 0.014784
v 0.337894 0.043510 0.016115
v 0.348079 0.044267 0.008499
v 0.323136 0.054995 0.009145
v 0.325978 0.053852 0.014263
v 0.328016 0.060035 0.011868
v 0.324162 0.062706 0.005056
v 0.320603 0.057005 0.003168
v 0.326556 0.065466 0.008274
v 0.332403 0.061463 0.012990
v 0.317387 0.073247 0.009993
v 0.317611 0.071072 0.006612
v 0.332587 0.075561 0.009954
v 0.318888 0.078311 0.009947
v 0.348672 0.077681 0.010330
v 0.347102 0.081404 0.009100
v 0.337717 0.060089 0.013018
v 0.340681 0.067045 0.010007
v 0.349950 0.074416 0.009242
v 0.363825 0.077948 0.005962
v 0.364270 0.071888 0.001931
v 0.378147 0.081822 0.002969
v 0.380461 0.100864 0.003803
v 0.375912 0.098833 0.008991
v 0.364862 0.082553 0.009858
v 0.463268 0.173238 0.011789
v 0.468912 0.174135 0.012926
v 0.465612 0.184087 0.012889
v 0.452180 0.187625 0.012999
v 0.451481 0.182357 0.010946
v 0.459613 0.172475 0.009625
v 0.485474 0.200133 0.011401
v 0.484890 0.194350 0.012925
v 0.491059 0.195207 0.011775
v 0.492821 0.201763 0.007688
v 0.486010 0.203182 0.008083
v 0.494603 0.195807 0.008506
v 0.377933 0.121234 0.005487
v 0.390125 0.102347 0.001976
v 0.388691 0.141407 0.001921
v 0.370326 0.145369 0.001892
v 0.366985 0.136376 0.002253
v 0.365555 0.132561 0.003758
v 0.448067 0.177432 0.005567
v 0.433020 0.176770 0.004044
v 0.432220 0.171594 0.002209
v 0.444466 0.167855 0.002034
v 0.451456 0.169292 0.002440
v 0.345758 0.052696 0.007483
v 0.348402 0.053985 0.002433
v 0.345120 0.060521 0.003106
v 0.341528 0.059342 0.010414
v 0.343265 0.052763 0.013382
v 0.342092 0.065109 0.006688
v 0.263293 0.075815 0.001867
v 0.264232 0.059627 0.001859
v 0.301695 0.065514 0.001976
v 0.302515 0.071988 0.002635
v 0.285801 0.080582 0.002994
v 0.273813 0.095322 0.002212
v 0.261019 0.093957 0.001870
v 0.277016 0.096075 0.002986
v 0.069868 0.038919 0.002027
v 0.080818 0.041399 0.001889
v 0.076136 0.061152 0.001882
v 0.041635 0.068401 0.001967
v 0.040781 0.064239 0.002457
v 0.056469 0.053265 0.003854
v 0.062478 0.079146 0.001887
v 0.043188 0.080896 0.001891
v 0.076666 0.080459 0.001881
v 0.076485 0.132955 0.001926
v 0.081836 0.130971 0.002188
v 0.089930 0.140706 0.002385
v 0.104088 0.144813 0.002258
v 0.103144 0.152287 0.001907
v 0.102553 0.160746 0.001900
v 0.083126 0.158842 0.001888
v 0.063578 0.160272 0.001868
v 0.063278 0.150595 0.001861
v 0.062171 0.135988 0.001873
v 0.104273 0.141404 0.005381
v 0.117663 0.138543 0.004461
v 0.127945 0.126343 0.002478
v 0.131145 0.126642 0.002012
v 0.143269 0.128284 0.001870
v 0.140704 0.145092 0.001876
v 0.139989 0.155476 0.001883
v 0.120805 0.153741 0.001895
v 0.283515 0.124373 0.005241
v 0.297231 0.133448 0.003374
v 0.295918 0.138058 0.002167
v 0.293591 0.146905 0.001925
v 0.276841 0.143987 0.001918
v 0.260440 0.128702 0.001895
v 0.260407 0.112075 0.001876
v 0.273507 0.112195 0.002217
v 0.277672 0.111527 0.003466
v 0.114030 0.120163 0.005762
v 0.108544 0.127519 0.003169
v 0.104075 0.121015 0.002397
v 0.101850 0.115473 0.007397
v 0.101506 0.130364 0.005466
v 0.111759 0.130250 0.008193
v 0.104898 0.135739 0.009826
v 0.097519 0.132596 0.009554
v 0.114479 0.133550 0.009686
v 0.092180 0.118248 0.009452
v 0.088288 0.116736 0.008949
v 0.095160 0.104626 0.006441
v 0.100994 0.086490 0.009092
v 0.105692 0.087659 0.009886
v 0.097985 0.085689 0.006014
v 0.109707 0.089843 0.008288
v 0.114935 0.108542 0.008049
v 0.096250 0.124912 0.005121
v 0.092296 0.126891 0.009521
v 0.098980 0.052772 0.014370
v 0.094387 0.048949 0.009160
v 0.101117 0.042805 0.009519
v 0.106881 0.046495 0.014162
v 0.105593 0.054543 0.014645
v 0.108744 0.042807 0.009888
v 0.114620 0.046982 0.009039
v 0.045854 0.035628 0.003886
v 0.050511 0.035617 0.007505
v 0.048356 0.045054 0.007241
v 0.036540 0.046483 0.004356
v 0.036294 0.036926 0.004112
v 0.037550 0.052179 0.006604
v -0.115492 0.059798 0.009644
v -0.110846 0.048876 0.010402
v -0.107983 0.053320 0.014818
v -0.104483 0.085750 0.008881
v -0.110272 0.070919 0.010332
v -0.102853 0.060902 0.015080
v -0.099981 0.049384 0.014388
v -0.093807 0.059108 0.015056
v -0.096917 0.067125 0.014832
v -0.092108 0.049984 0.014382
v -0.092034 0.070737 0.013610
v -0.093605 0.076664 0.011656
v -0.107026 0.066706 0.014526
v -0.108573 0.103141 0.005235
v -0.098490 0.086810 0.010709
v -0.101932 0.116194 0.008033
v -0.111382 0.121282 0.009598
v -0.115363 0.120623 0.009452
v -0.098454 0.121093 0.004391
v -0.105202 0.127143 0.005242
v -0.109948 0.130524 0.008870
v -0.090303 0.098944 0.005718
v -0.091981 0.100888 0.008592
v -0.094128 0.085871 0.010489
v -0.083222 0.065137 0.011313
v -0.080817 0.066515 0.006230
v -0.076558 0.067652 0.002294
v -0.080595 0.084796 0.001925
v -0.092705 0.116366 0.007153
v -0.089013 0.111603 0.009803
v -0.088301 0.062679 0.014678
v -0.086680 0.108591 0.008252
v -0.079813 0.127762 0.009646
v -0.084024 0.136710 0.009829
v -0.087937 0.132844 0.005678
v -0.093142 0.126976 0.003723
v -0.087079 0.121645 0.006059
v -0.082888 0.117826 0.009701
v -0.094603 0.140360 0.009627
v -0.103860 0.136886 0.008595
v -0.099913 0.132677 0.004318
v -0.076314 0.144125 0.002139
v -0.069372 0.126143 0.002202
v -0.065177 0.126030 0.001987
v -0.093067 0.152010 0.002056
v -0.093301 0.149877 0.002213
v -0.053191 0.125783 0.001908
v -0.054736 0.145874 0.001897
v -0.055318 0.156156 0.001900
v -0.072786 0.157465 0.001909
v -0.093016 0.158491 0.001928
v -0.118141 0.134910 0.003557
v -0.109086 0.145458 0.002602
v -0.110075 0.148351 0.002094
v -0.112051 0.156143 0.001902
v -0.129073 0.152517 0.001866
v -0.129099 0.120551 0.001946
v -0.123064 0.121154 0.002489
v -0.072850 0.126844 0.005065
v -0.077772 0.113336 0.004713
v -0.085464 0.107442 0.004647
v -0.083001 0.101096 0.001939
v -0.065291 0.107241 0.001902
v 0.019699 0.072603 0.001818
v 0.021139 0.082874 0.001862
v 0.000159 0.083460 0.001859
v -0.115273 0.079872 0.002198
v -0.119959 0.061833 0.002260
v -0.116450 0.061017 0.005351
v -0.113270 0.101753 0.002540
v -0.184779 0.066889 0.001878
v -0.204481 0.069978 0.001916
v -0.205640 0.059893 0.002233
v -0.168893 0.049729 0.001886
v -0.167743 0.065296 0.001874
v -0.205904 0.056724 0.003133
v -0.189627 0.048089 0.001708
v -0.370005 0.132251 0.001911
v -0.372387 0.113164 0.001927
v -0.362254 0.113065 0.002293
v -0.287038 0.137947 0.001893
v -0.288073 0.151090 0.001891
v -0.306708 0.150464 0.001885
v -0.311111 0.131318 0.001943
v -0.302965 0.115810 0.001998
v -0.297275 0.116757 0.001900
v -0.284375 0.118433 0.001893
v -0.329043 0.152593 0.001887
v -0.328781 0.143152 0.001912
v -0.325377 0.137369 0.002015
v -0.449965 0.165805 0.002186
v -0.451088 0.170154 0.003046
v -0.457183 0.167747 0.004253
v -0.455341 0.177940 0.009466
v -0.457411 0.183375 0.012513
v -0.467805 0.182861 0.013102
v -0.317197 0.122896 0.009759
v -0.329899 0.128442 0.009783
v -0.329908 0.122435 0.007558
v -0.330605 0.113563 0.003437
v -0.318994 0.113120 0.007174
v -0.312572 0.113246 0.009546
v -0.338086 0.082874 0.008863
v -0.337570 0.059599 0.008858
v -0.333670 0.060562 0.009490
v -0.330543 0.061531 0.008472
v -0.328095 0.083804 0.007677
v -0.238349 -0.069010 0.006637
v -0.238367 -0.059464 0.004239
v -0.243804 -0.059449 0.007226
v -0.247760 -0.059807 0.009497
v -0.244974 -0.069995 0.009060
v -0.238967 -0.073139 0.008981
v -0.336161 0.020442 0.007514
v -0.327466 0.021395 0.005862
v -0.328452 0.023073 0.010394
v -0.330417 0.028692 0.013945
v -0.337935 0.027378 0.013757
v -0.342495 0.025361 0.010163
v -0.322085 0.028967 0.009422
v -0.083891 0.052021 0.010495
v -0.091131 0.045711 0.010401
v -0.001391 -0.068073 0.006309
v 0.007181 -0.073828 0.004696
v 0.009411 -0.068182 0.004215
v 0.011299 -0.059627 0.004167
v 0.001054 -0.058454 0.004734
v -0.005441 -0.059616 0.007113
v -0.199273 0.031363 0.006665
v -0.194192 0.031408 0.009695
v -0.197488 0.041320 0.009367
v -0.198119 -0.072481 0.009336
v -0.194757 -0.061971 0.009579
v -0.198680 -0.061354 0.006964
v -0.204722 -0.071246 0.006304
v -0.204234 -0.075066 0.008825
v -0.204635 -0.061206 0.004152
v -0.228061 -0.089922 0.011845
v -0.214713 -0.091137 0.012837
v -0.213601 -0.080354 0.010234
v -0.229285 -0.079734 0.010499
v -0.204364 -0.091101 0.004143
v -0.198646 -0.084468 0.003211
v -0.201622 -0.081234 0.007865
v -0.205185 -0.094896 0.010611
v -0.203165 -0.078306 0.009375
v 0.012832 -0.103921 0.013300
v 0.008197 -0.103265 0.004933
v 0.006285 -0.113643 0.011406
v 0.012558 -0.112707 0.016908
v 0.004212 -0.113307 0.005314
v -0.217565 -0.127928 0.011967
v -0.208310 -0.122228 0.014883
v -0.215558 -0.119142 0.017802
v -0.230389 -0.122464 0.016164
v -0.233297 -0.126170 0.011951
v -0.226091 -0.115670 0.018752
v -0.204198 -0.112955 0.016155
v -0.197734 -0.113373 0.010471
v -0.198689 -0.102371 0.009910
v -0.208772 -0.101178 0.016725
v -0.212396 -0.109880 0.018636
v -0.221763 -0.106336 0.019287
v -0.231542 -0.103751 0.018112
v -0.238714 -0.102720 0.014908
v -0.238928 -0.114388 0.015782
v -0.242387 -0.102400 0.010693
v -0.234815 -0.094890 0.012042
v -0.238137 -0.093904 0.005750
v -0.244033 -0.102142 0.006471
v -0.233334 -0.090697 0.008276
v -0.239998 -0.076698 0.009618
v -0.241192 -0.080077 0.008652
v -0.243035 -0.082503 0.006166
v -0.235743 -0.085978 0.005678
v -0.490212 -0.199412 0.012212
v -0.494709 -0.199782 0.008576
v -0.493466 -0.207840 0.004587
v -0.487157 -0.208566 0.004727
v -0.485401 -0.204986 0.009253
v -0.018964 -0.106769 0.001854
v -0.006127 -0.110013 0.001845
v -0.004017 -0.094299 0.001961
v -0.012451 -0.081053 0.005416
v -0.025706 -0.065296 0.001902
v -0.038359 -0.065508 0.001859
v -0.036696 -0.084835 0.001855
v -0.037910 -0.105121 0.001854
v -0.020570 -0.065030 0.001954
v 0.022389 -0.074395 0.004300
v 0.034301 -0.067013 0.004232
v 0.024099 -0.063001 0.004146
v -0.256300 -0.099208 0.001895
v -0.250157 -0.100181 0.002051
v -0.246569 -0.087070 0.002647
v -0.252289 -0.077040 0.005666
v -0.257223 -0.060844 0.002131
v -0.261339 -0.060755 0.001902
v -0.267961 -0.081439 0.001874
v -0.265865 -0.099155 0.001865
v -0.270745 -0.060762 0.001852
v -0.180266 -0.063861 0.002169
v -0.184519 -0.063646 0.003318
v -0.189858 -0.077949 0.004583
v -0.192850 -0.093734 0.001947
v -0.174220 -0.084368 0.001885
v -0.172644 -0.063980 0.001920
v 0.005273 0.038758 0.004173
v 0.021106 0.038132 0.004076
v 0.020901 0.048632 0.004242
v -0.100807 0.036697 0.002085
v -0.100813 0.039179 0.002671
v -0.114487 0.045056 0.002513
v -0.134751 0.045442 0.001877
v -0.135877 0.031047 0.001875
v -0.118860 0.029986 0.001871
v -0.100269 0.029764 0.001881
v -0.346678 0.019855 0.002520
v -0.353037 0.035693 0.002476
v -0.357460 0.035263 0.002025
v -0.334308 0.008654 0.001965
v -0.335421 0.013592 0.002244
v -0.370403 0.034477 0.001906
v -0.368698 0.013320 0.001904
v -0.367425 -0.006351 0.001904
v -0.349060 -0.005644 0.001898
v -0.331954 -0.005544 0.001896
v -0.308429 0.045777 0.001873
v -0.315012 0.044233 0.002028
v -0.316823 0.028385 0.002395
v -0.325145 0.019132 0.002660
v -0.322726 0.016219 0.002027
v -0.243117 0.034209 0.006821
v -0.244442 0.018075 0.007344
v -0.239338 0.017723 0.003407
v -0.231605 0.017475 0.003518
v -0.233266 0.033142 0.003765
v -0.199021 -0.127027 0.002277
v -0.218331 -0.135145 0.002090
v -0.218399 -0.137510 0.001941
v -0.217955 -0.149375 0.001836
v -0.197396 -0.146281 0.001808
v -0.186594 -0.107979 0.001971
v -0.190746 -0.110097 0.002454
v -0.179129 -0.145204 0.001818
v -0.177979 -0.127756 0.001829
v -0.239230 -0.149968 0.001847
v -0.238000 -0.129728 0.002367
v -0.248967 -0.116782 0.002086
v -0.252118 -0.117042 0.001941
v -0.259035 -0.135556 0.001852
v -0.257453 -0.152550 0.001840
v -0.263281 -0.118220 0.001868
v -0.020524 -0.127597 0.001844
v 0.003575 -0.127726 0.002030
v 0.000170 -0.112224 0.001849
v -0.022069 -0.144806 0.001841
v -0.004774 -0.147133 0.001835
v 0.015172 -0.141504 0.001949
v 0.016575 -0.138631 0.002295
v 0.013980 -0.151382 0.001835
v -0.495431 -0.198773 -0.018212
v -0.490864 -0.198045 -0.019463
v -0.490938 -0.204564 -0.019088
v -0.495611 -0.206047 -0.015319
v -0.498277 -0.199449 -0.015535
v -0.491154 -0.208316 -0.016902
v -0.099703 0.015332 0.001850
v -0.080775 0.014192 0.001854
v -0.086440 0.038520 0.001998
v -0.068783 0.050962 0.001882
v -0.074859 0.051977 0.002040
v -0.490808 0.204090 -0.018072
v -0.490388 0.199425 -0.019387
v -0.495727 0.199556 -0.017633
v -0.498443 0.199845 -0.014193
v -0.496128 0.204134 -0.013907
v -0.490881 0.206658 -0.014518
v -0.490679 0.206935 -0.010548
v -0.483473 0.207088 -0.011338
v -0.483802 0.206822 -0.015588
v -0.483918 0.203950 -0.018815
v -0.496404 0.204746 -0.010123
v -0.499373 0.200030 -0.010214
v -0.499411 0.200041 -0.006144
v -0.496339 0.204909 -0.006076
v -0.490375 0.206782 -0.006474
v -0.489868 0.206198 -0.002340
v -0.482673 0.206549 -0.002926
v -0.483094 0.206916 -0.007101
v -0.495703 0.204541 -0.001849
v -0.494524 0.202998 0.001900
v -0.489106 0.204533 0.001453
v -0.498867 0.199742 -0.001921
v -0.497256 0.198867 0.001885
v -0.499514 0.193478 -0.002234
v -0.497829 0.192918 0.001576
v -0.496027 0.192127 0.005372
v -0.495734 0.197511 0.005352
v -0.493479 0.201199 0.005316
v -0.488274 0.202585 0.004839
v -0.494359 0.196292 0.008708
v -0.492325 0.199433 0.008362
v -0.487455 0.200810 0.008246
v -0.486754 0.198408 0.011073
v -0.480282 0.198300 0.011298
v -0.480866 0.201000 0.008185
v -0.481532 0.202765 0.004487
v -0.490797 0.198003 0.010561
v -0.491416 0.195492 0.011515
v -0.486134 0.195058 0.012831
v -0.485440 0.190515 0.013121
v -0.478898 0.189889 0.013142
v -0.479676 0.194458 0.012896
v -0.490712 0.190879 0.012329
v -0.494434 0.191364 0.009323
v -0.493521 0.184974 0.010096
v -0.489384 0.184746 0.012631
v -0.484151 0.184678 0.013135
v -0.487731 0.175955 0.012819
v -0.481840 0.175642 0.013142
v -0.474397 0.174864 0.013161
v -0.477497 0.184214 0.013174
v -0.470293 0.188918 0.013138
v -0.459025 0.188503 0.013108
v -0.460140 0.193210 0.013012
v -0.471387 0.193655 0.012978
v -0.460745 0.197360 0.011600
v -0.472083 0.197983 0.011571
v -0.461099 0.200610 0.008740
v -0.472673 0.200853 0.008412
v -0.461495 0.202579 0.004785
v -0.473168 0.202686 0.004516
v -0.461901 0.205012 0.000983
v -0.473651 0.205208 0.000962
v -0.482139 0.205024 0.001007
v -0.474057 0.206698 -0.003181
v -0.462273 0.206663 -0.003280
v -0.462613 0.206999 -0.007910
v -0.474479 0.206955 -0.007584
v -0.462994 0.207379 -0.012572
v -0.474925 0.207148 -0.012022
v -0.463349 0.206820 -0.017043
v -0.475282 0.206592 -0.016349
v -0.463638 0.202876 -0.019275
v -0.475454 0.203223 -0.018964
v -0.463905 0.197954 -0.019552
v -0.475558 0.198485 -0.019499
v -0.483882 0.199107 -0.019519
v -0.475641 0.193352 -0.019583
v -0.483804 0.193774 -0.019584
v -0.490019 0.193839 -0.019506
v -0.483565 0.187079 -0.019588
v -0.489589 0.187016 -0.019510
v -0.494834 0.186885 -0.018805
v -0.495269 0.193881 -0.018419
v -0.498563 0.186669 -0.015606
v -0.498781 0.193982 -0.014963
v -0.499865 0.186392 -0.011215
v -0.499845 0.193927 -0.010696
v -0.499906 0.186065 -0.006617
v -0.499877 0.193814 -0.006435
v -0.499634 0.185751 -0.002161
v -0.499881 0.176551 -0.006528
v -0.499425 0.176455 -0.001754
v -0.497267 0.176366 0.002552
v -0.497683 0.185559 0.001882
v -0.495479 0.176272 0.007049
v -0.495886 0.185372 0.005984
v -0.492550 0.176161 0.010966
v -0.494950 0.162545 0.008260
v -0.491269 0.162518 0.011911
v -0.485950 0.162454 0.012970
v -0.489990 0.145138 0.012321
v -0.484416 0.145107 0.013057
v -0.478836 0.145114 0.013131
v -0.480218 0.162262 0.013128
v -0.473313 0.145161 0.013123
v -0.474031 0.161805 0.013132
v -0.467695 0.145276 0.013012
v -0.466882 0.161042 0.012953
v -0.462778 0.145449 0.011876
v -0.462354 0.160800 0.011481
v -0.458513 0.170959 0.008255
v -0.459511 0.160499 0.008723
v -0.457387 0.169310 0.006251
v -0.452124 0.173120 0.004556
v -0.453801 0.175418 0.006992
v -0.442612 0.170298 0.002549
v -0.442911 0.174374 0.004445
v -0.443469 0.176969 0.007520
v -0.427740 0.174450 0.003278
v -0.427737 0.176849 0.007186
v -0.427759 0.179814 0.010379
v -0.444039 0.179942 0.010441
v -0.427795 0.183604 0.012671
v -0.444387 0.184087 0.012731
v -0.427792 0.188186 0.013148
v -0.444736 0.188687 0.013164
v -0.427761 0.192567 0.013157
v -0.445038 0.193126 0.013052
v -0.427736 0.196855 0.012351
v -0.445188 0.197152 0.012054
v -0.427723 0.200240 0.009574
v -0.445322 0.200386 0.009141
v -0.427724 0.202343 0.005503
v -0.445486 0.202484 0.005149
v -0.427719 0.204912 0.001434
v -0.445697 0.204937 0.001200
v -0.427728 0.206857 -0.003061
v -0.445931 0.206666 -0.003216
v -0.427764 0.207183 -0.007954
v -0.446180 0.207085 -0.008034
v -0.427840 0.207716 -0.012793
v -0.446447 0.207513 -0.012831
v -0.427911 0.206989 -0.017368
v -0.446722 0.206750 -0.017349
v -0.428041 0.202731 -0.019421
v -0.446974 0.202737 -0.019462
v -0.428212 0.197709 -0.019540
v -0.447218 0.197746 -0.019562
v -0.428397 0.192603 -0.019570
v -0.447483 0.192604 -0.019585
v -0.464115 0.192818 -0.019588
v -0.447806 0.187030 -0.019586
v -0.464316 0.187053 -0.019594
v -0.475793 0.187115 -0.019596
v -0.464550 0.177716 -0.019582
v -0.475994 0.177554 -0.019589
v -0.483234 0.177428 -0.019584
v -0.476102 0.164151 -0.019582
v -0.482964 0.163727 -0.019582
v -0.488796 0.163408 -0.019550
v -0.489055 0.177299 -0.019513
v -0.494234 0.163122 -0.018991
v -0.494364 0.177115 -0.018879
v -0.498287 0.162897 -0.015876
v -0.498345 0.176893 -0.015864
v -0.499913 0.162746 -0.011257
v -0.499898 0.176696 -0.011392
v -0.499921 0.162662 -0.006229
v -0.499872 0.145402 -0.010908
v -0.499853 0.145315 -0.005768
v -0.498912 0.145247 -0.000618
v -0.499322 0.162607 -0.001185
v -0.496453 0.145195 0.004193
v -0.496815 0.162583 0.003405
v -0.494292 0.145174 0.009124
v -0.496245 0.126641 0.004872
v -0.494001 0.126689 0.009959
v -0.489342 0.126717 0.012900
v -0.493661 0.107582 0.010414
v -0.488981 0.107665 0.012905
v -0.483207 0.107799 0.013117
v -0.483545 0.126727 0.013095
v -0.477550 0.107948 0.013140
v -0.477859 0.126785 0.013138
v -0.472259 0.108050 0.013109
v -0.472450 0.126846 0.013115
v -0.467034 0.108140 0.012991
v -0.467286 0.126940 0.012985
v -0.462214 0.108232 0.011683
v -0.462477 0.127082 0.011888
v -0.458813 0.108240 0.008170
v -0.459027 0.127235 0.008363
v -0.459200 0.145579 0.008803
v -0.457029 0.127334 0.003905
v -0.457063 0.145721 0.004500
v -0.457402 0.159984 0.005141
v -0.453358 0.145879 0.002109
v -0.454609 0.159511 0.002013
v -0.447490 0.146043 0.001960
v -0.448869 0.159493 0.001960
v -0.439974 0.146269 0.001932
v -0.441429 0.159277 0.001936
v -0.442082 0.165504 0.002023
v -0.427299 0.158151 0.001916
v -0.427631 0.164547 0.001942
v -0.427769 0.169726 0.002072
v -0.408525 0.163510 0.001943
v -0.408686 0.168917 0.002075
v -0.408737 0.173468 0.003412
v -0.389002 0.168674 0.002048
v -0.389020 0.173340 0.002956
v -0.388926 0.176140 0.005910
v -0.408675 0.176416 0.006388
v -0.388931 0.178973 0.009519
v -0.408617 0.179438 0.009860
v -0.388910 0.182517 0.012279
v -0.408566 0.183008 0.012450
v -0.388859 0.186903 0.013178
v -0.408563 0.187469 0.013185
v -0.388809 0.191430 0.013226
v -0.408568 0.191991 0.013225
v -0.388789 0.195936 0.012870
v -0.408573 0.196407 0.012773
v -0.388799 0.199716 0.010152
v -0.408557 0.199925 0.009816
v -0.388817 0.202349 0.005991
v -0.408545 0.202349 0.005733
v -0.388859 0.204696 0.001487
v -0.408534 0.204954 0.001530
v -0.388873 0.206887 -0.003017
v -0.408518 0.206926 -0.003017
v -0.388902 0.207246 -0.007947
v -0.408508 0.207252 -0.007902
v -0.388943 0.207836 -0.012803
v -0.408514 0.207736 -0.012732
v -0.389002 0.206715 -0.017245
v -0.408547 0.206730 -0.017186
v -0.389064 0.202652 -0.019257
v -0.408619 0.202669 -0.019303
v -0.389139 0.197835 -0.019511
v -0.408729 0.197749 -0.019527
v -0.389238 0.192833 -0.019553
v -0.408868 0.192693 -0.019560
v -0.389388 0.187625 -0.019561
v -0.409049 0.187391 -0.019566
v -0.428630 0.187152 -0.019574
v -0.409319 0.178307 -0.019561
v -0.428974 0.178137 -0.019567
v -0.448268 0.177906 -0.019576
v -0.429417 0.165794 -0.019562
v -0.448852 0.165315 -0.019568
v -0.464771 0.164731 -0.019572
v -0.449579 0.147326 -0.019569
v -0.464994 0.146752 -0.019575
v -0.475986 0.146293 -0.019585
v -0.465212 0.127484 -0.019579
v -0.476116 0.127212 -0.019591
v -0.483011 0.127034 -0.019589
v -0.482857 0.146000 -0.019577
v -0.489129 0.126903 -0.019512
v -0.488867 0.145789 -0.019518
v -0.494751 0.126797 -0.018705
v -0.494394 0.145628 -0.018786
v -0.498627 0.126720 -0.015379
v -0.498360 0.145502 -0.015621
v -0.499907 0.126668 -0.010463
v -0.498881 0.107658 -0.015062
v -0.499943 0.107611 -0.010000
v -0.499840 0.107589 -0.004594
v -0.499767 0.126639 -0.005201
v -0.498452 0.107577 0.000596
v -0.498634 0.126626 -0.000035
v -0.495996 0.107564 0.005493
v -0.498034 0.088840 0.001311
v -0.495823 0.088821 0.006191
v -0.493037 0.088794 0.010641
v -0.495547 0.070044 0.006914
v -0.492453 0.070089 0.010912
v -0.487720 0.070148 0.012756
v -0.488318 0.088841 0.012814
v -0.482457 0.070223 0.013084
v -0.482871 0.088967 0.013108
v -0.477138 0.070306 0.013141
v -0.477428 0.089087 0.013146
v -0.471848 0.070382 0.013128
v -0.472134 0.089225 0.013123
v -0.466713 0.070440 0.012995
v -0.466875 0.089354 0.012988
v -0.462008 0.070509 0.011390
v -0.462011 0.089394 0.011684
v -0.458475 0.070598 0.007743
v -0.458593 0.089509 0.007969
v -0.455425 0.070675 0.003535
v -0.455508 0.089735 0.003799
v -0.455985 0.108145 0.004030
v -0.450394 0.089867 0.002174
v -0.451044 0.108441 0.002205
v -0.452511 0.127562 0.002142
v -0.445126 0.108981 0.001981
v -0.446415 0.127968 0.001985
v -0.437759 0.109577 0.001937
v -0.438930 0.128598 0.001940
v -0.426254 0.110362 0.001922
v -0.426818 0.129594 0.001926
v -0.427180 0.146800 0.001922
v -0.407955 0.130838 0.001922
v -0.408041 0.147212 0.001927
v -0.408197 0.157430 0.001925
v -0.387719 0.147346 0.001924
v -0.388122 0.158011 0.001929
v -0.368530 0.145993 0.001902
v -0.368727 0.156198 0.001911
v -0.388572 0.162214 0.001942
v -0.369133 0.162909 0.001925
v -0.369401 0.168509 0.001969
v -0.349623 0.161858 0.001920
v -0.349321 0.167715 0.001980
v -0.349176 0.172773 0.002229
v -0.369476 0.173284 0.002286
v -0.349138 0.175844 0.004330
v -0.369431 0.176361 0.005079
v -0.349182 0.177342 0.008331
v -0.369341 0.178351 0.008841
v -0.349218 0.181061 0.011361
v -0.369140 0.181889 0.011815
v -0.349220 0.185521 0.013054
v -0.369027 0.186282 0.013087
v -0.349198 0.190455 0.013208
v -0.368986 0.190937 0.013211
v -0.349219 0.195222 0.012863
v -0.368999 0.195629 0.012939
v -0.349253 0.199291 0.010565
v -0.369051 0.199549 0.010392
v -0.349308 0.202081 0.006627
v -0.369119 0.202235 0.006281
v -0.349383 0.204427 0.002186
v -0.369212 0.204656 0.001840
v -0.349469 0.206579 -0.002431
v -0.369317 0.206914 -0.002741
v -0.349562 0.207262 -0.007491
v -0.369422 0.207223 -0.007758
v -0.349659 0.207945 -0.012444
v -0.369516 0.207883 -0.012644
v -0.349754 0.206988 -0.016831
v -0.369613 0.207031 -0.017086
v -0.349835 0.203046 -0.019092
v -0.369700 0.202865 -0.019141
v -0.349916 0.198190 -0.019485
v -0.369788 0.197988 -0.019499
v -0.350002 0.193155 -0.019538
v -0.369860 0.192970 -0.019546
v -0.350106 0.187625 -0.019554
v -0.369940 0.187506 -0.019557
v -0.350247 0.179051 -0.019554
v -0.370054 0.178794 -0.019553
v -0.389623 0.178528 -0.019557
v -0.370247 0.166837 -0.019542
v -0.389937 0.166515 -0.019550
v -0.409663 0.166148 -0.019557
v -0.390332 0.148719 -0.019548
v -0.410162 0.148334 -0.019559
v -0.430036 0.147862 -0.019565
v -0.410668 0.128669 -0.019559
v -0.430656 0.128276 -0.019564
v -0.450204 0.127846 -0.019572
v -0.431182 0.108739 -0.019560
v -0.450744 0.108446 -0.019572
v -0.465621 0.108204 -0.019584
v -0.451137 0.089129 -0.019572
v -0.465989 0.089045 -0.019586
v -0.476911 0.089000 -0.019596
v -0.476506 0.108020 -0.019596
v -0.483732 0.088984 -0.019583
v -0.483362 0.107885 -0.019590
v -0.489922 0.088975 -0.019492
v -0.489487 0.107784 -0.019529
v -0.495469 0.088963 -0.018348
v -0.495116 0.107705 -0.018667
v -0.499324 0.088949 -0.014634
v -0.496002 0.069881 -0.018030
v -0.499488 0.069905 -0.013782
v -0.499926 0.069943 -0.008437
v -0.499923 0.088926 -0.009301
v -0.499711 0.069984 -0.002918
v -0.499733 0.088882 -0.003839
v -0.497626 0.070007 0.002077
v -0.499508 0.050660 -0.002281
v -0.497248 0.050709 0.002572
v -0.495255 0.050764 0.007448
v -0.497249 0.031332 0.002605
v -0.495192 0.031406 0.007579
v -0.491793 0.031467 0.011476
v -0.492114 0.050824 0.011487
v -0.486803 0.031507 0.012901
v -0.487280 0.050887 0.012978
v -0.481488 0.031526 0.013116
v -0.482052 0.050956 0.013112
v -0.476188 0.031571 0.013139
v -0.476805 0.051025 0.013141
v -0.471064 0.031712 0.013098
v -0.471644 0.051107 0.013116
v -0.466037 0.031856 0.012875
v -0.466462 0.051223 0.012935
v -0.461529 0.031938 0.010874
v -0.461813 0.051334 0.011299
v -0.458297 0.032137 0.007129
v -0.458440 0.051446 0.007601
v -0.455672 0.032402 0.002753
v -0.455419 0.051572 0.003554
v -0.450696 0.032273 0.002144
v -0.450317 0.051682 0.002101
v -0.450433 0.070801 0.002061
v -0.444366 0.051752 0.001945
v -0.444484 0.070947 0.001955
v -0.444445 0.089999 0.001979
v -0.437081 0.071141 0.001922
v -0.437181 0.090278 0.001930
v -0.425631 0.071500 0.001915
v -0.425789 0.090772 0.001918
v -0.407370 0.072226 0.001905
v -0.407559 0.091447 0.001906
v -0.407815 0.111428 0.001911
v -0.387847 0.092049 0.001895
v -0.388139 0.112509 0.001908
v -0.387771 0.131952 0.001918
v -0.371590 0.093066 0.001905
v -0.387329 0.073302 0.001887
v -0.369113 0.074728 0.001901
v -0.357305 0.076438 0.001933
v -0.360979 0.094923 0.002055
v -0.349629 0.078055 0.002042
v -0.355071 0.096886 0.003062
v -0.356287 0.112821 0.005994
v -0.343728 0.079119 0.003069
v -0.351514 0.098448 0.005975
v -0.354980 0.108614 0.007772
v -0.348488 0.098287 0.009368
v -0.351168 0.108861 0.009740
v -0.342161 0.104299 0.006432
v -0.348344 0.113969 0.009210
v -0.345945 0.122498 0.009844
v -0.341484 0.118751 0.006896
v -0.330690 0.131440 0.006535
v -0.347269 0.128290 0.005482
v -0.315404 0.125495 0.006503
v -0.314305 0.127674 0.002027
v -0.333430 0.135357 0.002157
v -0.309104 0.113942 0.006345
v -0.306488 0.114813 0.002554
v -0.307965 0.099163 0.002325
v -0.303880 0.098769 0.001957
v -0.311631 0.099582 0.005477
v -0.320158 0.082848 0.002606
v -0.315159 0.081700 0.002030
v -0.315004 0.099661 0.009383
v -0.324864 0.083666 0.004852
v -0.326754 0.061402 0.004997
v -0.323774 0.061473 0.002880
v -0.322079 0.101309 0.007546
v -0.331473 0.102856 0.003804
v -0.320198 0.042595 0.003400
v -0.317096 0.061922 0.001946
v -0.323814 0.041593 0.007804
v -0.320105 0.029167 0.004713
v -0.326911 0.040660 0.012231
v -0.332745 0.040331 0.013742
v -0.339306 0.039273 0.013424
v -0.340656 0.057920 0.006136
v -0.344913 0.038072 0.010296
v -0.344506 0.055912 0.003025
v -0.348535 0.036545 0.005170
v -0.344562 0.023008 0.004720
v -0.335627 0.017685 0.003609
v -0.350378 0.055722 0.002136
v -0.357709 0.055841 0.001958
v -0.369398 0.055579 0.001906
v -0.387399 0.054240 0.001892
v -0.387677 0.033426 0.001903
v -0.407427 0.052790 0.001908
v -0.407531 0.032487 0.001918
v -0.407338 0.012246 0.001922
v -0.387392 0.012675 0.001912
v -0.406715 -0.007546 0.001921
v -0.386722 -0.007104 0.001914
v -0.405777 -0.027184 0.001918
v -0.385778 -0.026728 0.001913
v -0.366251 -0.025889 0.001904
v -0.384697 -0.046349 0.001911
v -0.364814 -0.045624 0.001902
v -0.345339 -0.044648 0.001888
v -0.347382 -0.024941 0.001894
v -0.325729 -0.043478 0.001876
v -0.328545 -0.023902 0.001888
v -0.306060 -0.042129 0.001850
v -0.309203 -0.022407 0.001861
v -0.313421 -0.004268 0.001870
v -0.318832 0.009197 0.001888
v -0.290527 -0.020976 0.001847
v -0.295618 -0.001831 0.001854
v -0.302653 0.013655 0.001859
v -0.279573 -0.000687 0.001859
v -0.285103 0.017075 0.001855
v -0.290443 0.031645 0.001854
v -0.271278 0.017800 0.001877
v -0.273725 0.035616 0.001877
v -0.277187 0.049836 0.001874
v -0.294515 0.047587 0.001850
v -0.279905 0.063642 0.001876
v -0.297227 0.063164 0.001852
v -0.309567 0.062604 0.001858
v -0.297343 0.079673 0.001874
v -0.307992 0.080570 0.001898
v -0.295880 0.098283 0.001893
v -0.281636 0.079661 0.001882
v -0.282583 0.098269 0.001886
v -0.264052 0.080612 0.001892
v -0.265189 0.099387 0.001886
v -0.266401 0.119612 0.001886
v -0.245817 0.100734 0.001882
v -0.246597 0.120580 0.001886
v -0.247431 0.139424 0.001884
v -0.267607 0.138772 0.001884
v -0.248056 0.152674 0.001898
v -0.268303 0.152155 0.001897
v -0.248458 0.160605 0.001923
v -0.268595 0.160291 0.001932
v -0.288257 0.159449 0.001910
v -0.268764 0.166407 0.002066
v -0.288425 0.165726 0.001989
v -0.307522 0.164981 0.001943
v -0.307231 0.158861 0.001898
v -0.328416 0.165763 0.001969
v -0.328714 0.160011 0.001907
v -0.349756 0.154374 0.001895
v -0.347722 0.141013 0.001891
v -0.307800 0.170593 0.002210
v -0.328109 0.171013 0.002301
v -0.308098 0.175091 0.003851
v -0.327940 0.175211 0.004168
v -0.308339 0.177429 0.008404
v -0.328338 0.177093 0.008706
v -0.308667 0.181249 0.011372
v -0.328650 0.181089 0.011306
v -0.308866 0.185767 0.013116
v -0.328830 0.185480 0.013109
v -0.309051 0.190523 0.013218
v -0.329015 0.190363 0.013229
v -0.309219 0.195211 0.013078
v -0.329158 0.195089 0.013149
v -0.309363 0.199241 0.010844
v -0.329255 0.199151 0.010807
v -0.309490 0.202066 0.006943
v -0.329328 0.201938 0.006846
v -0.309607 0.204316 0.002508
v -0.329418 0.204351 0.002464
v -0.309721 0.206607 -0.002064
v -0.329524 0.206493 -0.002208
v -0.309845 0.207206 -0.007205
v -0.329626 0.207205 -0.007355
v -0.309973 0.208025 -0.012220
v -0.329734 0.208015 -0.012350
v -0.310097 0.207349 -0.016711
v -0.329841 0.207348 -0.016824
v -0.310202 0.203480 -0.019006
v -0.329935 0.203313 -0.019009
v -0.310294 0.198684 -0.019447
v -0.330028 0.198467 -0.019452
v -0.310391 0.193661 -0.019522
v -0.330131 0.193459 -0.019526
v -0.310508 0.188410 -0.019546
v -0.330248 0.188221 -0.019548
v -0.310676 0.179537 -0.019549
v -0.330414 0.179355 -0.019552
v -0.310890 0.167418 -0.019538
v -0.330644 0.167238 -0.019541
v -0.350456 0.167023 -0.019541
v -0.330937 0.149613 -0.019526
v -0.350741 0.149348 -0.019528
v -0.370552 0.149049 -0.019535
v -0.351079 0.129623 -0.019526
v -0.370909 0.129341 -0.019539
v -0.390759 0.129025 -0.019552
v -0.371274 0.109531 -0.019544
v -0.391168 0.109288 -0.019552
v -0.411135 0.109024 -0.019555
v -0.391544 0.089600 -0.019550
v -0.411542 0.089431 -0.019554
v -0.431598 0.089268 -0.019557
v -0.411888 0.069842 -0.019553
v -0.431918 0.069778 -0.019557
v -0.451381 0.069749 -0.019574
v -0.432205 0.050220 -0.019564
v -0.451511 0.050242 -0.019578
v -0.466252 0.050285 -0.019593
v -0.466131 0.069761 -0.019588
v -0.477042 0.050338 -0.019598
v -0.476934 0.069791 -0.019597
v -0.484100 0.050390 -0.019582
v -0.483951 0.069824 -0.019589
v -0.490576 0.050440 -0.019421
v -0.490318 0.069854 -0.019507
v -0.496255 0.050490 -0.017701
v -0.490711 0.030944 -0.019478
v -0.496374 0.031023 -0.017682
v -0.499562 0.031085 -0.013222
v -0.499482 0.050541 -0.013284
v -0.499934 0.031169 -0.007753
v -0.499895 0.050601 -0.007789
v -0.499615 0.031257 -0.002263
v -0.499931 0.011450 -0.008317
v -0.499708 0.011549 -0.002815
v -0.497523 0.011662 0.002257
v -0.499561 -0.008178 -0.003422
v -0.497556 -0.008076 0.001828
v -0.495486 -0.007981 0.007230
v -0.495324 0.011772 0.007420
v -0.492024 -0.007890 0.011692
v -0.491722 0.011856 0.011569
v -0.486409 -0.007886 0.013070
v -0.486409 0.011891 0.013022
v -0.480636 -0.007898 0.013149
v -0.480858 0.011892 0.013126
v -0.475180 -0.007921 0.013152
v -0.475429 0.011892 0.013141
v -0.469934 -0.007975 0.013105
v -0.470218 0.011919 0.013094
v -0.464954 -0.008015 0.012903
v -0.465354 0.011979 0.012915
v -0.460680 -0.008047 0.010556
v -0.460936 0.011932 0.010613
v -0.457782 -0.008145 0.006129
v -0.457848 0.011932 0.006496
v -0.455500 -0.008236 0.002397
v -0.456050 0.012135 0.002458
v -0.450361 -0.008247 0.002004
v -0.450955 0.012098 0.002033
v -0.444407 -0.008121 0.001953
v -0.445136 0.012028 0.001956
v -0.444870 0.032058 0.001964
v -0.437739 0.011997 0.001931
v -0.437527 0.031895 0.001927
v -0.437078 0.051789 0.001921
v -0.425879 0.031959 0.001923
v -0.425683 0.052010 0.001916
v -0.425871 0.011994 0.001928
v -0.437044 -0.007951 0.001936
v -0.425226 -0.007793 0.001929
v -0.435879 -0.027619 0.001939
v -0.424089 -0.027450 0.001928
v -0.435065 -0.047122 0.001938
v -0.423105 -0.047086 0.001926
v -0.404793 -0.046825 0.001915
v -0.422579 -0.066605 0.001917
v -0.403817 -0.066353 0.001908
v -0.383574 -0.065850 0.001908
v -0.402922 -0.085680 0.001899
v -0.382502 -0.085155 0.001900
v -0.362195 -0.084413 0.001898
v -0.363450 -0.065093 0.001901
v -0.342079 -0.083528 0.001881
v -0.343590 -0.064119 0.001883
v -0.321979 -0.082595 0.001859
v -0.323618 -0.063070 0.001863
v -0.301886 -0.081744 0.001846
v -0.303758 -0.061975 0.001843
v -0.282580 -0.081290 0.001849
v -0.284615 -0.061087 0.001839
v -0.287121 -0.041098 0.001840
v -0.272881 -0.040815 0.001853
v -0.275688 -0.020508 0.001861
v -0.264087 -0.040943 0.001875
v -0.266268 -0.020577 0.001899
v -0.268625 -0.000729 0.001878
v -0.259677 -0.020765 0.002114
v -0.261093 -0.000929 0.001927
v -0.262253 0.018251 0.001964
v -0.259412 0.039736 0.002234
v -0.255115 -0.001145 0.003218
v -0.256581 0.018356 0.002381
v -0.253963 0.037931 0.005549
v -0.252592 -0.001336 0.007755
v -0.253353 0.018154 0.007379
v -0.250754 0.037156 0.009230
v -0.238003 0.049071 0.008628
v -0.238934 0.051349 0.005406
v -0.248812 0.018049 0.009591
v -0.245510 0.037801 0.009496
v -0.238059 0.043002 0.008887
v -0.234655 0.038841 0.005399
v -0.219896 0.038517 0.008479
v -0.220573 0.044836 0.010277
v -0.221088 0.050059 0.009466
v -0.207215 0.045059 0.009207
v -0.206856 0.049897 0.009290
v -0.206687 0.053030 0.006785
v -0.221781 0.053938 0.006213
v -0.222432 0.057776 0.003037
v -0.240490 0.053373 0.002702
v -0.222972 0.061961 0.002116
v -0.241703 0.059482 0.001964
v -0.223755 0.070970 0.001918
v -0.243474 0.068770 0.001904
v -0.262744 0.065413 0.001890
v -0.261487 0.053207 0.001912
v -0.244828 0.082214 0.001893
v -0.224528 0.083759 0.001886
v -0.225378 0.101871 0.001880
v -0.204164 0.083926 0.001880
v -0.204819 0.102136 0.001881
v -0.205920 0.121312 0.001900
v -0.226249 0.121185 0.001890
v -0.206988 0.139861 0.001901
v -0.227059 0.139932 0.001892
v -0.207784 0.153475 0.001898
v -0.227741 0.153370 0.001900
v -0.208170 0.161640 0.001909
v -0.228217 0.161506 0.001913
v -0.208403 0.167686 0.001962
v -0.228775 0.167392 0.001956
v -0.248754 0.166400 0.002000
v -0.229369 0.172766 0.002218
v -0.249016 0.171709 0.002392
v -0.268837 0.171769 0.002584
v -0.249104 0.176012 0.004853
v -0.268902 0.176260 0.004763
v -0.288691 0.175474 0.004417
v -0.288579 0.171145 0.002381
v -0.269203 0.178825 0.008398
v -0.288883 0.178316 0.008256
v -0.269334 0.182034 0.011589
v -0.289072 0.181637 0.011553
v -0.269493 0.186218 0.013111
v -0.289253 0.186027 0.013092
v -0.269656 0.190756 0.013208
v -0.289424 0.190713 0.013189
v -0.269815 0.195286 0.013013
v -0.289582 0.195338 0.013019
v -0.269996 0.199260 0.010786
v -0.289744 0.199316 0.010782
v -0.270175 0.202059 0.006935
v -0.289888 0.202141 0.006895
v -0.270333 0.204381 0.002498
v -0.290028 0.204397 0.002455
v -0.270503 0.206522 -0.002120
v -0.290164 0.206697 -0.002086
v -0.270680 0.207303 -0.007141
v -0.290304 0.207207 -0.007156
v -0.270860 0.208153 -0.012102
v -0.290443 0.208006 -0.012105
v -0.271000 0.207759 -0.016805
v -0.290582 0.207630 -0.016760
v -0.271110 0.203798 -0.019150
v -0.290681 0.203663 -0.019189
v -0.271178 0.198799 -0.019448
v -0.290758 0.198714 -0.019472
v -0.271224 0.193642 -0.019521
v -0.290837 0.193636 -0.019523
v -0.271266 0.188193 -0.019542
v -0.290923 0.188189 -0.019541
v -0.271333 0.179443 -0.019548
v -0.291037 0.179518 -0.019545
v -0.271466 0.167545 -0.019543
v -0.291204 0.167505 -0.019538
v -0.271676 0.150449 -0.019544
v -0.291439 0.150158 -0.019536
v -0.311176 0.149863 -0.019531
v -0.291733 0.130313 -0.019542
v -0.311490 0.130091 -0.019529
v -0.331269 0.129866 -0.019522
v -0.311814 0.110143 -0.019541
v -0.331604 0.109956 -0.019539
v -0.351423 0.109753 -0.019538
v -0.331929 0.090076 -0.019538
v -0.351756 0.089925 -0.019539
v -0.371622 0.089764 -0.019547
v -0.352072 0.070123 -0.019537
v -0.371948 0.070024 -0.019548
v -0.391881 0.069927 -0.019553
v -0.372247 0.050286 -0.019558
v -0.392182 0.050247 -0.019562
v -0.412186 0.050222 -0.019562
v -0.392450 0.030550 -0.019573
v -0.412452 0.030571 -0.019573
v -0.432489 0.030610 -0.019573
v -0.412679 0.010895 -0.019587
v -0.432742 0.010968 -0.019582
v -0.451888 0.011046 -0.019590
v -0.451679 0.030668 -0.019586
v -0.466596 0.011119 -0.019603
v -0.466365 0.030730 -0.019601
v -0.477043 0.011179 -0.019606
v -0.477007 0.030797 -0.019602
v -0.484128 0.011219 -0.019587
v -0.484154 0.030866 -0.019579
v -0.490554 0.011262 -0.019481
v -0.484135 -0.008440 -0.019589
v -0.490266 -0.008416 -0.019503
v -0.495672 -0.008391 -0.018134
v -0.496084 0.011318 -0.017899
v -0.499051 -0.008346 -0.014224
v -0.499414 0.011391 -0.013759
v -0.499878 -0.008278 -0.008972
v -0.499132 -0.027651 -0.014762
v -0.499925 -0.027614 -0.009394
v -0.499574 -0.027597 -0.003714
v -0.499895 -0.047263 -0.009475
v -0.499674 -0.047216 -0.003825
v -0.497757 -0.047185 0.001552
v -0.497637 -0.027577 0.001683
v -0.495692 -0.047145 0.006894
v -0.495525 -0.027558 0.007160
v -0.492455 -0.047138 0.011543
v -0.492269 -0.027521 0.011805
v -0.487003 -0.047100 0.013047
v -0.486714 -0.027518 0.013059
v -0.481231 -0.047054 0.013145
v -0.480898 -0.027520 0.013149
v -0.475714 -0.047022 0.013134
v -0.475427 -0.027528 0.013151
v -0.470479 -0.046976 0.013048
v -0.470198 -0.027600 0.013103
v -0.465194 -0.046933 0.012553
v -0.465052 -0.027648 0.012794
v -0.460813 -0.046980 0.010373
v -0.460690 -0.027671 0.010412
v -0.457876 -0.047067 0.006319
v -0.457909 -0.027854 0.006360
v -0.454155 -0.047116 0.002742
v -0.454496 -0.028054 0.002800
v -0.448634 -0.047127 0.002056
v -0.449212 -0.027954 0.002067
v -0.442540 -0.047127 0.001959
v -0.443221 -0.027789 0.001962
v -0.448926 -0.066218 0.002055
v -0.442781 -0.066385 0.001947
v -0.435065 -0.066539 0.001928
v -0.443449 -0.085617 0.001935
v -0.435418 -0.085787 0.001917
v -0.422304 -0.085883 0.001905
v -0.435531 -0.104971 0.001907
v -0.421845 -0.104959 0.001895
v -0.402032 -0.104759 0.001890
v -0.421103 -0.124114 0.001882
v -0.401046 -0.123903 0.001877
v -0.380444 -0.123489 0.001881
v -0.381458 -0.104329 0.001893
v -0.359970 -0.122870 0.001890
v -0.361029 -0.103664 0.001895
v -0.339642 -0.122061 0.001886
v -0.340770 -0.102841 0.001885
v -0.319394 -0.121097 0.001862
v -0.320578 -0.101912 0.001863
v -0.299081 -0.120094 0.001851
v -0.300380 -0.100911 0.001853
v -0.279202 -0.119109 0.001855
v -0.280861 -0.099864 0.001855
v -0.298024 -0.138974 0.001843
v -0.277782 -0.137517 0.001843
v -0.297317 -0.157526 0.001837
v -0.277041 -0.155284 0.001832
v -0.296907 -0.174735 0.001832
v -0.276767 -0.172722 0.001832
v -0.257102 -0.170148 0.001839
v -0.257070 -0.182697 0.001824
v -0.237671 -0.181640 0.001841
v -0.238111 -0.167420 0.001843
v -0.276761 -0.183402 0.001821
v -0.276770 -0.188997 0.001790
v -0.257061 -0.188565 0.001764
v -0.296798 -0.184130 0.001813
v -0.296759 -0.189420 0.001765
v -0.296717 -0.194560 0.001566
v -0.276745 -0.194276 0.001660
v -0.316885 -0.184683 0.001827
v -0.316788 -0.189872 0.001780
v -0.316699 -0.194979 0.001596
v -0.316617 -0.199405 0.000052
v -0.296685 -0.199129 0.000011
v -0.336819 -0.190320 0.001786
v -0.336677 -0.195394 0.001560
v -0.336550 -0.199689 -0.000338
v -0.336427 -0.203069 -0.003471
v -0.316551 -0.202805 -0.003235
v -0.356817 -0.195757 0.001523
v -0.356651 -0.199961 -0.000544
v -0.356486 -0.203302 -0.003665
v -0.356317 -0.206549 -0.006751
v -0.336318 -0.206340 -0.006587
v -0.376653 -0.200221 -0.000746
v -0.376427 -0.203510 -0.003856
v -0.376203 -0.206735 -0.006919
v -0.375984 -0.209940 -0.010039
v -0.356147 -0.209743 -0.009897
v -0.396078 -0.203718 -0.004052
v -0.395801 -0.206934 -0.007068
v -0.395544 -0.210133 -0.010190
v -0.395290 -0.211327 -0.014094
v -0.375770 -0.211325 -0.013895
v -0.414834 -0.206975 -0.007114
v -0.414504 -0.210077 -0.010219
v -0.414204 -0.211232 -0.014123
v -0.413912 -0.208524 -0.017283
v -0.395045 -0.208588 -0.017342
v -0.432181 -0.210014 -0.010154
v -0.431851 -0.211220 -0.013940
v -0.431553 -0.208672 -0.017190
v -0.431327 -0.204929 -0.019211
v -0.413652 -0.204707 -0.019126
v -0.447083 -0.211183 -0.013567
v -0.446976 -0.209019 -0.016836
v -0.446938 -0.205622 -0.018966
v -0.447007 -0.201325 -0.019442
v -0.431157 -0.200577 -0.019482
v -0.459192 -0.209907 -0.015877
v -0.459781 -0.206907 -0.018719
v -0.460288 -0.202666 -0.019519
v -0.460904 -0.198143 -0.019556
v -0.447162 -0.196870 -0.019540
v -0.469651 -0.208204 -0.017787
v -0.470488 -0.204231 -0.019340
v -0.471315 -0.199606 -0.019546
v -0.472208 -0.194477 -0.019574
v -0.461608 -0.193399 -0.019571
v -0.478191 -0.205949 -0.019228
v -0.479034 -0.201296 -0.019527
v -0.479842 -0.195715 -0.019569
v -0.480573 -0.189316 -0.019570
v -0.473191 -0.188424 -0.019576
v -0.485094 -0.203021 -0.019494
v -0.485522 -0.197057 -0.019551
v -0.485896 -0.189685 -0.019544
v -0.486380 -0.178425 -0.019539
v -0.481309 -0.178404 -0.019566
v -0.490961 -0.189902 -0.019448
v -0.491280 -0.178399 -0.019407
v -0.492052 -0.162815 -0.019456
v -0.487101 -0.163053 -0.019559
v -0.495468 -0.190043 -0.018327
v -0.495651 -0.178270 -0.018218
v -0.496406 -0.162615 -0.017723
v -0.497412 -0.144254 -0.016837
v -0.493165 -0.144426 -0.019339
v -0.498701 -0.178122 -0.015046
v -0.499305 -0.162437 -0.014104
v -0.499847 -0.144097 -0.012660
v -0.499942 -0.125109 -0.011275
v -0.498225 -0.125221 -0.016082
v -0.499916 -0.162296 -0.009396
v -0.499925 -0.143938 -0.007645
v -0.499904 -0.125009 -0.005928
v -0.499901 -0.105818 -0.004716
v -0.499930 -0.105864 -0.010170
v -0.499716 -0.143798 -0.002454
v -0.499090 -0.124896 -0.000623
v -0.498560 -0.105775 0.000600
v -0.498134 -0.086320 0.001007
v -0.499782 -0.086334 -0.004228
v -0.496450 -0.124826 0.004102
v -0.496175 -0.105720 0.005479
v -0.495911 -0.086299 0.006121
v -0.495710 -0.066734 0.006471
v -0.497984 -0.066766 0.001266
v -0.493493 -0.105645 0.010146
v -0.493009 -0.086259 0.010839
v -0.492501 -0.066698 0.010982
v -0.487774 -0.086191 0.012905
v -0.487224 -0.066638 0.012846
v -0.481973 -0.086106 0.013103
v -0.481483 -0.066559 0.013102
v -0.476268 -0.086019 0.013148
v -0.475880 -0.066475 0.013142
v -0.470792 -0.085891 0.013112
v -0.470556 -0.066339 0.013100
v -0.465660 -0.085699 0.012826
v -0.465467 -0.066286 0.012728
v -0.461045 -0.085637 0.010518
v -0.460948 -0.066199 0.010430
v -0.458178 -0.085604 0.006156
v -0.457890 -0.066166 0.006347
v -0.455065 -0.085480 0.002156
v -0.454372 -0.066128 0.002862
v -0.449764 -0.085486 0.001991
v -0.455610 -0.105013 0.002256
v -0.450259 -0.104997 0.001975
v -0.443783 -0.104983 0.001924
v -0.450740 -0.124276 0.002041
v -0.443992 -0.124225 0.001914
v -0.435482 -0.124183 0.001893
v -0.444446 -0.143348 0.001907
v -0.435296 -0.143356 0.001882
v -0.420251 -0.143302 0.001869
v -0.435137 -0.162150 0.001872
v -0.419178 -0.162198 0.001858
v -0.398814 -0.162092 0.001849
v -0.399961 -0.143138 0.001860
v -0.378437 -0.161785 0.001853
v -0.379409 -0.142768 0.001864
v -0.358126 -0.161163 0.001860
v -0.358990 -0.142137 0.001873
v -0.337829 -0.160306 0.001864
v -0.338638 -0.141289 0.001874
v -0.317570 -0.159163 0.001855
v -0.318373 -0.140202 0.001860
v -0.337269 -0.177120 0.001856
v -0.317076 -0.176123 0.001847
v -0.336998 -0.185059 0.001833
v -0.357503 -0.177798 0.001856
v -0.357192 -0.185397 0.001838
v -0.356997 -0.190712 0.001786
v -0.377328 -0.185652 0.001825
v -0.377079 -0.191028 0.001772
v -0.376867 -0.196140 0.001468
v -0.396969 -0.191296 0.001715
v -0.396661 -0.196345 0.001183
v -0.396366 -0.200419 -0.001024
v -0.416040 -0.196584 0.001283
v -0.415615 -0.200529 -0.001096
v -0.415208 -0.203811 -0.004121
v -0.433353 -0.200781 -0.001325
v -0.432924 -0.203867 -0.004161
v -0.432535 -0.206993 -0.007118
v -0.447485 -0.203668 -0.003893
v -0.447354 -0.206631 -0.006692
v -0.447169 -0.209778 -0.009831
v -0.456977 -0.208398 -0.004887
v -0.457506 -0.210429 -0.008462
v -0.458466 -0.211351 -0.012273
v -0.466687 -0.211066 -0.006998
v -0.467855 -0.211333 -0.010888
v -0.468843 -0.210833 -0.014699
v -0.476054 -0.211250 -0.009725
v -0.476846 -0.211371 -0.013575
v -0.477487 -0.209245 -0.016708
v -0.484185 -0.211390 -0.012254
v -0.484576 -0.210225 -0.015542
v -0.484799 -0.207527 -0.018309
v -0.491275 -0.210132 -0.014129
v -0.490933 -0.210659 -0.011011
v -0.496187 -0.207009 -0.009851
v -0.496141 -0.206675 -0.012811
v -0.499520 -0.199800 -0.012390
v -0.499619 -0.199952 -0.008905
v -0.499877 -0.190136 -0.007860
v -0.499882 -0.190094 -0.011810
v -0.496035 -0.207305 -0.006840
v -0.499527 -0.200105 -0.005473
v -0.499703 -0.190178 -0.003908
v -0.499393 -0.178113 -0.001864
v -0.499839 -0.178075 -0.006357
v -0.499170 -0.200259 -0.001856
v -0.498682 -0.190240 0.000054
v -0.497436 -0.178193 0.002397
v -0.496369 -0.162059 0.004935
v -0.498607 -0.162100 0.000337
v -0.496724 -0.190235 0.003902
v -0.495622 -0.178300 0.006939
v -0.494167 -0.162047 0.009772
v -0.492073 -0.143516 0.011262
v -0.495462 -0.143592 0.007201
v -0.492885 -0.178413 0.011045
v -0.489832 -0.162095 0.012720
v -0.487037 -0.143440 0.012858
v -0.484910 -0.124531 0.013119
v -0.490453 -0.124630 0.012502
v -0.484370 -0.162140 0.013083
v -0.481350 -0.143387 0.013123
v -0.479100 -0.124442 0.013158
v -0.477359 -0.105359 0.013154
v -0.483142 -0.105474 0.013112
v -0.475475 -0.143338 0.013147
v -0.473361 -0.124368 0.013149
v -0.471729 -0.105252 0.013127
v -0.467706 -0.124294 0.013068
v -0.466250 -0.105166 0.012963
v -0.462345 -0.124292 0.011812
v -0.461414 -0.105107 0.011141
v -0.458702 -0.124319 0.007571
v -0.457992 -0.105050 0.006727
v -0.456237 -0.124402 0.002760
v -0.459351 -0.143271 0.008729
v -0.457536 -0.143284 0.004010
v -0.451643 -0.143336 0.001986
v -0.457911 -0.162016 0.005060
v -0.452488 -0.162036 0.002006
v -0.445102 -0.162096 0.001900
v -0.453733 -0.177936 0.002017
v -0.446230 -0.178087 0.001895
v -0.435506 -0.178352 0.001853
v -0.447319 -0.187405 0.001864
v -0.434834 -0.186715 0.001807
v -0.417054 -0.186211 0.001804
v -0.417932 -0.178472 0.001838
v -0.397321 -0.185905 0.001811
v -0.397858 -0.178557 0.001841
v -0.377712 -0.178182 0.001845
v -0.416505 -0.191597 0.001712
v -0.434292 -0.192269 0.001676
v -0.433820 -0.196955 0.001035
v -0.447630 -0.193433 0.001675
v -0.447732 -0.197631 0.000764
v -0.447732 -0.200876 -0.001352
v -0.457330 -0.199542 0.003322
v -0.457467 -0.203183 0.001339
v -0.457245 -0.205982 -0.001749
v -0.463740 -0.207111 0.005704
v -0.464889 -0.209964 0.001287
v -0.465630 -0.210900 -0.002957
v -0.473200 -0.210170 0.002182
v -0.474303 -0.210994 -0.002113
v -0.475216 -0.211032 -0.005962
v -0.482169 -0.210978 -0.001900
v -0.483016 -0.211048 -0.005428
v -0.483690 -0.211198 -0.008846
v -0.489871 -0.210805 -0.004843
v -0.490409 -0.210779 -0.007931
v -0.495836 -0.207564 -0.003814
v -0.489196 -0.210814 -0.001797
v -0.495617 -0.207905 -0.000916
v -0.497905 -0.200250 0.001389
v -0.494803 -0.208302 0.001851
v -0.496268 -0.200077 0.004603
v -0.495111 -0.190259 0.008105
v -0.491870 -0.190369 0.011767
v -0.488116 -0.178444 0.012932
v -0.486421 -0.190246 0.013068
v -0.482386 -0.178460 0.013154
v -0.478483 -0.162113 0.013153
v -0.476265 -0.178155 0.013167
v -0.472456 -0.162055 0.013133
v -0.469639 -0.143296 0.013080
v -0.466385 -0.161998 0.012951
v -0.463904 -0.143255 0.012383
v -0.460909 -0.161998 0.010351
v -0.469781 -0.177937 0.013115
v -0.463122 -0.177792 0.012194
v -0.458611 -0.177833 0.006875
v -0.466065 -0.188938 0.012993
v -0.459763 -0.188394 0.008914
v -0.455461 -0.187917 0.002245
v -0.460788 -0.196511 0.010343
v -0.456722 -0.194720 0.002657
v -0.462168 -0.202930 0.009211
v -0.468288 -0.197507 0.012890
v -0.470286 -0.203564 0.010600
v -0.471909 -0.207298 0.006441
v -0.478161 -0.203882 0.010412
v -0.479816 -0.207682 0.005955
v -0.481122 -0.210342 0.001878
v -0.488302 -0.210321 0.001301
v -0.476053 -0.198042 0.012896
v -0.483410 -0.198831 0.012822
v -0.480264 -0.190179 0.013150
v -0.473356 -0.189751 0.013142
v -0.488795 -0.105560 0.012796
v -0.494560 -0.124728 0.009141
v -0.497505 -0.143680 0.002308
v -0.499862 -0.162183 -0.004489
v -0.499826 -0.178059 -0.010797
v -0.498638 -0.190064 -0.015521
v -0.499756 -0.066802 -0.004041
v -0.499879 -0.066848 -0.009561
v -0.499890 -0.086354 -0.009670
v -0.498878 -0.066907 -0.014815
v -0.498882 -0.086387 -0.014774
v -0.498657 -0.105917 -0.015210
v -0.495085 -0.086453 -0.018416
v -0.494864 -0.105991 -0.018739
v -0.494037 -0.125335 -0.019170
v -0.489310 -0.106084 -0.019506
v -0.488760 -0.125468 -0.019553
v -0.487990 -0.144616 -0.019538
v -0.483121 -0.125614 -0.019588
v -0.482635 -0.144833 -0.019578
v -0.481985 -0.163334 -0.019576
v -0.476340 -0.145126 -0.019586
v -0.475572 -0.163728 -0.019579
v -0.474491 -0.178265 -0.019573
v -0.464425 -0.164194 -0.019577
v -0.463454 -0.177930 -0.019574
v -0.462449 -0.187364 -0.019575
v -0.448581 -0.177389 -0.019574
v -0.447912 -0.186277 -0.019573
v -0.447453 -0.192273 -0.019566
v -0.430982 -0.185362 -0.019570
v -0.430993 -0.191429 -0.019562
v -0.431045 -0.196078 -0.019542
v -0.413055 -0.191030 -0.019562
v -0.413226 -0.195733 -0.019548
v -0.413419 -0.200280 -0.019488
v -0.394444 -0.195715 -0.019541
v -0.394627 -0.200267 -0.019501
v -0.394825 -0.204732 -0.019330
v -0.375284 -0.200298 -0.019469
v -0.375435 -0.204740 -0.019057
v -0.375594 -0.208621 -0.017132
v -0.355715 -0.204746 -0.018902
v -0.355850 -0.208702 -0.017030
v -0.355991 -0.211354 -0.013697
v -0.335998 -0.208703 -0.017132
v -0.336070 -0.211259 -0.013745
v -0.336196 -0.209594 -0.009788
v -0.316355 -0.211225 -0.013385
v -0.316413 -0.209296 -0.009653
v -0.316479 -0.206107 -0.006403
v -0.296527 -0.209355 -0.009490
v -0.296590 -0.205986 -0.006275
v -0.296650 -0.202611 -0.003124
v -0.276632 -0.205848 -0.006174
v -0.276664 -0.202478 -0.003016
v -0.276703 -0.199046 0.000182
v -0.256993 -0.202337 -0.002933
v -0.257017 -0.198738 0.000073
v -0.257045 -0.194026 0.001542
v -0.237401 -0.198627 0.000430
v -0.237475 -0.193688 0.001706
v -0.237540 -0.187996 0.001816
v -0.217680 -0.193300 0.001697
v -0.217720 -0.187403 0.001809
v -0.217747 -0.180064 0.001838
v -0.198110 -0.187035 0.001801
v -0.198057 -0.179330 0.001827
v -0.197869 -0.164038 0.001818
v -0.217788 -0.165364 0.001834
v -0.179006 -0.179890 0.001821
v -0.179205 -0.163682 0.001821
v -0.159697 -0.180255 0.001833
v -0.159937 -0.163889 0.001845
v -0.160017 -0.145110 0.001847
v -0.140254 -0.163946 0.001858
v -0.140241 -0.144791 0.001859
v -0.140152 -0.125035 0.001854
v -0.159775 -0.126227 0.001849
v -0.140240 -0.104385 0.001853
v -0.159304 -0.105193 0.001861
v -0.174528 -0.106276 0.001856
v -0.159898 -0.083910 0.001868
v -0.140631 -0.083721 0.001852
v -0.140901 -0.063697 0.001850
v -0.160101 -0.063871 0.001873
v -0.140691 -0.043751 0.001855
v -0.159557 -0.043792 0.001874
v -0.171195 -0.043895 0.001894
v -0.158636 -0.023855 0.001875
v -0.170229 -0.023875 0.001894
v -0.177472 -0.023841 0.001915
v -0.178371 -0.043961 0.001909
v -0.183194 -0.023800 0.001990
v -0.183785 -0.043967 0.001976
v -0.186826 -0.023839 0.005344
v -0.187148 -0.044088 0.005619
v -0.187644 -0.063106 0.006602
v -0.192421 -0.076137 0.008111
v -0.190383 -0.044146 0.008821
v -0.190911 -0.062653 0.009393
v -0.195460 -0.074218 0.009724
v -0.194731 -0.044134 0.009302
v -0.190265 -0.023792 0.009305
v -0.195212 -0.023664 0.009362
v -0.199470 -0.023488 0.006231
v -0.198871 -0.044002 0.006654
v -0.206581 -0.023256 0.003829
v -0.205497 -0.043561 0.003842
v -0.217149 -0.022908 0.003552
v -0.216059 -0.043152 0.003550
v -0.215400 -0.060942 0.003580
v -0.215077 -0.071442 0.004973
v -0.228573 -0.042670 0.003558
v -0.228439 -0.060148 0.003609
v -0.228898 -0.070417 0.005452
v -0.228857 -0.075508 0.009084
v -0.214551 -0.076702 0.008799
v -0.237882 -0.042357 0.003683
v -0.229087 -0.022478 0.003554
v -0.237575 -0.022116 0.003619
v -0.242997 -0.021843 0.005720
v -0.243387 -0.042072 0.006067
v -0.247275 -0.021630 0.008993
v -0.247358 -0.041987 0.009052
v -0.252170 -0.021392 0.008447
v -0.251620 -0.041543 0.008593
v -0.251315 -0.060259 0.009227
v -0.254693 -0.041374 0.004904
v -0.254075 -0.060505 0.006318
v -0.249963 -0.074509 0.008940
v -0.247314 -0.072219 0.009661
v -0.258216 -0.041204 0.001975
v -0.254876 -0.021068 0.004159
v -0.247836 -0.001536 0.009144
v -0.243412 -0.001734 0.006180
v -0.238079 -0.001997 0.003671
v -0.230118 -0.002352 0.003551
v -0.218283 -0.002813 0.003533
v -0.219152 0.016858 0.003542
v -0.207138 -0.003215 0.003710
v -0.207173 0.016354 0.003773
v -0.207467 0.031861 0.004010
v -0.219525 0.031788 0.004271
v -0.207852 0.040331 0.006633
v -0.199584 0.015968 0.006254
v -0.199776 -0.003501 0.006079
v -0.195237 -0.003725 0.009269
v -0.194804 0.015442 0.009342
v -0.190243 -0.003929 0.009010
v -0.189924 0.014955 0.008827
v -0.189652 0.031574 0.008938
v -0.186758 0.014610 0.005007
v -0.186848 0.031643 0.005235
v -0.192573 0.046416 0.006545
v -0.194710 0.044360 0.009157
v -0.183656 0.031544 0.002175
v -0.182985 0.014394 0.002052
v -0.177015 0.014208 0.001916
v -0.178829 0.031420 0.001970
v -0.168903 0.014132 0.001887
v -0.168815 0.031656 0.001892
v -0.155811 0.014277 0.001875
v -0.153920 0.031452 0.001879
v -0.151640 0.047888 0.001880
v -0.134372 0.063329 0.001875
v -0.149154 0.064479 0.001871
v -0.131429 0.081868 0.001887
v -0.146590 0.082443 0.001872
v -0.165974 0.082705 0.001871
v -0.145333 0.100632 0.001876
v -0.165149 0.101166 0.001875
v -0.184702 0.101730 0.001880
v -0.184302 0.083108 0.001875
v -0.165605 0.120448 0.001880
v -0.185585 0.120888 0.001892
v -0.166692 0.138822 0.001883
v -0.186677 0.139392 0.001895
v -0.167759 0.152468 0.001869
v -0.187455 0.152920 0.001887
v -0.168519 0.160831 0.001870
v -0.187913 0.160947 0.001895
v -0.169004 0.167062 0.001906
v -0.188324 0.167030 0.001959
v -0.169256 0.172476 0.002020
v -0.188794 0.172183 0.002345
v -0.208455 0.173030 0.002148
v -0.189070 0.176020 0.004647
v -0.208558 0.176526 0.004035
v -0.229492 0.176155 0.004388
v -0.208887 0.177984 0.008446
v -0.229240 0.178476 0.008366
v -0.249137 0.178754 0.008483
v -0.229327 0.181808 0.011628
v -0.249217 0.181937 0.011670
v -0.229392 0.186009 0.013107
v -0.249340 0.186217 0.013130
v -0.229464 0.190691 0.013188
v -0.249467 0.190699 0.013192
v -0.229640 0.195277 0.012845
v -0.249591 0.195207 0.013036
v -0.229827 0.199357 0.010805
v -0.249732 0.199280 0.010844
v -0.230002 0.202291 0.007089
v -0.249900 0.202187 0.007042
v -0.230173 0.204364 0.002537
v -0.250092 0.204400 0.002571
v -0.230369 0.206839 -0.001917
v -0.250300 0.206706 -0.002001
v -0.230567 0.207323 -0.007152
v -0.250476 0.207257 -0.007156
v -0.230761 0.208408 -0.012142
v -0.250640 0.208295 -0.012170
v -0.230933 0.208102 -0.016789
v -0.250799 0.207878 -0.016861
v -0.231066 0.204212 -0.019267
v -0.250918 0.203917 -0.019297
v -0.231184 0.199149 -0.019472
v -0.251020 0.198932 -0.019474
v -0.231296 0.193934 -0.019521
v -0.251133 0.193749 -0.019525
v -0.231421 0.188300 -0.019539
v -0.251253 0.188216 -0.019543
v -0.231589 0.179750 -0.019546
v -0.251405 0.179527 -0.019549
v -0.231828 0.167914 -0.019544
v -0.251608 0.167770 -0.019546
v -0.232141 0.150747 -0.019541
v -0.251888 0.150612 -0.019544
v -0.232506 0.130855 -0.019537
v -0.252226 0.130701 -0.019544
v -0.271977 0.130517 -0.019549
v -0.252571 0.110623 -0.019543
v -0.272300 0.110478 -0.019550
v -0.292048 0.110317 -0.019550
v -0.272626 0.090474 -0.019552
v -0.292369 0.090351 -0.019555
v -0.312134 0.090218 -0.019545
v -0.292684 0.070412 -0.019556
v -0.312448 0.070320 -0.019541
v -0.332242 0.070223 -0.019531
v -0.312751 0.050439 -0.019540
v -0.332542 0.050386 -0.019535
v -0.352371 0.050333 -0.019547
v -0.332827 0.030554 -0.019546
v -0.352649 0.030544 -0.019561
v -0.372519 0.030543 -0.019573
v -0.352907 0.010751 -0.019567
v -0.372765 0.010789 -0.019583
v -0.392683 0.010836 -0.019588
v -0.372982 -0.008976 -0.019575
v -0.392878 -0.008890 -0.019586
v -0.412855 -0.008793 -0.019585
v -0.393034 -0.028628 -0.019580
v -0.412973 -0.028489 -0.019583
v -0.432972 -0.028339 -0.019580
v -0.432891 -0.008690 -0.019581
v -0.452302 -0.028186 -0.019588
v -0.452135 -0.008590 -0.019588
v -0.466998 -0.028057 -0.019598
v -0.466864 -0.008520 -0.019600
v -0.477714 -0.027947 -0.019596
v -0.477429 -0.008473 -0.019603
v -0.484072 -0.027860 -0.019571
v -0.477707 -0.047537 -0.019599
v -0.483881 -0.047471 -0.019584
v -0.489758 -0.047421 -0.019500
v -0.489945 -0.027782 -0.019469
v -0.495242 -0.047376 -0.018488
v -0.495271 -0.027703 -0.018321
v -0.498939 -0.047326 -0.014734
v -0.495169 -0.066967 -0.018517
v -0.489676 -0.067016 -0.019471
v -0.489534 -0.086538 -0.019464
v -0.483695 -0.067081 -0.019568
v -0.483491 -0.086638 -0.019580
v -0.483391 -0.106205 -0.019585
v -0.476887 -0.086759 -0.019601
v -0.476852 -0.106352 -0.019598
v -0.476724 -0.125804 -0.019594
v -0.466156 -0.106567 -0.019595
v -0.465892 -0.126098 -0.019590
v -0.465283 -0.145588 -0.019583
v -0.451066 -0.126491 -0.019581
v -0.450388 -0.146141 -0.019578
v -0.449437 -0.164628 -0.019575
v -0.431733 -0.146753 -0.019572
v -0.431316 -0.165023 -0.019571
v -0.431079 -0.176815 -0.019571
v -0.412690 -0.165137 -0.019569
v -0.412762 -0.176551 -0.019567
v -0.412896 -0.184983 -0.019566
v -0.393899 -0.176625 -0.019564
v -0.394086 -0.184918 -0.019561
v -0.394269 -0.191036 -0.019555
v -0.374832 -0.185030 -0.019557
v -0.374998 -0.191110 -0.019551
v -0.375141 -0.195742 -0.019532
v -0.355343 -0.191196 -0.019551
v -0.355458 -0.195803 -0.019529
v -0.355583 -0.200340 -0.019427
v -0.335716 -0.195876 -0.019534
v -0.335816 -0.200399 -0.019471
v -0.335914 -0.204865 -0.019193
v -0.316105 -0.200506 -0.019491
v -0.316176 -0.204983 -0.019175
v -0.316263 -0.208802 -0.017003
v -0.296320 -0.205196 -0.019105
v -0.296392 -0.208935 -0.016762
v -0.296461 -0.211541 -0.013332
v -0.276520 -0.209006 -0.016674
v -0.276557 -0.211249 -0.013033
v -0.276601 -0.209145 -0.009353
v -0.256920 -0.211453 -0.012699
v -0.256942 -0.209024 -0.009207
v -0.256967 -0.205713 -0.006060
v -0.237236 -0.208873 -0.009043
v -0.237293 -0.205525 -0.005904
v -0.237349 -0.202144 -0.002747
v -0.217570 -0.205303 -0.005751
v -0.217608 -0.201907 -0.002578
v -0.217642 -0.198316 0.000542
v -0.198049 -0.201741 -0.002401
v -0.198071 -0.198034 0.000723
v -0.198098 -0.192898 0.001654
v -0.178730 -0.197755 0.000568
v -0.178795 -0.192665 0.001648
v -0.178870 -0.186921 0.001777
v -0.159433 -0.192747 0.001710
v -0.159535 -0.186964 0.001807
v -0.139903 -0.192647 0.001701
v -0.140005 -0.186927 0.001809
v -0.140131 -0.179947 0.001840
v -0.120457 -0.186821 0.001807
v -0.120538 -0.179753 0.001844
v -0.120576 -0.163809 0.001857
v -0.101002 -0.179885 0.001843
v -0.100956 -0.163542 0.001849
v -0.100711 -0.144015 0.001841
v -0.120475 -0.144370 0.001855
v -0.100389 -0.123931 0.001828
v -0.120334 -0.124343 0.001844
v -0.100105 -0.103841 0.001823
v -0.120282 -0.104009 0.001837
v -0.099970 -0.083876 0.001826
v -0.120362 -0.083728 0.001836
v -0.099986 -0.064147 0.001830
v -0.120459 -0.063780 0.001843
v -0.100076 -0.044476 0.001841
v -0.120379 -0.043976 0.001854
v -0.100084 -0.024660 0.001855
v -0.120066 -0.024083 0.001863
v -0.139970 -0.023870 0.001858
v -0.119581 -0.004029 0.001864
v -0.138844 -0.004152 0.001861
v -0.157442 -0.004353 0.001874
v -0.137356 0.014704 0.001868
v -0.169470 -0.004438 0.001886
v -0.177015 -0.004405 0.001892
v -0.182919 -0.004292 0.001846
v -0.186817 -0.004128 0.005053
v -0.119131 0.015220 0.001863
v -0.099920 -0.004456 0.001855
v -0.079870 -0.025702 0.001850
v -0.080216 -0.005793 0.001854
v -0.059402 -0.026983 0.001858
v -0.059976 -0.007743 0.001869
v -0.059767 0.011346 0.001875
v -0.042348 -0.009349 0.001880
v -0.042468 0.009117 0.001883
v -0.041701 0.027435 0.001888
v -0.059110 0.029686 0.001879
v -0.039078 0.048177 0.001885
v -0.054504 0.049568 0.001881
v -0.035487 0.070057 0.001874
v -0.052329 0.070810 0.001880
v -0.063890 0.070227 0.001869
v -0.052568 0.089203 0.001889
v -0.065005 0.089329 0.001871
v -0.072976 0.087791 0.001866
v -0.071263 0.069135 0.001905
v -0.078207 0.052237 0.002753
v -0.088596 0.041973 0.002947
v -0.081305 0.052557 0.006435
v -0.090057 0.044110 0.006228
v -0.100745 0.042227 0.005981
v -0.100719 0.044348 0.010526
v -0.111780 0.047647 0.005690
v -0.053025 0.106961 0.001903
v -0.032483 0.085929 0.001884
v -0.034438 0.106053 0.001891
v -0.035008 0.124911 0.001889
v -0.015408 0.103809 0.001872
v -0.015344 0.123209 0.001876
v -0.015347 0.142254 0.001861
v -0.035294 0.143937 0.001879
v -0.015684 0.155442 0.001866
v -0.035575 0.155671 0.001883
v -0.016042 0.163309 0.001887
v -0.035810 0.162767 0.001900
v -0.054944 0.162670 0.001907
v -0.036032 0.168346 0.001963
v -0.054408 0.168617 0.001938
v -0.072489 0.169109 0.001942
v -0.072593 0.163798 0.001911
v -0.092982 0.168876 0.001931
v -0.092939 0.164338 0.001910
v -0.113274 0.168091 0.001933
v -0.112777 0.162811 0.001898
v -0.131801 0.167263 0.001912
v -0.131022 0.160986 0.001871
v -0.149866 0.166707 0.001919
v -0.149189 0.160521 0.001861
v -0.148116 0.152011 0.001855
v -0.146418 0.138445 0.001878
v -0.145637 0.120186 0.001885
v -0.129673 0.100479 0.001902
v -0.121588 0.080748 0.001933
v -0.120468 0.101206 0.001998
v -0.118832 0.121416 0.005568
v -0.113953 0.132756 0.009240
v -0.115968 0.133799 0.006364
v -0.106385 0.140834 0.008918
v -0.107302 0.142299 0.005813
v -0.093897 0.144263 0.009020
v -0.093656 0.146544 0.005188
v -0.081208 0.139597 0.009267
v -0.079202 0.141477 0.005202
v -0.075058 0.127403 0.009052
v -0.079282 0.114999 0.008828
v -0.123740 0.061968 0.001966
v -0.132308 0.172940 0.002112
v -0.150405 0.171973 0.002150
v -0.132541 0.176618 0.004213
v -0.150745 0.176102 0.004380
v -0.169578 0.176645 0.004139
v -0.150856 0.178446 0.008213
v -0.169925 0.178425 0.008184
v -0.189285 0.178518 0.008420
v -0.170154 0.181774 0.011467
v -0.189570 0.181795 0.011610
v -0.209162 0.181610 0.011530
v -0.189844 0.186143 0.013068
v -0.209414 0.185876 0.013151
v -0.190080 0.190760 0.013175
v -0.209674 0.190673 0.013184
v -0.190290 0.195430 0.012815
v -0.209857 0.195351 0.012862
v -0.190472 0.199519 0.010557
v -0.210040 0.199478 0.010728
v -0.190643 0.202321 0.006674
v -0.210219 0.202390 0.006963
v -0.190789 0.204737 0.002282
v -0.210388 0.204481 0.002516
v -0.190895 0.206999 -0.002369
v -0.210562 0.206850 -0.001971
v -0.191001 0.207461 -0.007504
v -0.210724 0.207399 -0.007170
v -0.191118 0.208644 -0.012363
v -0.210892 0.208451 -0.012172
v -0.191241 0.208093 -0.016976
v -0.211047 0.208186 -0.016824
v -0.191367 0.204092 -0.019371
v -0.211191 0.204242 -0.019234
v -0.191499 0.199205 -0.019492
v -0.211322 0.199220 -0.019468
v -0.191649 0.194145 -0.019522
v -0.211455 0.194052 -0.019518
v -0.191833 0.188859 -0.019532
v -0.211615 0.188506 -0.019533
v -0.192095 0.180001 -0.019536
v -0.211825 0.179845 -0.019539
v -0.192413 0.167911 -0.019536
v -0.212100 0.167909 -0.019540
v -0.192786 0.151161 -0.019536
v -0.212436 0.150982 -0.019538
v -0.193211 0.131078 -0.019533
v -0.212832 0.130980 -0.019533
v -0.193604 0.110921 -0.019536
v -0.213214 0.110847 -0.019532
v -0.232871 0.110747 -0.019534
v -0.213577 0.090752 -0.019541
v -0.233225 0.090676 -0.019541
v -0.252910 0.090583 -0.019544
v -0.233564 0.070637 -0.019540
v -0.253241 0.070572 -0.019540
v -0.272948 0.070497 -0.019553
v -0.253562 0.050584 -0.019543
v -0.273262 0.050541 -0.019557
v -0.292991 0.050491 -0.019557
v -0.273566 0.030598 -0.019560
v -0.293289 0.030582 -0.019556
v -0.313042 0.030567 -0.019545
v -0.293577 0.010678 -0.019556
v -0.313321 0.010697 -0.019553
v -0.333096 0.010721 -0.019554
v -0.313588 -0.009175 -0.019556
v -0.333350 -0.009117 -0.019555
v -0.353145 -0.009051 -0.019561
v -0.333590 -0.028965 -0.019556
v -0.353363 -0.028864 -0.019556
v -0.373172 -0.028753 -0.019567
v -0.353566 -0.048692 -0.019556
v -0.373338 -0.048546 -0.019567
v -0.393151 -0.048383 -0.019580
v -0.373486 -0.068360 -0.019572
v -0.393235 -0.068163 -0.019583
v -0.413037 -0.067945 -0.019582
v -0.413031 -0.048204 -0.019584
v -0.432909 -0.067711 -0.019581
v -0.432979 -0.048008 -0.019581
v -0.452111 -0.067475 -0.019592
v -0.452256 -0.047813 -0.019589
v -0.466613 -0.067291 -0.019602
v -0.466922 -0.047650 -0.019598
v -0.477185 -0.067166 -0.019598
v -0.466257 -0.086936 -0.019600
v -0.451842 -0.087155 -0.019591
v -0.451499 -0.106849 -0.019584
v -0.432755 -0.087439 -0.019581
v -0.432495 -0.107180 -0.019575
v -0.432153 -0.126934 -0.019572
v -0.412909 -0.107508 -0.019578
v -0.412801 -0.127349 -0.019573
v -0.412707 -0.147254 -0.019571
v -0.393418 -0.127700 -0.019580
v -0.393534 -0.147607 -0.019574
v -0.393707 -0.165273 -0.019569
v -0.374160 -0.147884 -0.019572
v -0.374410 -0.165374 -0.019564
v -0.374638 -0.176788 -0.019559
v -0.354861 -0.165537 -0.019561
v -0.355058 -0.176837 -0.019559
v -0.355214 -0.185087 -0.019558
v -0.335386 -0.177073 -0.019556
v -0.335515 -0.185282 -0.019557
v -0.335622 -0.191277 -0.019552
v -0.315829 -0.185380 -0.019554
v -0.315939 -0.191297 -0.019551
v -0.316028 -0.195963 -0.019539
v -0.296133 -0.191293 -0.019544
v -0.296198 -0.196007 -0.019527
v -0.296259 -0.200635 -0.019459
v -0.276394 -0.195966 -0.019518
v -0.276440 -0.200624 -0.019455
v -0.276479 -0.205175 -0.019041
v -0.256829 -0.200740 -0.019439
v -0.256866 -0.205351 -0.019015
v -0.256888 -0.209169 -0.016507
v -0.237128 -0.205446 -0.018789
v -0.237151 -0.209245 -0.016403
v -0.237181 -0.211337 -0.012634
v -0.217429 -0.209300 -0.016331
v -0.217481 -0.211123 -0.012450
v -0.217528 -0.208686 -0.008866
v -0.197913 -0.211137 -0.012370
v -0.197963 -0.208625 -0.008748
v -0.198012 -0.205164 -0.005640
v -0.178522 -0.208504 -0.008667
v -0.178587 -0.205050 -0.005549
v -0.178655 -0.201622 -0.002290
v -0.159214 -0.204990 -0.005463
v -0.159279 -0.201574 -0.002206
v -0.159358 -0.198063 0.000917
v -0.139752 -0.201504 -0.002242
v -0.139820 -0.197790 0.000741
v -0.120250 -0.201365 -0.002151
v -0.120334 -0.197551 0.000709
v -0.120397 -0.192458 0.001669
v -0.100850 -0.197493 0.001221
v -0.100910 -0.192302 0.001762
v -0.100959 -0.186642 0.001823
v -0.081495 -0.192168 0.001671
v -0.081545 -0.186516 0.001811
v -0.081562 -0.179760 0.001836
v -0.062214 -0.186377 0.001805
v -0.062216 -0.179647 0.001837
v -0.061911 -0.163086 0.001834
v -0.081395 -0.163271 0.001837
v -0.061072 -0.143735 0.001836
v -0.080920 -0.143757 0.001833
v -0.059931 -0.124214 0.001848
v -0.080258 -0.123860 0.001834
v -0.058747 -0.104304 0.001850
v -0.079614 -0.103893 0.001835
v -0.057912 -0.084535 0.001844
v -0.079211 -0.084180 0.001835
v -0.057850 -0.065217 0.001842
v -0.079179 -0.064661 0.001834
v -0.058553 -0.045982 0.001847
v -0.079471 -0.045223 0.001837
v -0.040231 -0.046347 0.001864
v -0.041486 -0.027897 0.001872
v -0.029415 -0.046237 0.001897
v -0.031150 -0.028190 0.001899
v -0.032196 -0.010034 0.001912
v -0.024202 -0.028145 0.002027
v -0.025472 -0.010370 0.002053
v -0.025332 0.007629 0.001981
v -0.032307 0.008176 0.001902
v -0.024557 0.025711 0.001929
v -0.031360 0.026350 0.001897
v -0.020883 0.046082 0.001976
v -0.027497 0.046691 0.001890
v -0.010838 0.066158 0.001891
v -0.020878 0.068984 0.001869
v -0.017288 0.044720 0.002427
v -0.002791 0.062406 0.002996
v 0.019347 0.068793 0.001771
v 0.019880 0.064841 0.005456
v 0.039917 0.061165 0.005856
v -0.000957 0.059702 0.006120
v -0.000366 0.057764 0.008525
v 0.020309 0.062440 0.008016
v -0.015132 0.043471 0.006789
v -0.012323 0.042557 0.009361
v -0.012820 0.024739 0.009484
v -0.008208 0.024488 0.008925
v -0.007830 0.041371 0.008940
v 0.001397 0.053872 0.009592
v -0.016428 0.025036 0.006239
v -0.016315 0.006949 0.006446
v -0.012240 0.006637 0.009476
v -0.019495 0.025406 0.002027
v -0.019789 0.007207 0.002551
v -0.019792 -0.010577 0.003255
v -0.016306 -0.010723 0.006814
v -0.015628 -0.028100 0.007445
v -0.011026 -0.028139 0.009200
v -0.011757 -0.010953 0.009419
v -0.018627 -0.027983 0.002990
v -0.017873 -0.045732 0.003551
v -0.015179 -0.045592 0.008224
v -0.022482 -0.046001 0.002004
v -0.016815 -0.063779 0.005667
v -0.009511 -0.077638 0.009071
v -0.007340 -0.074494 0.009671
v -0.014253 -0.062592 0.008567
v -0.004484 -0.071072 0.008700
v -0.009869 -0.061133 0.009142
v -0.010649 -0.045367 0.009503
v -0.006143 -0.045022 0.007291
v -0.006319 -0.028262 0.007390
v 0.000823 -0.044917 0.004454
v 0.000485 -0.028626 0.004544
v -0.000790 -0.011421 0.004653
v -0.006889 -0.011146 0.007714
v -0.002317 0.006222 0.005042
v -0.007503 0.006479 0.008250
v -0.003632 0.024216 0.005328
v 0.007625 0.005649 0.004109
v 0.006048 0.023517 0.004113
v -0.003154 0.039966 0.005850
v 0.003232 0.050282 0.006834
v 0.020669 0.055119 0.006455
v 0.020462 0.058687 0.008895
v 0.038398 0.055614 0.009146
v 0.039529 0.059261 0.008348
v 0.050500 0.047314 0.009253
v 0.052980 0.049691 0.008679
v 0.054737 0.051597 0.006508
v 0.060992 0.036814 0.005364
v 0.064447 0.037370 0.002659
v 0.058345 0.036410 0.008456
v 0.058574 0.020068 0.008688
v 0.061399 0.019939 0.004979
v 0.054428 0.035987 0.009647
v 0.054516 0.020302 0.009764
v 0.054497 0.001995 0.009731
v 0.058319 0.001815 0.008531
v 0.050594 0.020626 0.007660
v 0.050802 0.002263 0.007765
v 0.050860 -0.016442 0.007725
v 0.054430 -0.016849 0.009401
v 0.045740 0.020935 0.004818
v 0.046441 0.002700 0.004867
v 0.046784 -0.015890 0.005150
v 0.047355 -0.035071 0.005504
v 0.050987 -0.035570 0.007780
v 0.037547 0.003400 0.004177
v 0.038647 -0.014992 0.004201
v 0.039866 -0.033953 0.004243
v 0.039678 -0.052186 0.004207
v 0.046800 -0.053902 0.005310
v 0.025258 -0.013579 0.004092
v 0.026758 -0.031769 0.004099
v 0.026962 -0.048999 0.004118
v 0.010920 -0.029556 0.004119
v 0.011903 -0.045970 0.004133
v 0.009249 -0.012108 0.004118
v 0.023420 0.004524 0.004091
v 0.036635 0.021473 0.004148
v 0.021870 0.022466 0.004089
v 0.050673 -0.054653 0.007550
v 0.054914 -0.055069 0.009344
v 0.054715 -0.035865 0.009286
v 0.058693 -0.055488 0.008051
v 0.058546 -0.036208 0.008261
v 0.058178 -0.017053 0.008117
v 0.061376 -0.036631 0.005286
v 0.061011 -0.017231 0.005243
v 0.061357 0.001637 0.005214
v 0.065207 -0.017483 0.002386
v 0.065997 0.001328 0.002523
v 0.065962 0.019855 0.002307
v 0.071989 0.001149 0.001968
v 0.072428 0.020190 0.001929
v 0.080789 0.000994 0.001888
v 0.083073 0.022415 0.001878
v 0.093549 0.000998 0.001875
v 0.092541 0.022261 0.001875
v 0.110529 0.001201 0.001874
v 0.107169 0.021895 0.001884
v 0.129907 0.001550 0.001878
v 0.126363 0.025253 0.001877
v 0.115413 0.038213 0.001973
v 0.130264 -0.020694 0.001864
v 0.148753 -0.021797 0.001868
v 0.147715 -0.000573 0.001880
v 0.111920 -0.019730 0.001861
v 0.111977 -0.040533 0.001840
v 0.130115 -0.041877 0.001843
v 0.094287 -0.018930 0.001873
v 0.094506 -0.039023 0.001858
v 0.093587 -0.059800 0.001849
v 0.110781 -0.061737 0.001832
v 0.080656 -0.018349 0.001894
v 0.081013 -0.037876 0.001895
v 0.080625 -0.058068 0.001880
v 0.077287 -0.078678 0.001868
v 0.090655 -0.080844 0.001848
v 0.071835 -0.037209 0.002022
v 0.071260 -0.056873 0.001988
v 0.067788 -0.077364 0.001943
v 0.066001 -0.056330 0.002503
v 0.062302 -0.076435 0.002375
v 0.052925 -0.089920 0.002046
v 0.046629 -0.097140 0.002277
v 0.057200 -0.075190 0.005472
v 0.045555 -0.087018 0.003822
v 0.039414 -0.093448 0.004558
v 0.040025 -0.086630 0.007464
v 0.034968 -0.092940 0.008391
v 0.034439 -0.096638 0.010454
v 0.029784 -0.101967 0.016372
v 0.036204 -0.100715 0.013495
v 0.031644 -0.109079 0.018861
v 0.039816 -0.106917 0.015829
v 0.021760 -0.111207 0.019220
v 0.020650 -0.102943 0.016360
v 0.053406 -0.074492 0.009146
v 0.061401 -0.055829 0.005329
v 0.065476 -0.036845 0.002695
v 0.071626 -0.017985 0.002032
v 0.086115 -0.099914 0.001854
v 0.104255 -0.103000 0.001850
v 0.108117 -0.082945 0.001836
v 0.123438 -0.105077 0.001852
v 0.126635 -0.084564 0.001840
v 0.128866 -0.063188 0.001836
v 0.145600 -0.085546 0.001848
v 0.147667 -0.064268 0.001848
v 0.148816 -0.042974 0.001854
v 0.166959 -0.064833 0.001856
v 0.168050 -0.043661 0.001866
v 0.168200 -0.022800 0.001877
v 0.188145 -0.043955 0.001869
v 0.188575 -0.023373 0.001881
v 0.187893 -0.003352 0.001892
v 0.167478 -0.002347 0.001887
v 0.186500 0.016049 0.001885
v 0.166332 0.017656 0.001880
v 0.145062 0.021006 0.001880
v 0.185187 0.034826 0.001856
v 0.165403 0.035838 0.001858
v 0.146389 0.037796 0.001866
v 0.164350 0.054345 0.001842
v 0.146029 0.055593 0.001854
v 0.132791 0.056566 0.001865
v 0.131983 0.041246 0.001867
v 0.144627 0.073044 0.001852
v 0.131357 0.073079 0.001860
v 0.122705 0.072176 0.001926
v 0.123862 0.056768 0.001944
v 0.121735 0.045412 0.001962
v 0.116332 0.070910 0.002328
v 0.119046 0.056405 0.002435
v 0.116887 0.047137 0.003048
v 0.110665 0.042073 0.004435
v 0.116797 0.056110 0.008037
v 0.112096 0.069841 0.005256
v 0.109365 0.068987 0.009418
v 0.112110 0.056390 0.013841
v 0.104873 0.067503 0.010924
v 0.100094 0.065884 0.010488
v 0.096550 0.063853 0.006552
v 0.093924 0.083685 0.002844
v 0.092012 0.062941 0.002318
v 0.086643 0.082145 0.001951
v 0.086704 0.061851 0.001926
v 0.091032 0.102786 0.002916
v 0.084318 0.100539 0.001981
v 0.075535 0.098284 0.001898
v 0.080308 0.116546 0.002173
v 0.073901 0.116221 0.001931
v 0.061337 0.116453 0.001888
v 0.062165 0.096957 0.001890
v 0.043664 0.117526 0.001882
v 0.043540 0.097296 0.001888
v 0.023500 0.119177 0.001874
v 0.022440 0.098869 0.001867
v 0.003866 0.121163 0.001877
v 0.002639 0.101172 0.001865
v -0.015640 0.083176 0.001868
v 0.023978 0.139070 0.001859
v 0.004192 0.140620 0.001862
v 0.023899 0.153895 0.001856
v 0.003978 0.154669 0.001861
v 0.023605 0.162345 0.001878
v 0.003726 0.162827 0.001882
v 0.023324 0.168312 0.001922
v 0.003590 0.168594 0.001938
v -0.016332 0.169027 0.001950
v 0.003505 0.173708 0.002137
v -0.016471 0.173865 0.002250
v -0.036096 0.173637 0.002452
v -0.016496 0.176878 0.004680
v -0.036057 0.176812 0.005139
v -0.054187 0.176914 0.004715
v -0.054128 0.173802 0.002096
v -0.072949 0.176723 0.004404
v -0.072713 0.173770 0.002153
v -0.093240 0.176629 0.004118
v -0.093078 0.173538 0.002092
v -0.113404 0.176566 0.003910
v -0.113403 0.173363 0.002074
v -0.093417 0.177333 0.007756
v -0.113450 0.177199 0.007743
v -0.132445 0.177654 0.008077
v -0.113516 0.181031 0.010888
v -0.132376 0.181394 0.011182
v -0.151023 0.181655 0.011395
v -0.132358 0.185838 0.013075
v -0.151163 0.186073 0.013001
v -0.170350 0.186090 0.013095
v -0.151269 0.190781 0.013167
v -0.170569 0.190733 0.013177
v -0.151386 0.195549 0.012890
v -0.170790 0.195425 0.012900
v -0.151536 0.199714 0.010562
v -0.170993 0.199543 0.010540
v -0.151692 0.202556 0.006398
v -0.171163 0.202449 0.006505
v -0.151853 0.205036 0.001819
v -0.171322 0.204910 0.001968
v -0.152009 0.206964 -0.003029
v -0.171469 0.206937 -0.002833
v -0.152164 0.207645 -0.008069
v -0.171603 0.207556 -0.007910
v -0.152319 0.208914 -0.012871
v -0.171725 0.208759 -0.012754
v -0.152458 0.208022 -0.017397
v -0.171845 0.208003 -0.017287
v -0.152597 0.203793 -0.019274
v -0.171947 0.203916 -0.019301
v -0.152736 0.198941 -0.019464
v -0.172051 0.199062 -0.019475
v -0.152874 0.194058 -0.019511
v -0.172171 0.194113 -0.019516
v -0.153029 0.188918 -0.019529
v -0.172326 0.188864 -0.019528
v -0.153231 0.180603 -0.019535
v -0.172564 0.180323 -0.019533
v -0.153498 0.168504 -0.019536
v -0.172878 0.168164 -0.019534
v -0.153831 0.151095 -0.019542
v -0.173257 0.151175 -0.019538
v -0.154188 0.131139 -0.019545
v -0.173666 0.131127 -0.019541
v -0.154539 0.110988 -0.019540
v -0.174048 0.110967 -0.019542
v -0.154877 0.090861 -0.019543
v -0.174405 0.090844 -0.019550
v -0.193969 0.090808 -0.019548
v -0.174744 0.070749 -0.019553
v -0.194315 0.070726 -0.019553
v -0.213922 0.070689 -0.019544
v -0.194646 0.050667 -0.019548
v -0.214253 0.050649 -0.019537
v -0.233891 0.050621 -0.019537
v -0.214570 0.030626 -0.019543
v -0.234207 0.030621 -0.019544
v -0.253873 0.030611 -0.019553
v -0.234510 0.010631 -0.019558
v -0.254172 0.010647 -0.019560
v -0.273861 0.010662 -0.019561
v -0.254461 -0.009315 -0.019566
v -0.274145 -0.009272 -0.019563
v -0.293853 -0.009226 -0.019558
v -0.274420 -0.029210 -0.019562
v -0.294120 -0.029136 -0.019558
v -0.313844 -0.029055 -0.019558
v -0.294379 -0.049056 -0.019561
v -0.314091 -0.048946 -0.019561
v -0.333819 -0.048825 -0.019556
v -0.314332 -0.068852 -0.019560
v -0.334042 -0.068703 -0.019558
v -0.353759 -0.068540 -0.019560
v -0.334263 -0.088601 -0.019563
v -0.353949 -0.088410 -0.019570
v -0.373625 -0.088201 -0.019580
v -0.354149 -0.108309 -0.019575
v -0.373771 -0.108073 -0.019584
v -0.393349 -0.107807 -0.019585
v -0.393296 -0.087969 -0.019586
v -0.412993 -0.087713 -0.019582
v -0.373942 -0.127991 -0.019580
v -0.354369 -0.128239 -0.019575
v -0.354618 -0.148156 -0.019567
v -0.334729 -0.128468 -0.019562
v -0.334978 -0.148319 -0.019556
v -0.335215 -0.166023 -0.019555
v -0.315310 -0.148529 -0.019548
v -0.315537 -0.166285 -0.019551
v -0.315696 -0.177268 -0.019554
v -0.295836 -0.166596 -0.019545
v -0.295960 -0.177315 -0.019546
v -0.296056 -0.185368 -0.019546
v -0.276226 -0.177256 -0.019544
v -0.276296 -0.185188 -0.019542
v -0.276348 -0.191238 -0.019537
v -0.256648 -0.185096 -0.019541
v -0.256732 -0.191305 -0.019532
v -0.256788 -0.196040 -0.019512
v -0.237015 -0.191287 -0.019528
v -0.237061 -0.196105 -0.019503
v -0.237097 -0.200851 -0.019400
v -0.217297 -0.196141 -0.019518
v -0.217339 -0.200916 -0.019456
v -0.217374 -0.205551 -0.018911
v -0.197742 -0.201002 -0.019405
v -0.197809 -0.205591 -0.018923
v -0.197861 -0.209325 -0.016275
v -0.178331 -0.205634 -0.019025
v -0.178386 -0.209358 -0.016236
v -0.178453 -0.211078 -0.012192
v -0.159037 -0.209405 -0.016142
v -0.159103 -0.211122 -0.012218
v -0.159154 -0.208408 -0.008665
v -0.139581 -0.211271 -0.011984
v -0.139635 -0.208366 -0.008620
v -0.139692 -0.204944 -0.005442
v -0.120077 -0.208197 -0.008487
v -0.120167 -0.204807 -0.005336
v -0.100648 -0.208010 -0.008415
v -0.100717 -0.204683 -0.005208
v -0.100785 -0.201261 -0.001944
v -0.081356 -0.204686 -0.005219
v -0.081409 -0.201213 -0.002014
v -0.081447 -0.197299 0.000813
v -0.062112 -0.201173 -0.002010
v -0.062156 -0.197221 0.000765
v -0.062190 -0.192061 0.001681
v -0.043046 -0.197333 0.001088
v -0.043076 -0.192062 0.001727
v -0.043121 -0.186350 0.001813
v -0.024147 -0.192138 0.001698
v -0.024282 -0.186483 0.001824
v -0.024397 -0.179621 0.001839
v -0.043123 -0.179376 0.001837
v -0.023817 -0.163036 0.001834
v -0.042636 -0.162989 0.001836
v -0.041281 -0.144050 0.001843
v -0.039640 -0.125320 0.001853
v -0.005739 -0.179608 0.001841
v -0.005604 -0.163581 0.001832
v 0.013662 -0.179383 0.001843
v 0.013385 -0.164332 0.001831
v 0.033523 -0.178439 0.001845
v 0.032440 -0.163518 0.001828
v 0.030950 -0.151403 0.001836
v 0.041985 -0.138520 0.001958
v 0.029997 -0.143092 0.001992
v 0.040668 -0.135599 0.002302
v 0.029782 -0.139850 0.002443
v 0.039870 -0.133504 0.005909
v 0.029859 -0.137010 0.006105
v 0.018516 -0.135811 0.005952
v 0.007271 -0.126745 0.005840
v 0.048948 -0.127558 0.002246
v 0.047033 -0.125421 0.005306
v 0.049203 -0.115527 0.005757
v 0.050954 -0.130070 0.001992
v 0.033810 -0.185927 0.001840
v 0.053519 -0.185526 0.001842
v 0.013989 -0.186319 0.001830
v 0.014184 -0.192048 0.001763
v 0.033955 -0.191749 0.001788
v -0.005394 -0.186464 0.001823
v -0.005182 -0.192137 0.001710
v -0.005018 -0.197332 0.000941
v 0.014324 -0.197315 0.001174
v -0.024028 -0.197272 0.000784
v -0.023918 -0.201222 -0.002004
v -0.004853 -0.201203 -0.001996
v -0.042981 -0.201186 -0.001952
v -0.042920 -0.204688 -0.005216
v -0.023802 -0.204719 -0.005238
v -0.062065 -0.204674 -0.005215
v -0.062011 -0.208070 -0.008458
v -0.042858 -0.208110 -0.008483
v -0.081292 -0.208049 -0.008439
v -0.081208 -0.210812 -0.011960
v -0.061951 -0.210671 -0.012080
v -0.100582 -0.210792 -0.011909
v -0.100532 -0.209518 -0.015946
v -0.081152 -0.209399 -0.016113
v -0.119970 -0.211018 -0.011877
v -0.119919 -0.209602 -0.015923
v -0.119885 -0.206016 -0.018824
v -0.100496 -0.205916 -0.018723
v -0.139536 -0.209594 -0.015953
v -0.139493 -0.206014 -0.018758
v -0.139439 -0.201497 -0.019397
v -0.119855 -0.201473 -0.019431
v -0.158958 -0.205718 -0.018894
v -0.158902 -0.201236 -0.019418
v -0.158840 -0.196588 -0.019500
v -0.139382 -0.196810 -0.019503
v -0.178276 -0.201064 -0.019442
v -0.178218 -0.196391 -0.019504
v -0.178165 -0.191676 -0.019518
v -0.158772 -0.191911 -0.019523
v -0.197693 -0.196271 -0.019496
v -0.197649 -0.191515 -0.019520
v -0.197604 -0.185399 -0.019526
v -0.178106 -0.185751 -0.019524
v -0.217259 -0.191303 -0.019529
v -0.217219 -0.185252 -0.019531
v -0.217162 -0.177162 -0.019533
v -0.197546 -0.177365 -0.019529
v -0.236952 -0.185122 -0.019536
v -0.236863 -0.177105 -0.019540
v -0.236742 -0.166601 -0.019547
v -0.217076 -0.166758 -0.019540
v -0.256549 -0.177205 -0.019545
v -0.256423 -0.166626 -0.019552
v -0.256233 -0.149195 -0.019561
v -0.236567 -0.149451 -0.019558
v -0.276124 -0.166796 -0.019547
v -0.275920 -0.148908 -0.019550
v -0.275686 -0.129086 -0.019559
v -0.256009 -0.129297 -0.019570
v -0.295613 -0.148706 -0.019545
v -0.295371 -0.128882 -0.019553
v -0.295126 -0.108907 -0.019560
v -0.275443 -0.109083 -0.019564
v -0.315057 -0.128682 -0.019554
v -0.314811 -0.108721 -0.019562
v -0.314571 -0.088776 -0.019562
v -0.294880 -0.088939 -0.019563
v -0.334490 -0.108523 -0.019565
v -0.294632 -0.068989 -0.019560
v -0.274944 -0.069115 -0.019562
v -0.275196 -0.089090 -0.019564
v -0.255273 -0.069231 -0.019563
v -0.255526 -0.089229 -0.019563
v -0.255772 -0.109248 -0.019570
v -0.235875 -0.089357 -0.019556
v -0.236117 -0.109398 -0.019560
v -0.236349 -0.129474 -0.019564
v -0.216486 -0.109528 -0.019550
v -0.216712 -0.129605 -0.019555
v -0.216917 -0.149605 -0.019551
v -0.197108 -0.129715 -0.019558
v -0.197306 -0.149647 -0.019551
v -0.197465 -0.167207 -0.019536
v -0.177759 -0.149773 -0.019548
v -0.177933 -0.167188 -0.019535
v -0.178029 -0.177663 -0.019527
v -0.158449 -0.167151 -0.019536
v -0.158578 -0.177937 -0.019532
v -0.158686 -0.186115 -0.019530
v -0.139130 -0.178004 -0.019535
v -0.139243 -0.186171 -0.019533
v -0.139322 -0.192146 -0.019526
v -0.119730 -0.186072 -0.019534
v -0.119784 -0.192005 -0.019528
v -0.119823 -0.196771 -0.019508
v -0.100365 -0.191909 -0.019531
v -0.100419 -0.196674 -0.019507
v -0.100460 -0.201381 -0.019410
v -0.080969 -0.196555 -0.019531
v -0.081036 -0.201278 -0.019484
v -0.081095 -0.205897 -0.019111
v -0.061685 -0.201160 -0.019482
v -0.061776 -0.205678 -0.019148
v -0.061867 -0.209250 -0.016221
v -0.042606 -0.205783 -0.019186
v -0.042700 -0.209334 -0.016158
v -0.042790 -0.210904 -0.012042
v -0.023457 -0.209428 -0.016020
v -0.023566 -0.210963 -0.011881
v -0.023689 -0.208122 -0.008465
v -0.004418 -0.210898 -0.011747
v -0.004554 -0.208026 -0.008390
v -0.004698 -0.204660 -0.005185
v 0.014797 -0.207887 -0.008172
v 0.014658 -0.204486 -0.005010
v 0.014508 -0.201060 -0.001790
v 0.034380 -0.204284 -0.004797
v 0.034237 -0.200835 -0.001571
v 0.034095 -0.197031 0.001305
v 0.053964 -0.200647 -0.001439
v 0.053829 -0.196685 0.001358
v 0.053664 -0.191375 0.001791
v 0.073396 -0.196538 0.001336
v 0.073139 -0.191176 0.001770
v 0.072723 -0.185270 0.001837
v 0.093362 -0.191333 0.001783
v 0.093049 -0.185517 0.001835
v 0.114201 -0.191602 0.001748
v 0.114075 -0.185915 0.001826
v 0.114008 -0.178512 0.001842
v 0.134938 -0.186357 0.001808
v 0.135057 -0.179398 0.001831
v 0.135777 -0.164253 0.001838
v 0.114638 -0.161984 0.001847
v 0.137615 -0.145445 0.001846
v 0.116774 -0.143331 0.001856
v 0.140083 -0.126339 0.001860
v 0.119914 -0.124507 0.001864
v 0.099998 -0.121091 0.001863
v 0.081405 -0.116302 0.001870
v 0.142945 -0.106449 0.001856
v 0.160277 -0.127373 0.001854
v 0.162721 -0.107196 0.001850
v 0.165070 -0.086140 0.001849
v 0.182682 -0.107780 0.001849
v 0.184954 -0.086256 0.001849
v 0.186856 -0.064897 0.001858
v 0.204574 -0.085766 0.001850
v 0.206441 -0.064617 0.001854
v 0.207974 -0.043913 0.001861
v 0.220087 -0.064279 0.001859
v 0.221454 -0.043804 0.001869
v 0.224050 -0.023504 0.001894
v 0.209112 -0.023371 0.001870
v 0.229037 -0.043760 0.001977
v 0.230436 -0.023808 0.002000
v 0.234752 -0.043745 0.002372
v 0.235562 -0.024118 0.002846
v 0.239637 -0.008233 0.004887
v 0.241971 -0.009733 0.008152
v 0.252677 -0.000369 0.008031
v 0.251674 0.001980 0.005077
v 0.239033 -0.024465 0.006307
v 0.238957 -0.043691 0.005626
v 0.242370 -0.043611 0.009293
v 0.242348 -0.024789 0.009344
v 0.245305 -0.011476 0.009685
v 0.256094 -0.007587 0.007721
v 0.254232 -0.003681 0.009770
v 0.269101 -0.002643 0.006707
v 0.268659 0.001585 0.009721
v 0.267892 0.005675 0.008686
v 0.285175 0.002662 0.009795
v 0.285255 0.007558 0.009765
v 0.284949 0.011022 0.006512
v 0.267433 0.008644 0.005394
v 0.284701 0.015023 0.003030
v 0.266457 0.012958 0.002616
v 0.284687 0.019332 0.002135
v 0.265512 0.018065 0.002048
v 0.264422 0.027812 0.001909
v 0.264077 0.042077 0.001876
v 0.243515 0.038981 0.001847
v 0.243244 0.057259 0.001839
v 0.223010 0.055279 0.001833
v 0.224269 0.036389 0.001843
v 0.203433 0.054065 0.001834
v 0.204950 0.035053 0.001856
v 0.183913 0.053769 0.001835
v 0.202448 0.072759 0.001847
v 0.182822 0.072322 0.001848
v 0.163215 0.072517 0.001850
v 0.181922 0.090751 0.001864
v 0.162305 0.090359 0.001858
v 0.144026 0.090143 0.001855
v 0.161592 0.109106 0.001864
v 0.144460 0.108632 0.001860
v 0.133450 0.108755 0.001911
v 0.131197 0.090288 0.001861
v 0.127013 0.109356 0.002199
v 0.122628 0.090580 0.001904
v 0.122806 0.109865 0.003150
v 0.115802 0.091258 0.002100
v 0.119351 0.110169 0.006137
v 0.111885 0.091383 0.004268
v 0.124694 0.125661 0.006537
v 0.121928 0.124331 0.009511
v 0.118028 0.122678 0.009376
v 0.115904 0.136149 0.008084
v 0.104523 0.139274 0.008665
v 0.093217 0.137412 0.005973
v 0.094888 0.135654 0.009027
v 0.085950 0.129273 0.006121
v 0.088962 0.127852 0.009531
v 0.085078 0.117100 0.005635
v 0.160778 0.129078 0.001874
v 0.181167 0.109759 0.001870
v 0.180488 0.129413 0.001878
v 0.180041 0.146730 0.001882
v 0.159978 0.146267 0.001880
v 0.179778 0.157531 0.001889
v 0.159609 0.156850 0.001888
v 0.179554 0.164517 0.001912
v 0.159455 0.163772 0.001906
v 0.139966 0.162585 0.001902
v 0.159437 0.169338 0.001947
v 0.140070 0.168594 0.001953
v 0.121638 0.167649 0.001911
v 0.121293 0.161596 0.001891
v 0.102362 0.167140 0.001938
v 0.121658 0.173064 0.001992
v 0.102316 0.172991 0.002103
v 0.082514 0.172726 0.002069
v 0.082729 0.166407 0.001921
v 0.063469 0.172803 0.001939
v 0.063536 0.167057 0.001894
v 0.043291 0.173453 0.001862
v 0.043460 0.168049 0.001874
v 0.043643 0.161827 0.001862
v 0.043795 0.152925 0.001850
v 0.043773 0.137582 0.001862
v 0.023124 0.173648 0.002076
v 0.043111 0.177047 0.003957
v 0.022945 0.177001 0.004141
v 0.003396 0.177079 0.004179
v 0.022804 0.177740 0.008078
v 0.003253 0.178209 0.007990
v -0.016446 0.178117 0.008458
v 0.003110 0.181903 0.011319
v -0.016436 0.181980 0.011405
v -0.035659 0.182317 0.011698
v -0.035864 0.178905 0.008880
v -0.054687 0.182197 0.011642
v -0.054453 0.178776 0.008640
v -0.073565 0.181362 0.011087
v -0.073223 0.177649 0.008210
v -0.093578 0.180928 0.010781
v -0.073815 0.185843 0.012985
v -0.093764 0.185580 0.012765
v -0.113560 0.185597 0.013067
v -0.093962 0.190655 0.013123
v -0.113627 0.190754 0.013167
v -0.132370 0.190778 0.013162
v -0.113699 0.195687 0.012820
v -0.132489 0.195648 0.012805
v -0.113791 0.199874 0.010392
v -0.132595 0.199807 0.010366
v -0.113881 0.202711 0.006304
v -0.132697 0.202597 0.006273
v -0.113974 0.204979 0.001690
v -0.132814 0.205097 0.001783
v -0.114068 0.206856 -0.003092
v -0.132941 0.207181 -0.003022
v -0.114152 0.207735 -0.008086
v -0.133072 0.207674 -0.008060
v -0.114242 0.209027 -0.012909
v -0.133200 0.208871 -0.012870
v -0.114331 0.208033 -0.017434
v -0.133329 0.207918 -0.017338
v -0.114388 0.203772 -0.019291
v -0.133452 0.203691 -0.019204
v -0.114448 0.198915 -0.019479
v -0.133573 0.198872 -0.019454
v -0.114522 0.194054 -0.019514
v -0.133687 0.194017 -0.019506
v -0.114600 0.189095 -0.019526
v -0.133805 0.189076 -0.019525
v -0.114694 0.180438 -0.019528
v -0.133961 0.180582 -0.019531
v -0.114834 0.168528 -0.019528
v -0.134169 0.168592 -0.019533
v -0.115039 0.151155 -0.019537
v -0.134432 0.151104 -0.019543
v -0.115303 0.131117 -0.019541
v -0.134743 0.131133 -0.019548
v -0.115589 0.110979 -0.019531
v -0.135060 0.110990 -0.019538
v -0.115883 0.090853 -0.019526
v -0.135374 0.090863 -0.019533
v -0.116180 0.070741 -0.019522
v -0.135686 0.070755 -0.019532
v -0.155203 0.070758 -0.019545
v -0.135993 0.050662 -0.019532
v -0.155522 0.050673 -0.019544
v -0.175070 0.050675 -0.019553
v -0.155831 0.030602 -0.019550
v -0.175385 0.030617 -0.019553
v -0.194964 0.030625 -0.019547
v -0.175690 0.010569 -0.019556
v -0.195271 0.010592 -0.019554
v -0.214877 0.010613 -0.019555
v -0.195567 -0.009434 -0.019557
v -0.215172 -0.009395 -0.019565
v -0.234803 -0.009355 -0.019570
v -0.215457 -0.029403 -0.019574
v -0.235087 -0.029343 -0.019575
v -0.254741 -0.029279 -0.019569
v -0.235359 -0.049335 -0.019570
v -0.255012 -0.049249 -0.019565
v -0.274686 -0.049157 -0.019563
v -0.235622 -0.069339 -0.019562
v -0.215731 -0.049415 -0.019570
v -0.215995 -0.069437 -0.019560
v -0.216247 -0.089473 -0.019549
v -0.196393 -0.069529 -0.019557
v -0.196646 -0.089579 -0.019552
v -0.196886 -0.109645 -0.019554
v -0.177075 -0.089677 -0.019555
v -0.177320 -0.109754 -0.019559
v -0.177550 -0.129834 -0.019557
v -0.157785 -0.109854 -0.019561
v -0.158028 -0.129949 -0.019556
v -0.158254 -0.149873 -0.019545
v -0.138532 -0.130035 -0.019568
v -0.138779 -0.150035 -0.019554
v -0.138985 -0.167112 -0.019541
v -0.119307 -0.150179 -0.019560
v -0.119516 -0.167049 -0.019543
v -0.119647 -0.177868 -0.019537
v -0.100060 -0.167257 -0.019542
v -0.100193 -0.177904 -0.019538
v -0.100292 -0.186017 -0.019538
v -0.080739 -0.177990 -0.019539
v -0.080841 -0.186147 -0.019541
v -0.080909 -0.191743 -0.019541
v -0.061425 -0.186053 -0.019544
v -0.061510 -0.191659 -0.019543
v -0.061594 -0.196455 -0.019533
v -0.042285 -0.191679 -0.019545
v -0.042399 -0.196508 -0.019538
v -0.042505 -0.201225 -0.019496
v -0.023100 -0.196594 -0.019532
v -0.023218 -0.201324 -0.019480
v -0.023334 -0.205862 -0.019016
v -0.003973 -0.201490 -0.019454
v -0.004115 -0.206112 -0.018894
v -0.004271 -0.209581 -0.015830
v 0.015217 -0.206275 -0.018515
v 0.015075 -0.209829 -0.015508
v 0.014929 -0.210930 -0.011420
v 0.034830 -0.209927 -0.015353
v 0.034684 -0.210790 -0.011266
v 0.034529 -0.207691 -0.007961
v 0.054375 -0.210677 -0.011145
v 0.054239 -0.207512 -0.007859
v 0.054102 -0.204120 -0.004663
v 0.074023 -0.207471 -0.007822
v 0.073831 -0.204083 -0.004626
v 0.073626 -0.200568 -0.001393
v 0.094064 -0.204172 -0.004707
v 0.093844 -0.200671 -0.001473
v 0.093616 -0.196626 0.001320
v 0.114417 -0.200812 -0.001610
v 0.114325 -0.196764 0.001217
v 0.134858 -0.201043 -0.001909
v 0.134884 -0.197066 0.000836
v 0.134900 -0.191971 0.001705
v 0.155225 -0.197331 0.000750
v 0.155330 -0.192317 0.001642
v 0.155448 -0.186818 0.001792
v 0.175305 -0.192564 0.001704
v 0.175494 -0.187149 0.001792
v 0.175811 -0.180978 0.001825
v 0.155688 -0.180418 0.001828
v 0.176655 -0.166438 0.001837
v 0.156458 -0.165589 0.001837
v 0.178260 -0.147700 0.001846
v 0.158079 -0.146831 0.001842
v 0.180350 -0.128172 0.001858
v 0.197964 -0.148373 0.001854
v 0.200167 -0.129004 0.001864
v 0.202486 -0.108407 0.001855
v 0.219133 -0.085161 0.001858
v 0.229181 -0.085901 0.001959
v 0.228258 -0.064038 0.001940
v 0.233710 -0.083782 0.002385
v 0.234214 -0.063738 0.002426
v 0.238038 -0.082960 0.004856
v 0.238460 -0.063529 0.005299
v 0.241154 -0.082466 0.008491
v 0.241723 -0.063525 0.009038
v 0.245537 -0.082101 0.009395
v 0.246382 -0.063638 0.009363
v 0.246844 -0.043864 0.009270
v 0.250688 -0.063568 0.006409
v 0.250988 -0.043909 0.006070
v 0.257662 -0.063528 0.003694
v 0.257995 -0.043866 0.003652
v 0.257651 -0.025174 0.003683
v 0.269267 -0.043812 0.003433
v 0.269497 -0.024495 0.003451
v 0.269518 -0.009899 0.003708
v 0.257020 -0.012816 0.004573
v 0.285370 -0.024026 0.003454
v 0.285362 -0.008971 0.004259
v 0.285174 -0.002426 0.007575
v 0.303310 -0.000985 0.008709
v 0.318399 -0.010431 0.009002
v 0.319988 -0.008605 0.009485
v 0.303814 0.002554 0.008526
v 0.322697 -0.005957 0.008736
v 0.304439 0.005333 0.006076
v 0.325462 -0.025476 0.008599
v 0.327945 -0.024964 0.005721
v 0.325115 -0.044776 0.008330
v 0.328277 -0.045067 0.005268
v 0.332876 -0.045219 0.002587
v 0.328413 -0.064502 0.005188
v 0.333323 -0.064620 0.002355
v 0.339707 -0.064877 0.001921
v 0.338923 -0.045349 0.001961
v 0.348534 -0.065355 0.001883
v 0.347807 -0.045648 0.001886
v 0.363048 -0.066262 0.001886
v 0.362354 -0.046278 0.001884
v 0.361483 -0.026276 0.001895
v 0.360522 -0.006345 0.001905
v 0.381813 -0.047215 0.001881
v 0.380966 -0.027172 0.001891
v 0.380040 -0.007476 0.001900
v 0.378983 0.011092 0.001903
v 0.401114 -0.028042 0.001879
v 0.400169 -0.008343 0.001887
v 0.399065 0.010700 0.001894
v 0.397938 0.029177 0.001895
v 0.377614 0.028659 0.001895
v 0.419575 -0.008977 0.001892
v 0.418491 0.010305 0.001904
v 0.417290 0.029340 0.001905
v 0.415907 0.048233 0.001900
v 0.396778 0.047946 0.001891
v 0.432925 0.009958 0.001913
v 0.432318 0.029203 0.001913
v 0.431678 0.048264 0.001908
v 0.430643 0.066974 0.001913
v 0.414089 0.066791 0.001906
v 0.441125 0.028930 0.001921
v 0.441027 0.048086 0.001919
v 0.440416 0.067015 0.001920
v 0.439724 0.085617 0.001922
v 0.429517 0.085376 0.001914
v 0.447551 0.047903 0.001943
v 0.447153 0.067039 0.001933
v 0.446711 0.085738 0.001944
v 0.447004 0.104483 0.001956
v 0.439824 0.104340 0.001921
v 0.452976 0.067068 0.001952
v 0.452915 0.085892 0.002062
v 0.453124 0.104600 0.002075
v 0.453814 0.123917 0.002201
v 0.447766 0.123717 0.001966
v 0.457037 0.086018 0.004026
v 0.456968 0.104738 0.004358
v 0.457155 0.123967 0.004867
v 0.457015 0.143429 0.006054
v 0.454007 0.143474 0.002351
v 0.458985 0.104845 0.008809
v 0.459238 0.124049 0.009227
v 0.459967 0.143168 0.009897
v 0.460662 0.160311 0.010373
v 0.457312 0.160030 0.007567
v 0.463640 0.124120 0.012411
v 0.464542 0.143216 0.012473
v 0.464788 0.160531 0.012383
v 0.470006 0.143187 0.012997
v 0.470489 0.160849 0.012983
v 0.475628 0.143067 0.013083
v 0.476505 0.161073 0.013091
v 0.476235 0.175275 0.013089
v 0.476540 0.185696 0.013121
v 0.482029 0.161123 0.013075
v 0.482719 0.175910 0.013076
v 0.483842 0.186563 0.013072
v 0.477137 0.193120 0.013063
v 0.488401 0.176159 0.012860
v 0.489670 0.187044 0.012645
v 0.493078 0.176249 0.011085
v 0.493870 0.187348 0.009924
v 0.495661 0.176305 0.006996
v 0.496079 0.187588 0.005917
v 0.496228 0.196426 0.005071
v 0.493806 0.203434 0.004829
v 0.497893 0.187798 0.001862
v 0.497770 0.197067 0.001535
v 0.495037 0.204570 0.001556
v 0.487085 0.206547 0.001061
v 0.486488 0.204935 0.004620
v 0.499103 0.197613 -0.002203
v 0.495841 0.205497 -0.002119
v 0.487564 0.208068 -0.002622
v 0.495983 0.205767 -0.006197
v 0.487864 0.208775 -0.006543
v 0.478071 0.209147 -0.007070
v 0.477864 0.208238 -0.002970
v 0.477702 0.206513 0.000977
v 0.477613 0.204731 0.004993
v 0.466273 0.208342 -0.003247
v 0.466261 0.206508 0.001039
v 0.466390 0.204634 0.005404
v 0.466724 0.202256 0.009635
v 0.477521 0.202624 0.009044
v 0.450719 0.206554 0.000725
v 0.450918 0.204597 0.005354
v 0.451267 0.202247 0.009649
v 0.451705 0.198229 0.012437
v 0.467117 0.197941 0.012553
v 0.432360 0.204497 0.005286
v 0.432431 0.202217 0.009554
v 0.432499 0.198482 0.012442
v 0.432597 0.193914 0.013141
v 0.452120 0.193177 0.013125
v 0.412825 0.201945 0.009721
v 0.412850 0.198126 0.012556
v 0.412869 0.193440 0.013159
v 0.412978 0.188681 0.013147
v 0.432972 0.189452 0.013146
v 0.393124 0.197739 0.012712
v 0.393201 0.192890 0.013173
v 0.393266 0.187836 0.013094
v 0.393331 0.183153 0.011825
v 0.413120 0.184062 0.012443
v 0.373363 0.192451 0.013174
v 0.373421 0.187344 0.013049
v 0.373477 0.182549 0.011317
v 0.373547 0.178711 0.008318
v 0.393352 0.179488 0.008849
v 0.353655 0.186703 0.012990
v 0.353665 0.182007 0.011065
v 0.353658 0.178229 0.008206
v 0.353698 0.177722 0.003933
v 0.373720 0.177466 0.004037
v 0.333035 0.181899 0.010942
v 0.332949 0.178283 0.008245
v 0.332851 0.177621 0.004026
v 0.332740 0.174056 0.001832
v 0.353825 0.174053 0.001776
v 0.312442 0.179052 0.007800
v 0.312172 0.177207 0.003832
v 0.311924 0.173636 0.001873
v 0.311705 0.168598 0.001899
v 0.332674 0.169097 0.001880
v 0.293078 0.177385 0.004181
v 0.292824 0.174030 0.002096
v 0.292527 0.168960 0.001966
v 0.292401 0.163037 0.001923
v 0.311664 0.163304 0.001899
v 0.273537 0.174235 0.002312
v 0.273829 0.169081 0.002000
v 0.274434 0.163224 0.001925
v 0.275183 0.155693 0.001916
v 0.292616 0.155877 0.001912
v 0.255964 0.168615 0.002026
v 0.256514 0.163000 0.001927
v 0.257283 0.155818 0.001910
v 0.258591 0.144713 0.001909
v 0.238114 0.163130 0.001923
v 0.238569 0.155975 0.001899
v 0.239297 0.145340 0.001892
v 0.240358 0.129198 0.001875
v 0.219262 0.156509 0.001896
v 0.219376 0.146079 0.001886
v 0.219983 0.129377 0.001874
v 0.220882 0.110748 0.001868
v 0.241409 0.111332 0.001861
v 0.199604 0.146706 0.001886
v 0.200129 0.129548 0.001880
v 0.200844 0.110272 0.001876
v 0.201632 0.091356 0.001870
v 0.221653 0.092022 0.001860
v 0.222298 0.073595 0.001842
v 0.242955 0.074751 0.001841
v 0.242283 0.092808 0.001854
v 0.199439 0.157477 0.001895
v 0.219358 0.163328 0.001927
v 0.199436 0.164403 0.001917
v 0.219387 0.168822 0.002043
v 0.199631 0.169866 0.001983
v 0.179341 0.169854 0.001987
v 0.199742 0.174740 0.002240
v 0.179122 0.174532 0.002298
v 0.159537 0.174471 0.002119
v 0.179145 0.176903 0.005120
v 0.159566 0.177549 0.004866
v 0.140009 0.177513 0.004318
v 0.140040 0.173818 0.002106
v 0.121520 0.177546 0.003882
v 0.140079 0.179308 0.008334
v 0.121220 0.179053 0.007953
v 0.102059 0.177991 0.007981
v 0.102305 0.177149 0.003830
v 0.082243 0.177979 0.007956
v 0.082364 0.177213 0.004085
v 0.062766 0.177762 0.008232
v 0.063393 0.177181 0.003574
v 0.042919 0.177637 0.007913
v 0.062513 0.181606 0.011104
v 0.042750 0.181365 0.010950
v 0.022766 0.181680 0.011048
v 0.042627 0.185943 0.013008
v 0.022729 0.186305 0.012945
v 0.003062 0.186499 0.013007
v 0.022637 0.191163 0.013142
v 0.003007 0.191296 0.013164
v -0.016453 0.191237 0.013156
v -0.016455 0.186486 0.013042
v -0.035651 0.191264 0.013131
v -0.035636 0.186675 0.013023
v -0.054945 0.191152 0.013147
v -0.054827 0.186519 0.013049
v -0.074054 0.190764 0.013130
v -0.055007 0.195750 0.012915
v -0.074248 0.195586 0.012806
v -0.094135 0.195529 0.012718
v -0.074437 0.199748 0.010597
v -0.094295 0.199757 0.010411
v -0.074589 0.202540 0.006596
v -0.094446 0.202631 0.006365
v -0.074753 0.204885 0.002077
v -0.094597 0.204956 0.001758
v -0.074921 0.207033 -0.002627
v -0.094744 0.206891 -0.003028
v -0.075073 0.207732 -0.007666
v -0.094882 0.207774 -0.008036
v -0.075226 0.209181 -0.012496
v -0.095019 0.209020 -0.012888
v -0.075366 0.208564 -0.017074
v -0.095127 0.208093 -0.017331
v -0.075473 0.204446 -0.019229
v -0.095203 0.203937 -0.019201
v -0.075564 0.199488 -0.019447
v -0.095260 0.199064 -0.019428
v -0.075637 0.194375 -0.019500
v -0.095303 0.194150 -0.019498
v -0.075704 0.188790 -0.019518
v -0.095331 0.188917 -0.019523
v -0.075790 0.180131 -0.019525
v -0.095360 0.180215 -0.019527
v -0.075923 0.168076 -0.019526
v -0.095444 0.168290 -0.019526
v -0.076110 0.151120 -0.019531
v -0.095608 0.151143 -0.019532
v -0.076357 0.131057 -0.019539
v -0.095844 0.131098 -0.019538
v -0.076623 0.110924 -0.019542
v -0.096113 0.110957 -0.019535
v -0.076898 0.090802 -0.019542
v -0.096393 0.090832 -0.019532
v -0.077181 0.070690 -0.019541
v -0.096681 0.070719 -0.019530
v -0.077468 0.050586 -0.019545
v -0.096971 0.050618 -0.019535
v -0.116478 0.050643 -0.019523
v -0.097263 0.030524 -0.019550
v -0.116775 0.030556 -0.019544
v -0.136296 0.030582 -0.019546
v -0.117070 0.010475 -0.019562
v -0.136594 0.010510 -0.019559
v -0.156132 0.010541 -0.019556
v -0.136887 -0.009557 -0.019565
v -0.156428 -0.009515 -0.019558
v -0.175985 -0.009474 -0.019554
v -0.156714 -0.029571 -0.019557
v -0.176272 -0.029516 -0.019550
v -0.195852 -0.029461 -0.019562
v -0.176550 -0.049561 -0.019551
v -0.196128 -0.049491 -0.019562
v -0.176818 -0.069613 -0.019552
v -0.156995 -0.049628 -0.019559
v -0.157267 -0.069693 -0.019561
v -0.157531 -0.089767 -0.019561
v -0.137736 -0.069767 -0.019576
v -0.138008 -0.089850 -0.019575
v -0.138273 -0.109943 -0.019576
v -0.118500 -0.089928 -0.019588
v -0.118776 -0.110026 -0.019590
v -0.119047 -0.130122 -0.019578
v -0.099288 -0.110109 -0.019590
v -0.099568 -0.130218 -0.019575
v -0.099841 -0.150264 -0.019555
v -0.080096 -0.130310 -0.019565
v -0.080367 -0.150245 -0.019549
v -0.080603 -0.167387 -0.019541
v -0.060929 -0.150346 -0.019547
v -0.061171 -0.167428 -0.019543
v -0.061319 -0.177973 -0.019542
v -0.041820 -0.167506 -0.019542
v -0.041998 -0.177858 -0.019541
v -0.042153 -0.185924 -0.019543
v -0.022679 -0.177973 -0.019533
v -0.022851 -0.186053 -0.019537
v -0.022983 -0.191734 -0.019540
v -0.003539 -0.186235 -0.019532
v -0.003702 -0.191934 -0.019533
v -0.003841 -0.196745 -0.019519
v 0.015667 -0.192088 -0.019531
v 0.015500 -0.196932 -0.019512
v 0.015353 -0.201719 -0.019409
v 0.035245 -0.197049 -0.019504
v 0.035112 -0.201866 -0.019399
v 0.034969 -0.206412 -0.018381
v 0.054728 -0.201989 -0.019399
v 0.054610 -0.206540 -0.018489
v 0.054491 -0.209923 -0.015277
v 0.074515 -0.206731 -0.018582
v 0.074361 -0.210017 -0.015207
v 0.074203 -0.210595 -0.011075
v 0.094653 -0.209901 -0.015346
v 0.094484 -0.210586 -0.011245
v 0.094278 -0.207541 -0.007911
v 0.114705 -0.210373 -0.011551
v 0.114605 -0.207663 -0.008038
v 0.114512 -0.204317 -0.004844
v 0.134803 -0.207898 -0.008209
v 0.134828 -0.204544 -0.005049
v 0.154959 -0.208034 -0.008366
v 0.155042 -0.204680 -0.005203
v 0.155131 -0.201218 -0.002067
v 0.174883 -0.204694 -0.005216
v 0.175010 -0.201291 -0.002082
v 0.175151 -0.197515 0.000789
v 0.194585 -0.201252 -0.002128
v 0.194741 -0.197466 0.000631
v 0.194905 -0.192598 0.001663
v 0.213877 -0.197442 0.000783
v 0.213998 -0.192501 0.001706
v 0.214163 -0.187191 0.001789
v 0.195100 -0.187271 0.001798
v 0.214439 -0.181378 0.001819
v 0.195437 -0.181250 0.001828
v 0.215242 -0.167351 0.001836
v 0.196312 -0.166939 0.001839
v 0.216776 -0.149072 0.001857
v 0.233423 -0.167388 0.001829
v 0.234366 -0.150382 0.001854
v 0.232826 -0.180827 0.001819
v 0.250506 -0.179744 0.001826
v 0.250557 -0.186068 0.001810
v 0.268524 -0.184730 0.001821
v 0.268034 -0.177945 0.001835
v 0.232635 -0.186810 0.001787
v 0.232537 -0.192184 0.001642
v 0.250632 -0.191629 0.001744
v 0.250684 -0.196885 0.001249
v 0.269061 -0.196166 0.001500
v 0.268865 -0.190651 0.001772
v 0.232479 -0.197110 0.000816
v 0.232458 -0.201019 -0.001964
v 0.250789 -0.200694 -0.001612
v 0.213767 -0.201239 -0.002059
v 0.213673 -0.204632 -0.005176
v 0.232450 -0.204470 -0.005071
v 0.194445 -0.204663 -0.005210
v 0.194318 -0.207946 -0.008336
v 0.213588 -0.207955 -0.008274
v 0.174767 -0.208018 -0.008371
v 0.174659 -0.210840 -0.011787
v 0.194203 -0.210650 -0.011642
v 0.154899 -0.210929 -0.011767
v 0.154834 -0.209441 -0.015779
v 0.174543 -0.209437 -0.015796
v 0.134774 -0.210679 -0.011621
v 0.134777 -0.209466 -0.015735
v 0.134805 -0.205980 -0.018702
v 0.154791 -0.205983 -0.018814
v 0.114797 -0.209528 -0.015644
v 0.114865 -0.206141 -0.018669
v 0.114931 -0.201653 -0.019456
v 0.134822 -0.201477 -0.019448
v 0.094784 -0.206481 -0.018391
v 0.094887 -0.202010 -0.019428
v 0.094957 -0.197200 -0.019522
v 0.114990 -0.196930 -0.019532
v 0.074634 -0.202139 -0.019473
v 0.074762 -0.197289 -0.019531
v 0.074896 -0.192382 -0.019540
v 0.095008 -0.192322 -0.019539
v 0.054851 -0.197183 -0.019519
v 0.054987 -0.192326 -0.019534
v 0.055155 -0.186776 -0.019530
v 0.075039 -0.186805 -0.019534
v 0.035376 -0.192170 -0.019526
v 0.035524 -0.186512 -0.019527
v 0.035721 -0.178301 -0.019520
v 0.055376 -0.178612 -0.019521
v 0.015867 -0.186346 -0.019530
v 0.016108 -0.178245 -0.019522
v 0.016398 -0.167592 -0.019519
v 0.035983 -0.167718 -0.019516
v -0.003331 -0.178145 -0.019526
v -0.003063 -0.167549 -0.019525
v -0.002712 -0.150555 -0.019530
v 0.016783 -0.150510 -0.019520
v -0.022464 -0.167520 -0.019536
v -0.022140 -0.150609 -0.019543
v -0.021772 -0.130515 -0.019553
v -0.002315 -0.130557 -0.019533
v -0.041533 -0.150529 -0.019549
v -0.041205 -0.130455 -0.019561
v -0.040879 -0.110322 -0.019569
v -0.021418 -0.110376 -0.019558
v -0.060642 -0.130388 -0.019561
v -0.060339 -0.110259 -0.019572
v -0.060035 -0.090139 -0.019573
v -0.040558 -0.090199 -0.019569
v -0.079808 -0.110188 -0.019580
v -0.079515 -0.090073 -0.019581
v -0.079221 -0.069969 -0.019579
v -0.059731 -0.070030 -0.019573
v -0.099004 -0.090002 -0.019591
v -0.098717 -0.069905 -0.019587
v -0.098429 -0.049815 -0.019581
v -0.078928 -0.049873 -0.019578
v -0.118221 -0.069837 -0.019584
v -0.117938 -0.049755 -0.019580
v -0.117651 -0.029677 -0.019574
v -0.098139 -0.029730 -0.019576
v -0.137459 -0.049693 -0.019573
v -0.137176 -0.029624 -0.019569
v -0.117362 -0.009601 -0.019570
v -0.097556 0.010437 -0.019565
v -0.097848 -0.009647 -0.019573
v -0.078048 0.010396 -0.019574
v -0.078340 -0.009693 -0.019579
v -0.078633 -0.029782 -0.019579
v -0.058836 -0.009741 -0.019577
v -0.059132 -0.029835 -0.019577
v -0.059430 -0.049930 -0.019574
v -0.039631 -0.029887 -0.019573
v -0.039935 -0.049985 -0.019574
v -0.040244 -0.070089 -0.019570
v -0.020436 -0.050039 -0.019564
v -0.020752 -0.070143 -0.019559
v -0.021079 -0.090254 -0.019556
v -0.001249 -0.070194 -0.019539
v -0.001585 -0.090303 -0.019534
v -0.001938 -0.110421 -0.019535
v 0.017934 -0.090346 -0.019524
v 0.017576 -0.110453 -0.019520
v 0.017190 -0.130562 -0.019516
v 0.037132 -0.110479 -0.019508
v 0.036755 -0.130551 -0.019510
v 0.036358 -0.150463 -0.019515
v 0.056378 -0.130559 -0.019515
v 0.056005 -0.150406 -0.019517
v 0.055641 -0.167998 -0.019517
v 0.075728 -0.150411 -0.019520
v 0.075437 -0.167957 -0.019520
v 0.075213 -0.178774 -0.019525
v 0.095301 -0.167888 -0.019524
v 0.095157 -0.178677 -0.019529
v 0.095067 -0.186630 -0.019536
v 0.115097 -0.178563 -0.019528
v 0.115061 -0.186486 -0.019537
v 0.115034 -0.192105 -0.019542
v 0.134896 -0.186400 -0.019536
v 0.134868 -0.192003 -0.019538
v 0.134843 -0.196784 -0.019523
v 0.154704 -0.191938 -0.019545
v 0.154732 -0.196719 -0.019530
v 0.154756 -0.201431 -0.019474
v 0.174307 -0.196622 -0.019522
v 0.174370 -0.201363 -0.019418
v 0.174451 -0.205928 -0.018703
v 0.193910 -0.201398 -0.019442
v 0.193995 -0.205984 -0.018700
v 0.194092 -0.209471 -0.015704
v 0.213376 -0.206096 -0.018659
v 0.213430 -0.209558 -0.015675
v 0.213496 -0.210798 -0.011582
v 0.232453 -0.209558 -0.015675
v 0.232465 -0.210723 -0.011592
v 0.232453 -0.207802 -0.008225
v 0.251099 -0.210222 -0.011560
v 0.250994 -0.207513 -0.007985
v 0.250891 -0.204158 -0.004785
v 0.269459 -0.207210 -0.007715
v 0.269339 -0.203792 -0.004436
v 0.269210 -0.200267 -0.001178
v 0.288204 -0.203467 -0.004131
v 0.288136 -0.199799 -0.000826
v 0.288063 -0.195272 0.001497
v 0.306824 -0.199428 -0.000629
v 0.306741 -0.194599 0.001362
v 0.306696 -0.188891 0.001756
v 0.287990 -0.189528 0.001766
v 0.306622 -0.182333 0.001821
v 0.288018 -0.183140 0.001827
v 0.324716 -0.188630 0.001782
v 0.324283 -0.182274 0.001828
v 0.343347 -0.188647 0.001783
v 0.342900 -0.182455 0.001838
v 0.341951 -0.169613 0.001854
v 0.362221 -0.182384 0.001843
v 0.361490 -0.169428 0.001864
v 0.360758 -0.150887 0.001865
v 0.340405 -0.151490 0.001856
v 0.381719 -0.169394 0.001867
v 0.381365 -0.150821 0.001877
v 0.381366 -0.130578 0.001885
v 0.382024 -0.109321 0.001891
v 0.401990 -0.150460 0.001881
v 0.402173 -0.130482 0.001892
v 0.402501 -0.109865 0.001891
v 0.402635 -0.089115 0.001884
v 0.382514 -0.088090 0.001891
v 0.421675 -0.130197 0.001894
v 0.421820 -0.110049 0.001890
v 0.421856 -0.089563 0.001886
v 0.421677 -0.069088 0.001881
v 0.402417 -0.068465 0.001878
v 0.435428 -0.109941 0.001905
v 0.435500 -0.089663 0.001900
v 0.435371 -0.069354 0.001893
v 0.434956 -0.049078 0.001894
v 0.421197 -0.048768 0.001881
v 0.443555 -0.089663 0.001918
v 0.443243 -0.069475 0.001911
v 0.442740 -0.049166 0.001906
v 0.442211 -0.029231 0.001915
v 0.434292 -0.029072 0.001899
v 0.449374 -0.069550 0.001942
v 0.448847 -0.049233 0.001919
v 0.448399 -0.029323 0.001953
v 0.448144 -0.009922 0.001939
v 0.441922 -0.009691 0.001915
v 0.454132 -0.049387 0.001924
v 0.453840 -0.029432 0.002224
v 0.453783 -0.010053 0.002073
v 0.453495 0.009393 0.001963
v 0.447801 0.009547 0.001931
v 0.457507 -0.029525 0.004572
v 0.457683 -0.010207 0.004515
v 0.457467 0.009270 0.004250
v 0.457206 0.028550 0.004033
v 0.453230 0.028508 0.001959
v 0.459874 -0.010303 0.008770
v 0.459556 0.009174 0.008538
v 0.459136 0.028585 0.008270
v 0.458490 0.047880 0.008280
v 0.457347 0.047792 0.004137
v 0.463198 0.009193 0.011896
v 0.462776 0.028605 0.011649
v 0.462241 0.047971 0.011473
v 0.462217 0.067220 0.011671
v 0.458443 0.067198 0.008449
v 0.467812 0.028638 0.012931
v 0.467341 0.048067 0.012836
v 0.467449 0.067303 0.012908
v 0.467971 0.086287 0.013006
v 0.462721 0.086164 0.012010
v 0.472881 0.048169 0.013057
v 0.473020 0.067413 0.013088
v 0.473529 0.086436 0.013099
v 0.474056 0.105230 0.013087
v 0.468452 0.105102 0.012973
v 0.478831 0.067513 0.013110
v 0.479243 0.086578 0.013103
v 0.479770 0.105355 0.013089
v 0.480430 0.124227 0.013099
v 0.474682 0.124167 0.013100
v 0.484944 0.086719 0.013036
v 0.485365 0.105464 0.012968
v 0.486023 0.124281 0.013007
v 0.486653 0.143107 0.012988
v 0.481211 0.143064 0.013084
v 0.490710 0.105567 0.012227
v 0.491297 0.124345 0.012285
v 0.491673 0.143175 0.011893
v 0.492096 0.161032 0.011372
v 0.487355 0.161085 0.012882
v 0.494843 0.124451 0.008640
v 0.495170 0.143216 0.008282
v 0.495302 0.161008 0.007739
v 0.496965 0.143277 0.003440
v 0.497126 0.161039 0.003012
v 0.497447 0.176255 0.002461
v 0.499591 0.161102 -0.001481
v 0.499448 0.176264 -0.001912
v 0.499602 0.187916 -0.002172
v 0.499904 0.176330 -0.006623
v 0.499903 0.188028 -0.006472
v 0.499664 0.197866 -0.006192
v 0.499899 0.188156 -0.010815
v 0.499740 0.197889 -0.010235
v 0.495874 0.205661 -0.010044
v 0.487908 0.208626 -0.010455
v 0.499177 0.197803 -0.014299
v 0.495536 0.205405 -0.013862
v 0.487735 0.208097 -0.014327
v 0.478274 0.205635 -0.018591
v 0.478376 0.208238 -0.015219
v 0.478311 0.209043 -0.011138
v 0.466750 0.209139 -0.016550
v 0.466585 0.210650 -0.012147
v 0.466367 0.209743 -0.007689
v 0.450713 0.211336 -0.012994
v 0.450656 0.210111 -0.008354
v 0.450653 0.208489 -0.003747
v 0.432185 0.210207 -0.008858
v 0.432232 0.208530 -0.004092
v 0.432293 0.206598 0.000632
v 0.412722 0.208437 -0.004106
v 0.412754 0.206379 0.000681
v 0.412789 0.204446 0.005468
v 0.392934 0.206240 0.000925
v 0.392995 0.204359 0.005743
v 0.393054 0.201691 0.009933
v 0.373251 0.204220 0.005901
v 0.373287 0.201500 0.010105
v 0.373323 0.197408 0.012833
v 0.353617 0.201173 0.010255
v 0.353634 0.196918 0.012869
v 0.353644 0.191886 0.013170
v 0.333323 0.196751 0.012879
v 0.333261 0.191608 0.013180
v 0.333177 0.186419 0.013001
v 0.313028 0.191796 0.013196
v 0.312948 0.186761 0.012978
v 0.312744 0.182403 0.011138
v 0.293165 0.186904 0.013104
v 0.293142 0.182392 0.011437
v 0.293159 0.178685 0.008201
v 0.274042 0.182909 0.011629
v 0.273824 0.179095 0.008671
v 0.273588 0.177583 0.004704
v 0.255599 0.180114 0.009279
v 0.255542 0.177363 0.005592
v 0.255584 0.173925 0.002914
v 0.237304 0.178192 0.005692
v 0.237558 0.174273 0.002541
v 0.237862 0.168802 0.002016
v 0.219314 0.173818 0.002861
v 0.218916 0.177289 0.005707
v 0.199572 0.177111 0.004910
v 0.218544 0.179850 0.009504
v 0.199377 0.179153 0.008978
v 0.179360 0.179155 0.008963
v 0.199184 0.183071 0.011966
v 0.179391 0.182871 0.011868
v 0.159567 0.182874 0.011819
v 0.159564 0.179447 0.008760
v 0.140072 0.182581 0.011510
v 0.159561 0.187299 0.013103
v 0.140055 0.186967 0.013035
v 0.120924 0.186570 0.012944
v 0.121078 0.182261 0.011324
v 0.101564 0.186108 0.012992
v 0.101757 0.181735 0.011135
v 0.081925 0.186164 0.012951
v 0.082100 0.181699 0.011085
v 0.062336 0.186143 0.013013
v 0.081765 0.191058 0.013126
v 0.062215 0.191058 0.013139
v 0.042517 0.190951 0.013149
v 0.062071 0.195966 0.012884
v 0.042413 0.195861 0.012987
v 0.022527 0.195938 0.012835
v 0.042294 0.200061 0.010608
v 0.022421 0.200037 0.010541
v 0.002956 0.200048 0.010628
v 0.002979 0.196064 0.012962
v -0.016463 0.199981 0.010714
v -0.016467 0.196010 0.012988
v -0.035775 0.199800 0.010683
v -0.035698 0.195813 0.012803
v -0.055075 0.199760 0.010713
v -0.035829 0.202537 0.006944
v -0.055165 0.202575 0.006881
v -0.035890 0.204591 0.002637
v -0.055273 0.204651 0.002369
v -0.035972 0.206657 -0.001800
v -0.055385 0.206805 -0.002163
v -0.036074 0.207674 -0.006675
v -0.055506 0.207774 -0.007126
v -0.036176 0.209034 -0.011408
v -0.055622 0.209094 -0.011931
v -0.036272 0.209325 -0.015996
v -0.055727 0.209030 -0.016576
v -0.036371 0.205540 -0.018969
v -0.055829 0.205016 -0.019104
v -0.036453 0.200205 -0.019413
v -0.055925 0.199969 -0.019410
v -0.036528 0.194716 -0.019496
v -0.056019 0.194671 -0.019494
v -0.036610 0.188829 -0.019520
v -0.056117 0.188956 -0.019521
v -0.036720 0.180089 -0.019526
v -0.056240 0.180131 -0.019528
v -0.036877 0.168129 -0.019522
v -0.056400 0.168041 -0.019527
v -0.037091 0.150831 -0.019523
v -0.056603 0.150997 -0.019528
v -0.037347 0.130931 -0.019528
v -0.056857 0.130993 -0.019530
v -0.037619 0.110833 -0.019530
v -0.057125 0.110881 -0.019534
v -0.037895 0.090723 -0.019531
v -0.057399 0.090765 -0.019537
v -0.038175 0.070613 -0.019529
v -0.057680 0.070654 -0.019539
v -0.038459 0.050507 -0.019534
v -0.057964 0.050549 -0.019544
v -0.038746 0.030405 -0.019553
v -0.058252 0.030449 -0.019562
v -0.077756 0.030489 -0.019561
v -0.058543 0.010353 -0.019577
v -0.039037 0.010307 -0.019568
v -0.039332 -0.009790 -0.019570
v -0.019530 0.010259 -0.019556
v -0.019826 -0.009840 -0.019558
v -0.020127 -0.029939 -0.019562
v -0.000314 -0.009890 -0.019545
v -0.000617 -0.029990 -0.019546
v -0.000928 -0.050091 -0.019547
v 0.018903 -0.030041 -0.019534
v 0.018593 -0.050141 -0.019535
v 0.018271 -0.070243 -0.019528
v 0.038129 -0.050191 -0.019522
v 0.037814 -0.070289 -0.019516
v 0.037483 -0.090386 -0.019512
v 0.057377 -0.070336 -0.019516
v 0.057062 -0.090427 -0.019513
v 0.056731 -0.110508 -0.019511
v 0.076666 -0.090472 -0.019523
v 0.076366 -0.110548 -0.019525
v 0.076052 -0.130593 -0.019525
v 0.096023 -0.110600 -0.019528
v 0.095763 -0.130653 -0.019528
v 0.095511 -0.150471 -0.019524
v 0.115478 -0.130730 -0.019535
v 0.115301 -0.150553 -0.019527
v 0.115171 -0.167880 -0.019524
v 0.135040 -0.150640 -0.019530
v 0.134964 -0.167849 -0.019525
v 0.134928 -0.178425 -0.019528
v 0.154660 -0.167693 -0.019533
v 0.154658 -0.178279 -0.019534
v 0.154676 -0.186335 -0.019541
v 0.174234 -0.178073 -0.019540
v 0.174247 -0.186128 -0.019545
v 0.174269 -0.191818 -0.019544
v 0.193761 -0.185921 -0.019548
v 0.193798 -0.191726 -0.019550
v 0.193845 -0.196600 -0.019536
v 0.213223 -0.191770 -0.019552
v 0.213268 -0.196691 -0.019537
v 0.213316 -0.201524 -0.019444
v 0.232367 -0.196723 -0.019550
v 0.232399 -0.201563 -0.019486
v 0.232433 -0.206170 -0.018697
v 0.251234 -0.201433 -0.019468
v 0.251199 -0.206047 -0.018732
v 0.251162 -0.209387 -0.015678
v 0.269761 -0.205979 -0.018712
v 0.269675 -0.209384 -0.015642
v 0.269579 -0.210138 -0.011355
v 0.288461 -0.209495 -0.015391
v 0.288360 -0.210021 -0.011017
v 0.288281 -0.206958 -0.007465
v 0.307165 -0.210096 -0.010848
v 0.307043 -0.206802 -0.007292
v 0.306928 -0.203215 -0.003919
v 0.325648 -0.206720 -0.007204
v 0.325451 -0.203118 -0.003777
v 0.325234 -0.199309 -0.000366
v 0.344222 -0.203099 -0.003751
v 0.343959 -0.199273 -0.000402
v 0.343672 -0.194405 0.001594
v 0.324996 -0.194361 0.001601
v 0.363150 -0.199240 -0.000345
v 0.362902 -0.194401 0.001630
v 0.362626 -0.188648 0.001788
v 0.382534 -0.194160 0.001620
v 0.382336 -0.188410 0.001788
v 0.382093 -0.182140 0.001841
v 0.402256 -0.188174 0.001796
v 0.402213 -0.181503 0.001838
v 0.402130 -0.169270 0.001863
v 0.421780 -0.170188 0.001862
v 0.421659 -0.149983 0.001885
v 0.435831 -0.168102 0.001881
v 0.435384 -0.149540 0.001897
v 0.435316 -0.129885 0.001906
v 0.443798 -0.149178 0.001920
v 0.443698 -0.129617 0.001932
v 0.443688 -0.109799 0.001923
v 0.450249 -0.129431 0.002001
v 0.450095 -0.109673 0.001958
v 0.449835 -0.089654 0.001944
v 0.455433 -0.109545 0.002050
v 0.455194 -0.089661 0.002193
v 0.454668 -0.069564 0.002057
v 0.457853 -0.089676 0.006078
v 0.457570 -0.069568 0.005352
v 0.457266 -0.049488 0.004705
v 0.460246 -0.069558 0.009673
v 0.459662 -0.049581 0.009084
v 0.459814 -0.029712 0.008895
v 0.463606 -0.049686 0.012028
v 0.463481 -0.029898 0.011986
v 0.463546 -0.010312 0.011965
v 0.468248 -0.030037 0.012995
v 0.468329 -0.010300 0.012990
v 0.468272 0.009165 0.012917
v 0.473515 -0.010327 0.013100
v 0.473630 0.009185 0.013087
v 0.473314 0.028677 0.013098
v 0.479171 0.009208 0.013112
v 0.478985 0.028696 0.013104
v 0.478689 0.048235 0.013102
v 0.484817 0.028683 0.013035
v 0.484729 0.048248 0.013062
v 0.484781 0.067590 0.013075
v 0.490686 0.048243 0.012639
v 0.490556 0.067637 0.012711
v 0.490467 0.086856 0.012618
v 0.494757 0.067666 0.009161
v 0.494564 0.086927 0.009173
v 0.494702 0.105669 0.008927
v 0.496854 0.086943 0.004105
v 0.496832 0.105771 0.003995
v 0.496797 0.124563 0.003686
v 0.499258 0.105873 -0.000868
v 0.499282 0.124673 -0.001076
v 0.499331 0.143402 -0.001293
v 0.499926 0.124811 -0.006465
v 0.499933 0.143548 -0.006574
v 0.499918 0.161233 -0.006646
v 0.499919 0.143724 -0.011785
v 0.499821 0.161414 -0.011689
v 0.499929 0.176472 -0.011382
v 0.498081 0.161687 -0.016131
v 0.498587 0.176680 -0.015779
v 0.499166 0.188272 -0.015034
v 0.494785 0.176971 -0.018667
v 0.495873 0.188276 -0.018144
v 0.489654 0.177288 -0.019450
v 0.490924 0.188281 -0.019426
v 0.483895 0.177594 -0.019575
v 0.484985 0.188307 -0.019580
v 0.477505 0.177969 -0.019606
v 0.477698 0.188424 -0.019600
v 0.477908 0.195309 -0.019572
v 0.478179 0.200936 -0.019487
v 0.466462 0.188725 -0.019592
v 0.466554 0.194775 -0.019563
v 0.466629 0.200292 -0.019485
v 0.466731 0.205149 -0.019206
v 0.450924 0.194849 -0.019565
v 0.450853 0.200040 -0.019505
v 0.450791 0.205078 -0.019268
v 0.450741 0.209258 -0.017210
v 0.432191 0.199744 -0.019538
v 0.432161 0.204669 -0.019363
v 0.432156 0.208930 -0.017529
v 0.432167 0.211279 -0.013627
v 0.412619 0.204393 -0.019368
v 0.412618 0.208736 -0.017676
v 0.412640 0.211185 -0.013799
v 0.412684 0.210156 -0.008963
v 0.392807 0.208660 -0.017592
v 0.392810 0.210931 -0.013562
v 0.392839 0.209972 -0.008724
v 0.392883 0.208356 -0.003853
v 0.373179 0.210965 -0.013129
v 0.373176 0.209792 -0.008421
v 0.373187 0.208166 -0.003648
v 0.373222 0.206075 0.001064
v 0.353581 0.209621 -0.008149
v 0.353591 0.208012 -0.003453
v 0.353597 0.206008 0.001253
v 0.353602 0.204025 0.006051
v 0.333426 0.207895 -0.003288
v 0.333414 0.205813 0.001330
v 0.333389 0.203982 0.006174
v 0.333362 0.201064 0.010357
v 0.313056 0.205889 0.001326
v 0.313077 0.203933 0.006076
v 0.313084 0.201090 0.010315
v 0.313077 0.196847 0.012939
v 0.293281 0.203907 0.005784
v 0.293257 0.201227 0.010080
v 0.293203 0.197086 0.012907
v 0.293184 0.192000 0.013200
v 0.274139 0.201508 0.009868
v 0.274131 0.197413 0.012540
v 0.274158 0.192422 0.013165
v 0.274139 0.187437 0.013083
v 0.255482 0.197744 0.012489
v 0.255558 0.193034 0.013165
v 0.255555 0.188297 0.013140
v 0.255581 0.183771 0.012173
v 0.236917 0.193317 0.013148
v 0.237001 0.188662 0.013158
v 0.237116 0.184168 0.012149
v 0.237262 0.180552 0.009358
v 0.217982 0.188373 0.013147
v 0.218230 0.183724 0.012099
v 0.199001 0.187765 0.013113
v 0.217828 0.193143 0.013205
v 0.198838 0.192659 0.013164
v 0.179266 0.192348 0.013151
v 0.179310 0.187506 0.013119
v 0.159558 0.192077 0.013131
v 0.179204 0.197110 0.012543
v 0.159533 0.196840 0.012599
v 0.139972 0.196512 0.012845
v 0.140030 0.191712 0.013150
v 0.120608 0.196184 0.012924
v 0.120739 0.191354 0.013141
v 0.101209 0.196019 0.012931
v 0.101379 0.191014 0.013146
v 0.081596 0.196020 0.012829
v 0.101072 0.200369 0.010545
v 0.081446 0.200282 0.010539
v 0.061942 0.200157 0.010505
v 0.081315 0.203223 0.006459
v 0.061851 0.203042 0.006469
v 0.042180 0.203013 0.006580
v 0.061768 0.205218 0.001789
v 0.042081 0.205060 0.001840
v 0.022255 0.205057 0.002075
v 0.022325 0.202824 0.006583
v 0.002857 0.204790 0.002269
v 0.002907 0.202776 0.006751
v -0.016461 0.204611 0.002533
v -0.016459 0.202778 0.006952
v 0.002828 0.206865 -0.002220
v -0.016463 0.206703 -0.001849
v 0.002805 0.207928 -0.007030
v -0.016478 0.207745 -0.006609
v 0.002798 0.209258 -0.011737
v -0.016526 0.209028 -0.011310
v 0.002795 0.209154 -0.016270
v -0.016605 0.209350 -0.015976
v 0.002803 0.205228 -0.019018
v -0.016685 0.205563 -0.018938
v 0.002772 0.199952 -0.019405
v -0.016777 0.200202 -0.019442
v 0.002707 0.194621 -0.019491
v -0.016871 0.194694 -0.019503
v 0.002604 0.188939 -0.019516
v -0.016979 0.188854 -0.019522
v 0.002443 0.180152 -0.019521
v -0.017123 0.180094 -0.019523
v 0.002234 0.168299 -0.019513
v -0.017311 0.168229 -0.019517
v 0.001969 0.150782 -0.019510
v -0.017556 0.150768 -0.019517
v 0.001685 0.130838 -0.019523
v -0.017829 0.130881 -0.019526
v 0.001403 0.110737 -0.019529
v -0.018108 0.110785 -0.019528
v 0.001123 0.090628 -0.019522
v -0.018387 0.090677 -0.019525
v 0.000842 0.070520 -0.019504
v -0.018668 0.070568 -0.019519
v 0.000559 0.050414 -0.019505
v -0.018951 0.050462 -0.019522
v 0.000273 0.030311 -0.019532
v -0.019238 0.030359 -0.019542
v -0.000018 0.010210 -0.019544
v 0.019788 0.030261 -0.019528
v 0.019499 0.010159 -0.019536
v 0.019204 -0.009941 -0.019534
v 0.039021 0.010108 -0.019527
v 0.038730 -0.009992 -0.019524
v 0.038434 -0.030092 -0.019523
v 0.058263 -0.010044 -0.019524
v 0.057974 -0.030142 -0.019523
v 0.057680 -0.050240 -0.019521
v 0.077521 -0.030193 -0.019534
v 0.077241 -0.050290 -0.019529
v 0.076957 -0.070384 -0.019524
v 0.096806 -0.050340 -0.019530
v 0.096545 -0.070433 -0.019525
v 0.096284 -0.090522 -0.019524
v 0.116129 -0.070485 -0.019534
v 0.115899 -0.090577 -0.019533
v 0.115681 -0.110662 -0.019535
v 0.135494 -0.090634 -0.019535
v 0.135312 -0.110731 -0.019536
v 0.135158 -0.130818 -0.019536
v 0.154897 -0.110800 -0.019534
v 0.154775 -0.130908 -0.019535
v 0.154694 -0.150740 -0.019535
v 0.174316 -0.130992 -0.019538
v 0.174254 -0.150826 -0.019538
v 0.174230 -0.167604 -0.019538
v 0.193727 -0.150899 -0.019546
v 0.193721 -0.167551 -0.019543
v 0.193735 -0.177955 -0.019542
v 0.213095 -0.167460 -0.019546
v 0.213129 -0.178007 -0.019545
v 0.213177 -0.186014 -0.019550
v 0.232277 -0.178110 -0.019549
v 0.232302 -0.186130 -0.019555
v 0.232333 -0.191818 -0.019560
v 0.251258 -0.186103 -0.019562
v 0.251258 -0.191774 -0.019562
v 0.251254 -0.196637 -0.019547
v 0.270008 -0.191743 -0.019569
v 0.269921 -0.196593 -0.019545
v 0.269841 -0.201379 -0.019450
v 0.288833 -0.196636 -0.019548
v 0.288707 -0.201487 -0.019443
v 0.288578 -0.206129 -0.018592
v 0.307606 -0.201602 -0.019494
v 0.307449 -0.206306 -0.018635
v 0.307298 -0.209587 -0.015288
v 0.326232 -0.206443 -0.018643
v 0.326036 -0.209787 -0.015206
v 0.325844 -0.210049 -0.010746
v 0.344922 -0.209885 -0.015149
v 0.344696 -0.209952 -0.010674
v 0.344468 -0.206671 -0.007169
v 0.363854 -0.210009 -0.010604
v 0.363626 -0.206620 -0.007107
v 0.363392 -0.203037 -0.003700
v 0.383100 -0.206480 -0.006965
v 0.382904 -0.202886 -0.003548
v 0.382716 -0.199103 -0.000148
v 0.402339 -0.202783 -0.003439
v 0.402298 -0.198972 -0.000041
v 0.402275 -0.193971 0.001667
v 0.421419 -0.199037 -0.000146
v 0.421606 -0.194085 0.001669
v 0.422001 -0.188112 0.001797
v 0.437668 -0.194437 0.001671
v 0.437637 -0.188535 0.001809
v 0.437014 -0.181237 0.001854
v 0.421856 -0.179478 0.001843
v 0.446443 -0.188917 0.001854
v 0.445418 -0.181162 0.001897
v 0.444253 -0.167539 0.001914
v 0.451789 -0.180996 0.002005
v 0.450814 -0.167171 0.001995
v 0.450417 -0.148846 0.001983
v 0.456200 -0.166848 0.002662
v 0.455973 -0.148516 0.002411
v 0.455770 -0.129273 0.002475
v 0.458595 -0.148308 0.007251
v 0.458346 -0.129013 0.006908
v 0.458083 -0.109424 0.006348
v 0.461952 -0.128753 0.011213
v 0.461476 -0.109415 0.010758
v 0.460947 -0.089705 0.010506
v 0.466609 -0.109399 0.012804
v 0.465615 -0.089724 0.012877
v 0.464478 -0.069543 0.012427
v 0.470971 -0.089716 0.013084
v 0.469632 -0.069600 0.013032
v 0.468601 -0.049731 0.012977
v 0.475029 -0.069679 0.013114
v 0.473847 -0.049788 0.013093
v 0.473382 -0.030092 0.013102
v 0.479406 -0.049854 0.013112
v 0.478837 -0.030129 0.013124
v 0.478967 -0.010347 0.013115
v 0.484845 -0.030149 0.013082
v 0.484764 -0.010353 0.013052
v 0.484857 0.009211 0.013065
v 0.490571 -0.010354 0.012374
v 0.490498 0.009183 0.012614
v 0.490498 0.028680 0.012623
v 0.494837 0.009152 0.009155
v 0.494841 0.028693 0.009131
v 0.494846 0.048270 0.008887
v 0.496939 0.028732 0.003752
v 0.497054 0.048309 0.003617
v 0.496797 0.067670 0.003843
v 0.499442 0.048340 -0.001427
v 0.499385 0.067632 -0.001172
v 0.499178 0.086954 -0.000962
v 0.499940 0.067623 -0.006562
v 0.499889 0.086957 -0.006449
v 0.499927 0.105957 -0.006394
v 0.499911 0.086972 -0.011894
v 0.499908 0.106037 -0.011833
v 0.499900 0.124964 -0.011793
v 0.497991 0.106123 -0.016436
v 0.498021 0.125123 -0.016413
v 0.498052 0.143938 -0.016340
v 0.493760 0.125276 -0.019244
v 0.493781 0.144163 -0.018943
v 0.493979 0.162040 -0.018819
v 0.488655 0.144385 -0.019498
v 0.488903 0.162430 -0.019475
v 0.483318 0.144646 -0.019585
v 0.483514 0.162856 -0.019582
v 0.477377 0.144995 -0.019601
v 0.477421 0.163359 -0.019603
v 0.466465 0.145548 -0.019597
v 0.466378 0.164087 -0.019601
v 0.466530 0.178449 -0.019601
v 0.451501 0.164939 -0.019589
v 0.451271 0.178947 -0.019589
v 0.451052 0.189004 -0.019586
v 0.432374 0.179165 -0.019583
v 0.432299 0.188975 -0.019580
v 0.432238 0.194710 -0.019569
v 0.412649 0.188951 -0.019570
v 0.412639 0.194544 -0.019559
v 0.412625 0.199520 -0.019515
v 0.392790 0.194436 -0.019547
v 0.392794 0.199455 -0.019507
v 0.392802 0.204339 -0.019328
v 0.373208 0.199698 -0.019516
v 0.373203 0.204711 -0.019402
v 0.373195 0.209019 -0.017363
v 0.353522 0.205067 -0.019300
v 0.353547 0.209195 -0.017060
v 0.353563 0.210753 -0.012812
v 0.333444 0.209375 -0.016914
v 0.333450 0.210797 -0.012597
v 0.333437 0.209486 -0.007959
v 0.313016 0.210667 -0.012636
v 0.313020 0.209408 -0.007996
v 0.313036 0.207773 -0.003351
v 0.293295 0.209362 -0.008186
v 0.293289 0.207828 -0.003538
v 0.293283 0.206007 0.001120
v 0.274214 0.207794 -0.003689
v 0.274190 0.205930 0.000886
v 0.274163 0.204045 0.005565
v 0.255391 0.206046 0.000900
v 0.255395 0.203992 0.005401
v 0.255413 0.201593 0.009623
v 0.236630 0.203892 0.005335
v 0.236722 0.201473 0.009495
v 0.236822 0.197821 0.012405
v 0.217590 0.201466 0.009735
v 0.217696 0.197799 0.012677
v 0.198569 0.201259 0.009859
v 0.198687 0.197358 0.012572
v 0.179122 0.201136 0.009886
v 0.198456 0.203727 0.005620
v 0.179022 0.203621 0.005643
v 0.159387 0.203654 0.005788
v 0.159474 0.200927 0.010039
v 0.139828 0.203375 0.005923
v 0.139908 0.200672 0.010245
v 0.120389 0.203322 0.006137
v 0.120491 0.200477 0.010466
v 0.100933 0.203250 0.006304
v 0.120298 0.205626 0.001275
v 0.100792 0.205430 0.001440
v 0.081199 0.205263 0.001603
v 0.100657 0.207389 -0.003597
v 0.081090 0.207268 -0.003351
v 0.061684 0.207109 -0.003125
v 0.080981 0.208632 -0.008480
v 0.061614 0.208403 -0.008211
v 0.041897 0.208228 -0.008005
v 0.041982 0.207169 -0.002911
v 0.022180 0.208128 -0.007624
v 0.022211 0.206950 -0.002648
v 0.041808 0.209604 -0.012808
v 0.022165 0.209545 -0.012399
v 0.041719 0.208477 -0.017141
v 0.022153 0.208824 -0.016891
v 0.041622 0.204362 -0.019269
v 0.022138 0.204632 -0.019024
v 0.041532 0.199492 -0.019454
v 0.022100 0.199620 -0.019429
v 0.041456 0.194441 -0.019506
v 0.022054 0.194479 -0.019504
v 0.041391 0.189150 -0.019521
v 0.021977 0.189050 -0.019520
v 0.041302 0.180183 -0.019522
v 0.021853 0.180141 -0.019520
v 0.041163 0.168381 -0.019515
v 0.021690 0.168316 -0.019511
v 0.040953 0.150759 -0.019515
v 0.021458 0.150802 -0.019508
v 0.040697 0.130754 -0.019520
v 0.021189 0.130799 -0.019520
v 0.040425 0.110637 -0.019519
v 0.020912 0.110688 -0.019525
v 0.040149 0.090526 -0.019504
v 0.020635 0.090578 -0.019512
v 0.039870 0.070418 -0.019488
v 0.020355 0.070470 -0.019489
v 0.039590 0.050313 -0.019502
v 0.020073 0.050364 -0.019499
v 0.039307 0.030209 -0.019521
v 0.059108 0.050259 -0.019521
v 0.058829 0.030157 -0.019529
v 0.058547 0.010056 -0.019528
v 0.078350 0.030103 -0.019536
v 0.078074 0.010003 -0.019537
v 0.077798 -0.010096 -0.019537
v 0.097599 0.009949 -0.019540
v 0.097333 -0.010148 -0.019542
v 0.097069 -0.030245 -0.019537
v 0.116863 -0.010201 -0.019555
v 0.116612 -0.030296 -0.019546
v 0.116367 -0.050391 -0.019539
v 0.136142 -0.030348 -0.019557
v 0.135913 -0.050442 -0.019548
v 0.135695 -0.070537 -0.019538
v 0.155436 -0.050492 -0.019561
v 0.155234 -0.070589 -0.019547
v 0.155052 -0.090691 -0.019538
v 0.174736 -0.070638 -0.019561
v 0.174563 -0.090745 -0.019552
v 0.174421 -0.110864 -0.019542
v 0.194024 -0.090791 -0.019568
v 0.193881 -0.110916 -0.019561
v 0.193780 -0.131059 -0.019551
v 0.213273 -0.110953 -0.019576
v 0.213155 -0.131091 -0.019564
v 0.213093 -0.151016 -0.019553
v 0.232439 -0.131104 -0.019567
v 0.232326 -0.150979 -0.019559
v 0.232280 -0.167510 -0.019550
v 0.251474 -0.150898 -0.019554
v 0.251346 -0.167668 -0.019554
v 0.251281 -0.178098 -0.019557
v 0.270369 -0.167618 -0.019562
v 0.270224 -0.177956 -0.019568
v 0.270108 -0.185996 -0.019572
v 0.289229 -0.177796 -0.019578
v 0.289074 -0.185826 -0.019581
v 0.288949 -0.191762 -0.019575
v 0.308058 -0.185953 -0.019590
v 0.307903 -0.191812 -0.019587
v 0.307755 -0.196698 -0.019570
v 0.326769 -0.191915 -0.019592
v 0.326587 -0.196798 -0.019574
v 0.326407 -0.201712 -0.019482
v 0.345556 -0.196830 -0.019572
v 0.345352 -0.201758 -0.019491
v 0.345145 -0.206469 -0.018684
v 0.364440 -0.201827 -0.019495
v 0.364265 -0.206558 -0.018422
v 0.364069 -0.209916 -0.014992
v 0.383632 -0.206467 -0.018431
v 0.383481 -0.209821 -0.014973
v 0.383308 -0.209798 -0.010525
v 0.402580 -0.209769 -0.015001
v 0.402472 -0.209661 -0.010516
v 0.402401 -0.206368 -0.006885
v 0.421129 -0.209831 -0.010440
v 0.421181 -0.206386 -0.006890
v 0.421267 -0.202807 -0.003496
v 0.438109 -0.206281 -0.006799
v 0.437941 -0.202897 -0.003582
v 0.437782 -0.199221 -0.000289
v 0.449120 -0.199467 -0.000427
v 0.448142 -0.195108 0.001620
v 0.455191 -0.200148 0.000351
v 0.454131 -0.195678 0.001755
v 0.453026 -0.189331 0.002105
v 0.457329 -0.196154 0.003540
v 0.457447 -0.189702 0.003769
v 0.457107 -0.180874 0.003300
v 0.459153 -0.190129 0.008082
v 0.459003 -0.180879 0.007885
v 0.458905 -0.166684 0.007476
v 0.462726 -0.181040 0.011690
v 0.462722 -0.166550 0.011324
v 0.462244 -0.148064 0.011551
v 0.467916 -0.166383 0.012902
v 0.467538 -0.147826 0.012965
v 0.467175 -0.128548 0.012963
v 0.473310 -0.147642 0.013105
v 0.472979 -0.128442 0.013108
v 0.472284 -0.109383 0.013078
v 0.478974 -0.128353 0.013132
v 0.478201 -0.109365 0.013129
v 0.476572 -0.089703 0.013125
v 0.484362 -0.109373 0.013103
v 0.482475 -0.089686 0.013104
v 0.480717 -0.069746 0.013109
v 0.488360 -0.089657 0.012929
v 0.486598 -0.069789 0.012974
v 0.485396 -0.049918 0.013025
v 0.492146 -0.069833 0.011781
v 0.491316 -0.049972 0.012180
v 0.491066 -0.030156 0.012538
v 0.495358 -0.050017 0.008258
v 0.495048 -0.030162 0.008534
v 0.494888 -0.010376 0.008848
v 0.497218 -0.030172 0.003367
v 0.496994 -0.010384 0.003565
v 0.496871 0.009133 0.003780
v 0.499395 -0.010392 -0.001459
v 0.499342 0.009093 -0.001278
v 0.499492 0.028734 -0.001291
v 0.499929 0.009050 -0.006669
v 0.499924 0.028779 -0.006713
v 0.499953 0.048382 -0.006721
v 0.499956 0.028791 -0.011990
v 0.499919 0.048414 -0.011922
v 0.499928 0.067630 -0.011877
v 0.497938 0.048442 -0.016366
v 0.497989 0.067664 -0.016397
v 0.497947 0.086998 -0.016464
v 0.493675 0.067717 -0.018887
v 0.493685 0.087040 -0.019029
v 0.493788 0.106220 -0.019197
v 0.488534 0.087094 -0.019492
v 0.488601 0.106315 -0.019536
v 0.488629 0.125441 -0.019535
v 0.483218 0.106431 -0.019585
v 0.483242 0.125617 -0.019588
v 0.477332 0.106576 -0.019589
v 0.477223 0.125842 -0.019596
v 0.466646 0.106811 -0.019583
v 0.466609 0.126192 -0.019590
v 0.451937 0.107141 -0.019577
v 0.451869 0.126686 -0.019583
v 0.451669 0.146278 -0.019588
v 0.432503 0.127271 -0.019575
v 0.432549 0.147091 -0.019581
v 0.432464 0.165699 -0.019583
v 0.412575 0.147726 -0.019573
v 0.412632 0.166236 -0.019572
v 0.412651 0.179190 -0.019572
v 0.392769 0.166793 -0.019557
v 0.392803 0.179231 -0.019557
v 0.392798 0.188751 -0.019558
v 0.373069 0.179374 -0.019550
v 0.373146 0.188623 -0.019552
v 0.373193 0.194509 -0.019543
v 0.353361 0.188656 -0.019547
v 0.353428 0.194651 -0.019537
v 0.353480 0.200013 -0.019496
v 0.333390 0.194695 -0.019529
v 0.333419 0.200142 -0.019478
v 0.333432 0.205256 -0.019145
v 0.313163 0.200051 -0.019477
v 0.313088 0.205162 -0.019192
v 0.313033 0.209276 -0.016943
v 0.293400 0.204781 -0.019355
v 0.293345 0.208969 -0.017199
v 0.293306 0.210371 -0.012861
v 0.274209 0.208753 -0.017417
v 0.274214 0.210279 -0.013049
v 0.274222 0.209317 -0.008316
v 0.255371 0.210288 -0.013174
v 0.255387 0.209293 -0.008433
v 0.255390 0.207789 -0.003754
v 0.236451 0.209274 -0.008595
v 0.236507 0.207690 -0.003837
v 0.236566 0.206096 0.000930
v 0.217261 0.207625 -0.003762
v 0.217362 0.206013 0.001030
v 0.217477 0.203818 0.005465
v 0.198341 0.205850 0.001005
v 0.198228 0.207638 -0.003697
v 0.178810 0.207543 -0.003755
v 0.178920 0.205878 0.001077
v 0.159180 0.207469 -0.003800
v 0.159288 0.205693 0.001035
v 0.139640 0.207492 -0.003827
v 0.139738 0.205622 0.001118
v 0.120205 0.207476 -0.003784
v 0.139536 0.208921 -0.008794
v 0.120109 0.208847 -0.008910
v 0.100529 0.208764 -0.008775
v 0.120013 0.210111 -0.013834
v 0.100405 0.210212 -0.013729
v 0.080881 0.209661 -0.013407
v 0.100317 0.208092 -0.017753
v 0.080812 0.208042 -0.017647
v 0.061476 0.208280 -0.017379
v 0.061551 0.209707 -0.013029
v 0.080759 0.203851 -0.019287
v 0.061401 0.204124 -0.019271
v 0.080710 0.199149 -0.019450
v 0.061329 0.199333 -0.019460
v 0.080660 0.194321 -0.019503
v 0.061236 0.194383 -0.019508
v 0.080590 0.189232 -0.019523
v 0.061111 0.189132 -0.019524
v 0.080478 0.180564 -0.019528
v 0.060937 0.180353 -0.019527
v 0.080292 0.168396 -0.019525
v 0.060743 0.168369 -0.019522
v 0.080034 0.150618 -0.019524
v 0.060498 0.150697 -0.019522
v 0.079748 0.130639 -0.019517
v 0.060223 0.130696 -0.019522
v 0.079462 0.110530 -0.019510
v 0.059945 0.110583 -0.019517
v 0.079180 0.090418 -0.019505
v 0.059666 0.090472 -0.019507
v 0.078902 0.070310 -0.019512
v 0.059387 0.070365 -0.019504
v 0.078625 0.050205 -0.019527
v 0.098410 0.070254 -0.019508
v 0.098138 0.050149 -0.019518
v 0.097867 0.030048 -0.019533
v 0.117642 0.050091 -0.019534
v 0.117378 0.029991 -0.019549
v 0.117118 0.009894 -0.019557
v 0.136879 0.029932 -0.019568
v 0.136627 0.009838 -0.019572
v 0.136381 -0.010255 -0.019568
v 0.156123 0.009780 -0.019582
v 0.155884 -0.010309 -0.019581
v 0.155654 -0.030399 -0.019571
v 0.175370 -0.010363 -0.019591
v 0.175144 -0.030449 -0.019585
v 0.174932 -0.050540 -0.019575
v 0.194612 -0.030498 -0.019588
v 0.194397 -0.050586 -0.019582
v 0.194199 -0.070683 -0.019572
v 0.213833 -0.050627 -0.019586
v 0.213622 -0.070721 -0.019582
v 0.213433 -0.090829 -0.019582
v 0.233013 -0.070753 -0.019585
v 0.232795 -0.090859 -0.019584
v 0.232600 -0.110980 -0.019579
v 0.252124 -0.090883 -0.019568
v 0.251882 -0.111004 -0.019565
v 0.251661 -0.131117 -0.019558
v 0.271139 -0.111026 -0.019559
v 0.270853 -0.131154 -0.019555
v 0.270588 -0.150963 -0.019554
v 0.290038 -0.131217 -0.019558
v 0.289698 -0.151166 -0.019559
v 0.289428 -0.167310 -0.019570
v 0.308802 -0.151266 -0.019565
v 0.308481 -0.167357 -0.019578
v 0.308247 -0.177829 -0.019585
v 0.327506 -0.167631 -0.019572
v 0.327212 -0.178016 -0.019584
v 0.326970 -0.186091 -0.019592
v 0.346229 -0.178105 -0.019582
v 0.345968 -0.186052 -0.019590
v 0.345753 -0.191844 -0.019590
v 0.365046 -0.185850 -0.019590
v 0.364812 -0.191800 -0.019588
v 0.364616 -0.196842 -0.019568
v 0.384112 -0.191605 -0.019583
v 0.383961 -0.196695 -0.019557
v 0.383799 -0.201721 -0.019451
v 0.402985 -0.196723 -0.019549
v 0.402837 -0.201737 -0.019430
v 0.402703 -0.206493 -0.018416
v 0.421308 -0.202100 -0.019386
v 0.421204 -0.206775 -0.018201
v 0.421135 -0.210064 -0.014847
v 0.438518 -0.207101 -0.018019
v 0.438424 -0.210125 -0.014636
v 0.438315 -0.209561 -0.010331
v 0.453123 -0.210220 -0.013802
v 0.453740 -0.207651 -0.017383
v 0.466052 -0.208429 -0.016465
v 0.465033 -0.210358 -0.012366
v 0.475853 -0.209058 -0.015798
v 0.474959 -0.210418 -0.011483
v 0.473736 -0.210240 -0.007010
v 0.483614 -0.210346 -0.010945
v 0.482615 -0.210197 -0.006536
v 0.481378 -0.210047 -0.002010
v 0.472036 -0.210034 -0.002229
v 0.479962 -0.209049 0.002289
v 0.471276 -0.209069 0.001677
v 0.478390 -0.206383 0.006229
v 0.470316 -0.206667 0.005773
v 0.477072 -0.203185 0.010122
v 0.469371 -0.203247 0.010002
v 0.468829 -0.198378 0.012563
v 0.462951 -0.197970 0.011241
v 0.476023 -0.198633 0.012626
v 0.475057 -0.191262 0.013036
v 0.468553 -0.191017 0.012842
v 0.484247 -0.203216 0.010021
v 0.482717 -0.198778 0.012465
v 0.481374 -0.191274 0.013036
v 0.480220 -0.180982 0.013093
v 0.474210 -0.181092 0.013071
v 0.488070 -0.198765 0.012378
v 0.486783 -0.191050 0.012957
v 0.485885 -0.180773 0.013041
v 0.485441 -0.165924 0.013085
v 0.479589 -0.166050 0.013120
v 0.491252 -0.190761 0.012739
v 0.491083 -0.180550 0.012879
v 0.491078 -0.165717 0.012939
v 0.491130 -0.147258 0.012685
v 0.485319 -0.147421 0.013083
v 0.494442 -0.180381 0.009585
v 0.494367 -0.165543 0.009561
v 0.494359 -0.147132 0.009453
v 0.494407 -0.128314 0.009694
v 0.490933 -0.128292 0.012851
v 0.496459 -0.165413 0.005141
v 0.496386 -0.147167 0.005129
v 0.496398 -0.128304 0.005381
v 0.496243 -0.109348 0.005764
v 0.494103 -0.109335 0.010037
v 0.498540 -0.147196 0.000819
v 0.498323 -0.128295 0.000924
v 0.498203 -0.109358 0.001180
v 0.497981 -0.089722 0.001798
v 0.495933 -0.089701 0.006649
v 0.499784 -0.128309 -0.003760
v 0.499776 -0.109366 -0.003509
v 0.499811 -0.089727 -0.003012
v 0.499759 -0.069998 -0.002372
v 0.497419 -0.069953 0.002480
v 0.499917 -0.109379 -0.008387
v 0.499938 -0.089727 -0.007998
v 0.499933 -0.070026 -0.007452
v 0.499922 -0.050165 -0.006986
v 0.499517 -0.050112 -0.001874
v 0.499869 -0.089732 -0.012851
v 0.499829 -0.070051 -0.012384
v 0.499867 -0.050212 -0.012032
v 0.499916 -0.030183 -0.011922
v 0.499926 -0.030179 -0.006772
v 0.497829 -0.070072 -0.016603
v 0.497935 -0.050250 -0.016411
v 0.498005 -0.030195 -0.016412
v 0.497900 -0.010415 -0.016454
v 0.499866 -0.010400 -0.011952
v 0.493737 -0.050267 -0.019150
v 0.493760 -0.030213 -0.019163
v 0.493477 -0.010430 -0.018945
v 0.493534 0.009021 -0.018960
v 0.497894 0.009018 -0.016463
v 0.488167 -0.030256 -0.019517
v 0.488137 -0.010457 -0.019508
v 0.488285 0.009031 -0.019470
v 0.488486 0.028773 -0.019531
v 0.493668 0.028759 -0.019155
v 0.482554 -0.010503 -0.019577
v 0.482910 0.009049 -0.019560
v 0.483158 0.028772 -0.019581
v 0.483178 0.048453 -0.019568
v 0.488535 0.048459 -0.019474
v 0.476556 0.009063 -0.019587
v 0.477157 0.028772 -0.019591
v 0.477337 0.048439 -0.019584
v 0.477118 0.067881 -0.019576
v 0.483135 0.067827 -0.019552
v 0.465882 0.028777 -0.019590
v 0.466202 0.048441 -0.019585
v 0.466470 0.067962 -0.019579
v 0.466560 0.087408 -0.019578
v 0.477392 0.087251 -0.019581
v 0.450905 0.048482 -0.019589
v 0.451401 0.068081 -0.019581
v 0.451839 0.087622 -0.019575
v 0.431764 0.068246 -0.019575
v 0.432074 0.087895 -0.019568
v 0.432334 0.107543 -0.019570
v 0.412029 0.088173 -0.019561
v 0.412281 0.107937 -0.019567
v 0.412465 0.127786 -0.019571
v 0.392323 0.108280 -0.019565
v 0.392523 0.128196 -0.019570
v 0.392673 0.148150 -0.019565
v 0.372661 0.128531 -0.019564
v 0.372834 0.148494 -0.019559
v 0.372972 0.166918 -0.019549
v 0.353016 0.148805 -0.019559
v 0.353153 0.166931 -0.019546
v 0.353268 0.179255 -0.019545
v 0.333278 0.166977 -0.019548
v 0.333315 0.179183 -0.019546
v 0.333349 0.188587 -0.019543
v 0.313406 0.179354 -0.019559
v 0.313326 0.188609 -0.019551
v 0.313239 0.194654 -0.019530
v 0.293618 0.188931 -0.019561
v 0.293537 0.194638 -0.019549
v 0.293465 0.199796 -0.019512
v 0.274245 0.194529 -0.019546
v 0.274233 0.199560 -0.019506
v 0.274221 0.204467 -0.019336
v 0.255190 0.199466 -0.019450
v 0.255257 0.204295 -0.019205
v 0.255325 0.208598 -0.017423
v 0.236237 0.204375 -0.019329
v 0.236313 0.208721 -0.017473
v 0.236386 0.210619 -0.013250
v 0.217021 0.208630 -0.017351
v 0.217075 0.210414 -0.013153
v 0.217166 0.209150 -0.008522
v 0.198030 0.210219 -0.013114
v 0.198132 0.209039 -0.008446
v 0.178605 0.210211 -0.013195
v 0.178712 0.208998 -0.008558
v 0.158915 0.210184 -0.013382
v 0.159050 0.208961 -0.008659
v 0.139423 0.209997 -0.013608
v 0.158787 0.208521 -0.017543
v 0.139305 0.208189 -0.017729
v 0.119901 0.208082 -0.017810
v 0.139190 0.203949 -0.019356
v 0.119790 0.203796 -0.019279
v 0.100271 0.203807 -0.019244
v 0.119680 0.199113 -0.019471
v 0.100226 0.199148 -0.019435
v 0.119581 0.194343 -0.019517
v 0.100166 0.194414 -0.019500
v 0.119480 0.189380 -0.019531
v 0.100087 0.189331 -0.019525
v 0.119350 0.180519 -0.019532
v 0.099963 0.180668 -0.019532
v 0.119196 0.168578 -0.019524
v 0.099778 0.168464 -0.019527
v 0.118984 0.150560 -0.019514
v 0.099531 0.150584 -0.019519
v 0.118725 0.130541 -0.019508
v 0.099249 0.130585 -0.019508
v 0.118453 0.110424 -0.019506
v 0.098965 0.110477 -0.019501
v 0.118180 0.090306 -0.019509
v 0.098686 0.090363 -0.019502
v 0.117910 0.070195 -0.019520
v 0.137664 0.090245 -0.019527
v 0.137398 0.070132 -0.019538
v 0.137137 0.050029 -0.019555
v 0.156878 0.070064 -0.019546
v 0.156621 0.049964 -0.019564
v 0.156369 0.029870 -0.019577
v 0.176095 0.049894 -0.019576
v 0.175847 0.029806 -0.019585
v 0.175605 0.009721 -0.019592
v 0.195315 0.029739 -0.019592
v 0.195074 0.009661 -0.019598
v 0.194839 -0.010416 -0.019594
v 0.214533 0.009601 -0.019601
v 0.214293 -0.010469 -0.019598
v 0.214059 -0.030543 -0.019591
v 0.233738 -0.010519 -0.019602
v 0.233490 -0.030586 -0.019594
v 0.233246 -0.050663 -0.019588
v 0.252912 -0.030624 -0.019586
v 0.252644 -0.050693 -0.019581
v 0.252379 -0.070779 -0.019572
v 0.272035 -0.050717 -0.019575
v 0.271733 -0.070797 -0.019566
v 0.271433 -0.090900 -0.019557
v 0.291087 -0.070805 -0.019566
v 0.290738 -0.090907 -0.019560
v 0.290387 -0.111044 -0.019560
v 0.310047 -0.090899 -0.019560
v 0.309636 -0.111043 -0.019557
v 0.309220 -0.131237 -0.019556
v 0.328892 -0.111016 -0.019556
v 0.328403 -0.131207 -0.019550
v 0.327920 -0.151168 -0.019555
v 0.347603 -0.131154 -0.019554
v 0.347037 -0.151132 -0.019556
v 0.346547 -0.167790 -0.019570
v 0.366209 -0.151143 -0.019566
v 0.365690 -0.167595 -0.019575
v 0.365327 -0.177855 -0.019584
v 0.384883 -0.167032 -0.019580
v 0.384532 -0.177445 -0.019583
v 0.384286 -0.185642 -0.019586
v 0.403592 -0.177436 -0.019584
v 0.403339 -0.185683 -0.019587
v 0.403147 -0.191691 -0.019582
v 0.421880 -0.186305 -0.019588
v 0.421633 -0.192127 -0.019583
v 0.421451 -0.197125 -0.019544
v 0.439297 -0.192591 -0.019580
v 0.438970 -0.197655 -0.019540
v 0.438708 -0.202591 -0.019377
v 0.454824 -0.198568 -0.019511
v 0.454210 -0.203358 -0.019168
v 0.467515 -0.199755 -0.019465
v 0.466773 -0.204470 -0.018902
v 0.477478 -0.201015 -0.019464
v 0.476662 -0.205623 -0.018761
v 0.478133 -0.195922 -0.019568
v 0.486023 -0.196956 -0.019545
v 0.468263 -0.194749 -0.019568
v 0.469105 -0.189026 -0.019590
v 0.478824 -0.189717 -0.019592
v 0.455529 -0.193649 -0.019572
v 0.456342 -0.188006 -0.019588
v 0.457374 -0.179300 -0.019591
v 0.470142 -0.180086 -0.019595
v 0.439768 -0.186854 -0.019587
v 0.440444 -0.178657 -0.019586
v 0.441369 -0.167124 -0.019587
v 0.458479 -0.166972 -0.019592
v 0.422240 -0.177965 -0.019585
v 0.422733 -0.167140 -0.019585
v 0.423607 -0.150510 -0.019590
v 0.442622 -0.149864 -0.019595
v 0.403949 -0.166910 -0.019582
v 0.404528 -0.151006 -0.019581
v 0.405358 -0.130733 -0.019580
v 0.424637 -0.130355 -0.019595
v 0.385376 -0.151223 -0.019576
v 0.386090 -0.130959 -0.019568
v 0.386817 -0.110732 -0.019565
v 0.406203 -0.110535 -0.019582
v 0.366834 -0.131075 -0.019561
v 0.367473 -0.110868 -0.019559
v 0.368098 -0.090742 -0.019559
v 0.387528 -0.090629 -0.019571
v 0.348167 -0.110960 -0.019560
v 0.348715 -0.090822 -0.019559
v 0.349245 -0.070743 -0.019561
v 0.368700 -0.070684 -0.019562
v 0.329369 -0.090873 -0.019560
v 0.329833 -0.070781 -0.019565
v 0.330280 -0.050732 -0.019567
v 0.349753 -0.050711 -0.019567
v 0.310450 -0.070801 -0.019563
v 0.310844 -0.050738 -0.019565
v 0.311224 -0.030704 -0.019563
v 0.330708 -0.030715 -0.019568
v 0.291432 -0.050732 -0.019572
v 0.291770 -0.030684 -0.019569
v 0.292096 -0.010656 -0.019575
v 0.311587 -0.010693 -0.019571
v 0.272336 -0.030657 -0.019575
v 0.272630 -0.010614 -0.019587
v 0.272916 0.009418 -0.019586
v 0.292407 0.009359 -0.019586
v 0.253181 -0.010568 -0.019597
v 0.253446 0.009479 -0.019581
v 0.253704 0.029521 -0.019561
v 0.273189 0.029444 -0.019567
v 0.233988 0.009540 -0.019595
v 0.234236 0.029596 -0.019577
v 0.234478 0.049654 -0.019570
v 0.253950 0.049564 -0.019553
v 0.214776 0.029669 -0.019592
v 0.215018 0.049739 -0.019585
v 0.215258 0.069816 -0.019577
v 0.234713 0.069718 -0.019568
v 0.195559 0.049819 -0.019586
v 0.195805 0.069907 -0.019574
v 0.196054 0.090006 -0.019564
v 0.215496 0.089905 -0.019573
v 0.176346 0.069989 -0.019562
v 0.176602 0.090096 -0.019549
v 0.176865 0.110221 -0.019535
v 0.196308 0.110122 -0.019549
v 0.157139 0.090175 -0.019532
v 0.157404 0.110303 -0.019522
v 0.157674 0.130453 -0.019520
v 0.177135 0.130364 -0.019527
v 0.137931 0.110368 -0.019520
v 0.138199 0.130506 -0.019515
v 0.138454 0.150591 -0.019519
v 0.157942 0.150569 -0.019528
v 0.158171 0.168204 -0.019538
v 0.177666 0.168191 -0.019540
v 0.177412 0.150438 -0.019529
v 0.138668 0.168394 -0.019528
v 0.138807 0.180309 -0.019534
v 0.158327 0.180182 -0.019543
v 0.158425 0.189165 -0.019544
v 0.178035 0.189037 -0.019547
v 0.177872 0.180212 -0.019546
v 0.138906 0.189232 -0.019534
v 0.138987 0.194314 -0.019524
v 0.158498 0.194520 -0.019536
v 0.158573 0.199527 -0.019501
v 0.178276 0.199677 -0.019510
v 0.178162 0.194564 -0.019538
v 0.139081 0.199172 -0.019495
v 0.158670 0.204336 -0.019313
v 0.178498 0.208688 -0.017386
v 0.178386 0.204582 -0.019391
v 0.197943 0.208613 -0.017327
v 0.197856 0.204430 -0.019329
v 0.197754 0.199551 -0.019513
v 0.216991 0.204372 -0.019334
v 0.216953 0.199541 -0.019515
v 0.216892 0.194617 -0.019546
v 0.197651 0.194519 -0.019541
v 0.216808 0.189404 -0.019555
v 0.197525 0.189180 -0.019552
v 0.216675 0.180588 -0.019557
v 0.197345 0.180387 -0.019553
v 0.216477 0.168170 -0.019553
v 0.197118 0.168218 -0.019545
v 0.216231 0.150140 -0.019545
v 0.196850 0.150287 -0.019535
v 0.215978 0.130124 -0.019546
v 0.196572 0.130250 -0.019536
v 0.215735 0.110010 -0.019560
v 0.235360 0.129993 -0.019554
v 0.235154 0.109888 -0.019565
v 0.234939 0.089795 -0.019570
v 0.254590 0.109755 -0.019563
v 0.254398 0.089675 -0.019560
v 0.254183 0.069613 -0.019551
v 0.273891 0.089545 -0.019552
v 0.273681 0.069500 -0.019545
v 0.273445 0.049469 -0.019550
v 0.293219 0.069379 -0.019545
v 0.292973 0.049370 -0.019552
v 0.292701 0.029365 -0.019573
v 0.312543 0.049265 -0.019554
v 0.312250 0.029285 -0.019577
v 0.311930 0.009302 -0.019588
v 0.331843 0.029204 -0.019578
v 0.331493 0.009247 -0.019595
v 0.331114 -0.010724 -0.019580
v 0.351107 0.009196 -0.019589
v 0.350687 -0.010748 -0.019578
v 0.350235 -0.030715 -0.019567
v 0.370321 -0.010763 -0.019580
v 0.369816 -0.030703 -0.019573
v 0.369275 -0.050675 -0.019570
v 0.389468 -0.030678 -0.019589
v 0.388861 -0.050623 -0.019586
v 0.388213 -0.070602 -0.019577
v 0.408526 -0.050555 -0.019604
v 0.407797 -0.070500 -0.019597
v 0.407020 -0.090483 -0.019591
v 0.427455 -0.070386 -0.019607
v 0.426580 -0.090309 -0.019604
v 0.425639 -0.110279 -0.019598
v 0.445958 -0.090128 -0.019608
v 0.444955 -0.109993 -0.019604
v 0.443846 -0.129893 -0.019602
v 0.461661 -0.109743 -0.019602
v 0.460786 -0.129464 -0.019603
v 0.459687 -0.149147 -0.019598
v 0.472841 -0.129139 -0.019600
v 0.472046 -0.148568 -0.019597
v 0.471202 -0.166610 -0.019593
v 0.480501 -0.148173 -0.019584
v 0.480071 -0.166233 -0.019583
v 0.479574 -0.180450 -0.019594
v 0.485972 -0.165967 -0.019538
v 0.485836 -0.180454 -0.019576
v 0.486095 -0.190184 -0.019563
v 0.491724 -0.180382 -0.019378
v 0.492348 -0.190435 -0.019364
v 0.493004 -0.197658 -0.019104
v 0.497388 -0.190570 -0.016927
v 0.497889 -0.198457 -0.016201
v 0.499803 -0.190726 -0.012690
v 0.499625 -0.198999 -0.011616
v 0.496880 -0.205031 -0.010761
v 0.499615 -0.199242 -0.007016
v 0.496479 -0.205667 -0.006359
v 0.490730 -0.209921 -0.006270
v 0.491619 -0.209842 -0.010531
v 0.496061 -0.206142 -0.001788
v 0.489540 -0.209936 -0.001760
v 0.494984 -0.206024 0.002978
v 0.488006 -0.208720 0.002873
v 0.492622 -0.204752 0.006927
v 0.486132 -0.206148 0.006506
v 0.489874 -0.202222 0.010356
v 0.495958 -0.198825 0.006153
v 0.493593 -0.198579 0.010050
v 0.494482 -0.190608 0.009517
v 0.491765 -0.197969 0.012229
v 0.496389 -0.190648 0.005413
v 0.496491 -0.180248 0.005187
v 0.497519 -0.199179 0.001970
v 0.498146 -0.190785 0.001157
v 0.498418 -0.180131 0.000808
v 0.498470 -0.165325 0.000666
v 0.499640 -0.190878 -0.003217
v 0.499778 -0.180024 -0.003734
v 0.499838 -0.165271 -0.003989
v 0.499806 -0.147249 -0.003940
v 0.499924 -0.179992 -0.008552
v 0.499914 -0.165312 -0.008921
v 0.499935 -0.147327 -0.008895
v 0.499921 -0.128339 -0.008666
v 0.499483 -0.165418 -0.013764
v 0.499739 -0.147430 -0.013747
v 0.499649 -0.128384 -0.013449
v 0.499678 -0.109390 -0.013098
v 0.496660 -0.147565 -0.017446
v 0.496981 -0.128469 -0.017290
v 0.497254 -0.109400 -0.017029
v 0.497518 -0.089734 -0.016861
v 0.492432 -0.128587 -0.019349
v 0.492879 -0.109420 -0.019441
v 0.493186 -0.089750 -0.019317
v 0.493535 -0.070090 -0.019073
v 0.487280 -0.109442 -0.019580
v 0.487674 -0.089783 -0.019549
v 0.488026 -0.070104 -0.019523
v 0.488172 -0.050273 -0.019567
v 0.481745 -0.089822 -0.019591
v 0.482073 -0.070120 -0.019589
v 0.482239 -0.050282 -0.019599
v 0.482318 -0.030305 -0.019585
v 0.474637 -0.070146 -0.019598
v 0.474879 -0.050302 -0.019601
v 0.475282 -0.030365 -0.019596
v 0.475949 -0.010554 -0.019592
v 0.463495 -0.050338 -0.019601
v 0.464061 -0.030439 -0.019596
v 0.464866 -0.010620 -0.019594
v 0.465490 0.009074 -0.019594
v 0.448616 -0.030508 -0.019604
v 0.449260 -0.010686 -0.019603
v 0.449867 0.009072 -0.019603
v 0.450389 0.028798 -0.019596
v 0.429711 -0.010731 -0.019609
v 0.430322 0.009073 -0.019606
v 0.430866 0.028840 -0.019593
v 0.431353 0.048567 -0.019583
v 0.410397 0.009087 -0.019602
v 0.410901 0.028897 -0.019587
v 0.411342 0.048677 -0.019572
v 0.411717 0.068431 -0.019563
v 0.391005 0.028966 -0.019580
v 0.391414 0.048797 -0.019564
v 0.391770 0.068614 -0.019554
v 0.392072 0.088433 -0.019556
v 0.371586 0.048919 -0.019557
v 0.371920 0.068789 -0.019547
v 0.372209 0.088668 -0.019554
v 0.372455 0.108575 -0.019560
v 0.352150 0.068954 -0.019547
v 0.352421 0.088881 -0.019552
v 0.352652 0.108834 -0.019558
v 0.352849 0.128825 -0.019563
v 0.332696 0.089072 -0.019549
v 0.332907 0.109065 -0.019555
v 0.333076 0.129093 -0.019560
v 0.333200 0.149073 -0.019559
v 0.313223 0.109270 -0.019546
v 0.313365 0.129335 -0.019548
v 0.313444 0.149300 -0.019561
v 0.313452 0.167024 -0.019563
v 0.293739 0.129532 -0.019546
v 0.293805 0.149489 -0.019564
v 0.293791 0.167257 -0.019573
v 0.293721 0.179681 -0.019568
v 0.274295 0.149684 -0.019570
v 0.274323 0.167494 -0.019576
v 0.274305 0.180047 -0.019570
v 0.274269 0.189091 -0.019561
v 0.254979 0.167791 -0.019569
v 0.255036 0.180302 -0.019567
v 0.255084 0.189164 -0.019553
v 0.255133 0.194546 -0.019524
v 0.235888 0.180500 -0.019561
v 0.236014 0.189341 -0.019553
v 0.236099 0.194642 -0.019535
v 0.236166 0.199549 -0.019488
v 0.235738 0.168066 -0.019559
v 0.254889 0.149874 -0.019564
v 0.235555 0.150009 -0.019552
v 0.254757 0.129854 -0.019559
v 0.274208 0.129700 -0.019557
v 0.274070 0.109611 -0.019556
v 0.293611 0.109451 -0.019542
v 0.293434 0.089403 -0.019544
v 0.313035 0.089246 -0.019546
v 0.312806 0.069249 -0.019545
v 0.332447 0.069107 -0.019547
v 0.332162 0.049155 -0.019554
v 0.351840 0.049039 -0.019554
v 0.351492 0.029123 -0.019576
v 0.371208 0.029042 -0.019575
v 0.370786 0.009151 -0.019585
v 0.390543 0.009114 -0.019592
v 0.390030 -0.010767 -0.019593
v 0.409830 -0.010757 -0.019606
v 0.409205 -0.030639 -0.019604
v 0.429022 -0.030584 -0.019609
v 0.428268 -0.050477 -0.019611
v 0.447740 -0.050399 -0.019607
v 0.446860 -0.070276 -0.019608
v 0.462965 -0.070194 -0.019602
v 0.462356 -0.089980 -0.019604
v 0.474241 -0.089878 -0.019599
v 0.473533 -0.109578 -0.019599
v 0.481348 -0.109487 -0.019595
v 0.480865 -0.128908 -0.019589
v 0.486843 -0.128728 -0.019541
v 0.486355 -0.147921 -0.019535
v 0.491906 -0.147725 -0.019325
v 0.491559 -0.165738 -0.019372
v 0.496481 -0.165563 -0.017632
v 0.496744 -0.180191 -0.017468
v 0.499634 -0.180068 -0.013431
v 0.499926 -0.190845 -0.007909
v 0.499042 -0.199374 -0.002370
v 0.483180 0.087160 -0.019567
v 0.488518 0.067773 -0.019462
v 0.493657 0.048454 -0.018871
v 0.497921 0.028785 -0.016473
v 0.499910 0.009029 -0.011968
v 0.499934 -0.010391 -0.006726
v 0.499536 -0.030190 -0.001598
v 0.497209 -0.050074 0.003010
v 0.495604 -0.069891 0.007641
v 0.493110 -0.089674 0.010943
v 0.490429 -0.109364 0.012878
v 0.485089 -0.128290 0.013088
v 0.479285 -0.147500 0.013127
v 0.473695 -0.166209 0.013095
v 0.468232 -0.181105 0.012885
v 0.463046 -0.190608 0.011692
v 0.459039 -0.196970 0.007483
v 0.468993 0.124138 0.013040
v 0.463137 0.104988 0.012117
v 0.458663 0.086070 0.008619
v 0.457236 0.067097 0.003711
v 0.453214 0.047780 0.002066
v 0.447560 0.028645 0.001935
v 0.441512 0.009722 0.001921
v 0.433552 -0.009396 0.001904
v 0.420480 -0.028709 0.001885
v 0.401878 -0.048110 0.001874
v 0.382321 -0.067451 0.001884
v 0.363275 -0.086443 0.001889
v 0.348623 -0.084862 0.001887
v 0.339695 -0.083939 0.001925
v 0.332964 -0.083452 0.002303
v 0.332012 -0.100886 0.002609
v 0.328306 -0.083227 0.005223
v 0.327656 -0.099952 0.006200
v 0.322483 -0.113091 0.007917
v 0.324978 -0.114964 0.003997
v 0.312114 -0.117883 0.007565
v 0.313442 -0.120831 0.004283
v 0.301865 -0.123374 0.004981
v 0.304328 -0.129379 0.002274
v 0.319602 -0.109613 0.009710
v 0.310950 -0.114489 0.009394
v 0.324769 -0.099178 0.009191
v 0.325180 -0.083174 0.008817
v 0.320659 -0.083214 0.009273
v 0.320817 -0.064344 0.009594
v 0.316909 -0.064268 0.007169
v 0.316488 -0.083254 0.006783
v 0.325253 -0.064407 0.008925
v 0.320928 -0.044593 0.009046
v 0.321419 -0.025709 0.009172
v 0.317026 -0.044597 0.007093
v 0.311494 -0.044565 0.004291
v 0.311098 -0.064227 0.004142
v 0.301121 -0.044291 0.003456
v 0.300867 -0.064185 0.003433
v 0.300019 -0.083789 0.003414
v 0.310407 -0.083441 0.003936
v 0.299229 -0.099523 0.003450
v 0.285015 -0.083794 0.003384
v 0.284637 -0.100261 0.003418
v 0.284515 -0.109981 0.003932
v 0.299232 -0.108880 0.004369
v 0.268882 -0.098063 0.003431
v 0.268702 -0.106591 0.004146
v 0.255703 -0.095562 0.004032
v 0.256510 -0.082289 0.003798
v 0.249953 -0.082065 0.007016
v 0.249403 -0.094782 0.007555
v 0.269155 -0.083100 0.003378
v 0.269168 -0.063684 0.003409
v 0.285232 -0.064016 0.003397
v 0.285249 -0.043930 0.003422
v 0.255138 -0.104992 0.007108
v 0.253019 -0.108802 0.009564
v 0.245355 -0.096622 0.009600
v 0.241335 -0.099155 0.008664
v 0.251802 -0.113219 0.008693
v 0.252003 -0.115766 0.006434
v 0.261456 -0.119086 0.007051
v 0.239200 -0.101509 0.006136
v 0.312246 0.150712 0.001923
v 0.311843 0.157471 0.001898
v 0.332606 0.152680 0.001957
v 0.332655 0.158989 0.001891
v 0.332697 0.164502 0.001886
v 0.353365 0.157646 0.001865
v 0.353855 0.163674 0.001869
v 0.353942 0.168925 0.001853
v 0.373683 0.162770 0.001885
v 0.373899 0.168658 0.001919
v 0.373892 0.174037 0.002013
v 0.393358 0.169107 0.001988
v 0.393435 0.174630 0.002246
v 0.393409 0.177811 0.004653
v 0.413633 0.174706 0.002725
v 0.413536 0.178244 0.006016
v 0.413232 0.180560 0.009603
v 0.433640 0.179102 0.007541
v 0.433209 0.181749 0.010533
v 0.433257 0.184903 0.012617
v 0.450563 0.180490 0.009353
v 0.449523 0.178660 0.007280
v 0.455761 0.170930 0.004616
v 0.457904 0.171770 0.007610
v 0.455239 0.159930 0.003536
v 0.449737 0.159499 0.002057
v 0.448167 0.143141 0.001993
v 0.442831 0.158380 0.001944
v 0.441120 0.142044 0.001931
v 0.440472 0.123293 0.001928
v 0.429955 0.141206 0.001924
v 0.429065 0.122821 0.001918
v 0.428795 0.104003 0.001911
v 0.408355 0.122896 0.001922
v 0.409581 0.103386 0.001911
v 0.411851 0.084721 0.001910
v 0.393176 0.083274 0.001934
v 0.395177 0.066213 0.001894
v 0.378326 0.065076 0.001893
v 0.378241 0.047084 0.001886
v 0.364719 0.061714 0.001889
v 0.352810 0.065253 0.002107
v 0.354910 0.057632 0.001928
v 0.350478 0.044419 0.003048
v 0.346473 0.033677 0.004164
v 0.338847 0.028439 0.004455
v 0.329028 0.028506 0.004662
v 0.319594 0.037222 0.004653
v 0.318128 0.048223 0.003983
v 0.314061 0.060105 0.002007
v 0.316278 0.067119 0.002858
v 0.303351 0.076233 0.005890
v 0.302893 0.078199 0.009780
v 0.289341 0.086005 0.009909
v 0.287793 0.083205 0.006638
v 0.283516 0.097872 0.009489
v 0.281174 0.097248 0.006758
v 0.283014 0.110489 0.009366
v 0.280990 0.111043 0.006799
v 0.287714 0.120955 0.009843
v 0.285959 0.122828 0.008626
v 0.299446 0.127943 0.009897
v 0.298262 0.130784 0.007192
v 0.314884 0.134121 0.010030
v 0.314482 0.137385 0.007137
v 0.313821 0.140989 0.002970
v 0.332154 0.140955 0.007918
v 0.332256 0.144156 0.004188
v 0.332412 0.147142 0.002614
v 0.313163 0.144485 0.002155
v 0.349388 0.139527 0.003608
v 0.350647 0.144243 0.002193
v 0.352210 0.150711 0.001877
v 0.372829 0.155158 0.001876
v 0.391913 0.154547 0.001906
v 0.393018 0.162893 0.001923
v 0.411893 0.154792 0.001930
v 0.412589 0.163169 0.001949
v 0.413146 0.169422 0.002047
v 0.431869 0.165003 0.001983
v 0.431155 0.156373 0.001933
v 0.410681 0.140569 0.001927
v 0.348544 0.136207 0.007202
v 0.364178 0.129787 0.007960
v 0.362971 0.126689 0.009932
v 0.372760 0.117335 0.009295
v 0.374348 0.118152 0.009040
v 0.347573 0.132353 0.009870
v 0.346444 0.127967 0.008793
v 0.361075 0.122942 0.008719
v 0.331818 0.136385 0.010102
v 0.331388 0.132003 0.008106
v 0.331452 0.130019 0.003242
v 0.346131 0.125855 0.003986
v 0.315755 0.129514 0.008871
v 0.315698 0.127211 0.004061
v 0.316366 0.123342 0.001185
v 0.331050 0.124671 0.000994
v 0.301042 0.123994 0.009411
v 0.301776 0.122045 0.005315
v 0.290698 0.118116 0.009279
v 0.292084 0.116871 0.005634
v 0.288919 0.109113 0.006364
v 0.286625 0.109740 0.009600
v 0.286388 0.098622 0.009572
v 0.288725 0.099613 0.006611
v 0.293040 0.091768 0.006681
v 0.291777 0.089263 0.009731
v 0.303723 0.083578 0.009955
v 0.303901 0.086872 0.006619
v 0.317924 0.082095 0.005872
v 0.317669 0.085496 0.001639
v 0.332740 0.079114 0.004939
v 0.332107 0.083748 0.001142
v 0.331857 0.090423 0.000773
v 0.318116 0.091815 0.000832
v 0.331535 0.098566 0.000752
v 0.318224 0.099193 0.000778
v 0.331101 0.108285 0.000766
v 0.317959 0.108210 0.000789
v 0.330798 0.117269 0.000799
v 0.317419 0.116485 0.000844
v 0.344765 0.115887 0.000793
v 0.345423 0.121846 0.001040
v 0.360318 0.121009 0.004958
v 0.368480 0.114296 0.004991
v 0.369861 0.115441 0.007921
v 0.369575 0.103226 0.005058
v 0.371722 0.102235 0.007956
v 0.374224 0.100668 0.009086
v 0.362803 0.088733 0.007626
v 0.363745 0.086156 0.009858
v 0.362955 0.090928 0.004144
v 0.347439 0.083857 0.004618
v 0.361372 0.094192 0.001552
v 0.347153 0.086249 0.001342
v 0.350713 0.071099 0.004634
v 0.467148 0.192077 0.013119
v 0.477406 0.198851 0.012250
v 0.006570 -0.077431 0.007966
v -0.340677 0.080398 0.006097
v 0.004060 -0.099629 0.001966
v -0.235967 -0.127792 0.004227
v -0.245637 -0.116139 0.003582
v -0.246707 -0.101230 0.002777
v -0.240734 -0.091176 0.002726
v -0.244706 -0.116075 0.007603
v -0.234904 -0.127373 0.008228
v -0.242764 -0.115599 0.011902
v -0.218146 -0.131203 0.003882
v -0.217643 -0.130133 0.007816
v -0.202093 -0.124807 0.004871
v -0.204113 -0.124366 0.009317
v -0.194907 -0.111723 0.005024
v -0.196947 -0.099224 0.003424
v -0.228527 -0.095326 0.015231
v -0.217914 -0.097537 0.017018
v 0.337851 0.051833 0.015728
v 0.331718 0.052399 0.015811
v 0.281638 -0.144755 0.015328
v 0.277094 -0.153453 0.011543
v 0.289183 -0.145036 0.015368
v 0.092980 0.031367 0.002103
v 0.091464 0.044107 0.002472
v -0.090892 0.076661 0.009575
v -0.021149 0.076689 0.001849
v -0.011344 0.073480 0.001843
v 0.258781 -0.102636 0.006025
vt 0.939022 0.008422
vt 0.939048 0.013702
vt 0.933125 0.014254
vt 0.933798 0.008514
vt 0.934480 0.004249
vt 0.941067 0.006489
vt 0.942956 0.013117
vt 0.534111 0.954784
vt 0.535856 0.957149
vt 0.527940 0.959880
vt 0.528156 0.954790
vt 0.536635 0.949941
vt 0.539684 0.950028
vt 0.530425 0.948779
vt 0.475268 0.932573
vt 0.481088 0.936397
vt 0.477665 0.940371
vt 0.471569 0.933290
vt 0.475968 0.927801
vt 0.484476 0.931180
vt 0.471301 0.926684
vt 0.480809 0.918115
vt 0.488754 0.919420
vt 0.487200 0.925157
vt 0.478072 0.922005
vt 0.474094 0.919644
vt 0.479023 0.915071
vt 0.489543 0.914385
vt 0.816123 0.613763
vt 0.801706 0.607726
vt 0.803278 0.597387
vt 0.817975 0.597933
vt 0.822093 0.631306
vt 0.814420 0.630362
vt 0.809304 0.617292
vt 0.800462 0.611462
vt 0.530776 0.943171
vt 0.518427 0.945004
vt 0.521718 0.937652
vt 0.534846 0.941847
vt 0.524898 0.932072
vt 0.867873 0.892511
vt 0.870188 0.890120
vt 0.872682 0.896197
vt 0.869166 0.897904
vt 0.937554 0.395211
vt 0.931017 0.394973
vt 0.931600 0.390875
vt 0.938902 0.391874
vt 0.864171 0.892254
vt 0.865254 0.887452
vt 0.544582 0.442676
vt 0.546676 0.421243
vt 0.566563 0.420019
vt 0.567025 0.437421
vt 0.551463 0.462287
vt 0.539270 0.469949
vt 0.532886 0.457151
vt 0.569465 0.455296
vt 0.526695 0.436291
vt 0.529323 0.420067
vt 0.522039 0.448752
vt 0.532411 0.486365
vt 0.525983 0.486359
vt 0.528024 0.476856
vt 0.531671 0.474639
vt 0.542510 0.481970
vt 0.546885 0.495861
vt 0.537097 0.498326
vt 0.799652 0.464925
vt 0.790679 0.474102
vt 0.777511 0.467759
vt 0.780776 0.457388
vt 0.806538 0.488061
vt 0.798819 0.490516
vt 0.819825 0.464118
vt 0.821572 0.485748
vt 0.766022 0.439136
vt 0.768929 0.454087
vt 0.765186 0.452758
vt 0.761163 0.441589
vt 0.782318 0.442010
vt 0.749555 0.435919
vt 0.750581 0.430783
vt 0.751180 0.422255
vt 0.768086 0.425433
vt 0.784644 0.426742
vt 0.700888 0.480502
vt 0.716760 0.469955
vt 0.716670 0.474603
vt 0.703092 0.487331
vt 0.701540 0.462284
vt 0.717070 0.458313
vt 0.686498 0.483534
vt 0.685599 0.464384
vt 0.789466 0.585955
vt 0.796715 0.564038
vt 0.806454 0.563315
vt 0.804600 0.583147
vt 0.788357 0.599063
vt 0.786267 0.583725
vt 0.792594 0.564284
vt 0.730994 0.503702
vt 0.741393 0.481650
vt 0.743399 0.484120
vt 0.735762 0.504507
vt 0.769479 0.608995
vt 0.768303 0.599106
vt 0.770689 0.621684
vt 0.766262 0.637868
vt 0.748274 0.643337
vt 0.749006 0.627108
vt 0.748701 0.615306
vt 0.777548 0.622308
vt 0.774592 0.634856
vt 0.788529 0.608956
vt 0.788994 0.611112
vt 0.695740 0.585847
vt 0.692916 0.603541
vt 0.674582 0.602162
vt 0.676769 0.584177
vt 0.713215 0.597732
vt 0.710480 0.608704
vt 0.702563 0.581377
vt 0.714884 0.593134
vt 0.734119 0.471499
vt 0.731456 0.466642
vt 0.738060 0.463913
vt 0.728126 0.454969
vt 0.733290 0.452599
vt 0.212709 0.925299
vt 0.217068 0.935855
vt 0.211746 0.937744
vt 0.210913 0.930775
vt 0.732187 0.440268
vt 0.716580 0.442896
vt 0.716219 0.428869
vt 0.732414 0.428721
vt 0.738273 0.441373
vt 0.539684 0.587889
vt 0.539684 0.605125
vt 0.536159 0.605402
vt 0.536145 0.593531
vt 0.038461 0.789088
vt 0.046475 0.792490
vt 0.045309 0.795927
vt 0.034972 0.794424
vt 0.751983 0.841720
vt 0.748879 0.845959
vt 0.742374 0.845566
vt 0.742875 0.841680
vt 0.755875 0.843639
vt 0.751266 0.846340
vt 0.830138 0.900662
vt 0.827868 0.896471
vt 0.832824 0.894535
vt 0.833983 0.900882
vt 0.826571 0.907989
vt 0.822024 0.905451
vt 0.831883 0.910712
vt 0.753717 0.847420
vt 0.757645 0.846981
vt 0.757835 0.852524
vt 0.752789 0.851574
vt 0.749892 0.850251
vt 0.889037 0.944789
vt 0.886917 0.947080
vt 0.883296 0.939111
vt 0.887395 0.938626
vt 0.893312 0.938921
vt 0.893931 0.946958
vt 0.893526 0.950714
vt 0.917040 0.961927
vt 0.918059 0.972505
vt 0.913325 0.972661
vt 0.910863 0.965142
vt 0.925820 0.965081
vt 0.923567 0.972251
vt 0.902522 0.959895
vt 0.903598 0.957222
vt 0.417567 0.938195
vt 0.418205 0.945517
vt 0.412354 0.946849
vt 0.412944 0.936602
vt 0.903551 0.953060
vt 0.917261 0.954719
vt 0.932384 0.950615
vt 0.932297 0.954696
vt 0.934382 0.958657
vt 0.206628 0.937416
vt 0.207003 0.930499
vt 0.546741 0.943616
vt 0.552008 0.944994
vt 0.547470 0.952282
vt 0.542627 0.948220
vt 0.545301 0.934602
vt 0.553022 0.932445
vt 0.499357 0.463468
vt 0.506194 0.463719
vt 0.502535 0.472895
vt 0.493700 0.470432
vt 0.065718 0.933526
vt 0.065718 0.941374
vt 0.059018 0.941610
vt 0.061036 0.931908
vt 0.819168 0.908619
vt 0.814899 0.910430
vt 0.815212 0.901856
vt 0.820479 0.902433
vt 0.520739 0.472020
vt 0.519994 0.478197
vt 0.511741 0.475600
vt 0.514796 0.467255
vt 0.503892 0.508161
vt 0.520652 0.519094
vt 0.517331 0.520029
vt 0.501493 0.510477
vt 0.512270 0.505910
vt 0.524972 0.518024
vt 0.495962 0.501496
vt 0.506874 0.499791
vt 0.484847 0.511095
vt 0.481958 0.507879
vt 0.498148 0.495442
vt 0.506420 0.495819
vt 0.863569 0.951914
vt 0.867906 0.936994
vt 0.873689 0.936873
vt 0.871693 0.948335
vt 0.489310 0.498836
vt 0.491712 0.493737
vt 0.187196 0.933106
vt 0.185044 0.930598
vt 0.190023 0.928247
vt 0.190801 0.932192
vt 0.184733 0.938644
vt 0.180118 0.939026
vt 0.189180 0.939144
vt 0.346294 0.942781
vt 0.350239 0.942984
vt 0.345881 0.951914
vt 0.341911 0.948686
vt 0.471974 0.982090
vt 0.471794 0.988906
vt 0.464585 0.985525
vt 0.466503 0.978952
vt 0.220429 0.930608
vt 0.224997 0.928374
vt 0.227939 0.937998
vt 0.220824 0.937518
vt 0.117475 0.950340
vt 0.116399 0.944097
vt 0.121995 0.942586
vt 0.122241 0.951571
vt 0.888515 0.860528
vt 0.898035 0.856341
vt 0.899100 0.869179
vt 0.888255 0.870311
vt 0.883437 0.870482
vt 0.884987 0.857843
vt 0.639485 0.941571
vt 0.634940 0.942902
vt 0.636096 0.928725
vt 0.641248 0.931456
vt 0.944227 0.381559
vt 0.949601 0.379638
vt 0.951348 0.385849
vt 0.943519 0.386200
vt 0.464627 0.999709
vt 0.457591 0.997068
vt 0.461560 0.991649
vt 0.468881 0.996104
vt 0.077760 0.950746
vt 0.073039 0.951480
vt 0.073541 0.942523
vt 0.079658 0.943568
vt 0.121142 0.931400
vt 0.121531 0.935414
vt 0.116399 0.936798
vt 0.117996 0.930858
vt 0.124774 0.927929
vt 0.127370 0.933170
vt 0.121270 0.925522
vt 0.447738 0.971836
vt 0.449627 0.971677
vt 0.453228 0.975522
vt 0.449885 0.978333
vt 0.828348 0.710949
vt 0.817090 0.709610
vt 0.818555 0.706272
vt 0.828444 0.708351
vt 0.438488 0.971497
vt 0.443087 0.959109
vt 0.447906 0.960419
vt 0.441476 0.977043
vt 0.428782 0.983379
vt 0.426582 0.980276
vt 0.448348 0.983290
vt 0.441313 0.982241
vt 0.430785 0.986039
vt 0.788810 0.656257
vt 0.790567 0.642890
vt 0.796450 0.639445
vt 0.796581 0.655456
vt 0.398240 0.994788
vt 0.416819 0.993985
vt 0.421084 0.995472
vt 0.408314 0.999709
vt 0.788184 0.669128
vt 0.783545 0.664542
vt 0.911380 0.761925
vt 0.914018 0.755131
vt 0.919354 0.755996
vt 0.916231 0.765405
vt 0.902870 0.763739
vt 0.910563 0.754378
vt 0.903528 0.768750
vt 0.940001 0.780306
vt 0.935012 0.780561
vt 0.934460 0.775114
vt 0.940295 0.775909
vt 0.289462 0.615128
vt 0.286722 0.617471
vt 0.285469 0.611519
vt 0.289578 0.610366
vt 0.293923 0.615866
vt 0.291914 0.619998
vt 0.842149 0.705342
vt 0.836025 0.702256
vt 0.838441 0.682974
vt 0.847580 0.684363
vt 0.846176 0.721294
vt 0.828805 0.725018
vt 0.825656 0.716515
vt 0.757990 0.863104
vt 0.777602 0.864346
vt 0.776202 0.867889
vt 0.760492 0.869685
vt 0.372213 0.636017
vt 0.374547 0.632617
vt 0.376385 0.644298
vt 0.372213 0.647222
vt 0.898751 0.753531
vt 0.898890 0.746372
vt 0.905498 0.747746
vt 0.902281 0.755482
vt 0.515041 0.489158
vt 0.515786 0.493880
vt 0.510420 0.493880
vt 0.510579 0.487180
vt 0.074024 0.930254
vt 0.077891 0.928787
vt 0.079640 0.935297
vt 0.073906 0.934546
vt 0.070907 0.926664
vt 0.075120 0.922893
vt 0.744890 0.659059
vt 0.727669 0.659118
vt 0.728577 0.643813
vt 0.763998 0.649426
vt 0.764765 0.655558
vt 0.748948 0.663669
vt 0.737594 0.677582
vt 0.725497 0.676270
vt 0.740622 0.678308
vt 0.537056 0.643899
vt 0.544796 0.623996
vt 0.555148 0.626353
vt 0.550696 0.645025
vt 0.518060 0.651839
vt 0.517257 0.647909
vt 0.532105 0.637571
vt 0.537758 0.662024
vt 0.519514 0.663654
vt 0.551174 0.663282
vt 0.557395 0.726125
vt 0.550940 0.712922
vt 0.556003 0.711056
vt 0.563644 0.720274
vt 0.577029 0.724173
vt 0.576127 0.731234
vt 0.575558 0.739232
vt 0.557189 0.737407
vt 0.538701 0.738735
vt 0.538429 0.729585
vt 0.537400 0.715771
vt 0.082092 0.937383
vt 0.088739 0.923656
vt 0.092427 0.925953
vt 0.087246 0.936814
vt 0.594019 0.721691
vt 0.589872 0.718291
vt 0.599611 0.706740
vt 0.602638 0.707021
vt 0.614102 0.708586
vt 0.611656 0.724476
vt 0.610967 0.734293
vt 0.592827 0.732630
vt 0.742341 0.708847
vt 0.746732 0.705106
vt 0.759693 0.713677
vt 0.758447 0.718018
vt 0.756236 0.726377
vt 0.740399 0.723597
vt 0.724908 0.709124
vt 0.724896 0.693402
vt 0.737284 0.693536
vt 0.741223 0.692926
vt 0.798549 0.858845
vt 0.797215 0.861400
vt 0.791042 0.855346
vt 0.797707 0.851971
vt 0.803506 0.856997
vt 0.810746 0.858148
vt 0.813873 0.673111
vt 0.812378 0.667342
vt 0.819681 0.666518
vt 0.820479 0.671922
vt 0.674482 0.905233
vt 0.678584 0.903128
vt 0.679085 0.909892
vt 0.672972 0.910909
vt 0.114380 0.881715
vt 0.117665 0.879820
vt 0.119487 0.886860
vt 0.113825 0.885844
vt 0.669212 0.911055
vt 0.671494 0.902691
vt 0.811808 0.849766
vt 0.801688 0.841148
vt 0.803599 0.837689
vt 0.814126 0.845650
vt 0.830359 0.853377
vt 0.828666 0.857632
vt 0.077600 0.892171
vt 0.078472 0.886868
vt 0.094489 0.887593
vt 0.093784 0.891671
vt 0.803110 0.850564
vt 0.799994 0.843532
vt 0.826140 0.861127
vt 0.807963 0.863693
vt 0.817662 0.659275
vt 0.812531 0.658693
vt 0.814481 0.653413
vt 0.820479 0.657112
vt 0.318699 0.884540
vt 0.315648 0.879080
vt 0.323031 0.878069
vt 0.323044 0.886685
vt 0.868273 0.858236
vt 0.867041 0.863876
vt 0.859652 0.861662
vt 0.862142 0.855685
vt 0.008924 0.883480
vt 0.013097 0.880788
vt 0.015510 0.885856
vt 0.009254 0.888676
vt 0.947992 0.283817
vt 0.951914 0.289008
vt 0.947373 0.292242
vt 0.944094 0.284768
vt 0.521599 0.628112
vt 0.513267 0.631141
vt 0.513046 0.622101
vt 0.522089 0.620882
vt 0.945889 0.272673
vt 0.950553 0.275591
vt 0.097660 0.932197
vt 0.101196 0.929320
vt 0.104675 0.939198
vt 0.098224 0.938940
vt 0.392367 0.697956
vt 0.393815 0.688786
vt 0.398291 0.695828
vt 0.392962 0.702775
vt 0.826247 0.689622
vt 0.822104 0.685115
vt 0.829962 0.681476
vt 0.832427 0.689545
vt 0.822406 0.693831
vt 0.815398 0.689712
vt 0.830674 0.696802
vt 0.808949 0.685451
vt 0.811303 0.693726
vt 0.806037 0.691367
vt 0.817327 0.680340
vt 0.261276 0.934371
vt 0.267678 0.936807
vt 0.271264 0.955897
vt 0.264418 0.950751
vt 0.779496 0.677185
vt 0.799245 0.679843
vt 0.797321 0.685270
vt 0.780432 0.685551
vt 0.772569 0.683283
vt 0.770455 0.677609
vt 0.265061 0.920038
vt 0.268068 0.918958
vt 0.765637 0.671146
vt 0.767118 0.668012
vt 0.801669 0.620597
vt 0.803687 0.628401
vt 0.797278 0.628828
vt 0.796270 0.620278
vt 0.798107 0.614241
vt 0.804547 0.618277
vt 0.952836 0.035751
vt 0.949519 0.021674
vt 0.952215 0.020144
vt 0.957092 0.031887
vt 0.292744 0.527385
vt 0.289899 0.529726
vt 0.289899 0.514507
vt 0.292416 0.511560
vt 0.950141 0.038163
vt 0.954378 0.042823
vt 0.953231 0.053412
vt 0.948140 0.051987
vt 0.942556 0.051826
vt 0.942556 0.036182
vt 0.804547 0.634148
vt 0.800211 0.635273
vt 0.772755 0.690359
vt 0.768906 0.686199
vt 0.959880 0.045805
vt 0.959202 0.054154
vt 0.783223 0.689218
vt 0.775234 0.692999
vt 0.797539 0.689486
vt 0.264863 0.633955
vt 0.261414 0.637265
vt 0.258277 0.628865
vt 0.264637 0.628116
vt 0.756961 0.692444
vt 0.752823 0.688154
vt 0.759117 0.684192
vt 0.763141 0.690653
vt 0.766019 0.695134
vt 0.756280 0.696497
vt 0.378628 0.923576
vt 0.382734 0.921039
vt 0.384350 0.929659
vt 0.377761 0.929725
vt 0.750384 0.681342
vt 0.754815 0.677005
vt 0.264863 0.621024
vt 0.260524 0.618914
vt 0.410278 0.725514
vt 0.406427 0.723301
vt 0.413013 0.706306
vt 0.416981 0.706201
vt 0.390574 0.730735
vt 0.390355 0.728720
vt 0.428316 0.705981
vt 0.426831 0.724977
vt 0.426268 0.734699
vt 0.409747 0.735915
vt 0.390615 0.736862
vt 0.359600 0.718133
vt 0.366882 0.714556
vt 0.375433 0.724527
vt 0.374495 0.727255
vt 0.372617 0.734618
vt 0.356524 0.731168
vt 0.356537 0.700943
vt 0.362243 0.701528
vt 0.363966 0.934299
vt 0.368078 0.918373
vt 0.372181 0.919636
vt 0.370163 0.932297
vt 0.409188 0.688481
vt 0.405083 0.694222
vt 0.397816 0.688637
vt 0.400156 0.682602
vt 0.416896 0.688434
vt 0.475935 0.653647
vt 0.497311 0.655784
vt 0.498661 0.665498
vt 0.478820 0.666027
vt 0.375254 0.661159
vt 0.369662 0.662498
vt 0.365252 0.645436
vt 0.368569 0.644711
vt 0.375967 0.684551
vt 0.371529 0.683195
vt 0.398291 0.712261
vt 0.394110 0.713307
vt 0.369417 0.951915
vt 0.366969 0.944546
vt 0.372243 0.941192
vt 0.372815 0.950057
vt 0.303324 0.635544
vt 0.303947 0.650132
vt 0.285312 0.653030
vt 0.284227 0.643496
vt 0.318991 0.633926
vt 0.320060 0.648646
vt 0.283981 0.640512
vt 0.299386 0.632347
vt 0.143829 0.711194
vt 0.128703 0.711711
vt 0.126474 0.693660
vt 0.136056 0.693585
vt 0.189323 0.715816
vt 0.207157 0.717198
vt 0.206162 0.729625
vt 0.188541 0.729010
vt 0.184400 0.710902
vt 0.192122 0.696248
vt 0.197502 0.697149
vt 0.209699 0.698750
vt 0.167416 0.730996
vt 0.167675 0.722070
vt 0.170901 0.716607
vt 0.047781 0.742708
vt 0.053046 0.743346
vt 0.051978 0.747469
vt 0.046216 0.745202
vt 0.038044 0.755050
vt 0.045307 0.759356
vt 0.043346 0.764538
vt 0.033516 0.764058
vt 0.174910 0.699945
vt 0.178648 0.703040
vt 0.166629 0.708269
vt 0.166630 0.702558
vt 0.823397 0.672279
vt 0.821474 0.663958
vt 0.830436 0.663958
vt 0.829215 0.675102
vt 0.176963 0.693757
vt 0.183033 0.693918
vt 0.164396 0.668039
vt 0.158942 0.665158
vt 0.159459 0.643150
vt 0.163145 0.644074
vt 0.166102 0.644980
vt 0.168391 0.666033
vt 0.796040 0.910291
vt 0.797968 0.914751
vt 0.788975 0.914650
vt 0.788969 0.909505
vt 0.586403 0.690577
vt 0.584768 0.684318
vt 0.588813 0.682951
vt 0.589470 0.692241
vt 0.586549 0.697742
vt 0.583521 0.694456
vt 0.729187 0.507768
vt 0.732855 0.507423
vt 0.732855 0.515786
vt 0.728758 0.514076
vt 0.161843 0.608142
vt 0.168124 0.608645
vt 0.166256 0.614005
vt 0.159148 0.612751
vt 0.164233 0.938813
vt 0.163532 0.933030
vt 0.169269 0.933329
vt 0.167713 0.940901
vt 0.665543 0.902705
vt 0.669128 0.906477
vt 0.664401 0.910626
vt 0.660891 0.903173
vt 0.826968 0.700991
vt 0.818244 0.698430
vt 0.959291 0.062160
vt 0.955085 0.063532
vt 0.254906 0.933383
vt 0.254037 0.938905
vt 0.248455 0.939151
vt 0.251341 0.930545
vt 0.481189 0.525542
vt 0.477533 0.522801
vt 0.485648 0.517346
vt 0.487750 0.522681
vt 0.489525 0.530772
vt 0.479834 0.531877
vt 0.473692 0.530803
vt 0.592492 0.704175
vt 0.595444 0.709604
vt 0.590975 0.712940
vt 0.588343 0.704257
vt 0.798049 0.950887
vt 0.800844 0.952823
vt 0.790872 0.955906
vt 0.790361 0.952193
vt 0.799779 0.946571
vt 0.803351 0.947064
vt 0.790315 0.946564
vt 0.813167 0.940176
vt 0.812269 0.922681
vt 0.817573 0.924666
vt 0.818586 0.937298
vt 0.808417 0.938254
vt 0.807970 0.923416
vt 0.338547 0.951914
vt 0.329001 0.951021
vt 0.328516 0.942801
vt 0.334548 0.942497
vt 0.279031 0.928440
vt 0.285421 0.929731
vt 0.282028 0.938900
vt 0.275312 0.937547
vt 0.809173 0.949592
vt 0.806397 0.948105
vt 0.155448 0.932928
vt 0.151936 0.930982
vt 0.156248 0.925864
vt 0.160369 0.929722
vt 0.155350 0.939927
vt 0.149232 0.939512
vt 0.161308 0.939162
vt 0.018232 0.953797
vt 0.013228 0.953068
vt 0.016274 0.943430
vt 0.021906 0.947799
vt 0.297027 0.946258
vt 0.298617 0.937133
vt 0.304530 0.936530
vt 0.300575 0.949514
vt 0.850350 0.932613
vt 0.845004 0.936750
vt 0.841805 0.926756
vt 0.848304 0.922756
vt 0.290439 0.946625
vt 0.294735 0.950714
vt 0.288475 0.955897
vt 0.282804 0.948234
vt 0.290885 0.939963
vt 0.832295 0.948010
vt 0.827972 0.943004
vt 0.836206 0.939654
vt 0.839074 0.947437
vt 0.838460 0.919782
vt 0.832932 0.930764
vt 0.830593 0.921494
vt 0.829729 0.914706
vt 0.840751 0.914609
vt 0.607389 0.929239
vt 0.607412 0.935241
vt 0.602959 0.935841
vt 0.604576 0.928331
vt 0.610871 0.926982
vt 0.611576 0.934724
vt 0.156863 0.607290
vt 0.157325 0.611376
vt 0.153113 0.611067
vt 0.153113 0.606057
vt 0.805210 0.913259
vt 0.808430 0.912161
vt 0.617108 0.947932
vt 0.619167 0.937072
vt 0.622833 0.936788
vt 0.622758 0.944216
vt 0.814000 0.917371
vt 0.818404 0.919690
vt 0.573217 0.930358
vt 0.566080 0.931626
vt 0.567780 0.926416
vt 0.576256 0.927131
vt 0.577521 0.932475
vt 0.572545 0.935257
vt 0.461515 0.506192
vt 0.460965 0.486127
vt 0.473108 0.483075
vt 0.475085 0.497938
vt 0.479303 0.504675
vt 0.467090 0.510501
vt 0.454539 0.525335
vt 0.442573 0.525119
vt 0.444169 0.506846
vt 0.443046 0.487662
vt 0.459396 0.525594
vt 0.497384 0.521282
vt 0.500030 0.516823
vt 0.511286 0.523817
vt 0.501634 0.527597
vt 0.236300 0.509771
vt 0.236512 0.492987
vt 0.242322 0.492077
vt 0.245699 0.504487
vt 0.240274 0.514007
vt 0.235592 0.529266
vt 0.231700 0.529341
vt 0.629299 0.925613
vt 0.628950 0.936311
vt 0.623120 0.926674
vt 0.225462 0.509775
vt 0.227466 0.493026
vt 0.222805 0.529323
vt 0.304382 0.507101
vt 0.308372 0.526508
vt 0.304349 0.526721
vt 0.299317 0.513208
vt 0.291015 0.507014
vt 0.296508 0.498242
vt 0.314115 0.507120
vt 0.315581 0.526401
vt 0.485956 0.631429
vt 0.483708 0.623796
vt 0.498681 0.623222
vt 0.498475 0.633153
vt 0.366471 0.627588
vt 0.383394 0.621689
vt 0.383385 0.624044
vt 0.370446 0.629582
vt 0.351283 0.629913
vt 0.350236 0.616300
vt 0.366330 0.615317
vt 0.383911 0.615131
vt 0.147120 0.600183
vt 0.150899 0.605470
vt 0.144866 0.620437
vt 0.140684 0.620019
vt 0.162610 0.594885
vt 0.161552 0.599557
vt 0.128445 0.619258
vt 0.130083 0.599255
vt 0.131311 0.580655
vt 0.148678 0.581347
vt 0.164854 0.581462
vt 0.186671 0.611808
vt 0.187039 0.630018
vt 0.180815 0.628552
vt 0.179122 0.613569
vt 0.171262 0.604814
vt 0.173554 0.602053
vt 0.251012 0.470478
vt 0.254445 0.467427
vt 0.256897 0.480334
vt 0.250854 0.481188
vt 0.704069 0.911708
vt 0.716012 0.913028
vt 0.716175 0.920342
vt 0.701373 0.918628
vt 0.293559 0.463889
vt 0.290713 0.466757
vt 0.272462 0.459055
vt 0.272400 0.456817
vt 0.272834 0.445597
vt 0.292273 0.448547
vt 0.302441 0.484780
vt 0.298517 0.482779
vt 0.309546 0.449588
vt 0.310612 0.466088
vt 0.250548 0.460426
vt 0.252715 0.445010
vt 0.253854 0.464157
vt 0.243467 0.476381
vt 0.240487 0.476130
vt 0.233969 0.458614
vt 0.235486 0.442547
vt 0.229932 0.475001
vt 0.476099 0.463262
vt 0.459515 0.466430
vt 0.482304 0.466340
vt 0.479066 0.480992
vt 0.458074 0.450156
vt 0.474433 0.447976
vt 0.493288 0.453325
vt 0.494612 0.456048
vt 0.492173 0.443981
vt 0.004468 0.390126
vt 0.003856 0.384936
vt 0.008177 0.384262
vt 0.008090 0.390426
vt 0.003663 0.391810
vt 0.001160 0.385563
vt 0.007873 0.393970
vt 0.402744 0.618061
vt 0.384464 0.601484
vt 0.402365 0.600429
vt 0.396978 0.623429
vt 0.413662 0.635213
vt 0.407914 0.636168
vt 0.005260 0.004890
vt 0.009357 0.003971
vt 0.009742 0.008385
vt 0.004692 0.008244
vt 0.333862 0.864843
vt 0.337216 0.863892
vt 0.336930 0.866702
vt 0.332880 0.867309
vt 0.004465 0.831550
vt 0.003544 0.829022
vt 0.008527 0.829867
vt 0.008562 0.832944
vt 0.008732 0.826164
vt 0.015546 0.826937
vt 0.015220 0.830904
vt 0.015074 0.833641
vt 0.003300 0.825528
vt 0.332296 0.870802
vt 0.336747 0.870279
vt 0.336732 0.874074
vt 0.332138 0.874592
vt 0.003375 0.821740
vt 0.009030 0.822320
vt 0.009517 0.818374
vt 0.016322 0.818975
vt 0.015915 0.822936
vt 0.003985 0.817730
vt 0.005098 0.814049
vt 0.010234 0.814638
vt 0.332483 0.878634
vt 0.337012 0.878100
vt 0.337840 0.881894
vt 0.333941 0.882311
vt 0.342934 0.877715
vt 0.343464 0.881524
vt 0.344213 0.885338
vt 0.339123 0.885359
vt 0.335643 0.885658
vt 0.006080 0.810655
vt 0.011012 0.811256
vt 0.340276 0.888698
vt 0.337312 0.888676
vt 0.007165 0.807611
vt 0.011782 0.807872
vt 0.012431 0.804969
vt 0.018551 0.804758
vt 0.018014 0.807962
vt 0.017389 0.811618
vt 0.008603 0.805400
vt 0.011772 0.778336
vt 0.011186 0.775974
vt 0.016181 0.775584
vt 0.015595 0.778727
vt 0.010329 0.779657
vt 0.008406 0.776691
vt 0.016837 0.771292
vt 0.023024 0.770702
vt 0.022288 0.775018
vt 0.021716 0.778629
vt 0.011852 0.771624
vt 0.041453 0.733598
vt 0.041646 0.729975
vt 0.045287 0.728797
vt 0.045803 0.732352
vt 0.045803 0.737446
vt 0.041428 0.738829
vt 0.013109 0.765829
vt 0.018057 0.765773
vt 0.014674 0.757520
vt 0.020245 0.757230
vt 0.027284 0.756495
vt 0.024350 0.765337
vt 0.031162 0.769786
vt 0.041818 0.769395
vt 0.040763 0.773844
vt 0.030127 0.774262
vt 0.040191 0.777749
vt 0.029469 0.778334
vt 0.381818 0.634462
vt 0.382069 0.643695
vt 0.377997 0.643515
vt 0.377871 0.634333
vt 0.377802 0.627839
vt 0.381596 0.627927
vt 0.025761 0.807749
vt 0.036704 0.807439
vt 0.036336 0.811359
vt 0.025297 0.811600
vt 0.035963 0.815183
vt 0.024853 0.815199
vt 0.016825 0.815122
vt 0.024471 0.819247
vt 0.035613 0.819360
vt 0.035281 0.823746
vt 0.024060 0.823412
vt 0.034910 0.828167
vt 0.023627 0.827603
vt 0.034555 0.832312
vt 0.023272 0.831613
vt 0.024046 0.001645
vt 0.035331 0.001464
vt 0.035049 0.005196
vt 0.023876 0.004834
vt 0.015873 0.004124
vt 0.015988 0.001402
vt 0.034782 0.009850
vt 0.023764 0.009316
vt 0.015894 0.008705
vt 0.023672 0.014170
vt 0.015953 0.013748
vt 0.010075 0.013669
vt 0.016160 0.020080
vt 0.010463 0.020122
vt 0.005502 0.020230
vt 0.005110 0.013613
vt 0.001973 0.020419
vt 0.001786 0.013502
vt 0.002122 0.007957
vt 0.342474 0.865935
vt 0.349391 0.865373
vt 0.349644 0.869279
vt 0.342517 0.869762
vt 0.349948 0.873568
vt 0.342619 0.873737
vt 0.350240 0.877770
vt 0.358945 0.873661
vt 0.359031 0.878188
vt 0.359118 0.882530
vt 0.350424 0.881836
vt 0.359207 0.886995
vt 0.350602 0.885934
vt 0.359316 0.891089
vt 0.350980 0.890127
vt 0.344935 0.889265
vt 0.372188 0.888213
vt 0.372222 0.892171
vt 0.010119 0.757688
vt 0.011331 0.744800
vt 0.016361 0.744756
vt 0.009199 0.766009
vt 0.012544 0.728373
vt 0.017815 0.728355
vt 0.023092 0.728364
vt 0.021782 0.744578
vt 0.028314 0.728409
vt 0.027632 0.744147
vt 0.033627 0.728517
vt 0.034394 0.743424
vt 0.038278 0.728666
vt 0.038677 0.743176
vt 0.731972 0.879669
vt 0.728419 0.888188
vt 0.725881 0.885420
vt 0.729378 0.879060
vt 0.729773 0.872737
vt 0.733160 0.873583
vt 0.050993 0.750293
vt 0.059994 0.747608
vt 0.059705 0.751488
vt 0.729031 0.864872
vt 0.732867 0.864854
vt 0.726987 0.879140
vt 0.726706 0.872930
vt 0.725881 0.852605
vt 0.730080 0.852438
vt 0.041613 0.784599
vt 0.054520 0.784370
vt 0.054742 0.788458
vt 0.041283 0.788525
vt 0.736838 0.864632
vt 0.736691 0.874226
vt 0.055994 0.761265
vt 0.071390 0.761147
vt 0.071352 0.764762
vt 0.055662 0.765217
vt 0.071355 0.769102
vt 0.055331 0.769573
vt 0.071383 0.773245
vt 0.055044 0.773768
vt 0.071406 0.777288
vt 0.054903 0.777562
vt 0.382156 0.655995
vt 0.382183 0.669897
vt 0.378047 0.669936
vt 0.378062 0.656017
vt 0.051623 0.807070
vt 0.068265 0.806683
vt 0.068271 0.810726
vt 0.051475 0.811038
vt 0.068286 0.814816
vt 0.051285 0.815003
vt 0.068282 0.819242
vt 0.051067 0.819332
vt 0.068237 0.823876
vt 0.050820 0.823904
vt 0.068155 0.828479
vt 0.050557 0.828457
vt 0.068068 0.832705
vt 0.050277 0.832626
vt 0.051055 0.001577
vt 0.068845 0.001404
vt 0.068712 0.005433
vt 0.050807 0.005375
vt 0.068536 0.010182
vt 0.050562 0.010094
vt 0.068347 0.015011
vt 0.050298 0.014956
vt 0.034570 0.014707
vt 0.049977 0.020227
vt 0.034363 0.020158
vt 0.023510 0.020067
vt 0.034116 0.028988
vt 0.023293 0.029108
vt 0.016447 0.029207
vt 0.023154 0.041783
vt 0.016663 0.042165
vt 0.011147 0.042450
vt 0.010941 0.029313
vt 0.006003 0.042704
vt 0.005919 0.029472
vt 0.002167 0.042902
vt 0.002151 0.029666
vt 0.358637 0.865170
vt 0.371873 0.865176
vt 0.372005 0.869248
vt 0.358813 0.869116
vt 0.372079 0.873943
vt 0.388407 0.869591
vt 0.388483 0.874395
vt 0.388545 0.879344
vt 0.372127 0.878743
vt 0.388596 0.884203
vt 0.372153 0.883402
vt 0.388617 0.889129
vt 0.406142 0.884880
vt 0.406098 0.889964
vt 0.008478 0.728361
vt 0.008756 0.710893
vt 0.013160 0.710962
vt 0.882214 0.849940
vt 0.877162 0.850350
vt 0.877234 0.836438
vt 0.882096 0.836438
vt 0.009082 0.692833
vt 0.013505 0.692947
vt 0.018965 0.693078
vt 0.018641 0.710976
vt 0.024314 0.693221
vt 0.024019 0.711032
vt 0.029318 0.693317
vt 0.029134 0.711091
vt 0.034260 0.693402
vt 0.034018 0.711179
vt 0.038819 0.693471
vt 0.038566 0.711298
vt 0.256440 0.530662
vt 0.256446 0.546162
vt 0.251860 0.545939
vt 0.251807 0.530330
vt 0.251881 0.515358
vt 0.256340 0.515471
vt 0.251808 0.502973
vt 0.255531 0.502843
vt 0.518618 0.783872
vt 0.535959 0.784465
vt 0.535812 0.788845
vt 0.518430 0.788118
vt 0.504951 0.787357
vt 0.504512 0.783785
vt 0.497601 0.788143
vt 0.496141 0.786230
vt 0.045803 0.418267
vt 0.045803 0.429871
vt 0.041661 0.430154
vt 0.041908 0.418522
vt 0.048662 0.737386
vt 0.049862 0.724499
vt 0.055410 0.724659
vt 0.054091 0.737375
vt 0.062518 0.724881
vt 0.061127 0.737180
vt 0.060502 0.743068
vt 0.074490 0.736132
vt 0.074168 0.742180
vt 0.074031 0.747079
vt 0.092238 0.741223
vt 0.092079 0.746337
vt 0.092024 0.750659
vt 0.074052 0.751563
vt 0.110694 0.746131
vt 0.110671 0.750556
vt 0.069888 0.779703
vt 0.086046 0.779410
vt 0.086328 0.783233
vt 0.070108 0.783646
vt 0.053858 0.780260
vt 0.086749 0.787477
vt 0.070475 0.787945
vt 0.086680 0.791723
vt 0.070364 0.792107
vt 0.054388 0.792598
vt 0.089538 0.764201
vt 0.108126 0.763737
vt 0.108173 0.767897
vt 0.089539 0.768428
vt 0.108219 0.772178
vt 0.089534 0.772705
vt 0.108238 0.776434
vt 0.089528 0.776874
vt 0.382359 0.685164
vt 0.382356 0.701062
vt 0.377954 0.700932
vt 0.378021 0.685233
vt 0.086387 0.806461
vt 0.105070 0.806162
vt 0.105064 0.810345
vt 0.086408 0.810548
vt 0.105032 0.814821
vt 0.086429 0.814768
vt 0.105026 0.819281
vt 0.086449 0.819245
vt 0.104986 0.823952
vt 0.086446 0.823872
vt 0.104939 0.828577
vt 0.086431 0.828462
vt 0.104860 0.832638
vt 0.086377 0.832545
vt 0.087156 0.001703
vt 0.105640 0.001772
vt 0.105571 0.005618
vt 0.087078 0.005546
vt 0.105487 0.010172
vt 0.086961 0.010199
vt 0.105380 0.014903
vt 0.086815 0.014980
vt 0.105223 0.019828
vt 0.086629 0.019994
vt 0.068112 0.020165
vt 0.086348 0.028583
vt 0.067760 0.028689
vt 0.049515 0.028853
vt 0.067307 0.040360
vt 0.048927 0.040759
vt 0.033871 0.041267
vt 0.048189 0.057768
vt 0.033610 0.058268
vt 0.023214 0.058672
vt 0.033349 0.076489
vt 0.023037 0.076715
vt 0.016516 0.076864
vt 0.016715 0.058929
vt 0.010730 0.076972
vt 0.011030 0.059112
vt 0.005412 0.077055
vt 0.005803 0.059247
vt 0.001743 0.077111
vt 0.002049 0.059351
vt 0.388323 0.865415
vt 0.406083 0.865612
vt 0.406122 0.870014
vt 0.424108 0.865883
vt 0.424144 0.870453
vt 0.424158 0.875517
vt 0.406144 0.874949
vt 0.424168 0.880570
vt 0.406154 0.879942
vt 0.424183 0.885509
vt 0.441888 0.881312
vt 0.441907 0.886199
vt 0.441936 0.890769
vt 0.424167 0.890452
vt 0.459664 0.886926
vt 0.459627 0.891120
vt 0.009675 0.675071
vt 0.010230 0.657388
vt 0.014705 0.657470
vt 0.014136 0.675147
vt 0.019681 0.657547
vt 0.019287 0.675270
vt 0.024712 0.657627
vt 0.024434 0.675386
vt 0.029714 0.657699
vt 0.029440 0.675517
vt 0.034571 0.657754
vt 0.034413 0.675639
vt 0.039021 0.657797
vt 0.039015 0.675659
vt 0.256619 0.561706
vt 0.256767 0.577124
vt 0.252003 0.576826
vt 0.251900 0.561328
vt 0.571626 0.785212
vt 0.589505 0.785604
vt 0.589372 0.789847
vt 0.571351 0.789420
vt 0.553949 0.788995
vt 0.553918 0.784836
vt 0.047421 0.688842
vt 0.047895 0.671432
vt 0.052732 0.671540
vt 0.052095 0.689103
vt 0.050684 0.707181
vt 0.046411 0.706984
vt 0.046356 0.724378
vt 0.057691 0.689617
vt 0.056449 0.707570
vt 0.064658 0.690190
vt 0.063526 0.708174
vt 0.075536 0.690945
vt 0.074980 0.709130
vt 0.074617 0.725399
vt 0.092817 0.710329
vt 0.092716 0.725812
vt 0.092556 0.735474
vt 0.111934 0.725964
vt 0.111540 0.736048
vt 0.130082 0.724707
vt 0.129883 0.734357
vt 0.111109 0.740022
vt 0.129491 0.740702
vt 0.129231 0.745998
vt 0.147943 0.739732
vt 0.148221 0.745272
vt 0.148352 0.750058
vt 0.129154 0.750517
vt 0.005974 0.883240
vt 0.005974 0.900137
vt 0.002475 0.899924
vt 0.002046 0.883268
vt 0.657233 0.929818
vt 0.661162 0.929893
vt 0.661162 0.945940
vt 0.657331 0.945754
vt 0.298239 0.533029
vt 0.298718 0.552226
vt 0.294886 0.552135
vt 0.294615 0.533066
vt 0.294190 0.514533
vt 0.297699 0.514584
vt 0.102870 0.786690
vt 0.119635 0.785728
vt 0.119563 0.790264
vt 0.103027 0.791062
vt 0.126822 0.763141
vt 0.145663 0.762356
vt 0.145659 0.766596
vt 0.126927 0.767312
vt 0.145678 0.771265
vt 0.126966 0.771716
vt 0.145659 0.775767
vt 0.126952 0.776150
vt 0.145627 0.779583
vt 0.126904 0.779820
vt 0.382212 0.716923
vt 0.377802 0.716648
vt 0.123743 0.805959
vt 0.142463 0.805808
vt 0.142424 0.809798
vt 0.123691 0.810099
vt 0.142362 0.814214
vt 0.123612 0.814523
vt 0.142286 0.818776
vt 0.123519 0.819063
vt 0.142189 0.823603
vt 0.123408 0.823811
vt 0.142089 0.828329
vt 0.123311 0.828472
vt 0.141978 0.832355
vt 0.123197 0.832559
vt 0.123976 0.001528
vt 0.142756 0.001623
vt 0.142670 0.005354
vt 0.123884 0.005470
vt 0.142580 0.009947
vt 0.123787 0.010083
vt 0.142485 0.014708
vt 0.123705 0.014828
vt 0.142371 0.019938
vt 0.123614 0.019995
vt 0.142214 0.028046
vt 0.123481 0.028233
vt 0.104975 0.028429
vt 0.123266 0.039539
vt 0.104644 0.039789
vt 0.085989 0.040081
vt 0.104221 0.056617
vt 0.085468 0.056926
vt 0.066672 0.057317
vt 0.084934 0.075521
vt 0.066030 0.075837
vt 0.047543 0.076188
vt 0.065478 0.094311
vt 0.046978 0.094534
vt 0.032909 0.094721
vt 0.046552 0.112800
vt 0.032507 0.112838
vt 0.022178 0.112850
vt 0.022614 0.094864
vt 0.015728 0.112846
vt 0.016130 0.094972
vt 0.009874 0.112836
vt 0.010337 0.095050
vt 0.004627 0.112831
vt 0.005013 0.095108
vt 0.000978 0.112828
vt 0.001450 0.095137
vt 0.004069 0.130874
vt 0.000768 0.130835
vt 0.441799 0.866228
vt 0.459807 0.867012
vt 0.459764 0.871939
vt 0.441813 0.871120
vt 0.459719 0.877126
vt 0.441849 0.876250
vt 0.459698 0.882100
vt 0.477993 0.877762
vt 0.477948 0.882631
vt 0.477897 0.887481
vt 0.496273 0.882674
vt 0.496203 0.887625
vt 0.496152 0.891769
vt 0.477846 0.891720
vt 0.010554 0.639179
vt 0.010861 0.620875
vt 0.015579 0.620935
vt 0.015124 0.639260
vt 0.020605 0.620956
vt 0.020068 0.639329
vt 0.025618 0.621001
vt 0.025031 0.639395
vt 0.030463 0.621134
vt 0.029911 0.639474
vt 0.035217 0.621268
vt 0.034811 0.639582
vt 0.039482 0.621319
vt 0.039209 0.639665
vt 0.256897 0.592910
vt 0.256769 0.608786
vt 0.252166 0.608272
vt 0.252220 0.592527
vt 0.607614 0.785912
vt 0.625868 0.786542
vt 0.625558 0.790900
vt 0.607435 0.790000
vt 0.048025 0.635342
vt 0.047810 0.617204
vt 0.052516 0.617079
vt 0.052851 0.635432
vt 0.052718 0.653510
vt 0.047996 0.653405
vt 0.058479 0.635504
vt 0.058344 0.653653
vt 0.058358 0.671669
vt 0.065345 0.653846
vt 0.065227 0.671941
vt 0.076172 0.654199
vt 0.076000 0.672422
vt 0.093440 0.654907
vt 0.093239 0.673082
vt 0.092973 0.691976
vt 0.111879 0.673675
vt 0.111578 0.693022
vt 0.111903 0.711407
vt 0.127251 0.674657
vt 0.112392 0.655949
vt 0.129617 0.657320
vt 0.140781 0.658952
vt 0.137284 0.676428
vt 0.148038 0.660492
vt 0.142868 0.678305
vt 0.141696 0.693413
vt 0.153617 0.661520
vt 0.146228 0.679828
vt 0.827940 0.837592
vt 0.827570 0.842128
vt 0.817628 0.842693
vt 0.814313 0.841408
vt 0.828127 0.846309
vt 0.818661 0.846571
vt 0.146539 0.689727
vt 0.149086 0.679726
vt 0.155065 0.685378
vt 0.149204 0.694553
vt 0.151462 0.702630
vt 0.155687 0.699050
vt 0.165880 0.711057
vt 0.150206 0.708044
vt 0.032470 0.928352
vt 0.035846 0.930680
vt 0.033192 0.942930
vt 0.028915 0.942615
vt 0.024299 0.942172
vt 0.028688 0.924162
vt 0.163288 0.714697
vt 0.181383 0.707453
vt 0.031836 0.954490
vt 0.027695 0.955897
vt 0.188791 0.695309
vt 0.187413 0.680506
vt 0.191277 0.680133
vt 0.423766 0.919879
vt 0.427867 0.920753
vt 0.426611 0.933190
vt 0.422060 0.932618
vt 0.183943 0.680942
vt 0.175902 0.665068
vt 0.180631 0.663980
vt 0.432145 0.922069
vt 0.431428 0.933671
vt 0.432145 0.951915
vt 0.427475 0.950893
vt 0.171449 0.665866
vt 0.169688 0.644814
vt 0.172508 0.644855
vt 0.180750 0.681067
vt 0.174059 0.682591
vt 0.724012 0.571280
vt 0.728070 0.571444
vt 0.728872 0.589470
vt 0.724012 0.589310
vt 0.165985 0.694110
vt 0.165176 0.683990
vt 0.175912 0.627016
vt 0.178823 0.645275
vt 0.039496 0.922376
vt 0.042947 0.922263
vt 0.042870 0.940436
vt 0.037575 0.939173
vt 0.049577 0.882162
vt 0.049786 0.894162
vt 0.045211 0.893519
vt 0.045211 0.880763
vt 0.047795 0.922217
vt 0.047795 0.941812
vt 0.169559 0.625302
vt 0.164041 0.625005
vt 0.157837 0.623992
vt 0.156545 0.641521
vt 0.152539 0.622805
vt 0.162357 0.923406
vt 0.168333 0.922442
vt 0.567670 0.679055
vt 0.569970 0.660160
vt 0.573538 0.661870
vt 0.573061 0.680219
vt 0.573538 0.693026
vt 0.568043 0.691080
vt 0.174603 0.935613
vt 0.174337 0.923251
vt 0.179231 0.922442
vt 0.178037 0.937586
vt 0.171938 0.947932
vt 0.170404 0.944341
vt 0.161351 0.603446
vt 0.663188 0.920051
vt 0.656287 0.913872
vt 0.660359 0.912533
vt 0.666724 0.917255
vt 0.149120 0.621286
vt 0.152908 0.639574
vt 0.147356 0.639375
vt 0.140424 0.639475
vt 0.129370 0.639213
vt 0.112348 0.637924
vt 0.112111 0.618243
vt 0.093410 0.636530
vt 0.093336 0.617331
vt 0.093543 0.598192
vt 0.112405 0.598622
vt 0.094156 0.579478
vt 0.113063 0.579921
vt 0.095067 0.560910
vt 0.113979 0.561365
vt 0.132444 0.562182
vt 0.115025 0.542814
vt 0.133827 0.543523
vt 0.152243 0.544469
vt 0.150288 0.563102
vt 0.170786 0.545600
vt 0.168100 0.564107
vt 0.189386 0.546899
vt 0.186390 0.565544
vt 0.182378 0.582691
vt 0.177246 0.595416
vt 0.204050 0.566920
vt 0.199211 0.585017
vt 0.192540 0.599652
vt 0.214383 0.586118
vt 0.209132 0.602906
vt 0.204065 0.616677
vt 0.222206 0.603609
vt 0.219870 0.620453
vt 0.216579 0.633895
vt 0.200195 0.631746
vt 0.213992 0.646946
vt 0.197611 0.646473
vt 0.185942 0.645928
vt 0.197482 0.662083
vt 0.187410 0.662918
vt 0.198843 0.679682
vt 0.212336 0.662091
vt 0.211417 0.679685
vt 0.228963 0.663012
vt 0.227865 0.680763
vt 0.226695 0.699886
vt 0.246184 0.682061
vt 0.245422 0.700826
vt 0.244611 0.718643
vt 0.225531 0.718002
vt 0.244004 0.731172
vt 0.224857 0.730657
vt 0.243614 0.738671
vt 0.224571 0.738349
vt 0.205978 0.737529
vt 0.224404 0.744135
vt 0.205812 0.743465
vt 0.187753 0.742737
vt 0.188036 0.736949
vt 0.167993 0.743451
vt 0.167718 0.738011
vt 0.147826 0.732655
vt 0.149765 0.720024
vt 0.187483 0.748047
vt 0.168277 0.748421
vt 0.187195 0.752323
vt 0.168430 0.752417
vt 0.148382 0.752991
vt 0.298636 0.572275
vt 0.298697 0.591041
vt 0.294317 0.590756
vt 0.294287 0.571841
vt 0.137052 0.785855
vt 0.153358 0.785994
vt 0.152992 0.790565
vt 0.136517 0.790331
vt 0.165114 0.762386
vt 0.184011 0.762542
vt 0.183822 0.766839
vt 0.164942 0.766563
vt 0.183645 0.771337
vt 0.164766 0.771182
vt 0.183485 0.775768
vt 0.164629 0.775649
vt 0.183350 0.779547
vt 0.164539 0.779458
vt 0.161373 0.805606
vt 0.180185 0.805620
vt 0.180079 0.809578
vt 0.161318 0.809617
vt 0.179976 0.813979
vt 0.161241 0.813984
vt 0.179874 0.818512
vt 0.161147 0.818597
vt 0.179747 0.823407
vt 0.161041 0.823508
vt 0.179619 0.828205
vt 0.160932 0.828287
vt 0.179482 0.832357
vt 0.160811 0.832425
vt 0.161588 0.001338
vt 0.180260 0.001393
vt 0.180152 0.005055
vt 0.161490 0.005158
vt 0.180052 0.009590
vt 0.161388 0.009741
vt 0.179946 0.014341
vt 0.161278 0.014476
vt 0.179820 0.019306
vt 0.161152 0.019430
vt 0.179636 0.027697
vt 0.160970 0.027813
vt 0.179400 0.039156
vt 0.160718 0.039272
vt 0.141983 0.039419
vt 0.160392 0.055938
vt 0.141663 0.056133
vt 0.122928 0.056360
vt 0.141288 0.074786
vt 0.122534 0.074997
vt 0.103762 0.075240
vt 0.122134 0.093730
vt 0.103320 0.093904
vt 0.084437 0.094098
vt 0.102909 0.112522
vt 0.083997 0.112625
vt 0.065030 0.112723
vt 0.083615 0.131149
vt 0.064673 0.131153
vt 0.046267 0.131126
vt 0.064347 0.149649
vt 0.046089 0.149573
vt 0.032150 0.149491
vt 0.032318 0.131074
vt 0.021946 0.149411
vt 0.022102 0.131015
vt 0.015271 0.149342
vt 0.015466 0.130964
vt 0.009147 0.149276
vt 0.009445 0.130918
vt 0.003775 0.149211
vt 0.008965 0.167713
vt 0.003608 0.167619
vt 0.478182 0.863845
vt 0.496590 0.863857
vt 0.496517 0.867549
vt 0.478118 0.867491
vt 0.459845 0.863563
vt 0.496430 0.872601
vt 0.478054 0.872561
vt 0.496342 0.877776
vt 0.515079 0.872087
vt 0.514979 0.877259
vt 0.514874 0.882320
vt 0.533636 0.876727
vt 0.533540 0.881927
vt 0.533451 0.887280
vt 0.514771 0.887469
vt 0.533370 0.891962
vt 0.514698 0.891879
vt 0.010932 0.602333
vt 0.010650 0.583664
vt 0.015959 0.583687
vt 0.015955 0.602388
vt 0.021419 0.583679
vt 0.021204 0.602391
vt 0.026578 0.583658
vt 0.026339 0.602392
vt 0.031540 0.583607
vt 0.031267 0.602418
vt 0.036249 0.583568
vt 0.035867 0.602474
vt 0.040293 0.583506
vt 0.040047 0.602397
vt 0.645026 0.783198
vt 0.663915 0.783453
vt 0.663946 0.787890
vt 0.644965 0.787358
vt 0.256519 0.625316
vt 0.251807 0.624790
vt 0.663981 0.791613
vt 0.644724 0.791324
vt 0.047477 0.598035
vt 0.048022 0.578773
vt 0.052882 0.578764
vt 0.052295 0.598000
vt 0.058512 0.578889
vt 0.057799 0.597940
vt 0.058026 0.616881
vt 0.064794 0.597920
vt 0.064970 0.616736
vt 0.065371 0.635547
vt 0.075985 0.616810
vt 0.076147 0.635770
vt 0.076017 0.597932
vt 0.065475 0.579058
vt 0.076651 0.579222
vt 0.066601 0.560462
vt 0.077750 0.560636
vt 0.067394 0.542021
vt 0.078704 0.542069
vt 0.096021 0.542338
vt 0.079225 0.523614
vt 0.096967 0.523875
vt 0.116111 0.524375
vt 0.097837 0.505601
vt 0.117148 0.506122
vt 0.136351 0.506848
vt 0.135140 0.525115
vt 0.155373 0.507710
vt 0.153920 0.526060
vt 0.174380 0.508616
vt 0.172806 0.527076
vt 0.193381 0.509445
vt 0.191586 0.528135
vt 0.211638 0.509898
vt 0.209689 0.528998
vt 0.207295 0.547896
vt 0.220761 0.548182
vt 0.218082 0.567381
vt 0.229077 0.548072
vt 0.226990 0.567327
vt 0.224737 0.586091
vt 0.233224 0.567160
vt 0.231860 0.585912
vt 0.230740 0.604048
vt 0.233401 0.624371
vt 0.237513 0.585733
vt 0.236104 0.604159
vt 0.238553 0.622717
vt 0.777387 0.568971
vt 0.778403 0.550526
vt 0.783016 0.550344
vt 0.782534 0.568776
vt 0.784632 0.586742
vt 0.780717 0.587479
vt 0.944500 0.204221
vt 0.945815 0.191993
vt 0.949109 0.192727
vt 0.948157 0.207111
vt 0.697661 0.902049
vt 0.715678 0.899767
vt 0.715705 0.904060
vt 0.696999 0.907002
vt 0.410239 0.704811
vt 0.405811 0.720906
vt 0.401899 0.718533
vt 0.405921 0.706276
vt 0.874830 0.781113
vt 0.880325 0.783115
vt 0.880714 0.796581
vt 0.874830 0.795667
vt 0.692022 0.914001
vt 0.690108 0.930519
vt 0.685186 0.929984
vt 0.686287 0.913999
vt 0.689791 0.943150
vt 0.685212 0.943445
vt 0.776667 0.483456
vt 0.767129 0.489848
vt 0.764833 0.486826
vt 0.774323 0.479279
vt 0.944500 0.176027
vt 0.947980 0.176513
vt 0.761283 0.483359
vt 0.772010 0.475172
vt 0.951381 0.176963
vt 0.951914 0.194073
vt 0.268349 0.641485
vt 0.267835 0.645429
vt 0.250124 0.643060
vt 0.251277 0.637295
vt 0.267083 0.653944
vt 0.248438 0.651839
vt 0.230218 0.648641
vt 0.231422 0.637102
vt 0.247142 0.664550
vt 0.266337 0.666035
vt 0.265511 0.683161
vt 0.285595 0.666218
vt 0.284953 0.683436
vt 0.283889 0.701567
vt 0.264664 0.701422
vt 0.282856 0.719106
vt 0.263875 0.719149
vt 0.282087 0.731978
vt 0.263215 0.731854
vt 0.281712 0.739699
vt 0.262754 0.739548
vt 0.281485 0.745416
vt 0.262220 0.745113
vt 0.243327 0.744151
vt 0.261651 0.750197
vt 0.243072 0.749176
vt 0.224328 0.749212
vt 0.242982 0.753280
vt 0.224259 0.753489
vt 0.205546 0.752717
vt 0.205659 0.748595
vt 0.642776 0.941526
vt 0.642776 0.925480
vt 0.646903 0.926030
vt 0.647222 0.941957
vt 0.297914 0.609385
vt 0.294190 0.609154
vt 0.169105 0.786624
vt 0.185253 0.787155
vt 0.185310 0.791419
vt 0.169119 0.791032
vt 0.202542 0.762916
vt 0.221208 0.763295
vt 0.221055 0.767273
vt 0.202369 0.767088
vt 0.220900 0.771565
vt 0.202206 0.771521
vt 0.220749 0.775846
vt 0.202056 0.775891
vt 0.220579 0.779573
vt 0.201904 0.779621
vt 0.198738 0.805725
vt 0.217412 0.805755
vt 0.217256 0.809663
vt 0.198615 0.809669
vt 0.217115 0.814072
vt 0.198490 0.814076
vt 0.216959 0.818634
vt 0.198369 0.818581
vt 0.216785 0.823434
vt 0.198226 0.823400
vt 0.216607 0.828185
vt 0.198087 0.828134
vt 0.216457 0.832565
vt 0.197939 0.832470
vt 0.198716 0.001182
vt 0.217234 0.001114
vt 0.217121 0.004864
vt 0.198613 0.004937
vt 0.217043 0.009592
vt 0.198526 0.009618
vt 0.216985 0.014469
vt 0.198437 0.014419
vt 0.216930 0.019621
vt 0.198341 0.019570
vt 0.216842 0.027896
vt 0.198209 0.027769
vt 0.216682 0.039147
vt 0.198017 0.039129
vt 0.216436 0.055314
vt 0.197746 0.055533
vt 0.179081 0.055757
vt 0.197412 0.074300
vt 0.178728 0.074455
vt 0.160023 0.074612
vt 0.178366 0.093317
vt 0.159650 0.093439
vt 0.140907 0.093575
vt 0.159287 0.112238
vt 0.140537 0.112326
vt 0.121749 0.112422
vt 0.140182 0.131051
vt 0.121385 0.131089
vt 0.102535 0.131125
vt 0.121048 0.149754
vt 0.102195 0.149735
vt 0.083278 0.149702
vt 0.101887 0.168361
vt 0.082972 0.168285
vt 0.064023 0.168192
vt 0.082702 0.186891
vt 0.063728 0.186767
vt 0.045623 0.186639
vt 0.045875 0.168083
vt 0.031714 0.186528
vt 0.031987 0.167984
vt 0.021835 0.186443
vt 0.021924 0.167891
vt 0.015135 0.186385
vt 0.015166 0.167805
vt 0.009058 0.186326
vt 0.015073 0.204976
vt 0.009275 0.204936
vt 0.004162 0.204895
vt 0.003827 0.186255
vt 0.515226 0.863710
vt 0.533866 0.863564
vt 0.533809 0.866714
vt 0.515142 0.867082
vt 0.533736 0.871496
vt 0.552065 0.866211
vt 0.552022 0.871107
vt 0.552001 0.876464
vt 0.570603 0.871049
vt 0.570554 0.876358
vt 0.570524 0.881665
vt 0.551982 0.881792
vt 0.570487 0.886961
vt 0.551964 0.887221
vt 0.570485 0.891783
vt 0.551934 0.892044
vt 0.010422 0.565102
vt 0.010250 0.546549
vt 0.015405 0.546607
vt 0.015674 0.565124
vt 0.020864 0.546653
vt 0.021175 0.565124
vt 0.026081 0.546685
vt 0.026348 0.565118
vt 0.031031 0.546728
vt 0.031294 0.565050
vt 0.036030 0.546763
vt 0.036160 0.565001
vt 0.040175 0.546688
vt 0.040287 0.564947
vt 0.682471 0.783763
vt 0.700730 0.783960
vt 0.700753 0.788049
vt 0.682586 0.787835
vt 0.390325 0.645705
vt 0.390249 0.661493
vt 0.385393 0.661282
vt 0.385708 0.645535
vt 0.386249 0.628807
vt 0.390123 0.629454
vt 0.048995 0.560040
vt 0.049340 0.542015
vt 0.054562 0.542002
vt 0.053992 0.560131
vt 0.060325 0.542008
vt 0.059657 0.560292
vt 0.054308 0.523949
vt 0.060120 0.523798
vt 0.067417 0.523661
vt 0.059512 0.505611
vt 0.067107 0.505460
vt 0.079509 0.505385
vt 0.067023 0.487320
vt 0.079965 0.487348
vt 0.098702 0.487561
vt 0.080690 0.469236
vt 0.099657 0.469459
vt 0.119140 0.469876
vt 0.118158 0.487993
vt 0.138501 0.470487
vt 0.137476 0.488646
vt 0.157724 0.471277
vt 0.156634 0.489449
vt 0.176871 0.472212
vt 0.175728 0.490352
vt 0.196080 0.473185
vt 0.194828 0.491322
vt 0.214878 0.474141
vt 0.213285 0.492337
vt 0.197102 0.455334
vt 0.216242 0.456737
vt 0.197793 0.437793
vt 0.216965 0.439937
vt 0.198202 0.421520
vt 0.217245 0.423449
vt 0.235839 0.425907
vt 0.235884 0.414040
vt 0.254228 0.415063
vt 0.253794 0.428509
vt 0.217264 0.413350
vt 0.217262 0.408058
vt 0.235900 0.408491
vt 0.198316 0.412636
vt 0.198359 0.407634
vt 0.198405 0.402771
vt 0.217292 0.403065
vt 0.179321 0.412090
vt 0.179418 0.407182
vt 0.179509 0.402350
vt 0.179593 0.398144
vt 0.198443 0.398429
vt 0.160476 0.406734
vt 0.160617 0.401933
vt 0.160743 0.397846
vt 0.093292 0.865427
vt 0.093173 0.861076
vt 0.109593 0.861011
vt 0.109810 0.865468
vt 0.141571 0.401565
vt 0.141735 0.397561
vt 0.076700 0.865507
vt 0.076608 0.861192
vt 0.076508 0.856966
vt 0.093019 0.856816
vt 0.060187 0.865597
vt 0.060136 0.861324
vt 0.060083 0.857127
vt 0.060000 0.852912
vt 0.076372 0.852743
vt 0.043901 0.861449
vt 0.043907 0.857286
vt 0.043852 0.853072
vt 0.846927 0.797919
vt 0.846680 0.801649
vt 0.828221 0.801430
vt 0.828431 0.797738
vt 0.028191 0.857609
vt 0.028176 0.853476
vt 0.864857 0.797975
vt 0.864567 0.801704
vt 0.864287 0.804596
vt 0.846445 0.804624
vt 0.881574 0.797940
vt 0.881256 0.801559
vt 0.880970 0.804543
vt 0.064235 0.394475
vt 0.064461 0.390938
vt 0.081177 0.390778
vt 0.080918 0.394384
vt 0.895660 0.801230
vt 0.895555 0.804245
vt 0.049649 0.394759
vt 0.049696 0.391550
vt 0.049643 0.387487
vt 0.064634 0.386824
vt 0.038092 0.395563
vt 0.037547 0.392729
vt 0.037080 0.388718
vt 0.036510 0.384438
vt 0.049509 0.383273
vt 0.028208 0.393926
vt 0.027430 0.390169
vt 0.026660 0.385793
vt 0.025831 0.380940
vt 0.035857 0.379951
vt 0.020140 0.391772
vt 0.019356 0.387369
vt 0.018608 0.382090
vt 0.017935 0.376037
vt 0.024918 0.375213
vt 0.013620 0.388984
vt 0.013233 0.383343
vt 0.012899 0.376370
vt 0.012474 0.365720
vt 0.017269 0.365715
vt 0.008109 0.376561
vt 0.007840 0.365682
vt 0.007153 0.350943
vt 0.011835 0.351182
vt 0.003846 0.376680
vt 0.003705 0.365546
vt 0.003035 0.350738
vt 0.002134 0.333371
vt 0.006152 0.333549
vt 0.000818 0.365392
vt 0.000291 0.350557
vt 0.679710 0.863937
vt 0.679528 0.866887
vt 0.662181 0.868143
vt 0.662342 0.864604
vt 0.644223 0.869410
vt 0.644339 0.865176
vt 0.679387 0.871193
vt 0.662024 0.872815
vt 0.644122 0.874410
vt 0.625973 0.875530
vt 0.626022 0.870432
vt 0.661887 0.877693
vt 0.644012 0.879485
vt 0.625930 0.880693
vt 0.607533 0.881124
vt 0.607547 0.875990
vt 0.643948 0.884290
vt 0.625880 0.885605
vt 0.607514 0.886231
vt 0.589012 0.886575
vt 0.589041 0.881376
vt 0.625811 0.890362
vt 0.607480 0.891068
vt 0.588982 0.891265
vt 0.010211 0.528046
vt 0.009735 0.509547
vt 0.014684 0.509641
vt 0.015200 0.528129
vt 0.020169 0.509725
vt 0.020629 0.528209
vt 0.025564 0.509810
vt 0.025928 0.528291
vt 0.030743 0.509932
vt 0.030962 0.528419
vt 0.035597 0.510110
vt 0.035775 0.528465
vt 0.039963 0.510137
vt 0.040050 0.528517
vt 0.718905 0.784065
vt 0.737288 0.784147
vt 0.737195 0.788517
vt 0.718813 0.788191
vt 0.390249 0.677200
vt 0.390325 0.693026
vt 0.385675 0.692342
vt 0.385598 0.676892
vt 0.049158 0.524040
vt 0.048526 0.505729
vt 0.053540 0.505729
vt 0.048034 0.487260
vt 0.053095 0.487278
vt 0.059219 0.487299
vt 0.052664 0.469049
vt 0.059045 0.469103
vt 0.067092 0.469154
vt 0.058638 0.451021
vt 0.067291 0.451023
vt 0.081519 0.451093
vt 0.067465 0.433253
vt 0.082557 0.433227
vt 0.101815 0.433351
vt 0.100707 0.451273
vt 0.121085 0.433667
vt 0.120142 0.451647
vt 0.140292 0.434280
vt 0.139451 0.452269
vt 0.159485 0.435115
vt 0.158697 0.453096
vt 0.178642 0.436220
vt 0.177859 0.454148
vt 0.160034 0.419216
vt 0.179129 0.420184
vt 0.160301 0.411710
vt 0.140900 0.418550
vt 0.141204 0.411365
vt 0.141394 0.406339
vt 0.122162 0.411099
vt 0.122404 0.406015
vt 0.122611 0.401178
vt 0.122820 0.397289
vt 0.103595 0.405737
vt 0.103893 0.400956
vt 0.104178 0.397073
vt 0.043868 0.865680
vt 0.085566 0.400708
vt 0.085976 0.396945
vt 0.027983 0.865943
vt 0.028111 0.861723
vt 0.013327 0.865977
vt 0.013489 0.862013
vt 0.013583 0.857948
vt 0.013592 0.853915
vt 0.001513 0.862610
vt 0.001408 0.858765
vt 0.001274 0.854581
vt 0.895749 0.797651
vt 0.130237 0.921796
vt 0.134389 0.922465
vt 0.133429 0.931404
vt 0.129786 0.930823
vt 0.905526 0.796396
vt 0.906427 0.800032
vt 0.907109 0.803389
vt 0.914210 0.795050
vt 0.915309 0.798737
vt 0.916237 0.802323
vt 0.388203 0.702189
vt 0.384447 0.702983
vt 0.384447 0.695573
vt 0.388333 0.695199
vt 0.923064 0.797649
vt 0.923807 0.801293
vt 0.924409 0.804182
vt 0.916998 0.805152
vt 0.020795 0.394887
vt 0.930749 0.800057
vt 0.931115 0.803124
vt 0.045803 0.572380
vt 0.045803 0.577521
vt 0.042241 0.577519
vt 0.041829 0.572353
vt 0.013886 0.393244
vt 0.931322 0.805647
vt 0.937452 0.801797
vt 0.937334 0.804355
vt 0.937133 0.798868
vt 0.942106 0.797654
vt 0.942057 0.800440
vt 0.941553 0.802788
vt 0.721372 0.868592
vt 0.714859 0.868479
vt 0.714534 0.865726
vt 0.720782 0.866328
vt 0.721684 0.871350
vt 0.714998 0.871719
vt 0.705714 0.872650
vt 0.705678 0.868961
vt 0.721961 0.874185
vt 0.715139 0.874938
vt 0.705750 0.876367
vt 0.694338 0.878314
vt 0.694306 0.874052
vt 0.715282 0.878369
vt 0.705807 0.880219
vt 0.694415 0.882585
vt 0.679158 0.885103
vt 0.679196 0.880476
vt 0.705804 0.884104
vt 0.694517 0.887096
vt 0.679148 0.889948
vt 0.661629 0.891640
vt 0.661695 0.887343
vt 0.579513 0.679248
vt 0.579513 0.693026
vt 0.575379 0.691372
vt 0.574629 0.678402
vt 0.008655 0.437868
vt 0.012752 0.437865
vt 0.015391 0.455507
vt 0.010631 0.455412
vt 0.017399 0.473392
vt 0.012158 0.473289
vt 0.017917 0.437829
vt 0.020769 0.455562
vt 0.022893 0.473478
vt 0.024537 0.491522
vt 0.019068 0.491412
vt 0.026325 0.455610
vt 0.028321 0.473548
vt 0.029861 0.491624
vt 0.033669 0.473618
vt 0.035042 0.491705
vt 0.038740 0.473604
vt 0.039617 0.491736
vt 0.614873 0.754611
vt 0.630651 0.755153
vt 0.629632 0.760261
vt 0.613665 0.759636
vt 0.755706 0.783699
vt 0.755587 0.788170
vt 0.773821 0.787481
vt 0.773839 0.792238
vt 0.755495 0.792598
vt 0.737019 0.792569
vt 0.791757 0.786501
vt 0.791715 0.791110
vt 0.047464 0.468933
vt 0.046258 0.451095
vt 0.051832 0.451025
vt 0.045924 0.433396
vt 0.051056 0.433341
vt 0.058041 0.433291
vt 0.049898 0.418305
vt 0.056994 0.418170
vt 0.067135 0.417931
vt 0.055975 0.409357
vt 0.067781 0.410024
vt 0.084595 0.410522
vt 0.083755 0.417839
vt 0.103256 0.410836
vt 0.102739 0.417783
vt 0.121790 0.418162
vt 0.085120 0.405429
vt 0.068300 0.404771
vt 0.068753 0.400332
vt 0.055689 0.403654
vt 0.055597 0.399672
vt 0.012753 0.870201
vt 0.001356 0.869822
vt 0.001475 0.866179
vt 0.027417 0.870265
vt 0.141742 0.923550
vt 0.145376 0.923606
vt 0.144756 0.932887
vt 0.140900 0.933102
vt 0.137037 0.932333
vt 0.138209 0.922995
vt 0.140115 0.941032
vt 0.135324 0.940802
vt 0.132075 0.939814
vt 0.913217 0.791224
vt 0.905033 0.792947
vt 0.912524 0.787179
vt 0.920385 0.786354
vt 0.921420 0.790444
vt 0.922277 0.794084
vt 0.928859 0.790254
vt 0.929655 0.793592
vt 0.930287 0.796829
vt 0.936139 0.793042
vt 0.936642 0.795960
vt 0.941783 0.791968
vt 0.941966 0.794818
vt 0.722202 0.877040
vt 0.935505 0.790163
vt 0.941581 0.789241
vt 0.722523 0.879779
vt 0.715274 0.881588
vt 0.722897 0.882485
vt 0.715111 0.884833
vt 0.705827 0.888269
vt 0.694628 0.891338
vt 0.714833 0.888775
vt 0.705937 0.892171
vt 0.780650 0.665145
vt 0.776524 0.663250
vt 0.775977 0.653888
vt 0.780650 0.654735
vt 0.014378 0.422410
vt 0.009870 0.422411
vt 0.010831 0.411116
vt 0.015983 0.411252
vt 0.019796 0.422399
vt 0.023484 0.437856
vt 0.025585 0.422688
vt 0.029184 0.437912
vt 0.031844 0.455650
vt 0.034925 0.437964
vt 0.037268 0.455681
vt 0.646072 0.755245
vt 0.661118 0.754611
vt 0.661162 0.760238
vt 0.645486 0.760735
vt 0.040106 0.437929
vt 0.031716 0.422895
vt 0.038014 0.423020
vt 0.809493 0.784997
vt 0.824462 0.783198
vt 0.824417 0.788622
vt 0.809440 0.790254
vt 0.562687 0.693969
vt 0.568853 0.695994
vt 0.569556 0.704974
vt 0.562687 0.703296
vt 0.847544 0.892196
vt 0.848070 0.902380
vt 0.841539 0.900919
vt 0.842566 0.891516
vt 0.633282 0.916068
vt 0.626860 0.915267
vt 0.626925 0.902517
vt 0.632762 0.902517
vt 0.848359 0.910192
vt 0.841086 0.907366
vt 0.048275 0.408868
vt 0.047091 0.402439
vt 0.846532 0.916068
vt 0.841086 0.911981
vt 0.046521 0.397889
vt 0.038925 0.399209
vt 0.040227 0.405295
vt 0.033133 0.404387
vt 0.031247 0.398627
vt 0.145376 0.940183
vt 0.145117 0.947441
vt 0.139795 0.947932
vt 0.919172 0.782228
vt 0.911446 0.782905
vt 0.577521 0.945447
vt 0.572611 0.947932
vt 0.571974 0.941478
vt 0.577093 0.938848
vt 0.926649 0.782713
vt 0.927876 0.786660
vt 0.933589 0.783916
vt 0.934665 0.787216
vt 0.939556 0.784034
vt 0.940815 0.786638
vt 0.023799 0.398322
vt 0.025789 0.403879
vt 0.018833 0.403131
vt 0.016953 0.397261
vt 0.021806 0.411318
vt 0.012400 0.402571
vt 0.566153 0.937342
vt 0.028338 0.411724
vt 0.035233 0.412492
vt 0.041196 0.412951
vt 0.008151 0.402170
vt 0.722461 0.885239
vt 0.013722 0.491325
vt 0.009282 0.491207
vt 0.008277 0.473148
vt 0.643856 0.889276
vt 0.661777 0.882470
vt 0.655188 0.928495
vt 0.655188 0.943949
vt 0.650454 0.942655
vt 0.650238 0.927684
vt 0.679275 0.875783
vt 0.694296 0.869907
vt 0.694364 0.866106
vt 0.705658 0.865679
vt 0.000845 0.376687
vt 0.589076 0.876157
vt 0.589125 0.870983
vt 0.607572 0.870892
vt 0.589190 0.866225
vt 0.607611 0.866275
vt 0.626082 0.865914
vt 0.001063 0.297110
vt 0.000904 0.278640
vt 0.004498 0.278718
vt 0.004653 0.297196
vt 0.005381 0.315492
vt 0.001418 0.315368
vt 0.009905 0.297301
vt 0.010371 0.315633
vt 0.011045 0.333743
vt 0.015703 0.315788
vt 0.016109 0.333964
vt 0.016672 0.351461
vt 0.022061 0.334259
vt 0.022736 0.351852
vt 0.023717 0.365602
vt 0.033276 0.352325
vt 0.034155 0.365317
vt 0.035079 0.374241
vt 0.048222 0.364847
vt 0.048829 0.373254
vt 0.049247 0.378925
vt 0.064842 0.372436
vt 0.064815 0.378173
vt 0.064753 0.382570
vt 0.081780 0.377846
vt 0.081605 0.382293
vt 0.081409 0.386593
vt 0.099367 0.382329
vt 0.099181 0.386633
vt 0.098981 0.390855
vt 0.117473 0.386717
vt 0.117318 0.390916
vt 0.117155 0.394583
vt 0.098760 0.394498
vt 0.135966 0.390977
vt 0.135826 0.394715
vt 0.828050 0.804395
vt 0.809379 0.804269
vt 0.809516 0.801211
vt 0.790605 0.804333
vt 0.790677 0.801221
vt 0.790804 0.797424
vt 0.809671 0.797565
vt 0.772034 0.800847
vt 0.772096 0.797254
vt 0.092839 0.852518
vt 0.109135 0.852420
vt 0.109398 0.856699
vt 0.125626 0.852076
vt 0.125828 0.856466
vt 0.126007 0.860822
vt 0.142301 0.856227
vt 0.142507 0.860583
vt 0.142705 0.865009
vt 0.126172 0.865247
vt 0.158735 0.860342
vt 0.158828 0.864775
vt 0.217339 0.398534
vt 0.235955 0.398847
vt 0.235921 0.403324
vt 0.254505 0.398982
vt 0.254428 0.403670
vt 0.254360 0.409053
vt 0.273147 0.404061
vt 0.273103 0.409638
vt 0.273068 0.416578
vt 0.291646 0.410010
vt 0.291688 0.417296
vt 0.291847 0.431756
vt 0.273011 0.430478
vt 0.309704 0.416790
vt 0.309497 0.432116
vt 0.327965 0.416468
vt 0.327719 0.431943
vt 0.327619 0.449701
vt 0.346332 0.431913
vt 0.346321 0.450026
vt 0.346382 0.468707
vt 0.327826 0.467555
vt 0.346274 0.488233
vt 0.328246 0.487446
vt 0.313850 0.486403
vt 0.327659 0.507570
vt 0.345879 0.507772
vt 0.345599 0.526706
vt 0.327442 0.526518
vt 0.345773 0.545566
vt 0.327933 0.545505
vt 0.316927 0.545394
vt 0.328779 0.564358
vt 0.317816 0.564325
vt 0.310967 0.564350
vt 0.310141 0.545323
vt 0.305555 0.564382
vt 0.305020 0.545312
vt 0.763789 0.573690
vt 0.759811 0.557771
vt 0.764407 0.556974
vt 0.768408 0.573146
vt 0.772765 0.588417
vt 0.768654 0.589470
vt 0.334885 0.921095
vt 0.332758 0.932921
vt 0.328312 0.932519
vt 0.330890 0.919464
vt 0.772646 0.572504
vt 0.776667 0.587256
vt 0.338547 0.922898
vt 0.336060 0.933633
vt 0.802457 0.955353
vt 0.804266 0.958245
vt 0.791485 0.959549
vt 0.773989 0.959880
vt 0.774011 0.955768
vt 0.754735 0.959806
vt 0.754659 0.955127
vt 0.000732 0.756752
vt 0.000860 0.740511
vt 0.005856 0.740325
vt 0.005367 0.756437
vt 0.773961 0.951855
vt 0.754575 0.951101
vt 0.754454 0.944378
vt 0.773644 0.945588
vt 0.754226 0.934381
vt 0.773357 0.935596
vt 0.790172 0.936382
vt 0.800078 0.936782
vt 0.773016 0.923758
vt 0.789540 0.924044
vt 0.799228 0.923702
vt 0.577290 0.700178
vt 0.581028 0.704761
vt 0.572364 0.712940
vt 0.568749 0.707947
vt 0.804993 0.937323
vt 0.803991 0.923784
vt 0.801845 0.914202
vt 0.772803 0.914952
vt 0.753928 0.923088
vt 0.753663 0.915058
vt 0.753425 0.909926
vt 0.772551 0.909742
vt 0.579195 0.670797
vt 0.573440 0.655172
vt 0.578204 0.653359
vt 0.583612 0.669194
vt 0.772465 0.905983
vt 0.753217 0.905876
vt 0.753044 0.901245
vt 0.772090 0.901949
vt 0.789776 0.902408
vt 0.789312 0.905764
vt 0.784633 0.494619
vt 0.783978 0.512320
vt 0.780076 0.512483
vt 0.781505 0.494392
vt 0.864606 0.871044
vt 0.868273 0.870155
vt 0.868273 0.882214
vt 0.865540 0.881954
vt 0.801041 0.906299
vt 0.798925 0.908493
vt 0.803241 0.903817
vt 0.784577 0.481140
vt 0.777128 0.494075
vt 0.781177 0.478749
vt 0.618693 0.927340
vt 0.776817 0.512651
vt 0.234630 0.547834
vt 0.237958 0.547718
vt 0.237762 0.566908
vt 0.779335 0.531685
vt 0.783742 0.531377
vt 0.734220 0.905161
vt 0.734094 0.900664
vt 0.573401 0.637435
vt 0.568750 0.639361
vt 0.734408 0.909350
vt 0.715672 0.908194
vt 0.734644 0.914398
vt 0.256897 0.496551
vt 0.251560 0.497863
vt 0.734908 0.921929
vt 0.735236 0.933125
vt 0.716644 0.932123
vt 0.735512 0.943668
vt 0.717008 0.943456
vt 0.702345 0.943036
vt 0.702520 0.931635
vt 0.694303 0.942593
vt 0.696102 0.931218
vt 0.595444 0.697895
vt 0.591266 0.695159
vt 0.717269 0.950634
vt 0.702704 0.950787
vt 0.735682 0.950630
vt 0.735807 0.954921
vt 0.717680 0.955156
vt 0.702572 0.955589
vt 0.735959 0.959646
vt 0.718103 0.959775
vt 0.702385 0.959880
vt 0.666999 0.931857
vt 0.667137 0.947574
vt 0.663253 0.947932
vt 0.663253 0.931824
vt 0.758741 0.512090
vt 0.754463 0.512415
vt 0.756483 0.498329
vt 0.759964 0.499641
vt 0.690339 0.954981
vt 0.693235 0.952381
vt 0.750374 0.513195
vt 0.751087 0.497166
vt 0.305052 0.616717
vt 0.305707 0.600499
vt 0.311353 0.600328
vt 0.309617 0.616602
vt 0.757291 0.526070
vt 0.752905 0.527227
vt 0.319024 0.600265
vt 0.319086 0.616836
vt 0.331405 0.600419
vt 0.333173 0.616662
vt 0.335309 0.632205
vt 0.351620 0.646827
vt 0.337640 0.647897
vt 0.354381 0.664361
vt 0.340043 0.664886
vt 0.321711 0.665110
vt 0.341210 0.682087
vt 0.322470 0.682567
vt 0.303978 0.683077
vt 0.304379 0.665469
vt 0.322015 0.700799
vt 0.303120 0.701192
vt 0.320965 0.718172
vt 0.302064 0.718687
vt 0.319939 0.731075
vt 0.301313 0.731478
vt 0.319210 0.738981
vt 0.300870 0.739068
vt 0.318744 0.744873
vt 0.300474 0.744820
vt 0.318500 0.749994
vt 0.300023 0.749697
vt 0.281429 0.750472
vt 0.584988 0.929387
vt 0.585487 0.945940
vt 0.581305 0.945398
vt 0.581305 0.928942
vt 0.281326 0.753803
vt 0.261529 0.753432
vt 0.106208 0.756734
vt 0.126004 0.756368
vt 0.125701 0.760587
vt 0.106454 0.760572
vt 0.087638 0.760735
vt 0.087663 0.757210
vt 0.201871 0.787233
vt 0.218341 0.787037
vt 0.218423 0.791434
vt 0.201977 0.791475
vt 0.184987 0.783092
vt 0.201439 0.783043
vt 0.240232 0.763209
vt 0.259042 0.763091
vt 0.258979 0.767084
vt 0.240114 0.767277
vt 0.258909 0.771512
vt 0.239993 0.771516
vt 0.258743 0.775844
vt 0.239874 0.775776
vt 0.258566 0.779673
vt 0.239742 0.779597
vt 0.236574 0.805742
vt 0.255398 0.805826
vt 0.255248 0.809622
vt 0.236430 0.809615
vt 0.255091 0.814113
vt 0.236255 0.814046
vt 0.254915 0.818555
vt 0.236066 0.818581
vt 0.254717 0.823525
vt 0.235889 0.823483
vt 0.254528 0.828327
vt 0.235729 0.828303
vt 0.254349 0.832664
vt 0.235560 0.832670
vt 0.236338 0.001059
vt 0.255125 0.000903
vt 0.254991 0.004585
vt 0.236217 0.004808
vt 0.254865 0.009373
vt 0.236106 0.009522
vt 0.254744 0.014304
vt 0.235985 0.014424
vt 0.254610 0.019632
vt 0.235856 0.019655
vt 0.254428 0.027717
vt 0.235688 0.027873
vt 0.254169 0.038909
vt 0.235463 0.038990
vt 0.253825 0.055142
vt 0.235150 0.055215
vt 0.253424 0.073954
vt 0.234775 0.074043
vt 0.216096 0.074162
vt 0.234392 0.093030
vt 0.215734 0.093111
vt 0.197058 0.093209
vt 0.215370 0.112029
vt 0.196699 0.112089
vt 0.178007 0.112159
vt 0.196345 0.130944
vt 0.177654 0.130975
vt 0.158935 0.131012
vt 0.177312 0.149776
vt 0.158596 0.149771
vt 0.139845 0.149765
vt 0.158271 0.168525
vt 0.139525 0.168478
vt 0.120735 0.168424
vt 0.139226 0.187196
vt 0.120447 0.187104
vt 0.101611 0.187003
vt 0.120186 0.205794
vt 0.101372 0.205657
vt 0.082480 0.205509
vt 0.101169 0.224322
vt 0.082313 0.224136
vt 0.063401 0.223938
vt 0.063533 0.205356
vt 0.045121 0.223738
vt 0.045334 0.205208
vt 0.031224 0.223576
vt 0.031406 0.205100
vt 0.021091 0.223442
vt 0.021415 0.205026
vt 0.015078 0.223341
vt 0.021042 0.241967
vt 0.015204 0.241888
vt 0.009646 0.241823
vt 0.009524 0.223251
vt 0.004460 0.241764
vt 0.004486 0.223160
vt 0.000960 0.241701
vt 0.000833 0.223094
vt 0.000963 0.204837
vt 0.004474 0.260291
vt 0.000962 0.260218
vt 0.570672 0.866279
vt 0.009669 0.260355
vt 0.009748 0.278816
vt 0.015325 0.260433
vt 0.015463 0.278928
vt 0.015502 0.297432
vt 0.021708 0.279061
vt 0.021686 0.297589
vt 0.021752 0.315986
vt 0.031800 0.297823
vt 0.031995 0.316293
vt 0.032517 0.334727
vt 0.046015 0.316707
vt 0.046600 0.335291
vt 0.047448 0.352776
vt 0.064241 0.335922
vt 0.064584 0.353201
vt 0.064775 0.364353
vt 0.082198 0.353361
vt 0.082098 0.364155
vt 0.081947 0.372128
vt 0.099936 0.364277
vt 0.099736 0.372119
vt 0.099545 0.377905
vt 0.117943 0.372280
vt 0.117770 0.378029
vt 0.117621 0.382408
vt 0.136357 0.378165
vt 0.136234 0.382521
vt 0.136104 0.386812
vt 0.154904 0.382645
vt 0.154796 0.386923
vt 0.154691 0.391146
vt 0.173436 0.387079
vt 0.173357 0.391312
vt 0.173262 0.394921
vt 0.154599 0.394771
vt 0.192133 0.391569
vt 0.192053 0.395101
vt 0.771942 0.804183
vt 0.753151 0.803928
vt 0.753220 0.800776
vt 0.734359 0.803814
vt 0.734398 0.800451
vt 0.734447 0.796901
vt 0.753290 0.797069
vt 0.715829 0.800110
vt 0.715856 0.796726
vt 0.142066 0.851912
vt 0.158313 0.851694
vt 0.158538 0.856000
vt 0.174598 0.851508
vt 0.174782 0.855837
vt 0.174965 0.860200
vt 0.191057 0.855695
vt 0.191257 0.860080
vt 0.191386 0.864576
vt 0.175121 0.864677
vt 0.207420 0.859915
vt 0.207529 0.864499
vt 0.273191 0.399302
vt 0.291697 0.399595
vt 0.291665 0.404463
vt 0.309988 0.399880
vt 0.309920 0.404708
vt 0.309842 0.410141
vt 0.328230 0.404654
vt 0.328127 0.410124
vt 0.346699 0.404773
vt 0.346595 0.410183
vt 0.346468 0.416783
vt 0.365081 0.410307
vt 0.364997 0.416991
vt 0.364941 0.432067
vt 0.383471 0.416890
vt 0.383495 0.432344
vt 0.383703 0.450808
vt 0.365013 0.450448
vt 0.383984 0.469799
vt 0.365122 0.469386
vt 0.384227 0.488796
vt 0.365147 0.488613
vt 0.384331 0.507674
vt 0.365047 0.507790
vt 0.384292 0.526330
vt 0.364931 0.526653
vt 0.384183 0.544931
vt 0.364983 0.545379
vt 0.384152 0.563668
vt 0.365255 0.564190
vt 0.346431 0.564367
vt 0.365689 0.583153
vt 0.347472 0.583013
vt 0.329885 0.582800
vt 0.348857 0.600844
vt 0.318511 0.582706
vt 0.311375 0.582727
vt 0.305792 0.582827
vt 0.756058 0.542204
vt 0.760699 0.541092
vt 0.761811 0.525281
vt 0.765508 0.540337
vt 0.769255 0.556335
vt 0.366092 0.601355
vt 0.384283 0.582773
vt 0.403269 0.562707
vt 0.402918 0.581533
vt 0.422627 0.561521
vt 0.422061 0.579714
vt 0.422235 0.597764
vt 0.438734 0.578216
vt 0.438598 0.595677
vt 0.439301 0.613000
vt 0.422835 0.615107
vt 0.441756 0.632616
vt 0.427167 0.633912
vt 0.445125 0.653310
vt 0.429198 0.654001
vt 0.418265 0.653435
vt 0.428949 0.671393
vt 0.417188 0.671497
vt 0.409652 0.670033
vt 0.411294 0.652394
vt 0.402451 0.667192
vt 0.406289 0.650991
vt 0.404747 0.636420
vt 0.394935 0.626704
vt 0.946232 0.063727
vt 0.950650 0.063127
vt 0.245247 0.924090
vt 0.248474 0.927275
vt 0.244405 0.938036
vt 0.240571 0.937080
vt 0.244738 0.947268
vt 0.240553 0.947932
vt 0.383967 0.714777
vt 0.387994 0.715675
vt 0.388333 0.724736
vt 0.383967 0.724889
vt 0.249198 0.947366
vt 0.254906 0.945385
vt 0.103259 0.949357
vt 0.097660 0.947151
vt 0.108951 0.938985
vt 0.107553 0.950348
vt 0.113513 0.938335
vt 0.111483 0.951914
vt 0.396956 0.724889
vt 0.392447 0.723612
vt 0.103910 0.927678
vt 0.106924 0.924443
vt 0.637164 0.915776
vt 0.636174 0.902607
vt 0.641248 0.903638
vt 0.641248 0.916068
vt 0.428496 0.688184
vt 0.447947 0.668321
vt 0.446075 0.687348
vt 0.445512 0.705179
vt 0.464074 0.685249
vt 0.464111 0.703594
vt 0.464084 0.721602
vt 0.445219 0.723169
vt 0.463750 0.734071
vt 0.444939 0.734264
vt 0.463402 0.741511
vt 0.444709 0.740974
vt 0.426614 0.740859
vt 0.444492 0.746250
vt 0.427114 0.746484
vt 0.410014 0.746927
vt 0.409922 0.741904
vt 0.390635 0.746682
vt 0.390681 0.742390
vt 0.371446 0.745914
vt 0.371922 0.740922
vt 0.353926 0.745108
vt 0.354670 0.739173
vt 0.336843 0.744561
vt 0.337491 0.738711
vt 0.338516 0.730665
vt 0.340138 0.717840
vt 0.340899 0.700576
vt 0.356019 0.681961
vt 0.363689 0.663314
vt 0.364723 0.682662
vt 0.366243 0.701824
vt 0.272829 0.918253
vt 0.272829 0.936880
vt 0.944488 0.497167
vt 0.940282 0.497373
vt 0.941783 0.486004
vt 0.944873 0.485414
vt 0.947932 0.484756
vt 0.947932 0.497863
vt 0.437859 0.947932
vt 0.434917 0.946242
vt 0.435522 0.938948
vt 0.438647 0.939579
vt 0.368936 0.713547
vt 0.377121 0.721588
vt 0.434917 0.927120
vt 0.438726 0.926596
vt 0.441832 0.926005
vt 0.442103 0.940993
vt 0.748927 0.441984
vt 0.752769 0.443169
vt 0.749695 0.454770
vt 0.745121 0.455046
vt 0.740484 0.455357
vt 0.745117 0.440137
vt 0.752769 0.467017
vt 0.749338 0.469048
vt 0.746200 0.471974
vt 0.376385 0.920085
vt 0.374448 0.931518
vt 0.755902 0.700991
vt 0.745450 0.693401
vt 0.748565 0.691209
vt 0.768123 0.698931
vt 0.375843 0.940664
vt 0.743024 0.680849
vt 0.746766 0.680780
vt 0.748121 0.669713
vt 0.751427 0.672669
vt 0.756804 0.663873
vt 0.758285 0.667951
vt 0.768338 0.664397
vt 0.361677 0.645555
vt 0.353439 0.750479
vt 0.336327 0.749543
vt 0.353213 0.753986
vt 0.335999 0.753478
vt 0.318188 0.753965
vt 0.162866 0.756386
vt 0.180678 0.756555
vt 0.180580 0.760258
vt 0.162547 0.760271
vt 0.144238 0.760539
vt 0.144434 0.756886
vt 0.299755 0.753357
vt 0.251336 0.787256
vt 0.267266 0.787121
vt 0.267233 0.791541
vt 0.251246 0.791568
vt 0.235097 0.791309
vt 0.235320 0.786808
vt 0.278111 0.762906
vt 0.296639 0.763086
vt 0.296378 0.767218
vt 0.277871 0.766963
vt 0.296154 0.771585
vt 0.277624 0.771498
vt 0.295954 0.775995
vt 0.277451 0.775918
vt 0.295784 0.779831
vt 0.277279 0.779790
vt 0.274110 0.805950
vt 0.292614 0.806154
vt 0.292466 0.810092
vt 0.273955 0.809789
vt 0.292337 0.814469
vt 0.273802 0.814184
vt 0.292243 0.819075
vt 0.273645 0.818646
vt 0.292131 0.823949
vt 0.273482 0.823590
vt 0.292017 0.828638
vt 0.273317 0.828400
vt 0.291882 0.832918
vt 0.273155 0.832745
vt 0.273931 0.000879
vt 0.292661 0.001023
vt 0.292533 0.004809
vt 0.273786 0.004612
vt 0.292395 0.009431
vt 0.273648 0.009361
vt 0.292238 0.014215
vt 0.273508 0.014249
vt 0.292049 0.019214
vt 0.273342 0.019493
vt 0.291777 0.027590
vt 0.273118 0.027682
vt 0.291442 0.039023
vt 0.272825 0.038970
vt 0.291043 0.054861
vt 0.272459 0.054976
vt 0.290584 0.073852
vt 0.272029 0.073890
vt 0.290157 0.092913
vt 0.271612 0.092928
vt 0.253022 0.092967
vt 0.271212 0.111931
vt 0.252631 0.111947
vt 0.234015 0.111980
vt 0.252254 0.130897
vt 0.233646 0.130903
vt 0.215009 0.130919
vt 0.233286 0.149804
vt 0.214656 0.149790
vt 0.195999 0.149782
vt 0.214313 0.168649
vt 0.195661 0.168608
vt 0.176981 0.168567
vt 0.195333 0.187430
vt 0.176662 0.187357
vt 0.157961 0.187279
vt 0.176353 0.206149
vt 0.157665 0.206039
vt 0.138946 0.205921
vt 0.157383 0.224808
vt 0.138684 0.224657
vt 0.119951 0.224496
vt 0.138436 0.243407
vt 0.119739 0.243214
vt 0.101003 0.243005
vt 0.119543 0.261951
vt 0.100867 0.261709
vt 0.082142 0.261448
vt 0.082203 0.242779
vt 0.063350 0.261171
vt 0.063339 0.242538
vt 0.045192 0.260894
vt 0.045110 0.242299
vt 0.031478 0.260680
vt 0.031241 0.242104
vt 0.021480 0.260531
vt 0.031760 0.279258
vt 0.045391 0.279505
vt 0.045660 0.298130
vt 0.063440 0.279827
vt 0.063631 0.298497
vt 0.063899 0.317179
vt 0.082152 0.298862
vt 0.082198 0.317625
vt 0.082231 0.336449
vt 0.100528 0.318012
vt 0.100362 0.336837
vt 0.100149 0.353543
vt 0.118683 0.337153
vt 0.118397 0.353692
vt 0.118149 0.364486
vt 0.136884 0.353901
vt 0.136666 0.364587
vt 0.136496 0.372388
vt 0.155269 0.364865
vt 0.155124 0.372628
vt 0.155006 0.378297
vt 0.173740 0.372776
vt 0.173619 0.378371
vt 0.173522 0.382783
vt 0.192350 0.378423
vt 0.192275 0.382880
vt 0.192205 0.387257
vt 0.211003 0.382897
vt 0.210946 0.387301
vt 0.210897 0.391605
vt 0.229492 0.387466
vt 0.229443 0.391826
vt 0.229410 0.395433
vt 0.210845 0.395224
vt 0.248109 0.391971
vt 0.248074 0.395560
vt 0.715793 0.803630
vt 0.697129 0.803503
vt 0.697162 0.800013
vt 0.678478 0.803404
vt 0.678532 0.799799
vt 0.678584 0.796328
vt 0.697221 0.796534
vt 0.660027 0.799692
vt 0.660082 0.796183
vt 0.190879 0.851356
vt 0.207055 0.851078
vt 0.207204 0.855472
vt 0.223098 0.850825
vt 0.223239 0.855220
vt 0.223437 0.859679
vt 0.239246 0.854927
vt 0.239448 0.859377
vt 0.239563 0.863817
vt 0.223359 0.864223
vt 0.255533 0.859015
vt 0.255549 0.863521
vt 0.328308 0.399617
vt 0.346784 0.399897
vt 0.271625 0.858780
vt 0.271556 0.863287
vt 0.365212 0.400146
vt 0.365145 0.404975
vt 0.383637 0.400232
vt 0.383574 0.405148
vt 0.383520 0.410500
vt 0.401934 0.405296
vt 0.401879 0.410643
vt 0.401855 0.417031
vt 0.420160 0.410797
vt 0.420150 0.417162
vt 0.420419 0.432821
vt 0.401993 0.432623
vt 0.421189 0.451121
vt 0.402419 0.451076
vt 0.422244 0.469581
vt 0.403021 0.469891
vt 0.423340 0.488409
vt 0.403606 0.488772
vt 0.424105 0.507103
vt 0.403963 0.507413
vt 0.424141 0.525370
vt 0.403970 0.525870
vt 0.423452 0.543557
vt 0.403671 0.544249
vt 0.440780 0.543234
vt 0.439571 0.560679
vt 0.451008 0.543352
vt 0.449346 0.560415
vt 0.448335 0.577582
vt 0.455916 0.560468
vt 0.454694 0.577275
vt 0.454805 0.594293
vt 0.448208 0.594800
vt 0.455516 0.611392
vt 0.449081 0.611987
vt 0.458966 0.630658
vt 0.452710 0.631225
vt 0.468441 0.649653
vt 0.458942 0.652313
vt 0.462366 0.629382
vt 0.476054 0.646131
vt 0.739981 0.467995
vt 0.742891 0.472148
vt 0.730984 0.484549
vt 0.727544 0.481809
vt 0.496983 0.652180
vt 0.776667 0.532554
vt 0.776667 0.553624
vt 0.773316 0.552194
vt 0.772770 0.532416
vt 0.770818 0.551863
vt 0.770092 0.532260
vt 0.001301 0.604192
vt 0.004485 0.601622
vt 0.007215 0.618293
vt 0.002824 0.619491
vt 0.477789 0.643619
vt 0.464403 0.628264
vt 0.467058 0.627439
vt 0.478348 0.641822
vt 0.466610 0.610592
vt 0.470972 0.610352
vt 0.471310 0.626317
vt 0.480019 0.638158
vt 0.355514 0.919767
vt 0.359091 0.919261
vt 0.360453 0.933555
vt 0.355888 0.933542
vt 0.360316 0.947696
vt 0.355514 0.947932
vt 0.003577 0.636919
vt 0.007966 0.636549
vt 0.007566 0.653760
vt 0.003413 0.654024
vt 0.006954 0.670579
vt 0.003112 0.670737
vt 0.460046 0.593909
vt 0.460303 0.611110
vt 0.460065 0.577102
vt 0.463359 0.577018
vt 0.464020 0.560596
vt 0.468370 0.560590
vt 0.467658 0.576842
vt 0.467180 0.593476
vt 0.463329 0.593724
vt 0.007073 0.687043
vt 0.002467 0.687174
vt 0.006481 0.703832
vt 0.001717 0.703719
vt 0.461187 0.560642
vt 0.457565 0.543585
vt 0.461921 0.543867
vt 0.462942 0.526833
vt 0.867204 0.910193
vt 0.868827 0.923973
vt 0.865985 0.923652
vt 0.863569 0.911393
vt 0.004394 0.720906
vt 0.001301 0.719799
vt 0.871911 0.908149
vt 0.874248 0.923835
vt 0.465361 0.527999
vt 0.471912 0.516769
vt 0.474609 0.519994
vt 0.469504 0.529392
vt 0.468747 0.544305
vt 0.464465 0.544068
vt 0.473010 0.544604
vt 0.472823 0.560454
vt 0.479600 0.544673
vt 0.479261 0.560078
vt 0.478034 0.576347
vt 0.472263 0.576642
vt 0.476568 0.593033
vt 0.471661 0.593315
vt 0.397956 0.660410
vt 0.392250 0.661162
vt 0.392800 0.646063
vt 0.398291 0.645626
vt 0.475303 0.610050
vt 0.485972 0.592491
vt 0.484459 0.609384
vt 0.475736 0.624951
vt 0.392250 0.633457
vt 0.397475 0.631884
vt 0.868075 0.867467
vt 0.871813 0.856717
vt 0.876239 0.856113
vt 0.872606 0.870265
vt 0.481762 0.634728
vt 0.498246 0.639317
vt 0.868075 0.841089
vt 0.871710 0.839287
vt 0.948632 0.256506
vt 0.951914 0.258939
vt 0.942141 0.271065
vt 0.498044 0.642725
vt 0.515009 0.639845
vt 0.516074 0.643283
vt 0.497895 0.646261
vt 0.526463 0.632012
vt 0.528806 0.634255
vt 0.733274 0.486395
vt 0.726814 0.500378
vt 0.723850 0.499239
vt 0.744803 0.474786
vt 0.722162 0.513684
vt 0.718034 0.514304
vt 0.720635 0.498176
vt 0.725991 0.513404
vt 0.729428 0.526547
vt 0.725190 0.527208
vt 0.533896 0.621700
vt 0.530192 0.621312
vt 0.530293 0.606483
vt 0.534132 0.606251
vt 0.530297 0.589171
vt 0.533914 0.588989
vt 0.526489 0.620927
vt 0.526586 0.606755
vt 0.526805 0.589392
vt 0.526882 0.571705
vt 0.530257 0.571348
vt 0.521998 0.607001
vt 0.522682 0.589760
vt 0.523029 0.572186
vt 0.523592 0.554055
vt 0.527025 0.553619
vt 0.514271 0.590401
vt 0.515333 0.573012
vt 0.516510 0.555085
vt 0.516353 0.537843
vt 0.523090 0.536245
vt 0.502670 0.574330
vt 0.504111 0.557132
vt 0.504325 0.540841
vt 0.489131 0.559205
vt 0.490079 0.543686
vt 0.487529 0.575702
vt 0.500910 0.591446
vt 0.513387 0.607489
vt 0.499423 0.608410
vt 0.526752 0.535571
vt 0.530761 0.535208
vt 0.530550 0.553366
vt 0.534336 0.534798
vt 0.534174 0.553032
vt 0.533803 0.571142
vt 0.737106 0.555745
vt 0.740986 0.571171
vt 0.737290 0.572220
vt 0.733422 0.556622
vt 0.729216 0.541782
vt 0.733323 0.540902
vt 0.728885 0.558199
vt 0.724513 0.543647
vt 0.720502 0.528862
vt 0.541124 0.605969
vt 0.541180 0.588454
vt 0.546847 0.588284
vt 0.547240 0.606289
vt 0.539670 0.622534
vt 0.555169 0.588147
vt 0.557303 0.608405
vt 0.567236 0.588167
vt 0.566257 0.608271
vt 0.583294 0.588379
vt 0.580091 0.607942
vt 0.601618 0.588733
vt 0.598238 0.611141
vt 0.587867 0.623384
vt 0.575767 0.620444
vt 0.601983 0.567700
vt 0.619469 0.566679
vt 0.618462 0.586747
vt 0.584634 0.568589
vt 0.584713 0.548917
vt 0.601868 0.547669
vt 0.567958 0.569324
vt 0.568189 0.550325
vt 0.567345 0.530677
vt 0.583608 0.528866
vt 0.555066 0.569857
vt 0.555428 0.551393
vt 0.555086 0.532299
vt 0.551953 0.512807
vt 0.564598 0.510774
vt 0.546748 0.552015
vt 0.546227 0.533419
vt 0.542969 0.514038
vt 0.541253 0.533933
vt 0.537779 0.514916
vt 0.528928 0.502149
vt 0.522982 0.495317
vt 0.532950 0.516130
vt 0.521954 0.504909
vt 0.516154 0.498832
vt 0.187593 0.925086
vt 0.181317 0.929964
vt 0.829776 0.785162
vt 0.838149 0.784515
vt 0.834834 0.789783
vt 0.827275 0.790138
vt 0.193088 0.924285
vt 0.195016 0.927768
vt 0.200232 0.926679
vt 0.202386 0.932322
vt 0.195935 0.932684
vt 0.198488 0.922845
vt 0.203128 0.939582
vt 0.195261 0.939775
vt 0.516540 0.486254
vt 0.508812 0.484242
vt 0.193085 0.947932
vt 0.186853 0.947232
vt 0.499468 0.482223
vt 0.507047 0.490930
vt 0.498410 0.489996
vt 0.491020 0.489019
vt 0.490769 0.480761
vt 0.832175 0.794076
vt 0.824061 0.794590
vt 0.853893 0.785361
vt 0.851949 0.790008
vt 0.516720 0.505320
vt 0.529358 0.516837
vt 0.869611 0.791264
vt 0.868122 0.794590
vt 0.856369 0.780333
vt 0.872256 0.786958
vt 0.741334 0.587499
vt 0.736609 0.589470
vt 0.732981 0.573777
vt 0.744803 0.586520
vt 0.540733 0.552360
vt 0.546527 0.570192
vt 0.540456 0.570664
vt 0.519413 0.493570
vt 0.560327 0.492737
vt 0.577486 0.489841
vt 0.581114 0.508808
vt 0.595629 0.487900
vt 0.598628 0.507300
vt 0.600712 0.527516
vt 0.616564 0.506396
vt 0.618494 0.526518
vt 0.619554 0.546655
vt 0.636738 0.526008
vt 0.637744 0.546028
vt 0.637861 0.565754
vt 0.656748 0.545775
vt 0.657130 0.565237
vt 0.656460 0.584168
vt 0.637153 0.585094
vt 0.655120 0.602512
vt 0.636045 0.604006
vt 0.615927 0.607148
vt 0.653855 0.620265
vt 0.635145 0.621197
vt 0.617161 0.623026
vt 0.634126 0.638696
vt 0.616799 0.639854
vt 0.604279 0.640758
vt 0.603534 0.626271
vt 0.615452 0.656353
vt 0.602903 0.656370
vt 0.594722 0.655507
vt 0.595835 0.640939
vt 0.593838 0.630199
vt 0.588696 0.654308
vt 0.591280 0.640597
vt 0.589249 0.631839
vt 0.583370 0.627063
vt 0.684249 0.853736
vt 0.693026 0.852913
vt 0.692762 0.858395
vt 0.684120 0.859585
vt 0.008924 0.894162
vt 0.015932 0.891003
vt 0.594522 0.951874
vt 0.589472 0.950592
vt 0.590474 0.937735
vt 0.595377 0.938106
vt 0.599933 0.939216
vt 0.601419 0.951914
vt 0.693026 0.864291
vt 0.685545 0.864110
vt 0.857118 0.867543
vt 0.845715 0.863409
vt 0.847646 0.859379
vt 0.849766 0.855103
vt 0.799549 0.657406
vt 0.799549 0.637888
vt 0.802910 0.638436
vt 0.803859 0.659061
vt 0.802593 0.673249
vt 0.796839 0.669985
vt 0.110844 0.885563
vt 0.095787 0.882614
vt 0.111521 0.879670
vt 0.808530 0.659633
vt 0.808530 0.675103
vt 0.565707 0.646742
vt 0.567490 0.666368
vt 0.560607 0.664889
vt 0.560690 0.645700
vt 0.564732 0.684426
vt 0.558386 0.682280
vt 0.550083 0.680136
vt 0.554575 0.697413
vt 0.548517 0.697096
vt 0.536635 0.697298
vt 0.537441 0.678865
vt 0.519920 0.698292
vt 0.519827 0.679163
vt 0.500849 0.699828
vt 0.499872 0.680624
vt 0.482280 0.701683
vt 0.481144 0.682778
vt 0.463879 0.665739
vt 0.501278 0.718639
vt 0.482564 0.720080
vt 0.501185 0.732657
vt 0.482345 0.733364
vt 0.500897 0.740647
vt 0.482097 0.741079
vt 0.500623 0.746290
vt 0.481961 0.746533
vt 0.463121 0.746918
vt 0.481875 0.751370
vt 0.462984 0.751497
vt 0.444424 0.751259
vt 0.246631 0.572574
vt 0.246616 0.588640
vt 0.242956 0.588599
vt 0.242698 0.572631
vt 0.242852 0.557481
vt 0.246698 0.557511
vt 0.427372 0.751389
vt 0.243150 0.541936
vt 0.246659 0.542196
vt 0.409797 0.751337
vt 0.243360 0.525107
vt 0.246833 0.525427
vt 0.390538 0.751092
vt 0.243501 0.508403
vt 0.246940 0.508691
vt 0.371317 0.750902
vt 0.371311 0.753955
vt 0.215989 0.756047
vt 0.235058 0.756202
vt 0.234898 0.759665
vt 0.215954 0.759692
vt 0.197991 0.760063
vt 0.197891 0.756376
vt 0.298404 0.786642
vt 0.314106 0.786183
vt 0.314014 0.790871
vt 0.298438 0.791239
vt 0.283039 0.791486
vt 0.283014 0.787228
vt 0.333093 0.762959
vt 0.350727 0.762712
vt 0.350741 0.766941
vt 0.332958 0.767159
vt 0.314813 0.767172
vt 0.315000 0.763068
vt 0.332857 0.771612
vt 0.314605 0.771563
vt 0.332745 0.776118
vt 0.314395 0.775997
vt 0.332604 0.780023
vt 0.314205 0.779857
vt 0.311035 0.806210
vt 0.329435 0.806246
vt 0.329300 0.810452
vt 0.310888 0.810302
vt 0.329157 0.815013
vt 0.310746 0.814821
vt 0.329013 0.819768
vt 0.310611 0.819542
vt 0.328858 0.824576
vt 0.310474 0.824378
vt 0.328707 0.829220
vt 0.310355 0.829056
vt 0.328555 0.833383
vt 0.310222 0.833239
vt 0.311003 0.001162
vt 0.329338 0.001199
vt 0.329196 0.005201
vt 0.310898 0.005031
vt 0.329051 0.009790
vt 0.310786 0.009621
vt 0.328907 0.014406
vt 0.310659 0.014301
vt 0.328746 0.019267
vt 0.310497 0.019264
vt 0.328532 0.027129
vt 0.310248 0.027340
vt 0.328245 0.038571
vt 0.309917 0.038838
vt 0.327881 0.055033
vt 0.309511 0.054903
vt 0.327488 0.073904
vt 0.309068 0.073861
vt 0.327099 0.092959
vt 0.308650 0.092925
vt 0.326723 0.111992
vt 0.308257 0.111953
vt 0.289754 0.111933
vt 0.307879 0.130956
vt 0.289371 0.130923
vt 0.270829 0.130903
vt 0.289002 0.149891
vt 0.270460 0.149853
vt 0.251888 0.149825
vt 0.270104 0.168788
vt 0.251534 0.168737
vt 0.232937 0.168691
vt 0.251191 0.187641
vt 0.232597 0.187571
vt 0.213978 0.187501
vt 0.232268 0.206447
vt 0.213653 0.206352
vt 0.195016 0.206253
vt 0.213338 0.225206
vt 0.194707 0.225080
vt 0.176056 0.224948
vt 0.194407 0.243917
vt 0.175766 0.243758
vt 0.157110 0.243588
vt 0.175483 0.262582
vt 0.156844 0.262386
vt 0.138198 0.262176
vt 0.156579 0.281202
vt 0.137962 0.280966
vt 0.119356 0.280714
vt 0.137718 0.299784
vt 0.119163 0.299506
vt 0.100648 0.299200
vt 0.100754 0.280439
vt 0.082128 0.280142
vt 0.118944 0.318341
vt 0.137454 0.318631
vt 0.137162 0.337465
vt 0.156026 0.318903
vt 0.155735 0.337675
vt 0.155462 0.354416
vt 0.174334 0.337928
vt 0.174069 0.354719
vt 0.173889 0.365104
vt 0.192700 0.355068
vt 0.192553 0.365204
vt 0.192439 0.372819
vt 0.211215 0.365204
vt 0.211126 0.372705
vt 0.211060 0.378426
vt 0.229707 0.372673
vt 0.229611 0.378544
vt 0.229544 0.383022
vt 0.248256 0.378582
vt 0.248199 0.383139
vt 0.248152 0.387626
vt 0.266889 0.383228
vt 0.266836 0.387744
vt 0.266790 0.392126
vt 0.285368 0.387880
vt 0.285291 0.392218
vt 0.285229 0.395746
vt 0.266725 0.395667
vt 0.303711 0.392314
vt 0.303647 0.395832
vt 0.659973 0.803320
vt 0.641556 0.803253
vt 0.641625 0.799490
vt 0.623258 0.803134
vt 0.623326 0.799486
vt 0.222567 0.846835
vt 0.238541 0.846399
vt 0.239059 0.850509
vt 0.206455 0.847075
vt 0.254783 0.846038
vt 0.255176 0.850176
vt 0.255355 0.854583
vt 0.271321 0.849987
vt 0.271472 0.854355
vt 0.287334 0.849778
vt 0.287539 0.854132
vt 0.287740 0.858591
vt 0.303517 0.853736
vt 0.303694 0.858196
vt 0.303622 0.862754
vt 0.287811 0.863244
vt 0.319613 0.857841
vt 0.319507 0.862396
vt 0.401986 0.400433
vt 0.420229 0.400529
vt 0.420190 0.405421
vt 0.438300 0.400451
vt 0.438265 0.405444
vt 0.438216 0.410847
vt 0.456167 0.405395
vt 0.456032 0.410744
vt 0.455914 0.417232
vt 0.438206 0.417442
vt 0.456443 0.432916
vt 0.438647 0.432938
vt 0.439905 0.450848
vt 0.441434 0.468560
vt 0.473559 0.417268
vt 0.473668 0.432422
vt 0.491907 0.417505
vt 0.491626 0.431736
vt 0.510687 0.418421
vt 0.509645 0.432529
vt 0.508222 0.443983
vt 0.518641 0.456180
vt 0.507310 0.451842
vt 0.517392 0.458945
vt 0.507103 0.454914
vt 0.050441 0.951914
vt 0.050307 0.941301
vt 0.054266 0.941464
vt 0.054671 0.951027
vt 0.555520 0.955897
vt 0.551757 0.953794
vt 0.556900 0.945447
vt 0.561560 0.946294
vt 0.376385 0.688764
vt 0.376302 0.699492
vt 0.371511 0.699586
vt 0.371447 0.690068
vt 0.558718 0.931912
vt 0.563581 0.930373
vt 0.161308 0.951914
vt 0.155242 0.951587
vt 0.555027 0.920943
vt 0.558967 0.917773
vt 0.376385 0.708957
vt 0.371500 0.708716
vt 0.053040 0.930736
vt 0.056895 0.931639
vt 0.058911 0.922829
vt 0.062474 0.924901
vt 0.810812 0.912085
vt 0.810812 0.902709
vt 0.183017 0.947018
vt 0.179186 0.947932
vt 0.811438 0.894001
vt 0.816046 0.893704
vt 0.525212 0.466557
vt 0.527113 0.464181
vt 0.510968 0.411341
vt 0.529605 0.411744
vt 0.492224 0.410946
vt 0.492415 0.405528
vt 0.511112 0.405835
vt 0.473894 0.410785
vt 0.474102 0.405420
vt 0.474263 0.400496
vt 0.492554 0.400540
vt 0.456286 0.400528
vt 0.350999 0.861606
vt 0.351155 0.857043
vt 0.366889 0.856679
vt 0.366765 0.861274
vt 0.335430 0.862123
vt 0.335429 0.857483
vt 0.335244 0.852965
vt 0.351025 0.852547
vt 0.319438 0.853361
vt 0.319226 0.848934
vt 0.335037 0.848506
vt 0.303313 0.849347
vt 0.302847 0.845219
vt 0.318658 0.844866
vt 0.286869 0.845653
vt 0.567984 0.799087
vt 0.567932 0.802858
vt 0.549604 0.802980
vt 0.549662 0.799105
vt 0.270940 0.845894
vt 0.586319 0.799096
vt 0.586265 0.802870
vt 0.358937 0.396225
vt 0.358981 0.392839
vt 0.377317 0.392799
vt 0.377270 0.396200
vt 0.604864 0.799237
vt 0.604816 0.802930
vt 0.340386 0.396163
vt 0.340438 0.392782
vt 0.340503 0.388511
vt 0.359023 0.388544
vt 0.321945 0.395930
vt 0.322032 0.392448
vt 0.322097 0.388210
vt 0.322170 0.383815
vt 0.340570 0.384079
vt 0.303777 0.387993
vt 0.303845 0.383574
vt 0.303908 0.379116
vt 0.322247 0.379392
vt 0.285428 0.383406
vt 0.285483 0.378908
vt 0.285543 0.373125
vt 0.303981 0.373512
vt 0.266939 0.378653
vt 0.266993 0.372931
vt 0.267070 0.365281
vt 0.285620 0.365527
vt 0.248333 0.372753
vt 0.248440 0.365171
vt 0.248584 0.355239
vt 0.267180 0.355442
vt 0.229823 0.365211
vt 0.229972 0.355207
vt 0.230200 0.338723
vt 0.248797 0.339021
vt 0.211340 0.355312
vt 0.211584 0.338397
vt 0.211860 0.319652
vt 0.230467 0.319907
vt 0.192961 0.338151
vt 0.193245 0.319405
vt 0.193533 0.300515
vt 0.212146 0.300736
vt 0.174629 0.319160
vt 0.174917 0.300284
vt 0.175201 0.281423
vt 0.193822 0.281632
vt 0.156308 0.300042
vt 0.194112 0.262767
vt 0.212730 0.262941
vt 0.212436 0.281830
vt 0.231332 0.263106
vt 0.231037 0.282017
vt 0.230748 0.300948
vt 0.249620 0.282193
vt 0.249335 0.301144
vt 0.249059 0.320130
vt 0.267899 0.301323
vt 0.267629 0.320309
vt 0.267380 0.339222
vt 0.286168 0.320467
vt 0.285925 0.339316
vt 0.285725 0.355922
vt 0.304410 0.339490
vt 0.304197 0.355959
vt 0.304076 0.365864
vt 0.322622 0.355978
vt 0.322469 0.366178
vt 0.322345 0.373911
vt 0.340861 0.366295
vt 0.340732 0.374019
vt 0.340640 0.379669
vt 0.359184 0.373979
vt 0.359117 0.379590
vt 0.359067 0.384097
vt 0.377481 0.379553
vt 0.377416 0.384060
vt 0.377365 0.388510
vt 0.395811 0.384002
vt 0.395734 0.388468
vt 0.395665 0.392835
vt 0.414034 0.388410
vt 0.413935 0.392683
vt 0.392316 0.840167
vt 0.377775 0.840393
vt 0.377232 0.836142
vt 0.391693 0.835945
vt 0.395598 0.396142
vt 0.363428 0.840346
vt 0.362829 0.836069
vt 0.531366 0.803046
vt 0.513240 0.802958
vt 0.513331 0.799123
vt 0.531452 0.799182
vt 0.495043 0.802799
vt 0.495152 0.798941
vt 0.334553 0.844333
vt 0.350497 0.844000
vt 0.350870 0.848123
vt 0.366333 0.843744
vt 0.366666 0.847855
vt 0.366797 0.852239
vt 0.382680 0.847699
vt 0.382791 0.852083
vt 0.382906 0.856519
vt 0.399092 0.851963
vt 0.399210 0.856420
vt 0.399101 0.860928
vt 0.382812 0.861038
vt 0.415490 0.856240
vt 0.415314 0.860818
vt 0.511251 0.400834
vt 0.529913 0.401186
vt 0.529749 0.406212
vt 0.548417 0.401349
vt 0.548167 0.406425
vt 0.547766 0.412009
vt 0.567291 0.406301
vt 0.566989 0.411801
vt 0.586999 0.406071
vt 0.586873 0.411450
vt 0.586801 0.418450
vt 0.606603 0.411057
vt 0.606707 0.417638
vt 0.607369 0.431959
vt 0.587376 0.434079
vt 0.609085 0.449746
vt 0.589373 0.451720
vt 0.611396 0.467816
vt 0.592320 0.469524
vt 0.573482 0.472730
vt 0.555893 0.477235
vt 0.614079 0.486626
vt 0.630495 0.466863
vt 0.632781 0.485944
vt 0.634977 0.505858
vt 0.651658 0.485416
vt 0.653782 0.505771
vt 0.655554 0.525971
vt 0.672335 0.506259
vt 0.674075 0.526260
vt 0.675500 0.545838
vt 0.686979 0.526596
vt 0.688247 0.545958
vt 0.690678 0.565157
vt 0.676552 0.565264
vt 0.695419 0.546011
vt 0.696717 0.564879
vt 0.700823 0.546037
vt 0.701565 0.564604
vt 0.705398 0.579658
vt 0.044712 0.700992
vt 0.041474 0.698816
vt 0.042487 0.688599
vt 0.045512 0.689510
vt 0.716768 0.589332
vt 0.539684 0.916781
vt 0.539684 0.932000
vt 0.535931 0.931715
vt 0.536099 0.917626
vt 0.946835 0.142140
vt 0.946893 0.157501
vt 0.942259 0.156816
vt 0.942612 0.142021
vt 0.957889 0.867050
vt 0.954765 0.867410
vt 0.951583 0.854909
vt 0.954683 0.853185
vt 0.951409 0.142382
vt 0.951914 0.157752
vt 0.947980 0.856898
vt 0.941271 0.851574
vt 0.942917 0.847800
vt 0.944290 0.844649
vt 0.951004 0.867651
vt 0.354479 0.933617
vt 0.350387 0.934381
vt 0.347933 0.921830
vt 0.352425 0.919917
vt 0.929128 0.843244
vt 0.929733 0.839370
vt 0.913484 0.842705
vt 0.913266 0.838082
vt 0.042400 0.674155
vt 0.041474 0.657723
vt 0.044890 0.657961
vt 0.045803 0.674543
vt 0.731663 0.595657
vt 0.748224 0.597943
vt 0.747987 0.601677
vt 0.730737 0.599696
vt 0.747969 0.605740
vt 0.729837 0.604517
vt 0.728795 0.613729
vt 0.728452 0.627217
vt 0.709010 0.624265
vt 0.708731 0.641547
vt 0.689600 0.639650
vt 0.690813 0.621790
vt 0.671087 0.638478
vt 0.672545 0.620503
vt 0.652628 0.638175
vt 0.670134 0.656154
vt 0.651574 0.655717
vt 0.633032 0.655878
vt 0.650700 0.673142
vt 0.632149 0.672748
vt 0.614863 0.672521
vt 0.631453 0.690473
vt 0.615252 0.690004
vt 0.604840 0.690108
vt 0.602732 0.672643
vt 0.598751 0.690672
vt 0.594627 0.672909
vt 0.594772 0.691162
vt 0.588171 0.673544
vt 0.457785 0.949130
vt 0.458075 0.931219
vt 0.462315 0.932087
vt 0.461703 0.950566
vt 0.589472 0.920800
vt 0.593608 0.920055
vt 0.466000 0.935164
vt 0.465496 0.951914
vt 0.286855 0.468453
vt 0.290752 0.470143
vt 0.290752 0.489897
vt 0.286634 0.488841
vt 0.462528 0.917542
vt 0.466000 0.919284
vt 0.805912 0.867635
vt 0.792270 0.868273
vt 0.794309 0.864824
vt 0.784558 0.860139
vt 0.788011 0.858005
vt 0.673782 0.920051
vt 0.679085 0.918396
vt 0.095590 0.949005
vt 0.091690 0.950061
vt 0.091653 0.937118
vt 0.094619 0.937856
vt 0.087136 0.951914
vt 0.095590 0.927429
vt 0.781965 0.861154
vt 0.780450 0.850094
vt 0.783701 0.850883
vt 0.040499 0.704480
vt 0.043812 0.704396
vt 0.043812 0.714932
vt 0.040629 0.713652
vt 0.785042 0.841513
vt 0.787572 0.844360
vt 0.040110 0.440134
vt 0.043298 0.438643
vt 0.043812 0.446357
vt 0.040110 0.447505
vt 0.793088 0.836931
vt 0.793572 0.840176
vt 0.043755 0.457880
vt 0.040168 0.458034
vt 0.065324 0.879670
vt 0.079752 0.881640
vt 0.065512 0.883966
vt 0.579993 0.717881
vt 0.580085 0.708345
vt 0.585487 0.707998
vt 0.585487 0.718915
vt 0.559082 0.697992
vt 0.559892 0.709511
vt 0.566754 0.717213
vt 0.577205 0.720993
vt 0.454742 0.929634
vt 0.457876 0.916291
vt 0.630659 0.709358
vt 0.649964 0.691115
vt 0.649298 0.709699
vt 0.648854 0.726072
vt 0.629881 0.725611
vt 0.648592 0.736286
vt 0.629520 0.735617
vt 0.648372 0.742891
vt 0.629366 0.742162
vt 0.610937 0.741016
vt 0.629342 0.747426
vt 0.611028 0.746699
vt 0.593598 0.745782
vt 0.593279 0.740058
vt 0.575369 0.745278
vt 0.593611 0.750904
vt 0.575319 0.750812
vt 0.556593 0.750538
vt 0.556804 0.744561
vt 0.538583 0.750586
vt 0.538653 0.745152
vt 0.519500 0.751174
vt 0.519666 0.746065
vt 0.519847 0.740182
vt 0.520001 0.731764
vt 0.519999 0.717256
vt 0.500428 0.751337
vt 0.519324 0.754602
vt 0.500253 0.754537
vt 0.246940 0.621333
vt 0.243252 0.620936
vt 0.243143 0.604786
vt 0.246830 0.605139
vt 0.326445 0.756068
vt 0.344931 0.755988
vt 0.344806 0.759735
vt 0.326317 0.759709
vt 0.307689 0.760190
vt 0.307634 0.756577
vt 0.394174 0.787660
vt 0.410247 0.787519
vt 0.410199 0.792218
vt 0.394068 0.792250
vt 0.378199 0.792598
vt 0.378056 0.788412
vt 0.289326 0.760658
vt 0.289137 0.757051
vt 0.362505 0.792403
vt 0.362661 0.788101
vt 0.271746 0.760466
vt 0.271991 0.756693
vt 0.346972 0.791387
vt 0.347349 0.786949
vt 0.253996 0.760062
vt 0.254248 0.756432
vt 0.330469 0.790809
vt 0.330610 0.786367
vt 0.387418 0.762275
vt 0.406343 0.762693
vt 0.406105 0.766957
vt 0.387239 0.766701
vt 0.368519 0.766717
vt 0.368562 0.762369
vt 0.387051 0.771505
vt 0.368454 0.771595
vt 0.350729 0.771613
vt 0.368385 0.776255
vt 0.350615 0.776214
vt 0.368300 0.780180
vt 0.350517 0.780112
vt 0.347346 0.806477
vt 0.365129 0.806497
vt 0.365057 0.810632
vt 0.347263 0.810612
vt 0.364976 0.815203
vt 0.347161 0.815090
vt 0.364890 0.819891
vt 0.347046 0.819821
vt 0.364804 0.824676
vt 0.346911 0.824608
vt 0.364715 0.829343
vt 0.346787 0.829253
vt 0.364609 0.833494
vt 0.346643 0.833355
vt 0.347427 0.001351
vt 0.365393 0.001296
vt 0.365329 0.005328
vt 0.347301 0.005351
vt 0.365259 0.009921
vt 0.347173 0.009908
vt 0.365175 0.014518
vt 0.347052 0.014500
vt 0.365088 0.019208
vt 0.346926 0.019172
vt 0.364975 0.027394
vt 0.346755 0.027204
vt 0.364809 0.038657
vt 0.346525 0.038542
vt 0.364567 0.055085
vt 0.346227 0.055079
vt 0.364260 0.074034
vt 0.345876 0.073964
vt 0.363934 0.093077
vt 0.345520 0.093012
vt 0.363599 0.112109
vt 0.345167 0.112045
vt 0.363261 0.131127
vt 0.344816 0.131060
vt 0.326358 0.131002
vt 0.344469 0.150060
vt 0.326001 0.149995
vt 0.307515 0.149938
vt 0.325652 0.168975
vt 0.307161 0.168906
vt 0.288645 0.168844
vt 0.306816 0.187864
vt 0.288299 0.187787
vt 0.269758 0.187713
vt 0.287963 0.206725
vt 0.269423 0.206633
vt 0.250858 0.206541
vt 0.269097 0.225553
vt 0.250534 0.225441
vt 0.231948 0.225326
vt 0.250220 0.244347
vt 0.231635 0.244211
vt 0.213030 0.244068
vt 0.249915 0.263263
vt 0.268782 0.244478
vt 0.268476 0.263411
vt 0.268181 0.282358
vt 0.287013 0.263553
vt 0.286717 0.282513
vt 0.286434 0.301488
vt 0.305225 0.282660
vt 0.304937 0.301646
vt 0.304663 0.320634
vt 0.323410 0.301795
vt 0.323124 0.320798
vt 0.322855 0.339639
vt 0.341561 0.320935
vt 0.341271 0.339847
vt 0.341029 0.355996
vt 0.359686 0.340038
vt 0.359440 0.355991
vt 0.359286 0.366221
vt 0.377839 0.356242
vt 0.377683 0.366310
vt 0.377567 0.373982
vt 0.396080 0.366446
vt 0.395961 0.374160
vt 0.395881 0.379452
vt 0.414323 0.374125
vt 0.414226 0.379426
vt 0.414133 0.383962
vt 0.432407 0.379499
vt 0.432286 0.384065
vt 0.432172 0.388526
vt 0.450536 0.384200
vt 0.450411 0.388674
vt 0.450288 0.392964
vt 0.432063 0.392835
vt 0.468610 0.388884
vt 0.468462 0.393254
vt 0.348891 0.840233
vt 0.334461 0.839996
vt 0.333869 0.835774
vt 0.348334 0.835957
vt 0.319791 0.839725
vt 0.319240 0.835454
vt 0.476899 0.802594
vt 0.458604 0.802266
vt 0.458748 0.798442
vt 0.477044 0.798781
vt 0.439922 0.802092
vt 0.440067 0.798259
vt 0.382433 0.843527
vt 0.398757 0.843326
vt 0.398991 0.847573
vt 0.415023 0.843086
vt 0.415248 0.847371
vt 0.415376 0.851768
vt 0.431581 0.847026
vt 0.431663 0.851421
vt 0.431714 0.855932
vt 0.448359 0.850902
vt 0.448402 0.855403
vt 0.448125 0.860043
vt 0.431416 0.860521
vt 0.465371 0.854806
vt 0.465218 0.859465
vt 0.567539 0.401290
vt 0.587122 0.401183
vt 0.482197 0.854049
vt 0.482131 0.858603
vt 0.606566 0.400917
vt 0.606574 0.405747
vt 0.625802 0.400690
vt 0.625895 0.405444
vt 0.626000 0.410646
vt 0.644785 0.405235
vt 0.644957 0.410357
vt 0.645250 0.416194
vt 0.626218 0.416699
vt 0.646030 0.429943
vt 0.626929 0.430722
vt 0.647525 0.447664
vt 0.628439 0.448461
vt 0.649478 0.466132
vt 0.666159 0.447052
vt 0.668220 0.465369
vt 0.670388 0.484848
vt 0.686102 0.506849
vt 0.695606 0.506163
vt 0.694706 0.526834
vt 0.699885 0.508178
vt 0.700338 0.527132
vt 0.703976 0.508995
vt 0.704350 0.527375
vt 0.951914 0.173256
vt 0.947073 0.173063
vt 0.045586 0.481875
vt 0.045803 0.500254
vt 0.041952 0.499741
vt 0.041610 0.481824
vt 0.041541 0.462991
vt 0.045472 0.463113
vt 0.956485 0.904006
vt 0.957574 0.921899
vt 0.953420 0.921669
vt 0.952085 0.904244
vt 0.951071 0.885570
vt 0.955293 0.885201
vt 0.681522 0.755784
vt 0.697681 0.755602
vt 0.697713 0.760531
vt 0.681510 0.760735
vt 0.666363 0.760288
vt 0.665833 0.755155
vt 0.947155 0.885778
vt 0.948011 0.904345
vt 0.941417 0.904548
vt 0.940529 0.885976
vt 0.940310 0.868298
vt 0.946791 0.868333
vt 0.929873 0.886256
vt 0.929093 0.868005
vt 0.928647 0.854207
vt 0.940547 0.856588
vt 0.914075 0.868024
vt 0.913644 0.853783
vt 0.913633 0.847546
vt 0.928832 0.847295
vt 0.341911 0.925549
vt 0.345128 0.936518
vt 0.897224 0.850554
vt 0.896449 0.846696
vt 0.631701 0.927206
vt 0.631701 0.943949
vt 0.882461 0.856059
vt 0.880906 0.854373
vt 0.895869 0.843369
vt 0.749409 0.489325
vt 0.742501 0.506219
vt 0.739670 0.505325
vt 0.746729 0.486992
vt 0.757946 0.473034
vt 0.760735 0.476511
vt 0.754841 0.469121
vt 0.742459 0.522022
vt 0.738862 0.522307
vt 0.734310 0.523342
vt 0.747068 0.536996
vt 0.743110 0.538212
vt 0.738467 0.540093
vt 0.793619 0.544766
vt 0.789267 0.544942
vt 0.789418 0.526564
vt 0.794064 0.526418
vt 0.800103 0.526177
vt 0.799338 0.544641
vt 0.808450 0.525736
vt 0.807740 0.544369
vt 0.822177 0.524896
vt 0.821497 0.543791
vt 0.820649 0.562703
vt 0.819716 0.581549
vt 0.839900 0.542928
vt 0.839075 0.561880
vt 0.838175 0.580503
vt 0.837154 0.598059
vt 0.858130 0.561082
vt 0.857212 0.579708
vt 0.856145 0.597713
vt 0.855057 0.615183
vt 0.835837 0.614668
vt 0.875565 0.579132
vt 0.874517 0.597363
vt 0.873357 0.615361
vt 0.872027 0.633224
vt 0.853937 0.632929
vt 0.888166 0.597053
vt 0.887570 0.615250
vt 0.886942 0.633272
vt 0.885940 0.650963
vt 0.870286 0.650770
vt 0.895898 0.615002
vt 0.895782 0.633116
vt 0.895182 0.651014
vt 0.894505 0.668603
vt 0.884852 0.668362
vt 0.901952 0.632951
vt 0.901553 0.651046
vt 0.901113 0.668726
vt 0.901367 0.686452
vt 0.894577 0.686307
vt 0.907059 0.651079
vt 0.906979 0.668881
vt 0.907154 0.686571
vt 0.907784 0.704839
vt 0.902064 0.704639
vt 0.910875 0.669033
vt 0.910787 0.686738
vt 0.742686 0.884205
vt 0.738474 0.884181
vt 0.738528 0.868926
vt 0.742559 0.869195
vt 0.738474 0.853093
vt 0.742812 0.853844
vt 0.020449 0.874982
vt 0.038629 0.874355
vt 0.038563 0.878812
vt 0.020406 0.879364
vt 0.002333 0.880222
vt 0.002051 0.876196
vt 0.388787 0.925530
vt 0.394274 0.913235
vt 0.397759 0.915472
vt 0.392447 0.928017
vt 0.910903 0.726670
vt 0.910218 0.708582
vt 0.914378 0.708694
vt 0.915227 0.726752
vt 0.915457 0.743124
vt 0.911557 0.742887
vt 0.920395 0.726734
vt 0.920848 0.743434
vt 0.925711 0.726622
vt 0.926536 0.743649
vt 0.926278 0.757078
vt 0.926565 0.766932
vt 0.931760 0.743697
vt 0.932410 0.757679
vt 0.933470 0.767753
vt 0.927128 0.773951
vt 0.937784 0.757913
vt 0.938982 0.768203
vt 0.942208 0.757974
vt 0.942956 0.768453
vt 0.300709 0.616390
vt 0.299254 0.620873
vt 0.018221 0.894916
vt 0.028722 0.893740
vt 0.028654 0.897829
vt 0.017983 0.898891
vt 0.009625 0.899709
vt 0.010219 0.896324
vt 0.289703 0.622670
vt 0.283957 0.619117
vt 0.017776 0.902876
vt 0.009013 0.903179
vt 0.287419 0.625316
vt 0.281407 0.621275
vt 0.940874 0.816490
vt 0.933370 0.817144
vt 0.932802 0.813631
vt 0.939709 0.813294
vt 0.001939 0.902912
vt 0.008491 0.906821
vt 0.001062 0.906446
vt 0.941631 0.820042
vt 0.933826 0.820764
vt 0.941756 0.823904
vt 0.934105 0.824522
vt 0.924846 0.825037
vt 0.924654 0.821089
vt 0.924497 0.817201
vt 0.924408 0.813242
vt 0.913693 0.821338
vt 0.913678 0.817119
vt 0.913796 0.812823
vt 0.914103 0.808601
vt 0.924314 0.809216
vt 0.898980 0.817388
vt 0.899165 0.812836
vt 0.899487 0.808556
vt 0.285247 0.583375
vt 0.289887 0.583475
vt 0.290963 0.595771
vt 0.286024 0.595693
vt 0.881615 0.812853
vt 0.881674 0.808606
vt 0.284256 0.568420
vt 0.288708 0.568110
vt 0.884914 0.779004
vt 0.885007 0.774695
vt 0.903471 0.774001
vt 0.903077 0.778768
vt 0.283554 0.552795
vt 0.288041 0.552496
vt 0.866333 0.778665
vt 0.866351 0.774242
vt 0.866455 0.769742
vt 0.885363 0.770475
vt 0.847678 0.778297
vt 0.847752 0.773718
vt 0.847814 0.768938
vt 0.847877 0.764492
vt 0.866591 0.765365
vt 0.828991 0.773299
vt 0.829047 0.768469
vt 0.829102 0.763910
vt 0.473705 0.903903
vt 0.473148 0.908475
vt 0.456992 0.906062
vt 0.457453 0.901621
vt 0.810355 0.767857
vt 0.810367 0.763390
vt 0.489869 0.905975
vt 0.489356 0.910422
vt 0.266753 0.556747
vt 0.270809 0.556776
vt 0.270760 0.575711
vt 0.266672 0.575556
vt 0.506825 0.907727
vt 0.506388 0.911964
vt 0.266672 0.537162
vt 0.270682 0.537061
vt 0.793324 0.755498
vt 0.793226 0.752097
vt 0.813165 0.752119
vt 0.813039 0.755618
vt 0.267025 0.517769
vt 0.270838 0.517506
vt 0.773770 0.755079
vt 0.773541 0.751675
vt 0.773339 0.746911
vt 0.793169 0.747409
vt 0.755712 0.755229
vt 0.755478 0.752028
vt 0.755203 0.747231
vt 0.755091 0.741629
vt 0.773308 0.741905
vt 0.737238 0.752201
vt 0.737520 0.747323
vt 0.738100 0.741785
vt 0.738817 0.734664
vt 0.755303 0.734860
vt 0.720627 0.746861
vt 0.721153 0.741551
vt 0.721890 0.734761
vt 0.723140 0.724262
vt 0.703752 0.741652
vt 0.704191 0.734887
vt 0.704893 0.724830
vt 0.705916 0.709569
vt 0.685933 0.735367
vt 0.686053 0.725505
vt 0.686647 0.709713
vt 0.687520 0.692099
vt 0.706932 0.692676
vt 0.667355 0.726074
vt 0.667872 0.709851
vt 0.668571 0.691624
vt 0.669339 0.673738
vt 0.688271 0.674392
vt 0.688904 0.656969
vt 0.708438 0.658087
vt 0.707781 0.675161
vt 0.667186 0.736259
vt 0.686016 0.741816
vt 0.667174 0.742808
vt 0.686036 0.747012
vt 0.667352 0.747975
vt 0.648164 0.747939
vt 0.667451 0.752587
vt 0.647951 0.752366
vt 0.629430 0.752282
vt 0.045431 0.603386
vt 0.045392 0.619604
vt 0.041964 0.619948
vt 0.041532 0.603504
vt 0.041777 0.587171
vt 0.045803 0.587473
vt 0.610992 0.751641
vt 0.610957 0.755166
vt 0.593473 0.755168
vt 0.438151 0.755551
vt 0.455637 0.755921
vt 0.455711 0.759779
vt 0.437876 0.759450
vt 0.419756 0.759481
vt 0.419980 0.755528
vt 0.575302 0.754769
vt 0.401016 0.759500
vt 0.401122 0.755814
vt 0.556444 0.754809
vt 0.382598 0.759795
vt 0.383181 0.755372
vt 0.538504 0.754748
vt 0.363828 0.759531
vt 0.364002 0.755772
vt 0.443141 0.787212
vt 0.459603 0.787573
vt 0.459258 0.792103
vt 0.442959 0.791758
vt 0.426400 0.791969
vt 0.426561 0.787309
vt 0.497442 0.763013
vt 0.516340 0.762718
vt 0.516221 0.767076
vt 0.497405 0.767413
vt 0.478806 0.767594
vt 0.478853 0.763223
vt 0.497316 0.772009
vt 0.478753 0.772131
vt 0.460350 0.772071
vt 0.460349 0.767577
vt 0.460369 0.763294
vt 0.442195 0.772093
vt 0.442210 0.767752
vt 0.442190 0.763613
vt 0.423949 0.771983
vt 0.424061 0.767601
vt 0.424195 0.763494
vt 0.405878 0.771612
vt 0.423890 0.776328
vt 0.405694 0.776166
vt 0.386887 0.776108
vt 0.405515 0.780071
vt 0.386737 0.780073
vt 0.383564 0.806505
vt 0.402343 0.806369
vt 0.402213 0.810417
vt 0.383435 0.810604
vt 0.402065 0.814906
vt 0.383299 0.815175
vt 0.401911 0.819550
vt 0.383164 0.819873
vt 0.401759 0.824359
vt 0.383026 0.824671
vt 0.401613 0.829048
vt 0.382894 0.829361
vt 0.401461 0.833288
vt 0.382770 0.833442
vt 0.383555 0.001292
vt 0.402243 0.000903
vt 0.402133 0.004799
vt 0.383472 0.005225
vt 0.402033 0.009488
vt 0.383405 0.009834
vt 0.401949 0.014323
vt 0.383351 0.014481
vt 0.401870 0.019605
vt 0.383309 0.019430
vt 0.401764 0.027793
vt 0.383258 0.027659
vt 0.401605 0.039193
vt 0.383145 0.038935
vt 0.401381 0.055227
vt 0.382942 0.055151
vt 0.401090 0.074200
vt 0.382662 0.074106
vt 0.400783 0.093238
vt 0.382352 0.093152
vt 0.400466 0.112266
vt 0.382030 0.112183
vt 0.400142 0.131285
vt 0.381702 0.131203
vt 0.399815 0.150297
vt 0.381371 0.150211
vt 0.362923 0.150133
vt 0.381038 0.169212
vt 0.362587 0.169128
vt 0.344126 0.169049
vt 0.362252 0.188117
vt 0.343788 0.188030
vt 0.325311 0.187945
vt 0.343454 0.207006
vt 0.324976 0.206911
vt 0.306481 0.206818
vt 0.324648 0.225876
vt 0.306153 0.225770
vt 0.287636 0.225663
vt 0.305834 0.244725
vt 0.287319 0.244604
vt 0.305525 0.263688
vt 0.324327 0.244844
vt 0.324013 0.263817
vt 0.323707 0.282800
vt 0.342483 0.263942
vt 0.342170 0.282934
vt 0.341862 0.301934
vt 0.360617 0.283062
vt 0.360300 0.302068
vt 0.359987 0.321071
vt 0.378729 0.302200
vt 0.378408 0.321216
vt 0.378093 0.340173
vt 0.396822 0.321358
vt 0.396510 0.340209
vt 0.396238 0.356419
vt 0.414892 0.340360
vt 0.414615 0.356513
vt 0.414446 0.366485
vt 0.432914 0.356641
vt 0.432717 0.366429
vt 0.432547 0.374057
vt 0.450986 0.366593
vt 0.450801 0.374234
vt 0.450660 0.379605
vt 0.469063 0.374459
vt 0.468893 0.379848
vt 0.468748 0.384398
vt 0.487210 0.380048
vt 0.487038 0.384628
vt 0.486886 0.389155
vt 0.505710 0.384794
vt 0.505571 0.389350
vt 0.505422 0.393647
vt 0.486743 0.393462
vt 0.524121 0.389520
vt 0.523995 0.393823
vt 0.304926 0.839578
vt 0.290268 0.839540
vt 0.289550 0.835331
vt 0.304353 0.835333
vt 0.275420 0.839444
vt 0.274620 0.835248
vt 0.421329 0.801988
vt 0.402540 0.801893
vt 0.402695 0.798008
vt 0.421446 0.798109
vt 0.383349 0.801987
vt 0.383516 0.798135
vt 0.431394 0.842791
vt 0.448068 0.842290
vt 0.448285 0.846516
vt 0.464588 0.841859
vt 0.465051 0.845943
vt 0.465227 0.850304
vt 0.481725 0.845264
vt 0.481983 0.849609
vt 0.498342 0.844667
vt 0.498649 0.849012
vt 0.498921 0.853420
vt 0.515026 0.848596
vt 0.515344 0.852959
vt 0.515475 0.857439
vt 0.498963 0.857950
vt 0.531475 0.852568
vt 0.531573 0.856988
vt 0.644646 0.400541
vt 0.663172 0.400609
vt 0.663321 0.405227
vt 0.681268 0.400658
vt 0.681376 0.405342
vt 0.681526 0.410364
vt 0.663498 0.410266
vt 0.681779 0.415862
vt 0.663810 0.415960
vt 0.682522 0.429127
vt 0.664620 0.429494
vt 0.683950 0.446413
vt 0.699716 0.429114
vt 0.700586 0.445196
vt 0.699167 0.416406
vt 0.715886 0.417452
vt 0.715942 0.411471
vt 0.732930 0.412759
vt 0.732459 0.419174
vt 0.698994 0.410747
vt 0.698907 0.405663
vt 0.716019 0.406212
vt 0.716075 0.401235
vt 0.733453 0.401941
vt 0.733261 0.407160
vt 0.698859 0.400994
vt 0.562692 0.856604
vt 0.562732 0.852078
vt 0.577903 0.852158
vt 0.577817 0.856662
vt 0.547418 0.856713
vt 0.547330 0.852235
vt 0.547041 0.847888
vt 0.562534 0.847693
vt 0.531166 0.848230
vt 0.530816 0.843961
vt 0.546748 0.843605
vt 0.514685 0.844279
vt 0.514117 0.840173
vt 0.530250 0.840008
vt 0.497839 0.840516
vt 0.326381 0.798543
vt 0.326437 0.802282
vt 0.307798 0.802267
vt 0.307695 0.798526
vt 0.481211 0.841190
vt 0.345414 0.798429
vt 0.345405 0.802274
vt 0.229392 0.836015
vt 0.230025 0.840210
vt 0.215079 0.840281
vt 0.214350 0.836080
vt 0.364392 0.798384
vt 0.364300 0.802223
vt 0.244363 0.835898
vt 0.245020 0.840034
vt 0.580979 0.393614
vt 0.581055 0.389372
vt 0.599866 0.389261
vt 0.599836 0.393518
vt 0.259426 0.835431
vt 0.260040 0.839603
vt 0.561987 0.393880
vt 0.562098 0.389653
vt 0.562178 0.385105
vt 0.581123 0.384905
vt 0.542819 0.394059
vt 0.542945 0.389718
vt 0.543080 0.385133
vt 0.543221 0.380493
vt 0.562240 0.380492
vt 0.524251 0.384976
vt 0.524392 0.380384
vt 0.524568 0.375136
vt 0.543371 0.375219
vt 0.505848 0.380181
vt 0.506003 0.374830
vt 0.506213 0.367066
vt 0.524799 0.367416
vt 0.487415 0.374619
vt 0.487665 0.366959
vt 0.487969 0.356885
vt 0.506490 0.357059
vt 0.469283 0.366810
vt 0.469566 0.356790
vt 0.469946 0.340720
vt 0.488382 0.340732
vt 0.451219 0.356708
vt 0.451573 0.340716
vt 0.451977 0.321716
vt 0.470376 0.321809
vt 0.433233 0.340587
vt 0.433599 0.321604
vt 0.433964 0.302566
vt 0.452368 0.302672
vt 0.415219 0.321486
vt 0.415562 0.302452
vt 0.415906 0.283425
vt 0.434324 0.283537
vt 0.397151 0.302330
vt 0.397484 0.283308
vt 0.397818 0.264297
vt 0.416249 0.264410
vt 0.379055 0.283187
vt 0.379382 0.264182
vt 0.379711 0.245184
vt 0.398152 0.245294
vt 0.360938 0.264064
vt 0.361262 0.245073
vt 0.361589 0.226086
vt 0.380041 0.226191
vt 0.342801 0.244959
vt 0.343125 0.225982
vt 0.361919 0.207102
vt 0.380705 0.188208
vt 0.380373 0.207200
vt 0.399154 0.188301
vt 0.398821 0.207298
vt 0.398487 0.226295
vt 0.417265 0.207398
vt 0.416929 0.226399
vt 0.416590 0.245403
vt 0.435370 0.226504
vt 0.435027 0.245510
vt 0.434678 0.264520
vt 0.453466 0.245615
vt 0.453110 0.264626
vt 0.452745 0.283644
vt 0.471554 0.264729
vt 0.471180 0.283744
vt 0.470790 0.302768
vt 0.489639 0.283840
vt 0.489243 0.302853
vt 0.488823 0.321869
vt 0.507737 0.302932
vt 0.507324 0.321914
vt 0.506893 0.340743
vt 0.525881 0.321976
vt 0.525473 0.340743
vt 0.525080 0.357379
vt 0.544125 0.340803
vt 0.543800 0.357396
vt 0.543558 0.367625
vt 0.562585 0.357387
vt 0.562419 0.367589
vt 0.562311 0.375109
vt 0.581276 0.367537
vt 0.581220 0.375029
vt 0.581179 0.380343
vt 0.599977 0.375003
vt 0.599936 0.380302
vt 0.599899 0.384824
vt 0.618694 0.380296
vt 0.618707 0.384817
vt 0.618716 0.389274
vt 0.637219 0.384780
vt 0.637265 0.389264
vt 0.637328 0.393580
vt 0.618737 0.393577
vt 0.655743 0.389352
vt 0.655810 0.393688
vt 0.200247 0.840307
vt 0.185586 0.840284
vt 0.184844 0.836076
vt 0.199560 0.836118
vt 0.171041 0.840197
vt 0.170331 0.836016
vt 0.289311 0.802149
vt 0.271024 0.802093
vt 0.270968 0.798268
vt 0.289212 0.798351
vt 0.253034 0.802062
vt 0.253029 0.798244
vt 0.546237 0.839548
vt 0.561871 0.839217
vt 0.562295 0.843368
vt 0.577125 0.839231
vt 0.577608 0.843351
vt 0.577775 0.847723
vt 0.592865 0.843365
vt 0.593029 0.847830
vt 0.593150 0.852361
vt 0.608624 0.847873
vt 0.608772 0.852535
vt 0.733601 0.398026
vt 0.751498 0.398497
vt 0.751422 0.402810
vt 0.592880 0.856970
vt 0.769170 0.398872
vt 0.769084 0.403467
vt 0.769034 0.408870
vt 0.751345 0.408245
vt 0.768956 0.415071
vt 0.751364 0.414285
vt 0.786075 0.409139
vt 0.785658 0.415149
vt 0.803694 0.409145
vt 0.803263 0.415001
vt 0.802351 0.427143
vt 0.821536 0.415091
vt 0.820829 0.427342
vt 0.820114 0.444873
vt 0.800867 0.444278
vt 0.839959 0.427399
vt 0.839602 0.444960
vt 0.839578 0.464102
vt 0.840175 0.484203
vt 0.859105 0.445327
vt 0.859255 0.464218
vt 0.859540 0.483714
vt 0.859641 0.503335
vt 0.840612 0.504279
vt 0.877697 0.464511
vt 0.877809 0.483563
vt 0.877819 0.502934
vt 0.877625 0.522294
vt 0.859410 0.522860
vt 0.890678 0.483682
vt 0.890722 0.502857
vt 0.890576 0.522060
vt 0.890159 0.541232
vt 0.877147 0.541508
vt 0.898340 0.502866
vt 0.898020 0.521955
vt 0.897520 0.541158
vt 0.896995 0.560008
vt 0.889506 0.560148
vt 0.903818 0.521893
vt 0.903295 0.541103
vt 0.902848 0.559929
vt 0.902583 0.578274
vt 0.896699 0.578485
vt 0.908293 0.540963
vt 0.907992 0.559837
vt 0.907915 0.578159
vt 0.907620 0.596545
vt 0.902235 0.596683
vt 0.911459 0.559785
vt 0.911602 0.578051
vt 0.911375 0.596465
vt 0.911104 0.614692
vt 0.907346 0.614619
vt 0.128910 0.873711
vt 0.147332 0.873865
vt 0.147456 0.878163
vt 0.129035 0.878025
vt 0.110676 0.877838
vt 0.110676 0.873594
vt 0.092427 0.877877
vt 0.092481 0.873837
vt 0.264440 0.540437
vt 0.264035 0.555687
vt 0.259381 0.555388
vt 0.259777 0.540127
vt 0.260218 0.524837
vt 0.264863 0.525089
vt 0.260061 0.509640
vt 0.264741 0.509843
vt 0.913071 0.636676
vt 0.913580 0.618367
vt 0.918342 0.618417
vt 0.917893 0.636788
vt 0.917991 0.654978
vt 0.913045 0.654881
vt 0.918481 0.672929
vt 0.913516 0.672798
vt 0.923131 0.636888
vt 0.923259 0.655085
vt 0.923737 0.673073
vt 0.924232 0.690845
vt 0.918932 0.690720
vt 0.928754 0.655181
vt 0.929140 0.673209
vt 0.929636 0.690964
vt 0.930256 0.708809
vt 0.924820 0.708751
vt 0.934531 0.673343
vt 0.934926 0.691066
vt 0.935545 0.708860
vt 0.936137 0.726661
vt 0.930991 0.726620
vt 0.939982 0.691154
vt 0.940533 0.708912
vt 0.940885 0.726712
vt 0.941282 0.743589
vt 0.936797 0.743659
vt 0.002819 0.582301
vt 0.002288 0.566787
vt 0.007054 0.567186
vt 0.007529 0.582648
vt 0.007966 0.597436
vt 0.003460 0.597049
vt 0.043122 0.897085
vt 0.043119 0.893368
vt 0.059947 0.896548
vt 0.059883 0.901271
vt 0.043086 0.901703
vt 0.028694 0.902262
vt 0.043013 0.906159
vt 0.028677 0.906563
vt 0.017658 0.906831
vt 0.028619 0.911039
vt 0.017556 0.910906
vt 0.008255 0.910628
vt 0.000812 0.910298
vt 0.017442 0.914993
vt 0.008238 0.914440
vt 0.000918 0.913907
vt 0.941640 0.827509
vt 0.934133 0.828185
vt 0.008330 0.918212
vt 0.001169 0.917470
vt 0.941307 0.831071
vt 0.933953 0.831770
vt 0.940235 0.834006
vt 0.933659 0.835009
vt 0.924972 0.835506
vt 0.925101 0.832604
vt 0.925059 0.828851
vt 0.914111 0.833926
vt 0.913982 0.829942
vt 0.913781 0.825658
vt 0.898977 0.830777
vt 0.898926 0.826289
vt 0.898922 0.821792
vt 0.881459 0.826737
vt 0.881502 0.822084
vt 0.881557 0.817444
vt 0.863052 0.822048
vt 0.863077 0.817337
vt 0.863107 0.812637
vt 0.863132 0.808381
vt 0.844335 0.817054
vt 0.844390 0.812331
vt 0.844434 0.808118
vt 0.282852 0.537014
vt 0.287416 0.536808
vt 0.825719 0.812129
vt 0.825740 0.807897
vt 0.282079 0.521238
vt 0.286725 0.521063
vt 0.828953 0.777982
vt 0.281407 0.505583
vt 0.286121 0.505483
vt 0.810333 0.777515
vt 0.810343 0.772761
vt 0.791125 0.777353
vt 0.791068 0.772494
vt 0.790990 0.767584
vt 0.790858 0.763282
vt 0.771934 0.772668
vt 0.771859 0.767903
vt 0.771669 0.763758
vt 0.523629 0.908823
vt 0.523655 0.913300
vt 0.753150 0.768037
vt 0.753131 0.763747
vt 0.539650 0.910160
vt 0.539254 0.914795
vt 0.266619 0.499534
vt 0.270462 0.499449
vt 0.555481 0.911157
vt 0.555157 0.915709
vt 0.266121 0.481249
vt 0.269921 0.481019
vt 0.645335 0.901984
vt 0.649214 0.902149
vt 0.649214 0.918060
vt 0.645515 0.917955
vt 0.265474 0.464016
vt 0.269053 0.463955
vt 0.945940 0.241992
vt 0.945940 0.256897
vt 0.941826 0.256892
vt 0.942065 0.242145
vt 0.720260 0.751895
vt 0.569987 0.924378
vt 0.570472 0.920286
vt 0.585733 0.921059
vt 0.585041 0.925770
vt 0.703213 0.752196
vt 0.703508 0.747015
vt 0.685960 0.751749
vt 0.678451 0.945780
vt 0.678318 0.930855
vt 0.683068 0.930855
vt 0.682696 0.945940
vt 0.045803 0.653197
vt 0.041556 0.652883
vt 0.042056 0.636678
vt 0.045393 0.636547
vt 0.511966 0.756339
vt 0.530260 0.757057
vt 0.529916 0.760735
vt 0.511789 0.760255
vt 0.492860 0.760283
vt 0.492649 0.756574
vt 0.632744 0.922800
vt 0.616284 0.921241
vt 0.616974 0.916630
vt 0.633202 0.918365
vt 0.649513 0.919930
vt 0.649183 0.924260
vt 0.474138 0.760144
vt 0.474132 0.756399
vt 0.665524 0.921841
vt 0.665276 0.926136
vt 0.608375 0.763895
vt 0.626811 0.764180
vt 0.626804 0.768383
vt 0.608357 0.768064
vt 0.590265 0.767683
vt 0.590413 0.763587
vt 0.681077 0.923653
vt 0.680798 0.928017
vt 0.571957 0.767243
vt 0.572142 0.763083
vt 0.674989 0.930309
vt 0.675102 0.945940
vt 0.670471 0.945940
vt 0.670595 0.930170
vt 0.553385 0.767292
vt 0.553553 0.763043
vt 0.491633 0.792368
vt 0.475396 0.792235
vt 0.475523 0.787639
vt 0.491889 0.787740
vt 0.534860 0.767269
vt 0.535030 0.762952
vt 0.553232 0.771921
vt 0.534745 0.771918
vt 0.516117 0.771812
vt 0.534607 0.776556
vt 0.516017 0.776453
vt 0.497211 0.776520
vt 0.515906 0.780392
vt 0.497113 0.780364
vt 0.478705 0.780372
vt 0.478725 0.776637
vt 0.460340 0.780305
vt 0.460335 0.776583
vt 0.442077 0.780130
vt 0.442150 0.776389
vt 0.423826 0.780088
vt 0.420653 0.806299
vt 0.438903 0.806370
vt 0.438866 0.810167
vt 0.420581 0.810192
vt 0.438814 0.814426
vt 0.420485 0.814646
vt 0.438743 0.818811
vt 0.420384 0.819128
vt 0.438641 0.823498
vt 0.420264 0.823894
vt 0.438542 0.828087
vt 0.420153 0.828546
vt 0.438440 0.832430
vt 0.420038 0.832906
vt 0.420816 0.000516
vt 0.439214 0.000291
vt 0.439113 0.003874
vt 0.420711 0.004315
vt 0.439021 0.008919
vt 0.420606 0.009088
vt 0.438934 0.014111
vt 0.420502 0.014098
vt 0.438841 0.019677
vt 0.420393 0.019503
vt 0.438712 0.027942
vt 0.420252 0.027848
vt 0.438530 0.039252
vt 0.420068 0.039281
vt 0.438279 0.055610
vt 0.419827 0.055399
vt 0.437981 0.074428
vt 0.419531 0.074315
vt 0.437668 0.093434
vt 0.419222 0.093334
vt 0.437350 0.112451
vt 0.418905 0.112356
vt 0.437029 0.131467
vt 0.418584 0.131374
vt 0.436704 0.150480
vt 0.418259 0.150386
vt 0.436376 0.169489
vt 0.417930 0.169393
vt 0.399485 0.169301
vt 0.417599 0.188397
vt 0.436045 0.188495
vt 0.435710 0.207499
vt 0.454492 0.188595
vt 0.454156 0.207601
vt 0.453814 0.226607
vt 0.472607 0.207703
vt 0.472264 0.226710
vt 0.471914 0.245718
vt 0.490724 0.226813
vt 0.490374 0.245821
vt 0.490014 0.264829
vt 0.508849 0.245922
vt 0.508495 0.264928
vt 0.508126 0.283933
vt 0.526995 0.265027
vt 0.526641 0.284026
vt 0.526271 0.303015
vt 0.545180 0.284123
vt 0.544840 0.303108
vt 0.544487 0.322063
vt 0.563429 0.303212
vt 0.563127 0.322175
vt 0.562833 0.340916
vt 0.581770 0.322304
vt 0.581547 0.341049
vt 0.581376 0.357434
vt 0.600214 0.341186
vt 0.600094 0.357461
vt 0.600030 0.367462
vt 0.618720 0.357368
vt 0.618689 0.367379
vt 0.618684 0.374998
vt 0.637202 0.367239
vt 0.637192 0.374857
vt 0.637197 0.380238
vt 0.655647 0.374716
vt 0.655665 0.380205
vt 0.655696 0.384814
vt 0.674035 0.380301
vt 0.674064 0.384955
vt 0.674096 0.389526
vt 0.692125 0.385039
vt 0.692142 0.389616
vt 0.692160 0.393971
vt 0.674139 0.393848
vt 0.709954 0.389545
vt 0.709907 0.393908
vt 0.156771 0.840176
vt 0.142668 0.840319
vt 0.141960 0.836212
vt 0.156048 0.836041
vt 0.128704 0.840393
vt 0.128041 0.836223
vt 0.235342 0.802029
vt 0.217834 0.801965
vt 0.217932 0.797939
vt 0.235407 0.798166
vt 0.200069 0.801701
vt 0.200171 0.797586
vt 0.592431 0.839045
vt 0.608026 0.838955
vt 0.608423 0.843322
vt 0.623630 0.838623
vt 0.623931 0.843163
vt 0.624087 0.847808
vt 0.639297 0.842903
vt 0.639402 0.847592
vt 0.639427 0.852425
vt 0.624168 0.852551
vt 0.654901 0.847246
vt 0.654860 0.852055
vt 0.786580 0.399011
vt 0.804287 0.399067
vt 0.804008 0.403699
vt 0.786347 0.403717
vt 0.822436 0.399124
vt 0.822194 0.403726
vt 0.821926 0.409168
vt 0.840759 0.403978
vt 0.840565 0.409417
vt 0.840328 0.415346
vt 0.859403 0.409664
vt 0.859354 0.415973
vt 0.859261 0.427541
vt 0.877844 0.426696
vt 0.877705 0.445803
vt 0.891129 0.428687
vt 0.890685 0.446238
vt 0.890596 0.464824
vt 0.898641 0.446591
vt 0.898523 0.465087
vt 0.898490 0.483827
vt 0.904718 0.465272
vt 0.904548 0.483954
vt 0.904278 0.502883
vt 0.909596 0.484083
vt 0.909346 0.502887
vt 0.908824 0.521887
vt 0.203436 0.870738
vt 0.222443 0.870813
vt 0.222492 0.874836
vt 0.203471 0.874246
vt 0.284540 0.497863
vt 0.280482 0.497422
vt 0.280833 0.481840
vt 0.284778 0.481915
vt 0.280482 0.466309
vt 0.284589 0.466037
vt 0.184477 0.873726
vt 0.203498 0.878679
vt 0.184601 0.878172
vt 0.165811 0.878146
vt 0.165599 0.873767
vt 0.263769 0.586132
vt 0.263846 0.601596
vt 0.259193 0.601664
vt 0.259246 0.586114
vt 0.259142 0.570773
vt 0.263728 0.570973
vt 0.914316 0.581573
vt 0.914258 0.563052
vt 0.918765 0.562936
vt 0.918838 0.581599
vt 0.918781 0.600004
vt 0.913983 0.600015
vt 0.923742 0.581576
vt 0.923847 0.600026
vt 0.923545 0.618458
vt 0.929087 0.600049
vt 0.928908 0.618477
vt 0.928624 0.636953
vt 0.934423 0.618464
vt 0.934336 0.636965
vt 0.934381 0.655255
vt 0.939969 0.636956
vt 0.939843 0.655296
vt 0.939755 0.673468
vt 0.001430 0.536087
vt 0.001419 0.520228
vt 0.006616 0.520339
vt 0.006489 0.536224
vt 0.006759 0.551681
vt 0.001862 0.551541
vt 0.095456 0.895869
vt 0.113180 0.895610
vt 0.113154 0.900592
vt 0.095351 0.900708
vt 0.077581 0.901010
vt 0.077694 0.896166
vt 0.095242 0.905509
vt 0.077464 0.905722
vt 0.059753 0.905945
vt 0.077337 0.910853
vt 0.059619 0.910971
vt 0.042895 0.911051
vt 0.059460 0.915874
vt 0.042732 0.915788
vt 0.028491 0.915520
vt 0.042494 0.919807
vt 0.028312 0.919534
vt 0.017344 0.918896
vt 0.517082 0.898924
vt 0.527313 0.899413
vt 0.527314 0.903924
vt 0.517164 0.903202
vt 0.509155 0.902683
vt 0.508811 0.898776
vt 0.942395 0.021691
vt 0.941335 0.032379
vt 0.936484 0.032067
vt 0.937716 0.021674
vt 0.931039 0.031761
vt 0.932100 0.021633
vt 0.924997 0.031388
vt 0.925209 0.021502
vt 0.925427 0.014991
vt 0.925699 0.009671
vt 0.914584 0.021185
vt 0.914688 0.015464
vt 0.914775 0.010247
vt 0.914884 0.005655
vt 0.925801 0.005226
vt 0.899907 0.015351
vt 0.899855 0.010442
vt 0.899810 0.005677
vt 0.899773 0.001721
vt 0.914911 0.001877
vt 0.882206 0.010669
vt 0.882191 0.006012
vt 0.882196 0.001979
vt 0.881393 0.834756
vt 0.881437 0.831330
vt 0.898972 0.834527
vt 0.863709 0.006218
vt 0.863719 0.002108
vt 0.862916 0.834835
vt 0.862970 0.831444
vt 0.863016 0.826791
vt 0.844182 0.834710
vt 0.844217 0.831156
vt 0.844250 0.826509
vt 0.844291 0.821763
vt 0.825654 0.830713
vt 0.825655 0.826166
vt 0.825665 0.821512
vt 0.825693 0.816867
vt 0.807125 0.825854
vt 0.807133 0.821274
vt 0.807135 0.816644
vt 0.807136 0.811929
vt 0.788064 0.821067
vt 0.788048 0.816511
vt 0.788022 0.811769
vt 0.787983 0.807536
vt 0.807137 0.807684
vt 0.768797 0.816483
vt 0.768814 0.811816
vt 0.768807 0.807538
vt 0.771987 0.781416
vt 0.771979 0.777440
vt 0.791164 0.781396
vt 0.750093 0.812049
vt 0.750059 0.807734
vt 0.274097 0.605233
vt 0.273839 0.589463
vt 0.278578 0.589480
vt 0.278803 0.605402
vt 0.753185 0.777662
vt 0.753167 0.772857
vt 0.273483 0.574206
vt 0.278102 0.574311
vt 0.735149 0.777962
vt 0.735175 0.773252
vt 0.735157 0.768537
vt 0.717513 0.778271
vt 0.717585 0.773826
vt 0.717583 0.769347
vt 0.717609 0.765054
vt 0.735068 0.764235
vt 0.699956 0.774090
vt 0.700037 0.769689
vt 0.700148 0.765425
vt 0.586136 0.912810
vt 0.585535 0.917090
vt 0.570327 0.916025
vt 0.570807 0.911642
vt 0.682051 0.769411
vt 0.682288 0.765000
vt 0.601514 0.914616
vt 0.600625 0.918936
vt 0.664101 0.768832
vt 0.664276 0.764377
vt 0.681904 0.773922
vt 0.663946 0.773460
vt 0.645438 0.773162
vt 0.645479 0.768583
vt 0.645558 0.764183
vt 0.626800 0.772902
vt 0.645378 0.777656
vt 0.626775 0.777398
vt 0.608277 0.777087
vt 0.608332 0.772552
vt 0.589965 0.776774
vt 0.590090 0.772210
vt 0.571620 0.776614
vt 0.571781 0.771885
vt 0.553072 0.776610
vt 0.571492 0.780694
vt 0.552932 0.780607
vt 0.534487 0.780485
vt 0.531311 0.806767
vt 0.549756 0.806787
vt 0.549646 0.810925
vt 0.531239 0.810858
vt 0.512638 0.810712
vt 0.512731 0.806622
vt 0.531166 0.815482
vt 0.512548 0.815379
vt 0.493801 0.815118
vt 0.493860 0.810650
vt 0.493938 0.806643
vt 0.475455 0.814870
vt 0.475498 0.810449
vt 0.475531 0.806524
vt 0.457187 0.814565
vt 0.457185 0.810223
vt 0.457167 0.806398
vt 0.475433 0.819303
vt 0.457191 0.818900
vt 0.475407 0.823935
vt 0.457172 0.823482
vt 0.475398 0.828496
vt 0.457124 0.828033
vt 0.475381 0.832747
vt 0.457038 0.832453
vt 0.457813 0.000322
vt 0.476159 0.000562
vt 0.476158 0.004279
vt 0.457729 0.003907
vt 0.476115 0.009269
vt 0.457628 0.008978
vt 0.476038 0.014310
vt 0.457523 0.014186
vt 0.475925 0.019684
vt 0.457405 0.019709
vt 0.475748 0.027993
vt 0.457245 0.027993
vt 0.475516 0.039201
vt 0.457033 0.039213
vt 0.475217 0.055766
vt 0.456752 0.055725
vt 0.474893 0.074626
vt 0.456439 0.074531
vt 0.474570 0.093634
vt 0.456119 0.093533
vt 0.474249 0.112649
vt 0.455799 0.112549
vt 0.473927 0.131664
vt 0.455476 0.131564
vt 0.473602 0.150677
vt 0.455152 0.150577
vt 0.473275 0.169688
vt 0.454824 0.169587
vt 0.472944 0.188696
vt 0.491730 0.169790
vt 0.491400 0.188798
vt 0.491065 0.207806
vt 0.509861 0.188902
vt 0.509531 0.207909
vt 0.509194 0.226916
vt 0.528002 0.208013
vt 0.527673 0.227019
vt 0.527338 0.246024
vt 0.546158 0.227122
vt 0.545836 0.246126
vt 0.545511 0.265127
vt 0.564339 0.246228
vt 0.564035 0.265229
vt 0.563732 0.284226
vt 0.582555 0.265333
vt 0.582282 0.284332
vt 0.582019 0.303326
vt 0.600812 0.284442
vt 0.600584 0.303446
vt 0.600382 0.322441
vt 0.619104 0.303566
vt 0.618932 0.322582
vt 0.618800 0.341336
vt 0.637412 0.322716
vt 0.637297 0.341473
vt 0.637228 0.357339
vt 0.655713 0.341596
vt 0.655660 0.357343
vt 0.655645 0.367182
vt 0.673982 0.357312
vt 0.673984 0.367286
vt 0.674007 0.374858
vt 0.692092 0.367436
vt 0.692093 0.375021
vt 0.692107 0.380400
vt 0.710019 0.375049
vt 0.710003 0.380412
vt 0.709986 0.385010
vt 0.727735 0.380435
vt 0.727640 0.385021
vt 0.727551 0.389547
vt 0.745524 0.385115
vt 0.745391 0.389702
vt 0.745255 0.394090
vt 0.727461 0.393895
vt 0.763263 0.389863
vt 0.763100 0.394310
vt 0.114552 0.840241
vt 0.100451 0.840133
vt 0.099661 0.835953
vt 0.113835 0.836050
vt 0.086387 0.840044
vt 0.085601 0.835774
vt 0.182255 0.801575
vt 0.164535 0.801474
vt 0.164724 0.797269
vt 0.182388 0.797398
vt 0.146675 0.801394
vt 0.146896 0.797167
vt 0.639074 0.838345
vt 0.654634 0.838082
vt 0.654831 0.842582
vt 0.670489 0.837697
vt 0.670653 0.842273
vt 0.670725 0.846938
vt 0.686741 0.842070
vt 0.686846 0.846748
vt 0.686898 0.851555
vt 0.670713 0.851729
vt 0.702900 0.846500
vt 0.703064 0.851322
vt 0.840939 0.399280
vt 0.859457 0.399429
vt 0.859428 0.404181
vt 0.877539 0.399389
vt 0.877709 0.404097
vt 0.878075 0.409747
vt 0.892899 0.403784
vt 0.892862 0.409367
vt 0.892264 0.416267
vt 0.877928 0.417912
vt 0.901190 0.409016
vt 0.900212 0.416349
vt 0.899093 0.429229
vt 0.906236 0.416516
vt 0.905298 0.429587
vt 0.904900 0.446914
vt 0.910390 0.429907
vt 0.910154 0.447239
vt 0.909938 0.465435
vt 0.259906 0.870906
vt 0.278104 0.870752
vt 0.277947 0.875663
vt 0.259698 0.875430
vt 0.241168 0.874995
vt 0.241247 0.870586
vt 0.259493 0.879988
vt 0.241201 0.879617
vt 0.222558 0.879431
vt 0.911875 0.506479
vt 0.912378 0.487845
vt 0.917231 0.487891
vt 0.916287 0.506495
vt 0.915208 0.525571
vt 0.911208 0.525518
vt 0.258371 0.617350
vt 0.263140 0.617205
vt 0.921352 0.506507
vt 0.920082 0.525527
vt 0.919103 0.544314
vt 0.914379 0.544342
vt 0.925185 0.525455
vt 0.924064 0.544263
vt 0.923620 0.562887
vt 0.929321 0.544201
vt 0.928779 0.562854
vt 0.928898 0.581558
vt 0.934461 0.562835
vt 0.934380 0.581553
vt 0.934464 0.600053
vt 0.939873 0.581544
vt 0.939799 0.600021
vt 0.939795 0.618457
vt 0.001379 0.488253
vt 0.001361 0.472228
vt 0.006608 0.472217
vt 0.006649 0.488288
vt 0.006819 0.504470
vt 0.001533 0.504274
vt 0.149734 0.895876
vt 0.168247 0.895631
vt 0.168202 0.900887
vt 0.149688 0.901040
vt 0.131381 0.900818
vt 0.131392 0.895624
vt 0.149647 0.906009
vt 0.131404 0.905778
vt 0.113134 0.905576
vt 0.131417 0.910902
vt 0.113134 0.910806
vt 0.095166 0.910773
vt 0.113128 0.915933
vt 0.095099 0.915889
vt 0.077200 0.915866
vt 0.095040 0.920044
vt 0.077072 0.920039
vt 0.059279 0.919988
vt 0.556296 0.899052
vt 0.572941 0.898493
vt 0.573189 0.903290
vt 0.556535 0.903717
vt 0.540691 0.904094
vt 0.540626 0.899493
vt 0.940531 0.046498
vt 0.940294 0.063403
vt 0.935447 0.063179
vt 0.935732 0.046115
vt 0.930401 0.062917
vt 0.930637 0.045698
vt 0.924784 0.062571
vt 0.924877 0.045205
vt 0.914466 0.062018
vt 0.914435 0.044485
vt 0.914620 0.030904
vt 0.900369 0.043638
vt 0.900191 0.030390
vt 0.900012 0.020879
vt 0.882321 0.030131
vt 0.882277 0.020854
vt 0.882236 0.015430
vt 0.863695 0.020821
vt 0.863701 0.015532
vt 0.863702 0.010826
vt 0.844930 0.015578
vt 0.844948 0.010832
vt 0.844969 0.006213
vt 0.844985 0.002124
vt 0.826427 0.010547
vt 0.826436 0.005806
vt 0.826438 0.001730
vt 0.825639 0.834493
vt 0.807825 0.005415
vt 0.807858 0.001508
vt 0.807062 0.834187
vt 0.807104 0.830354
vt 0.788054 0.834029
vt 0.788085 0.830117
vt 0.788076 0.825622
vt 0.768761 0.830100
vt 0.768768 0.825608
vt 0.768781 0.821074
vt 0.750113 0.825744
vt 0.750108 0.821216
vt 0.750100 0.816650
vt 0.732069 0.821317
vt 0.732043 0.816824
vt 0.732014 0.812231
vt 0.731982 0.807925
vt 0.714268 0.816785
vt 0.714266 0.812342
vt 0.714274 0.808126
vt 0.273261 0.559334
vt 0.277798 0.559347
vt 0.696520 0.812357
vt 0.696598 0.808198
vt 0.273260 0.544502
vt 0.277670 0.544464
vt 0.699866 0.778339
vt 0.273375 0.529133
vt 0.277815 0.529091
vt 0.681779 0.778318
vt 0.273580 0.513960
vt 0.278073 0.514091
vt 0.663803 0.777895
vt 0.273666 0.498462
vt 0.278223 0.498624
vt 0.642128 0.807681
vt 0.660518 0.807758
vt 0.660421 0.811997
vt 0.642043 0.811926
vt 0.623476 0.811754
vt 0.623546 0.807477
vt 0.273888 0.482777
vt 0.278438 0.482978
vt 0.604978 0.811560
vt 0.605042 0.807219
vt 0.274174 0.467149
vt 0.278803 0.467360
vt 0.586596 0.811314
vt 0.586680 0.806953
vt 0.608218 0.780984
vt 0.589856 0.780799
vt 0.568198 0.811112
vt 0.568316 0.806828
vt 0.586516 0.816123
vt 0.568070 0.815909
vt 0.549541 0.815700
vt 0.567945 0.820845
vt 0.549440 0.820562
vt 0.531090 0.820296
vt 0.549335 0.825524
vt 0.531019 0.825210
vt 0.512373 0.824960
vt 0.512459 0.820062
vt 0.493729 0.824552
vt 0.493762 0.819753
vt 0.512287 0.829616
vt 0.493713 0.829187
vt 0.512181 0.833573
vt 0.493682 0.833335
vt 0.494465 0.000929
vt 0.512968 0.001312
vt 0.512866 0.005207
vt 0.494441 0.004897
vt 0.512767 0.009813
vt 0.494392 0.009637
vt 0.512682 0.014589
vt 0.494333 0.014499
vt 0.512605 0.019593
vt 0.494246 0.019633
vt 0.512496 0.028072
vt 0.494103 0.028058
vt 0.512331 0.039232
vt 0.493916 0.039239
vt 0.512084 0.055897
vt 0.493648 0.055801
vt 0.511785 0.074814
vt 0.493337 0.074717
vt 0.511471 0.093838
vt 0.493019 0.093735
vt 0.511154 0.112856
vt 0.492700 0.112752
vt 0.510834 0.131870
vt 0.492379 0.131767
vt 0.510513 0.150883
vt 0.492056 0.150779
vt 0.510188 0.169893
vt 0.528971 0.150988
vt 0.528650 0.169998
vt 0.528327 0.189006
vt 0.547110 0.170103
vt 0.546793 0.189111
vt 0.546476 0.208117
vt 0.565258 0.189216
vt 0.564950 0.208221
vt 0.564643 0.227225
vt 0.583418 0.208326
vt 0.583124 0.227328
vt 0.582836 0.246331
vt 0.601593 0.227432
vt 0.601320 0.246434
vt 0.601059 0.265437
vt 0.619783 0.246536
vt 0.619536 0.265541
vt 0.619307 0.284550
vt 0.637978 0.265642
vt 0.637759 0.284656
vt 0.637568 0.303682
vt 0.656162 0.284754
vt 0.655971 0.303785
vt 0.655818 0.322834
vt 0.674309 0.303874
vt 0.674141 0.322918
vt 0.674026 0.341761
vt 0.692377 0.322985
vt 0.692215 0.341780
vt 0.692124 0.357412
vt 0.710322 0.341757
vt 0.710154 0.357616
vt 0.710064 0.367479
vt 0.728144 0.357621
vt 0.727978 0.367398
vt 0.727845 0.375000
vt 0.745951 0.367300
vt 0.745782 0.374893
vt 0.745647 0.380506
vt 0.763734 0.375066
vt 0.763572 0.380606
vt 0.763417 0.385227
vt 0.781412 0.380757
vt 0.781227 0.385374
vt 0.781043 0.390021
vt 0.799164 0.385457
vt 0.798958 0.390117
vt 0.798749 0.394570
vt 0.780863 0.394493
vt 0.817009 0.390236
vt 0.816830 0.394707
vt 0.072214 0.840064
vt 0.057746 0.839905
vt 0.056968 0.835626
vt 0.071417 0.835692
vt 0.043188 0.840011
vt 0.042359 0.835724
vt 0.128569 0.801216
vt 0.110211 0.801163
vt 0.110381 0.796958
vt 0.128779 0.797072
vt 0.092150 0.801156
vt 0.092259 0.796914
vt 0.686518 0.837509
vt 0.702301 0.837231
vt 0.702671 0.841813
vt 0.717776 0.836778
vt 0.718176 0.841421
vt 0.718508 0.846068
vt 0.732153 0.841213
vt 0.732265 0.845617
vt 0.732331 0.850281
vt 0.718826 0.850829
vt 0.741707 0.849790
vt 0.893014 0.399233
vt 0.903736 0.399012
vt 0.902805 0.403161
vt 0.909478 0.398387
vt 0.908469 0.402632
vt 0.907416 0.408637
vt 0.911492 0.402211
vt 0.911596 0.408314
vt 0.911264 0.416655
vt 0.308714 0.871541
vt 0.317066 0.871973
vt 0.317503 0.876251
vt 0.308754 0.876105
vt 0.295327 0.875801
vt 0.295443 0.870901
vt 0.308944 0.880211
vt 0.295239 0.879962
vt 0.277757 0.880222
vt 0.913111 0.451311
vt 0.913567 0.433828
vt 0.918477 0.434010
vt 0.918116 0.451557
vt 0.917769 0.469786
vt 0.912832 0.469566
vt 0.923575 0.451734
vt 0.923258 0.469890
vt 0.922598 0.487910
vt 0.928927 0.469975
vt 0.928193 0.487929
vt 0.926649 0.506521
vt 0.934019 0.487923
vt 0.932230 0.506538
vt 0.930564 0.525393
vt 0.937796 0.506565
vt 0.936126 0.525351
vt 0.934985 0.544141
vt 0.941374 0.525294
vt 0.940585 0.544080
vt 0.940344 0.562822
vt 0.001780 0.439753
vt 0.002150 0.423522
vt 0.007448 0.423755
vt 0.007080 0.440065
vt 0.006801 0.456261
vt 0.001531 0.456234
vt 0.205192 0.895872
vt 0.223902 0.896167
vt 0.223902 0.901231
vt 0.205191 0.901039
vt 0.186736 0.900840
vt 0.186725 0.895593
vt 0.205188 0.905990
vt 0.186762 0.905829
vt 0.168188 0.905870
vt 0.186806 0.910958
vt 0.168150 0.911014
vt 0.149612 0.911039
vt 0.168146 0.915982
vt 0.149590 0.915931
vt 0.131418 0.915903
vt 0.149586 0.919928
vt 0.131409 0.919978
vt 0.113126 0.920051
vt 0.606694 0.897307
vt 0.623813 0.896592
vt 0.624240 0.901211
vt 0.607102 0.901936
vt 0.590061 0.902606
vt 0.589761 0.897896
vt 0.940194 0.099285
vt 0.940042 0.117423
vt 0.935172 0.117358
vt 0.935290 0.099181
vt 0.935369 0.081094
vt 0.940221 0.081264
vt 0.930199 0.099056
vt 0.930276 0.080913
vt 0.924634 0.098903
vt 0.924584 0.080683
vt 0.914528 0.098651
vt 0.914547 0.080322
vt 0.900619 0.098297
vt 0.900610 0.079814
vt 0.900475 0.061285
vt 0.882297 0.079207
vt 0.882396 0.060463
vt 0.882369 0.042865
vt 0.863509 0.059807
vt 0.863615 0.042302
vt 0.863670 0.030052
vt 0.844833 0.041720
vt 0.844899 0.029957
vt 0.844921 0.020955
vt 0.826238 0.029767
vt 0.826337 0.021021
vt 0.826398 0.015454
vt 0.807627 0.020934
vt 0.807707 0.015265
vt 0.807771 0.010194
vt 0.788757 0.015167
vt 0.788800 0.010016
vt 0.788827 0.005180
vt 0.788848 0.001281
vt 0.769644 0.010046
vt 0.769588 0.005211
vt 0.769545 0.001318
vt 0.768752 0.834005
vt 0.750968 0.005517
vt 0.750926 0.001552
vt 0.750131 0.834176
vt 0.750120 0.830242
vt 0.732032 0.834320
vt 0.732064 0.830371
vt 0.732077 0.825823
vt 0.714245 0.830453
vt 0.714265 0.825893
vt 0.714269 0.821340
vt 0.696358 0.826006
vt 0.696411 0.821371
vt 0.696466 0.816725
vt 0.678211 0.821255
vt 0.678306 0.816585
vt 0.678408 0.812190
vt 0.678507 0.807933
vt 0.660318 0.816554
vt 0.660213 0.821158
vt 0.641849 0.821164
vt 0.641953 0.816450
vt 0.623286 0.821160
vt 0.623386 0.816432
vt 0.604808 0.821149
vt 0.604899 0.816308
vt 0.586430 0.821069
vt 0.604708 0.825965
vt 0.586336 0.826028
vt 0.567820 0.825855
vt 0.586242 0.830787
vt 0.567701 0.830660
vt 0.549235 0.830262
vt 0.567587 0.834224
vt 0.549142 0.834081
vt 0.530861 0.833816
vt 0.530958 0.829873
vt 0.531651 0.001555
vt 0.549936 0.001834
vt 0.549875 0.005800
vt 0.531570 0.005488
vt 0.549816 0.010247
vt 0.531489 0.010018
vt 0.549755 0.014813
vt 0.531387 0.014700
vt 0.549675 0.019624
vt 0.531254 0.019665
vt 0.549545 0.027822
vt 0.531064 0.027966
vt 0.549335 0.039328
vt 0.530847 0.039299
vt 0.549041 0.056139
vt 0.530567 0.056010
vt 0.548714 0.075033
vt 0.530250 0.074924
vt 0.548387 0.094049
vt 0.529931 0.093943
vt 0.548065 0.113067
vt 0.529611 0.112961
vt 0.547745 0.132082
vt 0.529291 0.131976
vt 0.547427 0.151094
vt 0.566194 0.132190
vt 0.565879 0.151202
vt 0.565567 0.170210
vt 0.584324 0.151311
vt 0.584018 0.170319
vt 0.583716 0.189323
vt 0.602460 0.170429
vt 0.602165 0.189431
vt 0.601876 0.208431
vt 0.620602 0.189540
vt 0.620319 0.208537
vt 0.620046 0.227535
vt 0.638747 0.208643
vt 0.638477 0.227637
vt 0.638219 0.246637
vt 0.656887 0.227738
vt 0.656627 0.246734
vt 0.656384 0.265738
vt 0.675008 0.246827
vt 0.674752 0.265829
vt 0.674516 0.284845
vt 0.693089 0.265914
vt 0.692826 0.284927
vt 0.692586 0.303954
vt 0.711105 0.285004
vt 0.710821 0.304031
vt 0.710555 0.323051
vt 0.729031 0.304106
vt 0.728705 0.323140
vt 0.728398 0.341872
vt 0.746846 0.323253
vt 0.746470 0.342117
vt 0.746168 0.357383
vt 0.764535 0.342265
vt 0.764186 0.357481
vt 0.763936 0.367384
vt 0.782177 0.357794
vt 0.781870 0.367614
vt 0.781618 0.375250
vt 0.799854 0.367751
vt 0.799585 0.375266
vt 0.799366 0.380742
vt 0.817627 0.375129
vt 0.817389 0.380755
vt 0.817190 0.385522
vt 0.835642 0.380624
vt 0.835484 0.385437
vt 0.835317 0.390190
vt 0.853474 0.385517
vt 0.853320 0.390258
vt 0.853180 0.394754
vt 0.835144 0.394676
vt 0.870787 0.390653
vt 0.870675 0.395072
vt 0.028867 0.840008
vt 0.014936 0.839704
vt 0.014084 0.835515
vt 0.028021 0.835805
vt 0.001925 0.839374
vt 0.001010 0.835398
vt 0.074602 0.800991
vt 0.058253 0.800765
vt 0.058363 0.796678
vt 0.074615 0.796818
vt 0.044354 0.799956
vt 0.731927 0.836696
vt 0.743494 0.837155
vt 0.043766 0.803251
vt 0.032124 0.802390
vt 0.033093 0.798584
vt 0.058160 0.803858
vt 0.022855 0.801765
vt 0.023707 0.797736
vt 0.024872 0.793505
vt 0.015523 0.797211
vt 0.016475 0.793041
vt 0.017652 0.788760
vt 0.026487 0.788982
vt 0.018999 0.784666
vt 0.027213 0.785259
vt 0.035481 0.785849
vt 0.020494 0.780853
vt 0.028128 0.781307
vt 0.034433 0.782417
vt 0.763486 0.847772
vt 0.770240 0.848091
vt 0.769703 0.852784
vt 0.763319 0.852821
vt 0.762469 0.857933
vt 0.757016 0.857562
vt 0.919863 0.399111
vt 0.927145 0.399173
vt 0.926150 0.403512
vt 0.919348 0.403751
vt 0.925236 0.410487
vt 0.919085 0.410715
vt 0.933931 0.399144
vt 0.932481 0.403374
vt 0.931210 0.410478
vt 0.930116 0.420210
vt 0.924433 0.420104
vt 0.937543 0.403386
vt 0.936324 0.410689
vt 0.935473 0.420408
vt 0.935050 0.434449
vt 0.929516 0.434329
vt 0.940551 0.410961
vt 0.940389 0.420618
vt 0.940381 0.434644
vt 0.940427 0.452095
vt 0.934932 0.451945
vt 0.712632 0.548767
vt 0.712921 0.560936
vt 0.708490 0.560673
vt 0.708202 0.548448
vt 0.707736 0.533279
vt 0.712033 0.533525
vt 0.707426 0.517914
vt 0.711856 0.517936
vt 0.334519 0.895149
vt 0.351928 0.895034
vt 0.351796 0.899388
vt 0.334542 0.899407
vt 0.316704 0.899185
vt 0.316723 0.894941
vt 0.298779 0.898824
vt 0.298777 0.894604
vt 0.334559 0.903662
vt 0.316688 0.903558
vt 0.298780 0.903320
vt 0.280212 0.902733
vt 0.280201 0.897978
vt 0.316696 0.908102
vt 0.298783 0.907879
vt 0.280210 0.907430
vt 0.261553 0.906838
vt 0.261521 0.902054
vt 0.298801 0.912483
vt 0.280216 0.912134
vt 0.261585 0.911634
vt 0.242803 0.911210
vt 0.242748 0.906362
vt 0.280229 0.916695
vt 0.261618 0.916267
vt 0.242856 0.915954
vt 0.223915 0.915870
vt 0.223904 0.911024
vt 0.261660 0.920051
vt 0.242914 0.919896
vt 0.223949 0.919919
vt 0.205245 0.919963
vt 0.205208 0.915908
vt 0.710427 0.893330
vt 0.728196 0.892711
vt 0.728600 0.897400
vt 0.710841 0.898060
vt 0.693447 0.898784
vt 0.692934 0.894089
vt 0.676213 0.899401
vt 0.675732 0.894747
vt 0.939573 0.209597
vt 0.939785 0.228307
vt 0.934496 0.228332
vt 0.934523 0.209608
vt 0.934717 0.191179
vt 0.939681 0.191203
vt 0.934963 0.172510
vt 0.939863 0.172537
vt 0.929243 0.209636
vt 0.929635 0.191147
vt 0.929925 0.172497
vt 0.929999 0.153885
vt 0.935064 0.153894
vt 0.923626 0.191116
vt 0.924250 0.172479
vt 0.924475 0.153881
vt 0.924323 0.135495
vt 0.930013 0.135563
vt 0.913587 0.172444
vt 0.913945 0.153848
vt 0.914253 0.135388
vt 0.914393 0.117000
vt 0.924636 0.117178
vt 0.899479 0.153766
vt 0.900003 0.135234
vt 0.900472 0.116756
vt 0.881433 0.135022
vt 0.881781 0.116442
vt 0.882083 0.097862
vt 0.862826 0.116122
vt 0.863120 0.097433
vt 0.863349 0.078663
vt 0.844247 0.097053
vt 0.844492 0.078220
vt 0.844690 0.059350
vt 0.825710 0.077847
vt 0.825930 0.058969
vt 0.826112 0.041546
vt 0.807189 0.058619
vt 0.807369 0.041478
vt 0.807512 0.029824
vt 0.788574 0.041379
vt 0.788644 0.029836
vt 0.788701 0.020944
vt 0.769816 0.029619
vt 0.769767 0.020866
vt 0.769701 0.015149
vt 0.751130 0.020506
vt 0.751069 0.015110
vt 0.751016 0.010232
vt 0.732825 0.015158
vt 0.732827 0.010401
vt 0.732830 0.005760
vt 0.732829 0.001703
vt 0.714819 0.010436
vt 0.714896 0.005869
vt 0.714971 0.001798
vt 0.714174 0.834272
vt 0.696909 0.005740
vt 0.696991 0.001628
vt 0.696196 0.834295
vt 0.696295 0.830520
vt 0.677953 0.834132
vt 0.678032 0.830370
vt 0.678121 0.825886
vt 0.660021 0.830276
vt 0.660121 0.825766
vt 0.641651 0.830313
vt 0.641756 0.825829
vt 0.623032 0.830447
vt 0.623162 0.825881
vt 0.604596 0.830601
vt 0.622883 0.834187
vt 0.604456 0.834289
vt 0.586106 0.834315
vt 0.586902 0.001907
vt 0.605252 0.001860
vt 0.605133 0.005871
vt 0.586786 0.005962
vt 0.568328 0.005896
vt 0.568381 0.001842
vt 0.586669 0.010390
vt 0.568272 0.010303
vt 0.586562 0.014901
vt 0.568202 0.014779
vt 0.586453 0.019593
vt 0.568113 0.019586
vt 0.586305 0.027973
vt 0.567971 0.027778
vt 0.586126 0.039265
vt 0.567762 0.039319
vt 0.585875 0.056304
vt 0.567479 0.056226
vt 0.585574 0.075234
vt 0.567156 0.075138
vt 0.585260 0.094257
vt 0.566831 0.094153
vt 0.584946 0.113282
vt 0.566511 0.113173
vt 0.584634 0.132300
vt 0.603371 0.113395
vt 0.603063 0.132414
vt 0.602760 0.151424
vt 0.621484 0.132533
vt 0.621186 0.151541
vt 0.620891 0.170542
vt 0.639601 0.151661
vt 0.639311 0.170657
vt 0.639025 0.189650
vt 0.657721 0.170776
vt 0.657437 0.189761
vt 0.657158 0.208748
vt 0.675839 0.189873
vt 0.675555 0.208852
vt 0.675277 0.227835
vt 0.693944 0.208954
vt 0.693652 0.227930
vt 0.693366 0.246916
vt 0.712020 0.228021
vt 0.711709 0.246999
vt 0.711403 0.265992
vt 0.730048 0.247076
vt 0.729706 0.266064
vt 0.729366 0.285074
vt 0.748009 0.266126
vt 0.747622 0.285134
vt 0.747234 0.304177
vt 0.765882 0.285182
vt 0.765436 0.304230
vt 0.764987 0.323325
vt 0.783646 0.304258
vt 0.783128 0.323351
vt 0.782615 0.342227
vt 0.801285 0.323355
vt 0.800693 0.342246
vt 0.800183 0.357998
vt 0.818824 0.342310
vt 0.818287 0.357867
vt 0.817915 0.367569
vt 0.836439 0.357388
vt 0.836078 0.367234
vt 0.835822 0.374986
vt 0.854103 0.367279
vt 0.853840 0.375077
vt 0.853642 0.380759
vt 0.871372 0.375718
vt 0.871122 0.381223
vt 0.870937 0.385949
vt 0.887825 0.381711
vt 0.887502 0.386499
vt 0.887240 0.391166
vt 0.902493 0.387407
vt 0.901898 0.391935
vt 0.901440 0.395991
vt 0.887047 0.395429
vt 0.914491 0.388565
vt 0.913775 0.393021
vt 0.913080 0.396759
vt 0.923909 0.389784
vt 0.923123 0.394139
vt 0.922347 0.397380
vt 0.870335 0.904119
vt 0.874248 0.902734
vt 0.924543 0.384970
vt 0.932001 0.385970
vt 0.915212 0.383833
vt 0.916025 0.378423
vt 0.925214 0.379104
vt 0.903173 0.382758
vt 0.903958 0.377423
vt 0.904957 0.369193
vt 0.917030 0.369972
vt 0.888288 0.376287
vt 0.888949 0.368537
vt 0.889857 0.357634
vt 0.906037 0.357538
vt 0.871736 0.367832
vt 0.872232 0.357596
vt 0.873106 0.341872
vt 0.891090 0.341315
vt 0.854470 0.357326
vt 0.855062 0.342288
vt 0.855904 0.323119
vt 0.874137 0.322815
vt 0.836950 0.342439
vt 0.837682 0.323278
vt 0.838425 0.304152
vt 0.856759 0.304020
vt 0.819472 0.323334
vt 0.820132 0.304227
vt 0.820779 0.285195
vt 0.839155 0.285143
vt 0.801875 0.304259
vt 0.802450 0.285217
vt 0.803007 0.266230
vt 0.821406 0.266229
vt 0.784154 0.285211
vt 0.784649 0.266212
vt 0.785129 0.247253
vt 0.803544 0.247288
vt 0.766320 0.266177
vt 0.766748 0.247204
vt 0.767163 0.228260
vt 0.785590 0.228324
vt 0.748391 0.247145
vt 0.748766 0.228187
vt 0.749131 0.209247
vt 0.767563 0.209336
vt 0.730388 0.228107
vt 0.730723 0.209153
vt 0.731049 0.190209
vt 0.749482 0.190320
vt 0.712330 0.209055
vt 0.712637 0.190098
vt 0.712937 0.171145
vt 0.731363 0.171272
vt 0.694236 0.189986
vt 0.694527 0.171020
vt 0.694812 0.152052
vt 0.713226 0.152192
vt 0.676124 0.170896
vt 0.676409 0.151917
vt 0.676693 0.132931
vt 0.695091 0.133078
vt 0.658008 0.151787
vt 0.658297 0.132791
vt 0.658589 0.113784
vt 0.676974 0.113934
vt 0.639895 0.132658
vt 0.640194 0.113644
vt 0.640498 0.094614
vt 0.658885 0.094762
vt 0.621788 0.113515
vt 0.622095 0.094482
vt 0.622407 0.075427
vt 0.640810 0.075565
vt 0.603680 0.094365
vt 0.603990 0.075322
vt 0.604288 0.056329
vt 0.622717 0.056404
vt 0.622983 0.039728
vt 0.641419 0.039795
vt 0.641129 0.056583
vt 0.604539 0.039494
vt 0.604705 0.028226
vt 0.623163 0.028401
vt 0.623282 0.019906
vt 0.641826 0.020082
vt 0.641647 0.028427
vt 0.604823 0.019788
vt 0.604914 0.014983
vt 0.623366 0.014842
vt 0.623451 0.010107
vt 0.642084 0.010021
vt 0.641961 0.014856
vt 0.605016 0.010389
vt 0.623556 0.005560
vt 0.623677 0.001600
vt 0.642317 0.001497
vt 0.642202 0.005383
vt 0.660705 0.001623
vt 0.660613 0.005581
vt 0.660504 0.010195
vt 0.678708 0.005690
vt 0.678660 0.010258
vt 0.678588 0.014915
vt 0.660392 0.014953
vt 0.678493 0.019844
vt 0.660258 0.020002
vt 0.678343 0.028181
vt 0.660063 0.028316
vt 0.678121 0.039924
vt 0.659814 0.039824
vt 0.677838 0.056973
vt 0.659510 0.056780
vt 0.677543 0.075902
vt 0.659192 0.075727
vt 0.677256 0.094922
vt 0.695872 0.076080
vt 0.695621 0.095092
vt 0.695360 0.114093
vt 0.714000 0.095272
vt 0.713762 0.114261
vt 0.713502 0.133232
vt 0.732196 0.114438
vt 0.731941 0.133393
vt 0.731662 0.152336
vt 0.750417 0.133563
vt 0.750128 0.152485
vt 0.749815 0.171402
vt 0.768635 0.152639
vt 0.768302 0.171532
vt 0.767944 0.190429
vt 0.786831 0.171664
vt 0.786443 0.190536
vt 0.786029 0.209421
vt 0.804992 0.190638
vt 0.804539 0.209498
vt 0.804056 0.228379
vt 0.823106 0.209567
vt 0.822573 0.228423
vt 0.822005 0.247308
vt 0.841157 0.228454
vt 0.840528 0.247314
vt 0.839858 0.266206
vt 0.859124 0.247305
vt 0.858379 0.266165
vt 0.857588 0.285060
vt 0.876970 0.266111
vt 0.876086 0.284950
vt 0.875140 0.303832
vt 0.894412 0.284833
vt 0.893408 0.303616
vt 0.892303 0.322433
vt 0.909207 0.303427
vt 0.908324 0.322074
vt 0.907230 0.340685
vt 0.919726 0.321801
vt 0.918919 0.340172
vt 0.918071 0.357231
vt 0.926916 0.339822
vt 0.926459 0.356899
vt 0.925949 0.370342
vt 0.932040 0.356664
vt 0.931871 0.370364
vt 0.932088 0.379566
vt 0.937439 0.370312
vt 0.938001 0.379821
vt 0.938600 0.386653
vt 0.859253 0.892983
vt 0.852958 0.893851
vt 0.852416 0.888747
vt 0.859443 0.887675
vt 0.852939 0.884386
vt 0.860550 0.883568
vt 0.383066 0.919581
vt 0.383557 0.915427
vt 0.389282 0.914362
vt 0.388658 0.918204
vt 0.383780 0.911096
vt 0.389880 0.910182
vt 0.000563 0.394754
vt 0.003640 0.395541
vt 0.003983 0.402273
vt 0.000563 0.401498
vt 0.866749 0.884785
vt 0.872332 0.888221
vt 0.007954 0.796790
vt 0.008802 0.792767
vt 0.014764 0.801095
vt 0.007034 0.800617
vt 0.003368 0.792695
vt 0.003770 0.788392
vt 0.009934 0.788507
vt 0.004796 0.783885
vt 0.011393 0.784089
vt 0.862299 0.949064
vt 0.856176 0.951914
vt 0.856111 0.947430
vt 0.861053 0.944672
vt 0.013173 0.780571
vt 0.855446 0.942728
vt 0.859570 0.940248
vt 0.776667 0.848273
vt 0.775597 0.852558
vt 0.849966 0.947972
vt 0.850648 0.943835
vt 0.939252 0.400089
vt 0.709795 0.575530
vt 0.708648 0.569066
vt 0.712940 0.569329
vt 0.712420 0.575231
vt 0.383175 0.894476
vt 0.383394 0.898364
vt 0.375660 0.899106
vt 0.375631 0.895067
vt 0.365824 0.899336
vt 0.365959 0.895007
vt 0.383723 0.902444
vt 0.375782 0.903274
vt 0.365706 0.903636
vt 0.351704 0.903786
vt 0.375865 0.907530
vt 0.365600 0.908037
vt 0.351649 0.908294
vt 0.334606 0.908259
vt 0.365577 0.912585
vt 0.351694 0.912942
vt 0.334688 0.912934
vt 0.316731 0.912732
vt 0.351806 0.917461
vt 0.334794 0.917482
vt 0.316783 0.917207
vt 0.298820 0.916894
vt 0.797620 0.887045
vt 0.814389 0.886533
vt 0.814407 0.891021
vt 0.797462 0.891331
vt 0.780577 0.891610
vt 0.780880 0.887438
vt 0.763143 0.891972
vt 0.763490 0.887804
vt 0.798196 0.895842
vt 0.781101 0.896221
vt 0.763644 0.896581
vt 0.746213 0.896835
vt 0.745723 0.892246
vt 0.939075 0.284608
vt 0.938730 0.303208
vt 0.933435 0.303213
vt 0.933863 0.284624
vt 0.934251 0.266014
vt 0.939460 0.266016
vt 0.934445 0.247261
vt 0.939707 0.247271
vt 0.928256 0.284644
vt 0.928622 0.266013
vt 0.928833 0.247253
vt 0.928964 0.228361
vt 0.921589 0.266017
vt 0.921874 0.247252
vt 0.922311 0.228399
vt 0.922997 0.209666
vt 0.911108 0.247254
vt 0.911699 0.228437
vt 0.912516 0.209698
vt 0.913161 0.191075
vt 0.897093 0.228459
vt 0.897758 0.209716
vt 0.898387 0.191033
vt 0.898936 0.172380
vt 0.879270 0.209704
vt 0.879904 0.190977
vt 0.880473 0.172286
vt 0.880989 0.153631
vt 0.861061 0.190908
vt 0.861593 0.172175
vt 0.862065 0.153471
vt 0.862476 0.134792
vt 0.842778 0.172054
vt 0.843220 0.153302
vt 0.843612 0.134563
vt 0.843954 0.115821
vt 0.824470 0.153131
vt 0.824841 0.134341
vt 0.825170 0.115544
vt 0.825459 0.096718
vt 0.806146 0.134130
vt 0.806458 0.115287
vt 0.806733 0.096418
vt 0.806975 0.077513
vt 0.787805 0.115050
vt 0.788061 0.096144
vt 0.788277 0.077204
vt 0.788450 0.058310
vt 0.769447 0.095895
vt 0.769637 0.076921
vt 0.769768 0.058040
vt 0.769825 0.041280
vt 0.751078 0.076679
vt 0.751197 0.057807
vt 0.751233 0.041003
vt 0.751202 0.029254
vt 0.732746 0.057568
vt 0.732823 0.040725
vt 0.732841 0.028854
vt 0.732833 0.020301
vt 0.714531 0.040390
vt 0.714620 0.028559
vt 0.714690 0.020179
vt 0.714751 0.015089
vt 0.696512 0.028318
vt 0.696656 0.019958
vt 0.696752 0.014945
vt 0.696828 0.010304
vt 0.696335 0.040076
vt 0.714395 0.057333
vt 0.696112 0.057151
vt 0.714214 0.076265
vt 0.732608 0.076466
vt 0.732421 0.095463
vt 0.750900 0.095669
vt 0.750677 0.114628
vt 0.769212 0.114830
vt 0.768940 0.133741
vt 0.787514 0.133930
vt 0.787188 0.152798
vt 0.805797 0.152962
vt 0.805412 0.171796
vt 0.824057 0.171927
vt 0.823602 0.190737
vt 0.842285 0.190827
vt 0.841744 0.209626
vt 0.860469 0.209673
vt 0.859822 0.228472
vt 0.878563 0.228476
vt 0.877794 0.247286
vt 0.896208 0.247267
vt 0.895321 0.266062
vt 0.910551 0.266030
vt 0.909920 0.284739
vt 0.921160 0.284676
vt 0.920435 0.303304
vt 0.927825 0.303240
vt 0.927314 0.321604
vt 0.932968 0.321451
vt 0.932452 0.339600
vt 0.938254 0.321333
vt 0.937702 0.339430
vt 0.937324 0.356463
vt 0.942196 0.339288
vt 0.941977 0.356309
vt 0.942185 0.370143
vt 0.843261 0.889887
vt 0.830339 0.890664
vt 0.830369 0.886126
vt 0.843376 0.885323
vt 0.942764 0.379959
vt 0.365658 0.917150
vt 0.375838 0.911972
vt 0.375734 0.916460
vt 0.383902 0.906670
vt 0.390214 0.901255
vt 0.390325 0.905841
vt 0.942554 0.321231
vt 0.746186 0.888197
vt 0.849883 0.951914
vt 0.941038 0.404138
vt 0.850991 0.941106
vt 0.853751 0.939258
vt 0.678747 0.001660
vt 0.659911 0.834071
vt 0.641524 0.834095
vt 0.930109 0.117280
vt 0.935103 0.135629
vt 0.939979 0.135695
vt 0.939908 0.153912
vt 0.641299 0.900572
vt 0.640847 0.895968
vt 0.658227 0.895392
vt 0.658665 0.900085
vt 0.168175 0.920013
vt 0.186834 0.915942
vt 0.186868 0.919986
vt 0.205191 0.910997
vt 0.223909 0.906119
vt 0.242723 0.901551
vt 0.242676 0.896441
vt 0.261469 0.897029
vt 0.007966 0.407572
vt 0.002977 0.407102
vt 0.261434 0.892811
vt 0.280191 0.893675
vt 0.942289 0.506522
vt 0.708265 0.486201
vt 0.712940 0.485422
vt 0.711823 0.502236
vt 0.707433 0.502345
vt 0.939757 0.487929
vt 0.934711 0.470035
vt 0.940237 0.470032
vt 0.929225 0.451870
vt 0.923942 0.434178
vt 0.918779 0.420089
vt 0.913574 0.420132
vt 0.913878 0.411085
vt 0.755222 0.863235
vt 0.752308 0.870265
vt 0.747785 0.868192
vt 0.750543 0.861514
vt 0.752123 0.856137
vt 0.913790 0.404117
vt 0.323967 0.875631
vt 0.323165 0.871700
vt 0.327798 0.870745
vt 0.328590 0.874064
vt 0.749030 0.854422
vt 0.745599 0.853772
vt 0.747194 0.849632
vt 0.547617 0.760580
vt 0.547650 0.757034
vt 0.810318 0.781502
vt 0.925902 0.002759
vt 0.503063 0.901345
vt 0.503529 0.904120
vt 0.919439 0.708722
vt 0.913906 0.690600
vt 0.258984 0.480101
vt 0.258371 0.465121
vt 0.263509 0.465149
vt 0.264000 0.480317
vt 0.264414 0.495031
vt 0.259424 0.494788
vt 0.056315 0.878465
vt 0.056330 0.873934
vt 0.074222 0.873547
vt 0.074160 0.878152
vt 0.911087 0.651137
vt 0.907308 0.632843
vt 0.911215 0.632889
vt 0.901984 0.614741
vt 0.896287 0.596840
vt 0.888783 0.578753
vt 0.876444 0.560475
vt 0.858876 0.542107
vt 0.840404 0.523795
vt 0.822416 0.505813
vt 0.808558 0.507290
vt 0.800114 0.508152
vt 0.793748 0.508610
vt 0.792869 0.492128
vt 0.752204 0.583496
vt 0.747274 0.570182
vt 0.752095 0.568258
vt 0.757113 0.581286
vt 0.855902 0.895315
vt 0.860636 0.897886
vt 0.857833 0.909858
vt 0.853145 0.909182
vt 0.786232 0.478827
vt 0.859372 0.920173
vt 0.855105 0.921013
vt 0.775330 0.473270
vt 0.863047 0.930181
vt 0.858913 0.930790
vt 0.764384 0.470860
vt 0.766723 0.465147
vt 0.853219 0.932772
vt 0.860764 0.938596
vt 0.855411 0.938442
vt 0.760959 0.463135
vt 0.864291 0.939966
vt 0.891531 0.957452
vt 0.881591 0.953221
vt 0.884213 0.949824
vt 0.892534 0.954185
vt 0.879025 0.940120
vt 0.861857 0.909739
vt 0.864291 0.899507
vt 0.878171 0.925011
vt 0.882445 0.924910
vt 0.760735 0.579812
vt 0.756440 0.567346
vt 0.881746 0.907076
vt 0.885437 0.906925
vt 0.886388 0.924861
vt 0.877555 0.907274
vt 0.877113 0.888725
vt 0.881066 0.888419
vt 0.752023 0.552628
vt 0.747572 0.553563
vt 0.880052 0.870584
vt 0.884754 0.888337
vt 0.876223 0.870490
vt 0.889980 0.888185
vt 0.890927 0.906759
vt 0.899777 0.887636
vt 0.900597 0.906431
vt 0.901969 0.924935
vt 0.892141 0.924902
vt 0.903174 0.939782
vt 0.916152 0.924503
vt 0.916989 0.940055
vt 0.917388 0.949231
vt 0.903445 0.948613
vt 0.931817 0.937519
vt 0.932236 0.945564
vt 0.943459 0.102535
vt 0.946281 0.088885
vt 0.951527 0.091392
vt 0.948791 0.105547
vt 0.944202 0.934763
vt 0.943052 0.922245
vt 0.949244 0.921797
vt 0.950135 0.933792
vt 0.931123 0.923386
vt 0.930545 0.905035
vt 0.915370 0.905817
vt 0.914769 0.886832
vt 0.951340 0.077425
vt 0.955897 0.077567
vt 0.955505 0.093624
vt 0.947219 0.067365
vt 0.950895 0.065044
vt 0.954016 0.935386
vt 0.957889 0.937675
vt 0.948405 0.951272
vt 0.947126 0.947121
vt 0.716942 0.564786
vt 0.719468 0.566783
vt 0.715790 0.575249
vt 0.713866 0.579832
vt 0.716276 0.548428
vt 0.720052 0.548759
vt 0.044188 0.517778
vt 0.041541 0.515519
vt 0.713866 0.535691
vt 0.718041 0.533534
vt 0.724889 0.550446
vt 0.723376 0.568989
vt 0.712940 0.759834
vt 0.712635 0.755155
vt 0.742625 0.555542
vt 0.773873 0.730000
vt 0.773484 0.736390
vt 0.793124 0.731886
vt 0.793163 0.737851
vt 0.793196 0.743064
vt 0.812750 0.736606
vt 0.813206 0.742306
vt 0.813282 0.747271
vt 0.831958 0.741476
vt 0.832155 0.747044
vt 0.832142 0.752131
vt 0.850557 0.747493
vt 0.850623 0.752719
vt 0.473043 0.915707
vt 0.457123 0.913632
vt 0.457582 0.909890
vt 0.473824 0.912046
vt 0.831974 0.755403
vt 0.440405 0.911710
vt 0.440789 0.907163
vt 0.270206 0.594331
vt 0.268944 0.613367
vt 0.265474 0.613087
vt 0.266183 0.594285
vt 0.440814 0.903296
vt 0.424122 0.904040
vt 0.424547 0.900330
vt 0.425031 0.896806
vt 0.441331 0.899062
vt 0.410176 0.900612
vt 0.409625 0.898228
vt 0.885633 0.766167
vt 0.410984 0.903284
vt 0.403849 0.909875
vt 0.401505 0.907223
vt 0.399758 0.905320
vt 0.944670 0.299487
vt 0.947708 0.300531
vt 0.947932 0.310987
vt 0.943880 0.310560
vt 0.909086 0.738913
vt 0.909566 0.749330
vt 0.903885 0.738478
vt 0.902419 0.723008
vt 0.907942 0.723335
vt 0.947932 0.326598
vt 0.944035 0.326326
vt 0.897355 0.737410
vt 0.895757 0.721961
vt 0.895167 0.704230
vt 0.885199 0.721155
vt 0.884380 0.703769
vt 0.884147 0.685975
vt 0.864795 0.703814
vt 0.865978 0.685368
vt 0.868147 0.667721
vt 0.850488 0.666330
vt 0.852401 0.650200
vt 0.836276 0.664954
vt 0.836466 0.649105
vt 0.836408 0.632091
vt 0.823603 0.645909
vt 0.823166 0.655529
vt 0.812336 0.649244
vt 0.814332 0.642037
vt 0.805069 0.644774
vt 0.808182 0.638588
vt 0.810156 0.629554
vt 0.068261 0.941626
vt 0.069127 0.932631
vt 0.068261 0.951915
vt 0.806381 0.619407
vt 0.942568 0.390776
vt 0.951280 0.390911
vt 0.951914 0.394308
vt 0.941377 0.394308
vt 0.079658 0.762726
vt 0.074561 0.761863
vt 0.074355 0.753124
vt 0.079658 0.753439
vt 0.231330 0.945824
vt 0.232947 0.937933
vt 0.236983 0.938260
vt 0.234332 0.947932
vt 0.229071 0.926424
vt 0.231547 0.923213
vt 0.127207 0.951914
vt 0.127453 0.941476
vt 0.780957 0.622734
vt 0.779558 0.633124
vt 0.781888 0.641420
vt 0.775699 0.644327
vt 0.785246 0.646842
vt 0.777786 0.650974
vt 0.819993 0.701173
vt 0.828392 0.703777
vt 0.805133 0.702469
vt 0.807111 0.697780
vt 0.803634 0.705966
vt 0.789100 0.704335
vt 0.789679 0.700049
vt 0.789825 0.695406
vt 0.777611 0.707448
vt 0.776286 0.704276
vt 0.773984 0.699367
vt 0.902128 0.794590
vt 0.899230 0.794003
vt 0.899430 0.782070
vt 0.902128 0.781544
vt 0.767667 0.710949
vt 0.764953 0.707497
vt 0.435637 0.912377
vt 0.435047 0.914259
vt 0.424286 0.912834
vt 0.423666 0.910501
vt 0.052135 0.891893
vt 0.052011 0.880498
vt 0.055761 0.879780
vt 0.055761 0.892171
vt 0.412831 0.918797
vt 0.411166 0.916454
vt 0.042148 0.567452
vt 0.043636 0.555640
vt 0.047548 0.556370
vt 0.045615 0.569556
vt 0.400186 0.928144
vt 0.397793 0.926222
vt 0.043479 0.540224
vt 0.047795 0.540572
vt 0.042148 0.523528
vt 0.045971 0.523185
vt 0.775373 0.720822
vt 0.792802 0.723857
vt 0.792947 0.726658
vt 0.774747 0.724116
vt 0.809009 0.719492
vt 0.810196 0.723934
vt 0.811666 0.730047
vt 0.831160 0.734277
vt 0.849207 0.733723
vt 0.850243 0.741617
vt 0.868102 0.733980
vt 0.868750 0.741901
vt 0.869270 0.747817
vt 0.886980 0.743660
vt 0.887305 0.749896
vt 0.888053 0.754817
vt 0.869723 0.752823
vt 0.886316 0.735498
vt 0.866973 0.720529
vt 0.824306 0.712927
vt 0.791775 0.870933
vt 0.790434 0.875419
vt 0.775621 0.872738
vt 0.806538 0.876051
vt 0.804776 0.880266
vt 0.774565 0.876149
vt 0.761751 0.876393
vt 0.761179 0.875152
vt 0.788772 0.879591
vt 0.385357 0.955321
vt 0.389459 0.956602
vt 0.386228 0.970870
vt 0.382257 0.970523
vt 0.802182 0.884205
vt 0.389945 0.940641
vt 0.393706 0.942489
vt 0.943267 0.224737
vt 0.947932 0.224819
vt 0.947312 0.238700
vt 0.942694 0.238974
vt 0.403472 0.931145
vt 0.942694 0.209951
vt 0.947320 0.209919
vt 0.486338 0.951848
vt 0.488311 0.948656
vt 0.500717 0.955020
vt 0.499162 0.959880
vt 0.318548 0.919545
vt 0.323256 0.918894
vt 0.324607 0.933130
vt 0.320392 0.933087
vt 0.316237 0.933401
vt 0.314165 0.920780
vt 0.324087 0.944170
vt 0.320406 0.943308
vt 0.316470 0.942604
vt 0.317507 0.950082
vt 0.314165 0.948382
vt 0.320800 0.951914
vt 0.720906 0.479382
vt 0.720906 0.489897
vt 0.717903 0.488945
vt 0.717648 0.479960
vt 0.433851 0.917535
vt 0.425092 0.916650
vt 0.444944 0.920934
vt 0.442913 0.922871
vt 0.809416 0.876872
vt 0.816673 0.872751
vt 0.817086 0.876900
vt 0.811467 0.880222
vt 0.714415 0.488095
vt 0.714250 0.480517
vt 0.807446 0.873766
vt 0.816269 0.868856
vt 0.447759 0.931858
vt 0.451589 0.931516
vt 0.451131 0.946300
vt 0.446390 0.944291
vt 0.828223 0.867804
vt 0.827464 0.872142
vt 0.842478 0.867919
vt 0.840770 0.872790
vt 0.839835 0.877681
vt 0.827369 0.876567
vt 0.853814 0.874904
vt 0.851864 0.880222
vt 0.502856 0.915942
vt 0.516138 0.919518
vt 0.513557 0.925277
vt 0.501015 0.921631
vt 0.510390 0.932302
vt 0.498497 0.928136
vt 0.506567 0.940669
vt 0.495070 0.935948
vt 0.503119 0.948439
vt 0.491665 0.943013
vt 0.515856 0.952175
vt 0.514320 0.957636
vt 0.771754 0.507746
vt 0.770474 0.520851
vt 0.766860 0.520910
vt 0.767080 0.507109
vt 0.767676 0.493270
vt 0.772684 0.494903
vt 0.772684 0.528938
vt 0.769602 0.530519
vt 0.766647 0.531718
vt 0.762961 0.521422
vt 0.762449 0.507401
vt 0.582039 0.631925
vt 0.584876 0.633256
vt 0.583742 0.643669
vt 0.580646 0.644346
vt 0.387902 0.981674
vt 0.397599 0.989735
vt 0.397603 0.992517
vt 0.384922 0.983052
vt 0.412898 0.989275
vt 0.414476 0.991295
vt 0.383478 0.983926
vt 0.581167 0.657179
vt 0.584564 0.655394
vt 0.271994 0.608448
vt 0.275483 0.608139
vt 0.274934 0.622913
vt 0.270487 0.623439
vt 0.278315 0.609489
vt 0.278268 0.623024
vt 0.278803 0.637265
vt 0.274736 0.636878
vt 0.269667 0.637265
vt 0.528443 0.927043
vt 0.538097 0.939047
vt 0.587479 0.652546
vt 0.586808 0.642891
vt 0.587479 0.634881
vt 0.854333 0.869313
vt 0.415221 0.922048
vt 0.386127 0.938657
vt 0.747553 0.884205
vt 0.745416 0.877748
vt 0.794871 0.627196
vt 0.789538 0.629376
vt 0.787404 0.619489
vt 0.793296 0.618781
vt 0.784361 0.630848
vt 0.783545 0.619658
vt 0.786025 0.646456
vt 0.412244 0.905339
vt 0.407441 0.912731
vt 0.424825 0.907933
vt 0.917682 0.772964
vt 0.917652 0.778501
vt 0.927382 0.779359
vt 0.290617 0.603878
vt 0.285977 0.604466
vt 0.932344 0.810194
vt 0.938771 0.810432
vt 0.767404 0.595777
vt 0.715646 0.753941
vt 0.720906 0.755506
vt 0.720906 0.762726
vt 0.716030 0.761527
vt 0.575775 0.626147
vt 0.944009 0.294735
vt 0.940706 0.284822
vt 0.514213 0.636560
vt 0.758421 0.444082
vt 0.760735 0.454293
vt 0.756305 0.454544
vt 0.754405 0.446193
vt 0.485071 0.513985
vt 0.758686 0.466000
vt 0.754405 0.464223
vt 0.237845 0.527845
vt 0.240966 0.528372
vt 0.240966 0.545658
vt 0.237364 0.543818
vt 0.469863 0.513785
vt 0.000732 0.724896
vt 0.005974 0.724608
vt 0.864291 0.837592
vt 0.863660 0.842529
vt 0.846462 0.846404
vt 0.846888 0.842187
vt 0.863034 0.846645
vt 0.844979 0.850350
vt 0.156497 0.662775
vt 0.656465 0.903198
vt 0.652684 0.902705
vt 0.176015 0.614337
vt 0.035846 0.952423
vt 0.482887 0.480022
vt 0.486643 0.489516
vt 0.482729 0.492908
vt 0.311019 0.918435
vt 0.314650 0.933944
vt 0.311635 0.934618
vt 0.308576 0.920774
vt 0.246614 0.477014
vt 0.245585 0.491099
vt 0.251222 0.500613
vt 0.615359 0.933609
vt 0.615359 0.947740
vt 0.611470 0.947932
vt 0.613908 0.924193
vt 0.305459 0.921847
vt 0.308292 0.935595
vt 0.301601 0.923493
vt 0.607146 0.947764
vt 0.297027 0.926141
vt 0.602889 0.946902
vt 0.947724 0.108365
vt 0.951523 0.107371
vt 0.951914 0.124227
vt 0.948158 0.124691
vt 0.944159 0.124752
vt 0.944159 0.109873
vt 0.950712 0.139402
vt 0.946501 0.137478
vt 0.009032 0.953630
vt 0.010054 0.940459
vt 0.006136 0.938429
vt 0.011942 0.925991
vt 0.015578 0.929914
vt 0.021460 0.935553
vt 0.002262 0.936843
vt 0.010012 0.921528
vt 0.294582 0.481272
vt 0.292639 0.493066
vt 0.890258 0.794415
vt 0.890258 0.782540
vt 0.896154 0.786200
vt 0.895439 0.796581
vt 0.285615 0.500748
vt 0.276043 0.947933
vt 0.005743 0.953946
vt 0.002262 0.955897
vt 0.308203 0.950069
vt 0.311716 0.951914
vt 0.629299 0.943033
vt 0.819002 0.912702
vt 0.821516 0.915180
vt 0.252749 0.635421
vt 0.822330 0.918323
vt 0.822640 0.924271
vt 0.294735 0.922678
vt 0.292861 0.931289
vt 0.289445 0.919805
vt 0.824609 0.934325
vt 0.847897 0.943635
vt 0.542627 0.925283
vt 0.549908 0.922118
vt 0.376385 0.949337
vt 0.384350 0.937974
vt 0.378258 0.936949
vt 0.760770 0.672905
vt 0.765405 0.680125
vt 0.825337 0.676398
vt 0.328590 0.879288
vt 0.326779 0.888756
vt 0.119487 0.894162
vt 0.113714 0.893012
vt 0.794994 0.844142
vt 0.789222 0.848387
vt 0.942350 0.399626
vt 0.945435 0.399550
vt 0.947932 0.406268
vt 0.943519 0.406010
vt 0.942350 0.412926
vt 0.947591 0.414222
vt 0.451478 0.991392
vt 0.454891 0.987480
vt 0.457484 0.982265
vt 0.459187 0.976937
vt 0.226741 0.945504
vt 0.220429 0.944588
vt 0.065707 0.950333
vt 0.059259 0.950893
vt 0.926121 0.978792
vt 0.921125 0.981853
vt 0.756477 0.587327
vt 0.761580 0.583846
vt 0.764718 0.593453
vt 0.755740 0.593453
vt 0.687036 0.910748
vt 0.681328 0.914077
vt 0.681328 0.902328
vt 0.687051 0.901013
vt 0.925671 0.989995
vt 0.916041 0.991744
vt 0.914001 0.982338
vt 0.210665 0.947932
vt 0.217068 0.947447
vt 0.838402 0.912085
vt 0.838402 0.902324
vt 0.006962 0.767769
vt 0.002211 0.768701
vt 0.002211 0.759261
vt 0.007966 0.759806
vt 0.409052 0.935316
vt 0.414109 0.925563
vt 0.417737 0.929063
vt 0.409052 0.947932
vt 0.836535 0.894657
vt 0.907170 0.981262
vt 0.908909 0.989206
vt 0.864567 0.868273
vt 0.319687 0.892171
vt 0.315648 0.888614
vt 0.394497 0.677430
vt 0.395606 0.662273
vt 0.696011 0.949604
vt 0.565212 0.628935
vt 0.567785 0.631320
vt 0.566661 0.616885
vt 0.209294 0.922596
vt 0.715922 0.583496
vt 0.754761 0.586477
vt 0.752321 0.593453
vt 0.747879 0.593001
vt 0.747879 0.582331
vt 0.483125 0.477949
vt 0.483125 0.471123
vt 0.485915 0.473172
vt 0.945734 0.859876
vt 0.389843 0.713937
vt 0.388461 0.706652
vt 0.808490 0.680229
vt 0.813945 0.676685
vt 0.958831 0.039853
vt 0.955653 0.040448
vt 0.467953 0.656576
vt 0.458677 0.659597
vt 0.142936 0.689461
vt 0.044765 0.411668
vt 0.042606 0.413756
vt 0.042309 0.752738
vt 0.736788 0.883025
vt 0.042827 0.951914
vt 0.047180 0.951250
vt 0.171371 0.615519
vt 0.885735 0.784570
vt 0.888188 0.796258
vt 0.695975 0.917261
vt 0.700411 0.909300
vt 0.401899 0.698027
vt 0.407516 0.696661
vt 0.943459 0.073083
vt 0.948117 0.078988
vt 0.941499 0.941511
s 1
usemtl tripo_mat_1b2cefbf-92b5-453a-9f90-000ae5290d7e
f 1/1 114/2 115/3 116/4
f 1/1 116/4 117/5 118/6
f 1/1 118/6 119/7 114/2
f 2/8 120/9 121/10 122/11
f 2/8 123/12 124/13 120/9
f 2/8 122/11 125/14 123/12
f 3/15 126/16 127/17 128/18
f 3/15 129/19 130/20 126/16
f 3/15 128/18 131/21 129/19
f 4/22 135/23 136/24 137/25
f 4/22 137/25 138/26 139/27
f 4/22 139/27 140/28 135/23
f 5/29 141/30 142/31 143/32
f 5/29 144/33 145/34 146/35
f 5/29 146/35 147/36 141/30
f 6/37 125/14 148/38 149/39
f 6/37 150/40 123/12 125/14
f 6/37 149/39 151/41 150/40
f 7/42 152/43 153/44 154/45
f 7/46 154/47 155/48 156/49
f 7/42 156/50 157/51 152/43
f 8/52 158/53 159/54 160/55
f 8/52 161/56 162/57 163/58
f 8/52 160/55 164/59 161/56
f 8/52 165/60 166/61 158/53
f 8/52 163/58 167/62 165/60
f 9/63 168/64 169/65 170/66
f 9/63 170/66 162/57 171/67
f 9/63 171/67 172/68 173/69
f 10/70 174/71 175/72 176/73
f 10/70 177/74 178/75 174/71
f 10/70 179/76 180/77 177/74
f 11/78 181/79 182/80 183/81
f 11/78 184/82 176/73 181/79
f 11/78 183/81 185/83 186/84
f 11/78 186/84 187/85 188/86
f 11/78 188/86 189/87 184/82
f 12/88 190/89 191/90 192/91
f 12/88 193/92 194/93 190/89
f 12/88 195/94 196/95 193/92
f 13/96 197/97 198/98 199/99
f 13/96 199/99 142/31 200/100
f 13/96 201/101 202/102 197/97
f 13/103 203/104 204/105 201/106
f 13/96 200/100 205/107 203/108
f 14/109 206/110 207/111 208/112
f 14/109 208/112 209/113 205/107
f 14/109 210/114 211/115 206/110
f 14/109 212/116 213/117 210/114
f 15/118 214/119 215/120 216/121
f 15/118 217/122 218/123 214/119
f 15/118 219/124 220/125 217/122
f 16/126 191/90 190/89 221/127
f 17/128 221/127 222/129 223/130
f 17/131 223/132 224/133 25/134
f 18/135 222/129 194/93 225/136
f 18/135 225/136 226/137 227/138
f 18/135 228/139 223/130 222/129
f 18/140 185/141 229/142 228/143
f 19/144 230/145 231/146 232/147
f 19/148 233/149 234/150 230/151
f 19/148 235/152 236/153 233/149
f 20/154 237/155 238/156 239/157
f 20/154 240/158 182/159 237/155
f 20/154 239/157 241/160 240/158
f 21/161 236/153 235/152 242/162
f 21/161 242/162 243/163 244/164
f 21/161 244/164 245/165 236/153
f 22/166 246/167 247/168 248/169
f 22/166 248/169 249/170 250/171
f 22/166 250/171 251/172 246/167
f 23/173 252/174 253/175 254/176
f 23/173 255/177 256/178 252/174
f 23/173 254/176 257/179 258/180
f 24/181 259/182 229/183 260/184
f 23/173 258/180 261/185 262/186
f 23/173 262/186 263/187 264/188
f 23/173 264/188 265/189 255/177
f 25/134 224/133 266/190 256/191
f 26/192 267/193 268/194 269/195
f 26/192 270/196 271/197 267/193
f 26/198 269/199 272/200 270/201
f 27/202 273/203 274/204 275/205
f 27/206 275/207 276/208 277/209
f 27/210 277/211 278/212 273/213
f 28/214 279/215 280/216 281/217
f 28/214 282/218 283/219 279/215
f 28/214 29/220 284/221 282/218
f 29/220 28/214 285/222 286/223
f 29/220 287/224 288/225 284/221
f 29/226 286/227 289/228 290/229
f 29/220 290/230 291/231 287/224
f 30/232 292/233 293/234 294/235
f 30/232 295/236 168/237 292/233
f 30/232 294/235 296/238 295/236
f 31/239 297/240 298/241 299/242
f 32/243 300/244 301/245 302/246
f 32/247 303/248 304/249 300/250
f 32/251 302/252 305/253 303/254
f 33/255 306/256 307/257 308/258
f 33/255 308/258 309/259 310/260
f 33/261 310/262 311/263 306/264
f 34/265 312/266 313/267 314/268
f 34/269 315/270 316/271 312/272
f 34/273 314/274 317/275 315/276
f 35/277 318/278 319/279 320/280
f 35/277 321/281 322/282 318/278
f 35/277 320/280 323/283 321/281
f 36/284 323/285 320/286 324/287
f 36/288 325/289 326/290 323/291
f 36/284 327/292 328/293 325/294
f 37/295 329/296 330/297 327/292
f 37/295 324/287 331/298 332/299
f 37/295 332/299 333/300 329/296
f 38/301 334/302 335/303 336/304
f 338/305 339/306 334/307 38/308
f 38/301 336/304 337/309 338/310
f 39/311 340/312 341/313 342/314
f 344/315 345/316 340/312 39/311
f 39/311 342/314 343/317 344/315
f 40/318 346/319 347/320 348/321
f 40/322 349/323 350/324 346/325
f 40/322 348/326 351/327 349/323
f 41/328 352/329 337/330 353/331
f 41/328 354/332 355/333 356/334
f 41/335 356/336 357/337 352/338
f 42/339 358/340 359/341 360/342
f 42/343 361/344 362/345 358/346
f 43/347 363/348 364/349 365/350
f 43/351 366/352 367/353 363/354
f 43/351 365/355 368/356 366/352
f 44/357 369/358 370/359 207/111
f 44/357 207/111 206/110 371/360
f 44/357 371/360 372/361 373/362
f 44/357 374/363 375/364 369/358
f 44/357 373/362 376/365 374/363
f 45/366 377/367 378/368 379/369
f 45/366 380/370 381/371 382/372
f 45/366 383/373 384/374 380/370
f 45/366 379/369 385/375 383/373
f 46/376 386/377 387/378 388/379
f 46/376 388/379 389/380 390/381
f 46/376 390/381 391/382 392/383
f 46/376 392/383 393/384 394/385
f 46/376 394/385 395/386 386/377
f 47/387 389/388 396/389 397/390
f 47/391 397/392 398/393 399/394
f 47/391 399/394 400/395 401/396
f 47/391 401/396 402/397 403/398
f 47/391 403/398 390/381 389/380
f 48/399 404/400 405/401 406/402
f 48/399 406/402 407/403 408/404
f 48/399 409/405 410/406 411/407
f 48/399 411/407 412/408 404/400
f 49/409 413/410 414/411 415/412
f 49/409 54/413 52/414 413/410
f 49/415 415/416 416/417 54/418
f 50/419 417/420 414/421 418/422
f 50/423 419/424 420/425 417/426
f 50/419 418/422 421/427 419/428
f 51/429 422/430 423/431 424/432
f 51/429 425/433 426/434 52/414
f 51/435 424/436 427/437 425/438
f 51/429 416/439 53/440 422/430
f 51/429 52/414 54/413 416/439
f 52/414 426/434 428/441 429/442
f 53/443 416/417 415/416 430/444
f 53/443 430/444 431/445 422/446
f 55/447 432/448 433/449 434/450
f 55/451 435/452 436/453 432/454
f 56/455 435/456 437/457 438/458
f 57/459 439/460 440/461 441/462
f 57/463 442/464 443/465 439/466
f 57/459 441/462 444/467 442/468
f 58/469 445/470 446/471 447/472
f 59/473 448/474 75/475 449/476
f 60/477 450/478 447/479 451/480
f 60/477 452/481 453/482 450/478
f 60/477 451/480 454/483 452/481
f 61/484 453/482 455/485 456/486
f 61/484 457/487 450/478 453/482
f 62/488 458/489 75/490 448/491
f 62/492 448/493 459/494 68/495
f 62/492 68/495 66/496 460/497
f 62/488 461/498 462/499 458/489
f 62/492 460/497 63/500 461/501
f 63/502 460/503 463/504 464/505
f 63/502 464/505 465/506 461/507
f 64/508 466/509 467/510 468/511
f 64/512 65/513 76/514 466/515
f 65/516 67/517 469/518 470/519
f 65/516 470/519 471/520 472/521
f 66/522 473/523 463/504 460/503
f 66/496 68/495 474/524 473/525
f 67/517 455/526 475/527 469/518
f 68/495 467/528 476/529 474/524
f 68/495 459/494 468/530 467/528
f 69/531 477/532 478/533 479/534
f 69/535 479/536 480/537 481/538
f 69/535 481/538 482/539 477/540
f 70/541 483/542 484/543 485/544
f 70/545 485/546 480/537 479/536
f 70/547 479/534 478/533 483/548
f 71/549 486/550 487/551 488/552
f 71/549 489/553 490/554 486/550
f 71/549 488/552 491/555 492/556
f 71/549 492/556 493/557 494/558
f 71/549 494/558 495/559 489/553
f 72/560 496/561 497/562 498/563
f 72/560 498/563 499/564 500/565
f 72/560 501/566 502/567 496/561
f 73/568 487/569 503/570 504/571
f 73/572 504/573 505/574 506/575
f 73/572 507/576 488/552 487/551
f 74/577 508/578 509/579 510/580
f 75/581 511/582 512/583 513/584
f 75/581 458/585 514/586 511/582
f 75/475 513/587 445/588 449/476
f 76/589 506/590 505/591 466/592
f 77/593 515/594 516/595 517/596
f 77/593 518/597 519/598 515/594
f 77/593 517/596 520/599 521/600
f 78/601 522/602 523/603 524/604
f 79/605 525/606 526/607 527/608
f 79/605 528/609 529/610 530/611
f 79/605 530/611 531/612 525/606
f 79/605 527/608 532/613 533/614
f 79/605 533/614 534/615 528/609
f 80/616 535/617 536/618 537/619
f 81/620 538/621 539/622 540/623
f 82/624 541/625 542/626 543/627
f 82/628 543/629 544/630 545/631
f 82/624 545/632 546/633 541/625
f 83/634 547/635 548/636 549/637
f 83/634 549/637 550/638 551/639
f 84/640 552/641 553/642 554/643
f 84/644 554/645 555/646 556/647
f 84/644 556/647 557/648 552/649
f 85/650 558/651 559/652 560/653
f 85/654 560/655 561/656 562/657
f 85/658 562/659 563/660 558/661
f 86/662 561/663 560/664 564/665
f 87/666 475/667 452/481 454/483
f 87/668 565/669 469/518 475/527
f 87/670 454/671 566/672 565/673
f 88/674 567/675 568/676 569/677
f 88/674 569/677 570/678 571/679
f 88/674 571/679 572/680 567/675
f 89/681 573/682 574/683 575/684
f 90/685 576/686 577/687 578/688
f 90/685 579/689 580/690 576/686
f 90/685 578/688 581/691 579/689
f 91/692 97/693 582/694 583/695
f 91/692 584/696 585/697 97/693
f 91/698 586/699 587/700 588/701
f 91/702 583/703 589/704 586/705
f 91/692 588/706 590/707 584/696
f 92/708 591/709 291/710 592/711
f 92/708 593/712 594/713 591/709
f 92/708 592/711 595/714 593/712
f 93/715 596/716 597/717 598/718
f 93/719 599/720 600/721 596/722
f 93/723 598/724 601/725 599/726
f 94/727 602/728 603/729 604/730
f 94/727 604/730 589/704 605/731
f 94/732 605/733 606/734 602/735
f 95/736 601/725 607/737 608/738
f 95/736 608/738 609/739 610/740
f 95/736 610/740 599/726 601/725
f 96/741 611/742 609/743 612/744
f 96/741 613/745 614/746 611/742
f 96/747 612/748 615/749 613/750
f 97/693 585/697 616/751 617/752
f 97/753 617/754 618/755 619/756
f 97/693 619/757 615/758 582/694
f 98/759 620/760 621/761 622/762
f 98/759 622/762 623/763 624/764
f 99/765 625/766 626/767 627/768
f 99/765 627/768 289/769 628/770
f 99/765 629/771 630/772 631/773
f 99/765 631/773 632/774 625/766
f 99/765 628/770 633/775 629/771
f 100/776 634/777 635/778 636/779
f 100/776 636/779 570/678 569/677
f 100/776 569/677 568/676 634/777
f 101/780 637/781 638/782 639/783
f 101/780 640/784 641/785 642/786
f 101/787 639/788 618/755 640/789
f 101/780 643/790 644/791 637/781
f 101/780 642/786 645/792 643/790
f 102/793 646/794 647/795 648/796
f 102/793 648/796 587/797 649/798
f 102/793 650/799 651/800 646/794
f 103/801 652/802 653/803 654/804
f 104/805 655/806 656/807 657/808
f 104/805 658/809 659/810 660/811
f 104/805 660/811 661/812 655/806
f 105/813 662/814 663/815 664/816
f 105/813 665/817 666/818 662/814
f 105/813 664/816 667/819 668/820
f 105/813 668/820 669/821 670/822
f 105/813 670/822 671/823 665/817
f 106/824 672/825 673/826 674/827
f 106/824 674/827 675/828 676/829
f 107/830 677/831 678/832 679/833
f 107/834 679/835 680/836 681/837
f 108/838 682/839 683/840 684/841
f 108/838 684/841 685/842 686/843
f 108/838 687/844 688/845 682/839
f 108/838 686/843 689/846 690/847
f 109/848 691/849 685/842 684/841
f 109/848 684/841 683/840 692/850
f 109/848 692/850 693/851 694/852
f 109/848 695/853 696/854 691/849
f 109/848 694/852 697/855 695/853
f 110/856 626/767 625/766 698/857
f 110/856 699/858 700/859 626/767
f 110/856 698/857 701/860 702/861
f 110/856 703/862 704/863 699/858
f 110/856 702/861 705/864 703/862
f 111/865 706/866 707/867 708/868
f 111/865 709/869 710/870 706/866
f 111/865 708/868 711/871 709/869
f 112/872 661/812 712/873 713/874
f 112/872 714/875 655/806 661/812
f 112/872 715/876 716/877 714/875
f 113/878 717/879 718/880 719/881
f 113/882 719/883 720/884 721/885
f 113/886 721/887 722/888 717/889
f 722/888 723/890 724/891 725/892
f 722/888 725/892 726/893 717/889
f 722/888 721/887 727/894 723/890
f 727/895 721/885 720/884 728/896
f 727/895 728/896 729/897 730/898
f 727/894 730/899 731/900 723/890
f 731/900 732/901 733/902 734/903
f 731/900 734/903 724/891 723/890
f 731/900 730/899 735/904 732/901
f 735/904 736/905 737/906 732/901
f 735/907 730/898 729/897 738/908
f 735/907 738/908 739/909 736/910
f 739/909 738/908 740/911 741/912
f 739/909 741/912 742/913 743/914
f 739/909 743/914 744/915 736/910
f 744/916 745/917 737/906 736/905
f 744/915 743/914 746/918 747/919
f 744/916 747/920 748/921 745/917
f 748/921 749/922 750/923 751/924
f 748/921 751/924 752/925 745/917
f 748/921 747/920 753/926 749/922
f 753/927 754/928 755/929 749/930
f 753/927 747/931 746/932 754/928
f 755/929 756/933 757/934 758/935
f 755/929 758/935 750/936 749/930
f 755/929 754/928 759/937 756/933
f 759/938 754/939 746/940 760/941
f 759/938 760/941 761/942 762/943
f 759/937 762/944 763/945 756/933
f 763/945 762/944 764/946 765/947
f 763/945 765/947 766/948 767/949
f 763/945 767/949 757/934 756/933
f 767/949 766/948 81/620 540/623
f 767/949 540/623 768/950 757/934
f 768/950 540/623 539/622 769/951
f 768/950 769/951 770/952 771/953
f 768/950 771/953 758/935 757/934
f 771/953 770/952 772/954 773/955
f 771/953 773/955 750/936 758/935
f 773/956 772/957 774/958 775/959
f 773/956 775/959 751/960 750/961
f 775/962 774/963 776/964 777/965
f 775/962 777/965 752/925 751/924
f 777/965 776/964 778/966 779/967
f 777/965 779/967 780/968 752/925
f 780/968 779/967 781/969 733/902
f 780/968 733/902 732/901 737/906
f 780/968 737/906 745/917 752/925
f 781/969 779/967 778/966 782/970
f 781/969 782/970 783/971 784/972
f 781/969 784/972 734/903 733/902
f 784/972 783/971 785/973 786/974
f 784/972 786/974 724/891 734/903
f 786/974 785/973 787/975 788/976
f 786/974 788/976 725/892 724/891
f 788/977 787/978 789/979 790/980
f 788/977 790/980 726/981 725/982
f 790/980 789/979 791/983 792/984
f 790/980 792/984 793/985 726/981
f 793/985 792/984 794/986 795/987
f 793/985 795/987 796/988 718/880
f 793/985 718/880 717/879 726/981
f 796/988 795/987 797/989 798/990
f 796/988 798/990 799/991 800/992
f 796/988 800/992 719/881 718/880
f 800/992 799/991 801/993 802/994
f 800/992 802/994 720/995 719/881
f 802/996 801/997 803/998 804/999
f 802/996 804/999 728/896 720/884
f 804/999 803/998 805/1000 806/1001
f 804/999 806/1001 729/897 728/896
f 806/1001 805/1000 807/1002 740/911
f 806/1001 740/911 738/908 729/897
f 807/1002 805/1000 808/1003 809/1004
f 807/1002 809/1004 810/1005 811/1006
f 807/1002 811/1006 741/912 740/911
f 811/1006 810/1005 812/1007 813/1008
f 811/1006 813/1008 742/913 741/912
f 813/1008 812/1007 814/1009 761/1010
f 813/1008 761/1010 760/1011 742/913
f 814/1009 812/1007 815/1012 816/1013
f 814/1014 816/1015 817/1016 764/946
f 814/1014 764/946 762/944 761/1017
f 817/1016 816/1015 818/1018 819/1019
f 817/1016 819/1019 820/1020 821/1021
f 817/1016 821/1021 765/947 764/946
f 821/1021 820/1020 822/1022 823/1023
f 821/1021 823/1023 766/948 765/947
f 823/1023 822/1022 824/1024 825/1025
f 823/1023 825/1025 81/620 766/948
f 825/1025 824/1024 826/1026 827/1027
f 828/1028 827/1029 829/1030 830/1031
f 828/1028 830/1031 831/1032 832/1033
f 831/1034 536/618 833/1035 834/1036
f 831/1032 834/1037 835/1038 832/1033
f 831/1032 830/1031 537/1039 536/1040
f 835/1038 834/1037 836/1041 837/1042
f 835/1043 837/1044 838/1045 839/1046
f 835/1038 839/1047 538/1048 832/1033
f 839/1049 838/1050 840/1051 841/1052
f 839/1049 841/1052 539/622 538/621
f 841/1052 840/1051 842/1053 843/1054
f 841/1052 843/1054 769/951 539/622
f 843/1054 842/1053 844/1055 845/1056
f 843/1054 845/1056 770/952 769/951
f 845/1056 844/1055 846/1057 847/1058
f 845/1056 847/1058 772/954 770/952
f 847/1059 846/1060 848/1061 849/1062
f 847/1059 849/1062 774/958 772/957
f 849/1063 848/1064 850/1065 851/1066
f 849/1063 851/1066 776/964 774/963
f 851/1066 850/1065 852/1067 853/1068
f 851/1066 853/1068 778/966 776/964
f 853/1068 852/1067 854/1069 855/1070
f 853/1068 855/1070 782/970 778/966
f 855/1070 854/1069 856/1071 857/1072
f 855/1070 857/1072 783/971 782/970
f 857/1072 856/1071 858/1073 859/1074
f 857/1072 859/1074 785/973 783/971
f 859/1074 858/1073 860/1075 861/1076
f 859/1074 861/1076 787/975 785/973
f 861/1077 860/1078 862/1079 863/1080
f 861/1077 863/1080 789/979 787/978
f 863/1080 862/1079 864/1081 865/1082
f 863/1080 865/1082 791/983 789/979
f 865/1082 864/1081 866/1083 867/1084
f 865/1082 867/1084 868/1085 791/983
f 868/1085 867/1084 869/1086 870/1087
f 868/1085 870/1087 871/1088 794/986
f 868/1085 794/986 792/984 791/983
f 871/1088 870/1087 872/1089 873/1090
f 871/1088 873/1090 874/1091 797/989
f 871/1088 797/989 795/987 794/986
f 874/1091 873/1090 875/1092 876/1093
f 874/1091 876/1093 877/1094 878/1095
f 874/1091 878/1095 798/990 797/989
f 878/1095 877/1094 879/1096 880/1097
f 878/1095 880/1097 799/991 798/990
f 880/1097 879/1096 881/1098 882/1099
f 880/1097 882/1099 801/993 799/991
f 882/1100 881/1101 883/1102 884/1103
f 882/1100 884/1103 803/998 801/997
f 884/1103 883/1102 885/1104 808/1003
f 884/1103 808/1003 805/1000 803/998
f 885/1104 883/1102 886/1105 887/1106
f 885/1104 887/1106 888/1107 889/1108
f 885/1104 889/1108 809/1004 808/1003
f 889/1108 888/1107 890/1109 891/1110
f 889/1108 891/1110 810/1005 809/1004
f 891/1110 890/1109 892/1111 815/1012
f 891/1110 815/1012 812/1007 810/1005
f 892/1111 890/1109 893/1112 894/1113
f 892/1114 894/1115 895/1116 818/1018
f 892/1117 818/1118 816/1119 815/1120
f 895/1116 894/1115 896/1121 897/1122
f 895/1116 897/1122 898/1123 899/1124
f 895/1116 899/1124 819/1019 818/1018
f 899/1124 898/1123 900/1125 901/1126
f 899/1124 901/1126 820/1020 819/1019
f 901/1126 900/1125 902/1127 903/1128
f 901/1126 903/1128 822/1022 820/1020
f 903/1128 902/1127 904/1129 905/1130
f 903/1128 905/1130 824/1024 822/1022
f 905/1130 904/1129 906/1131 907/1132
f 905/1130 907/1132 826/1026 824/1024
f 907/1133 906/1134 908/1135 909/1136
f 907/1133 909/1136 910/1137 826/1138
f 910/1137 829/1139 827/1140 826/1138
f 910/1141 909/1142 911/1143 912/1144
f 910/1141 912/1144 913/1145 829/1146
f 913/1145 537/1147 830/1148 829/1146
f 913/1149 912/1150 914/1151 915/1152
f 915/1153 914/1154 916/1155 917/1156
f 917/1156 916/1155 918/1157 919/1158
f 917/1156 919/1158 920/1159 535/617
f 920/1159 919/1158 921/1160 922/1161
f 920/1159 922/1161 923/1162 833/1035
f 920/1159 833/1035 536/618 535/617
f 923/1162 922/1161 924/1163 925/1164
f 923/1162 925/1164 926/1165 836/1166
f 923/1162 836/1166 834/1036 833/1035
f 926/1165 925/1164 927/1167 928/1168
f 926/1169 928/1170 929/1171 930/1172
f 926/1169 930/1172 837/1044 836/1173
f 930/1172 929/1171 931/1174 932/1175
f 930/1172 932/1175 838/1045 837/1044
f 932/1175 931/1174 933/1176 934/1177
f 932/1175 934/1177 840/1178 838/1045
f 934/1179 933/1180 935/1181 936/1182
f 934/1179 936/1182 842/1053 840/1051
f 936/1182 935/1181 937/1183 938/1184
f 936/1182 938/1184 844/1055 842/1053
f 938/1184 937/1183 939/1185 940/1186
f 938/1184 940/1186 846/1057 844/1055
f 940/1187 939/1188 941/1189 942/1190
f 940/1187 942/1190 848/1061 846/1060
f 942/1191 941/1192 943/1193 944/1194
f 942/1191 944/1194 850/1065 848/1064
f 944/1194 943/1193 945/1195 946/1196
f 944/1194 946/1196 852/1067 850/1065
f 946/1196 945/1195 947/1197 948/1198
f 946/1196 948/1198 854/1069 852/1067
f 948/1198 947/1197 949/1199 950/1200
f 948/1198 950/1200 856/1071 854/1069
f 950/1200 949/1199 951/1201 952/1202
f 950/1200 952/1202 858/1073 856/1071
f 952/1202 951/1201 953/1203 954/1204
f 952/1202 954/1204 860/1075 858/1073
f 954/1205 953/1206 955/1207 956/1208
f 954/1205 956/1208 862/1079 860/1078
f 956/1208 955/1207 957/1209 958/1210
f 956/1208 958/1210 864/1081 862/1079
f 958/1210 957/1209 959/1211 960/1212
f 958/1210 960/1212 866/1083 864/1081
f 960/1212 959/1211 961/1213 962/1214
f 960/1212 962/1214 963/1215 866/1083
f 963/1215 962/1214 964/1216 965/1217
f 963/1215 965/1217 966/1218 869/1086
f 963/1215 869/1086 867/1084 866/1083
f 966/1218 965/1217 967/1219 968/1220
f 966/1218 968/1220 969/1221 872/1089
f 966/1218 872/1089 870/1087 869/1086
f 969/1221 968/1220 970/1222 971/1223
f 969/1221 971/1223 972/1224 875/1092
f 969/1221 875/1092 873/1090 872/1089
f 972/1224 971/1223 973/1225 974/1226
f 972/1224 974/1226 975/1227 976/1228
f 972/1224 976/1228 876/1093 875/1092
f 976/1228 975/1227 977/1229 978/1230
f 976/1228 978/1230 877/1094 876/1093
f 978/1230 977/1229 979/1231 980/1232
f 978/1230 980/1232 879/1096 877/1094
f 980/1232 979/1231 981/1233 982/1234
f 980/1232 982/1234 881/1098 879/1096
f 982/1235 981/1236 983/1237 886/1105
f 982/1235 886/1105 883/1102 881/1101
f 983/1237 981/1236 984/1238 985/1239
f 983/1237 985/1239 986/1240 987/1241
f 983/1237 987/1241 887/1106 886/1105
f 987/1241 986/1240 988/1242 989/1243
f 987/1241 989/1243 888/1107 887/1106
f 989/1243 988/1242 990/1244 893/1112
f 989/1243 893/1112 890/1109 888/1107
f 990/1244 988/1242 991/1245 992/1246
f 990/1244 992/1246 993/1247 896/1248
f 990/1244 896/1248 894/1113 893/1112
f 993/1247 992/1246 994/1249 995/1250
f 993/1251 995/1252 996/1253 997/1254
f 993/1251 997/1254 897/1122 896/1121
f 997/1254 996/1253 998/1255 999/1256
f 997/1254 999/1256 898/1123 897/1122
f 999/1256 998/1255 1000/1257 1001/1258
f 999/1256 1001/1258 900/1125 898/1123
f 1001/1258 1000/1257 1002/1259 1003/1260
f 1001/1258 1003/1260 902/1127 900/1125
f 1003/1260 1002/1259 1004/1261 1005/1262
f 1003/1260 1005/1262 904/1129 902/1127
f 1005/1262 1004/1261 1006/1263 1007/1264
f 1005/1262 1007/1264 906/1131 904/1129
f 1007/1265 1006/1266 1008/1267 1009/1268
f 1007/1265 1009/1268 908/1135 906/1134
f 1009/1269 1008/1270 1010/1271 1011/1272
f 1009/1269 1011/1272 1012/1273 908/1274
f 1012/1273 911/1143 909/1142 908/1274
f 1012/1275 1011/1276 1013/1277 1014/1278
f 1012/1275 1014/1278 1015/1279 911/1280
f 1015/1279 914/1154 912/1281 911/1280
f 1015/1279 1014/1278 1016/1282 1017/1283
f 1015/1279 1017/1283 916/1155 914/1154
f 1017/1283 1016/1282 1018/1284 1019/1285
f 1017/1283 1019/1285 918/1157 916/1155
f 1019/1285 1018/1284 1020/1286 1021/1287
f 1019/1285 1021/1287 1022/1288 918/1157
f 1022/1288 921/1160 919/1158 918/1157
f 1022/1288 1021/1287 1023/1289 1024/1290
f 1022/1288 1024/1290 1025/1291 921/1160
f 1025/1291 924/1163 922/1161 921/1160
f 1025/1291 1024/1290 1026/1292 1027/1293
f 1027/1293 1026/1292 1028/1294 1029/1295
f 1030/1296 1031/1297 1032/1298 927/1167
f 1030/1296 927/1167 925/1164 924/1163
f 1032/1298 1031/1297 1033/1299 1034/1300
f 1032/1298 1034/1300 1035/1301 1036/1302
f 1032/1298 1036/1302 928/1168 927/1167
f 1036/1303 1035/1304 1037/1305 1038/1306
f 1036/1307 1038/1308 929/1309 928/1310
f 1038/1311 1037/1312 1039/1313 1040/1314
f 1038/1311 1040/1314 931/1315 929/1316
f 1040/1317 1039/1318 1041/1319 1042/1320
f 1040/1317 1042/1320 933/1176 931/1174
f 1042/1321 1041/1322 1043/1323 1044/1324
f 1042/1321 1044/1324 935/1181 933/1180
f 1044/1324 1043/1323 1045/1325 1046/1326
f 1044/1324 1046/1326 937/1183 935/1181
f 1046/1326 1045/1325 1047/1327 1048/1328
f 1046/1326 1048/1328 939/1185 937/1183
f 1048/1328 1047/1327 1049/1329 1050/1330
f 1048/1331 1050/1332 941/1189 939/1188
f 1050/1333 1049/1334 1051/1335 1052/1336
f 1050/1333 1052/1336 943/1193 941/1192
f 1052/1336 1051/1335 1053/1337 1054/1338
f 1052/1336 1054/1338 945/1195 943/1193
f 1054/1338 1053/1337 1055/1339 1056/1340
f 1054/1338 1056/1340 947/1197 945/1195
f 1056/1340 1055/1339 1057/1341 1058/1342
f 1056/1340 1058/1342 949/1199 947/1197
f 1058/1342 1057/1341 1059/1343 1060/1344
f 1058/1342 1060/1344 951/1201 949/1199
f 1060/1344 1059/1343 1061/1345 1062/1346
f 1060/1344 1062/1346 953/1203 951/1201
f 1062/1347 1061/1348 1063/1349 1064/1350
f 1062/1347 1064/1350 955/1207 953/1206
f 1064/1350 1063/1349 1065/1351 1066/1352
f 1064/1350 1066/1352 957/1209 955/1207
f 1066/1352 1065/1351 1067/1353 1068/1354
f 1066/1352 1068/1354 959/1211 957/1209
f 1068/1354 1067/1353 1069/1355 1070/1356
f 1068/1354 1070/1356 961/1213 959/1211
f 1070/1356 1069/1355 1071/1357 1072/1358
f 1070/1356 1072/1358 1073/1359 961/1213
f 1073/1359 1072/1358 1074/1360 1075/1361
f 1073/1359 1075/1361 1076/1362 964/1216
f 1073/1359 964/1216 962/1214 961/1213
f 1076/1362 1075/1361 1077/1363 1078/1364
f 1076/1362 1078/1364 1079/1365 967/1219
f 1076/1362 967/1219 965/1217 964/1216
f 1079/1365 1078/1364 1080/1366 1081/1367
f 1079/1365 1081/1367 1082/1368 970/1222
f 1079/1365 970/1222 968/1220 967/1219
f 1082/1368 1081/1367 1083/1369 1084/1370
f 1082/1368 1084/1370 1085/1371 973/1225
f 1082/1368 973/1225 971/1223 970/1222
f 1085/1371 1084/1370 1086/1372 1087/1373
f 1085/1371 1087/1373 1088/1374 1089/1375
f 1085/1371 1089/1375 974/1226 973/1225
f 1089/1375 1088/1374 1090/1376 1091/1377
f 1089/1375 1091/1377 975/1227 974/1226
f 1091/1377 1090/1376 1092/1378 1093/1379
f 1091/1377 1093/1379 977/1229 975/1227
f 1093/1379 1092/1378 1094/1380 1095/1381
f 1093/1379 1095/1381 979/1231 977/1229
f 1095/1381 1094/1380 1096/1382 984/1383
f 1095/1381 984/1383 981/1233 979/1231
f 1096/1382 1094/1380 1097/1384 1098/1385
f 1096/1386 1098/1387 1099/1388 1100/1389
f 1096/1386 1100/1389 985/1239 984/1238
f 1100/1389 1099/1388 1101/1390 1102/1391
f 1100/1389 1102/1391 986/1240 985/1239
f 1102/1391 1101/1390 1103/1392 991/1245
f 1102/1391 991/1245 988/1242 986/1240
f 1103/1392 1101/1390 1104/1393 1105/1394
f 1103/1392 1105/1394 1106/1395 994/1249
f 1103/1392 994/1249 992/1246 991/1245
f 1106/1395 1105/1394 1107/1396 1108/1397
f 1106/1395 1108/1397 1109/1398 1110/1399
f 1106/1395 1110/1399 995/1250 994/1249
f 1110/1400 1109/1401 1111/1402 1112/1403
f 1110/1400 1112/1403 996/1253 995/1252
f 1112/1403 1111/1402 1113/1404 1114/1405
f 1112/1403 1114/1405 998/1255 996/1253
f 1114/1405 1113/1404 1115/1406 1116/1407
f 1114/1405 1116/1407 1000/1257 998/1255
f 1116/1407 1115/1406 1117/1408 1118/1409
f 1116/1407 1118/1409 1002/1259 1000/1257
f 1118/1409 1117/1408 1119/1410 1120/1411
f 1118/1409 1120/1411 1004/1261 1002/1259
f 1120/1411 1119/1410 1121/1412 1122/1413
f 1120/1411 1122/1413 1006/1263 1004/1261
f 1122/1414 1121/1415 1123/1416 1124/1417
f 1122/1414 1124/1417 1008/1267 1006/1266
f 1124/1418 1123/1419 1125/1420 1126/1421
f 1124/1418 1126/1421 1010/1271 1008/1270
f 1126/1422 1125/1423 1127/1424 1128/1425
f 1126/1422 1128/1425 1129/1426 1010/1427
f 1129/1426 1013/1277 1011/1276 1010/1427
f 1129/1426 1128/1425 1130/1428 1131/1429
f 1129/1426 1131/1429 1132/1430 1013/1277
f 1132/1430 1016/1282 1014/1278 1013/1277
f 1132/1430 1131/1429 1133/1431 1134/1432
f 1132/1430 1134/1432 1018/1284 1016/1282
f 1134/1432 1133/1431 1135/1433 1136/1434
f 1134/1432 1136/1434 1020/1286 1018/1284
f 1136/1434 1135/1433 1137/1435 1138/1436
f 1136/1434 1138/1436 1139/1437 1020/1286
f 1139/1437 1023/1289 1021/1287 1020/1286
f 1139/1437 1138/1436 1140/1438 1141/1439
f 1139/1437 1141/1439 1142/1440 1023/1289
f 1142/1440 1026/1292 1024/1290 1023/1289
f 1142/1440 1141/1439 523/603 522/602
f 1142/1440 522/602 1028/1294 1026/1292
f 1141/1439 1140/1438 1143/1441 523/603
f 1143/1441 1140/1438 1144/1442 1145/1443
f 1143/1441 1145/1443 1146/1444 1147/1445
f 1143/1441 1147/1445 524/604 523/603
f 1147/1445 1146/1444 1148/1446 1149/1447
f 1147/1445 1149/1447 1150/1448 524/604
f 1149/1447 1148/1446 1151/1449 1152/1450
f 1149/1451 1152/1452 1153/1453 1150/1454
f 1153/1453 1152/1452 1154/1455 1155/1456
f 1155/1457 1154/1458 1156/1459 1157/1460
f 1158/1461 1159/1462 543/627 542/626
f 1158/1461 542/626 1160/1463 1161/1464
f 1160/1465 542/1466 541/1467 1162/1468
f 1160/1465 1162/1468 1163/1469 1164/1470
f 1164/1471 1163/1472 528/609 534/615
f 1163/1469 1162/1468 1165/1473 1166/1474
f 1163/1472 1166/1475 529/610 528/609
f 1166/1475 1167/1476 1168/1477 529/610
f 1166/1478 1165/1479 1169/1480 1167/1481
f 1169/1482 1170/1483 1171/1484 1167/1476
f 1169/1480 1165/1479 546/1485 1172/1486
f 1169/1480 1172/1486 1173/1487 1170/1488
f 1173/1489 1174/1490 1175/1491 1170/1483
f 1173/1489 1172/1492 1176/1493 551/639
f 1173/1494 551/1495 550/1496 1174/1497
f 1176/1493 1172/1492 546/633 545/632
f 1176/1493 545/632 544/1498 1177/1499
f 1175/1491 1178/1500 673/826 1179/1501
f 1175/1491 1179/1501 1171/1484 1170/1483
f 1175/1502 1174/1503 1180/1504 1178/1505
f 1180/1506 564/1507 1181/1508 1178/1509
f 1180/1504 1174/1503 550/1510 1182/1511
f 1182/1512 550/638 549/637 1183/1513
f 1183/1513 549/637 548/636 1184/1514
f 1183/1513 1184/1514 562/657 561/656
f 1184/1514 548/636 1185/1515 1186/1516
f 1184/1517 1186/1518 563/660 562/659
f 1186/1519 1185/1520 1187/1521 1188/1522
f 1186/1519 1188/1522 1189/1523 563/1524
f 1189/1525 1188/1526 663/1527 662/1528
f 1189/1525 662/1528 666/1529 1190/1530
f 1189/1525 1190/1530 558/661 563/660
f 1190/1531 666/818 676/829 675/828
f 1190/1532 675/1533 559/1534 558/1535
f 1188/1536 1187/1537 1191/1538 663/815
f 1191/1538 1148/1446 1146/1444 1192/1539
f 1191/1538 1192/1539 664/816 663/815
f 1191/1538 1187/1537 1151/1449 1148/1446
f 1192/1539 1146/1444 1145/1443 1193/1540
f 1192/1539 1193/1540 667/819 664/816
f 1193/1540 1145/1443 1144/1442 1194/1541
f 1193/1540 1194/1541 1195/1542 667/819
f 1195/1542 1194/1541 1196/1543 1197/1544
f 1195/1542 1197/1544 1198/1545 1199/1546
f 1195/1542 1199/1546 668/820 667/819
f 1199/1546 1198/1545 1200/1547 1201/1548
f 1199/1546 1201/1548 669/821 668/820
f 1201/1548 1200/1547 1202/1549 1203/1550
f 1201/1548 1203/1550 1204/1551 669/821
f 1204/1551 1203/1550 1205/1552 1206/1553
f 1204/1551 1206/1553 1207/1554 1208/1555
f 1204/1551 1208/1555 670/822 669/821
f 1208/1555 1207/1554 1209/1556 1210/1557
f 1208/1555 1210/1557 671/823 670/822
f 1210/1557 1209/1556 1211/1558 1212/1559
f 1210/1557 1212/1559 1213/1560 671/823
f 1213/1560 1214/1561 665/817 671/823
f 1213/1560 1212/1559 1215/1562 1216/1563
f 1213/1560 1216/1563 1217/1564 1214/1561
f 1217/1564 1216/1563 1218/1565 1219/1566
f 1220/1567 1219/1566 1221/1568 1222/1569
f 1220/1567 1222/1569 1223/1570 1224/1571
f 1220/1567 1224/1571 672/825 106/824
f 1224/1571 1223/1570 1225/1572 1226/1573
f 1224/1571 1226/1573 1227/1574 672/825
f 1227/1574 1226/1573 1228/1575 1229/1576
f 1227/1574 1229/1576 1171/1484 1179/1501
f 1227/1574 1179/1501 673/826 672/825
f 1229/1576 1228/1575 1230/1577 1168/1477
f 1229/1576 1168/1477 1167/1476 1171/1484
f 1230/1577 1228/1575 1231/1578 1232/1579
f 1230/1577 1232/1579 531/612 530/611
f 1230/1577 530/611 529/610 1168/1477
f 1232/1579 1231/1578 1233/1580 1234/1581
f 1232/1579 1234/1581 1235/1582 531/612
f 1235/1582 1234/1581 1236/1583 1237/1584
f 1235/1582 1237/1584 1238/1585 1239/1586
f 1235/1582 1239/1586 525/606 531/612
f 1239/1586 1238/1585 1240/1587 1241/1588
f 1239/1586 1241/1588 526/607 525/606
f 1241/1588 1240/1587 1242/1589 1243/1590
f 1241/1588 1243/1590 1244/1591 526/607
f 1244/1591 1243/1590 1245/1592 1246/1593
f 1244/1591 1246/1593 1247/1594 1248/1595
f 1244/1591 1248/1595 527/608 526/607
f 1248/1595 1247/1594 1249/1596 1250/1597
f 1248/1595 1250/1597 532/613 527/608
f 1250/1597 1249/1596 1034/1300 1033/1299
f 1250/1597 1033/1299 1251/1598 532/613
f 1251/1598 1252/1599 533/614 532/613
f 1251/1598 1033/1299 1031/1297 1029/1295
f 1251/1598 1029/1295 1028/1294 1252/1599
f 1249/1596 1247/1594 1253/1600 1254/1601
f 1249/1596 1254/1601 1035/1301 1034/1300
f 1254/1601 1253/1600 1255/1602 1256/1603
f 1254/1601 1256/1603 1037/1604 1035/1301
f 1256/1605 1255/1606 1257/1607 1258/1608
f 1256/1605 1258/1608 1039/1313 1037/1312
f 1258/1609 1257/1610 1259/1611 1260/1612
f 1258/1609 1260/1612 1041/1319 1039/1318
f 1260/1613 1259/1614 1261/1615 1262/1616
f 1260/1613 1262/1616 1043/1323 1041/1322
f 1262/1616 1261/1615 1263/1617 1264/1618
f 1262/1616 1264/1618 1045/1325 1043/1323
f 1264/1618 1263/1617 1265/1619 1266/1620
f 1264/1618 1266/1620 1047/1327 1045/1325
f 1266/1620 1265/1619 1267/1621 1268/1622
f 1266/1620 1268/1622 1049/1329 1047/1327
f 1268/1623 1267/1624 1269/1625 1270/1626
f 1268/1623 1270/1626 1051/1335 1049/1334
f 1270/1626 1269/1625 1271/1627 1272/1628
f 1270/1626 1272/1628 1053/1337 1051/1335
f 1272/1628 1271/1627 1273/1629 1274/1630
f 1272/1628 1274/1630 1055/1339 1053/1337
f 1274/1630 1273/1629 1275/1631 1276/1632
f 1274/1630 1276/1632 1057/1341 1055/1339
f 1276/1632 1275/1631 1277/1633 1278/1634
f 1276/1632 1278/1634 1059/1343 1057/1341
f 1278/1634 1277/1633 1279/1635 1280/1636
f 1278/1634 1280/1636 1061/1345 1059/1343
f 1280/1637 1279/1638 1281/1639 1282/1640
f 1280/1637 1282/1640 1063/1349 1061/1348
f 1282/1640 1281/1639 1283/1641 1284/1642
f 1282/1640 1284/1642 1065/1351 1063/1349
f 1284/1642 1283/1641 1285/1643 1286/1644
f 1284/1642 1286/1644 1067/1353 1065/1351
f 1286/1644 1285/1643 1287/1645 1288/1646
f 1286/1644 1288/1646 1069/1355 1067/1353
f 1288/1646 1287/1645 1289/1647 1290/1648
f 1288/1646 1290/1648 1071/1357 1069/1355
f 1290/1648 1289/1647 1291/1649 1292/1650
f 1290/1648 1292/1650 1293/1651 1071/1357
f 1293/1651 1292/1650 1294/1652 1295/1653
f 1293/1651 1295/1653 1296/1654 1074/1360
f 1293/1651 1074/1360 1072/1358 1071/1357
f 1296/1654 1295/1653 1297/1655 1298/1656
f 1296/1654 1298/1656 1299/1657 1077/1363
f 1296/1654 1077/1363 1075/1361 1074/1360
f 1299/1657 1298/1656 1300/1658 1301/1659
f 1299/1657 1301/1659 1302/1660 1080/1366
f 1299/1657 1080/1366 1078/1364 1077/1363
f 1302/1660 1301/1659 1303/1661 1304/1662
f 1302/1660 1304/1662 1305/1663 1083/1369
f 1302/1660 1083/1369 1081/1367 1080/1366
f 1305/1663 1304/1662 1306/1664 1307/1665
f 1305/1663 1307/1665 1308/1666 1086/1372
f 1305/1663 1086/1372 1084/1370 1083/1369
f 1308/1666 1307/1665 1309/1667 1310/1668
f 1308/1666 1310/1668 1311/1669 1312/1670
f 1308/1666 1312/1670 1087/1373 1086/1372
f 1312/1670 1311/1669 1313/1671 1314/1672
f 1312/1670 1314/1672 1088/1374 1087/1373
f 1314/1672 1313/1671 1315/1673 1316/1674
f 1314/1672 1316/1674 1090/1376 1088/1374
f 1316/1674 1315/1673 1317/1675 1318/1676
f 1316/1674 1318/1676 1092/1378 1090/1376
f 1318/1676 1317/1675 1319/1677 1097/1384
f 1318/1676 1097/1384 1094/1380 1092/1378
f 1319/1677 1317/1675 1320/1678 1321/1679
f 1319/1680 1321/1681 1322/1682 1323/1683
f 1319/1680 1323/1683 1098/1387 1097/1684
f 1323/1683 1322/1682 1324/1685 1325/1686
f 1323/1683 1325/1686 1099/1388 1098/1387
f 1325/1686 1324/1685 1326/1687 1104/1393
f 1325/1686 1104/1393 1101/1390 1099/1388
f 1326/1687 1324/1685 1327/1688 1328/1689
f 1326/1687 1328/1689 1329/1690 1107/1396
f 1326/1687 1107/1396 1105/1394 1104/1393
f 1329/1690 1328/1689 1330/1691 1331/1692
f 1329/1690 1331/1692 1332/1693 1333/1694
f 1329/1690 1333/1694 1108/1397 1107/1396
f 1333/1694 1332/1693 1334/1695 1335/1696
f 1333/1694 1335/1696 1109/1398 1108/1397
f 1335/1697 1334/1698 1336/1699 1337/1700
f 1335/1697 1337/1700 1111/1402 1109/1401
f 1337/1700 1336/1699 1338/1701 1339/1702
f 1337/1700 1339/1702 1113/1404 1111/1402
f 1339/1702 1338/1701 1340/1703 1341/1704
f 1339/1702 1341/1704 1115/1406 1113/1404
f 1341/1704 1340/1703 1342/1705 1343/1706
f 1341/1704 1343/1706 1117/1408 1115/1406
f 1343/1706 1342/1705 1344/1707 1345/1708
f 1343/1706 1345/1708 1119/1410 1117/1408
f 1345/1708 1344/1707 1346/1709 1347/1710
f 1345/1708 1347/1710 1121/1412 1119/1410
f 1347/1711 1346/1712 1348/1713 1349/1714
f 1347/1715 1349/1716 1123/1416 1121/1415
f 1349/1714 1348/1713 1350/1717 1351/1718
f 1349/1714 1351/1718 1125/1420 1123/1419
f 1351/1719 1350/1720 1352/1721 1353/1722
f 1351/1719 1353/1722 1127/1424 1125/1423
f 1353/1722 1352/1721 1354/1723 1355/1724
f 1353/1722 1355/1724 1356/1725 1127/1424
f 1356/1725 1130/1428 1128/1425 1127/1424
f 1356/1725 1355/1724 1357/1726 1358/1727
f 1356/1725 1358/1727 1359/1728 1130/1428
f 1359/1728 1133/1431 1131/1429 1130/1428
f 1359/1728 1358/1727 1360/1729 1361/1730
f 1359/1728 1361/1730 1135/1433 1133/1431
f 1361/1730 1360/1729 1197/1544 1196/1543
f 1361/1730 1196/1543 1137/1435 1135/1433
f 1360/1729 1358/1727 1357/1726 1362/1731
f 1360/1729 1362/1731 1198/1545 1197/1544
f 1362/1731 1357/1726 1363/1732 1364/1733
f 1362/1731 1364/1733 1200/1547 1198/1545
f 1364/1733 1363/1732 1365/1734 1366/1735
f 1364/1733 1366/1735 1202/1549 1200/1547
f 1366/1735 1365/1734 1367/1736 1368/1737
f 1366/1735 1368/1737 1369/1738 1202/1549
f 1369/1738 1368/1737 1370/1739 1371/1740
f 1369/1738 1371/1740 1372/1741 1205/1552
f 1369/1738 1205/1552 1203/1550 1202/1549
f 1372/1741 1371/1740 1373/1742 1374/1743
f 1372/1741 1374/1743 1375/1744 1376/1745
f 1372/1741 1376/1745 1206/1553 1205/1552
f 1376/1745 1375/1744 1377/1746 1378/1747
f 1376/1745 1378/1747 1207/1554 1206/1553
f 1378/1747 1377/1746 1379/1748 1380/1749
f 1378/1747 1380/1749 1209/1556 1207/1554
f 1380/1749 1379/1748 1381/1750 1382/1751
f 1380/1749 1382/1751 1211/1558 1209/1556
f 1382/1751 1381/1750 1383/1752 1384/1753
f 1382/1751 1384/1753 1385/1754 1211/1558
f 1385/1754 1215/1562 1212/1559 1211/1558
f 1385/1754 1384/1753 645/792 1386/1755
f 1385/1754 1386/1755 1387/1756 1215/1562
f 1387/1756 1218/1565 1216/1563 1215/1562
f 1387/1756 1386/1755 1388/1757 1389/1758
f 1387/1756 1389/1758 1390/1759 1218/1565
f 1390/1759 1221/1568 1219/1566 1218/1565
f 1390/1759 1389/1758 1391/1760 1392/1761
f 1390/1759 1392/1761 1393/1762 1221/1568
f 1393/1762 1394/1763 1222/1569 1221/1568
f 1393/1762 1392/1761 1395/1764 1396/1765
f 1393/1762 1396/1765 1397/1766 1394/1763
f 1396/1767 1395/1768 1398/1769 1399/1770
f 1396/1767 1399/1770 1400/1771 1397/1772
f 1400/1773 1401/1774 1402/1775 1397/1776
f 1400/1777 1399/1778 1403/1779 1404/1780
f 1404/1781 1403/1782 678/1783 677/1784
f 1405/1785 1406/1786 1407/1787 1408/1788
f 1405/1789 1408/1790 1409/1791 1401/1792
f 1409/1791 1408/1790 1410/1793 1411/1794
f 1409/1795 1411/1796 1412/1797 1413/1798
f 1409/1799 1413/1800 1402/1775 1401/1774
f 1413/1798 1412/1797 520/1801 1414/1802
f 1413/1800 1414/1803 1415/1804 1402/1775
f 1414/1805 520/599 517/596 1416/1806
f 1414/1805 1416/1806 1417/1807 1415/1808
f 1417/1807 1416/1806 1418/1809 1419/1810
f 1417/1807 1419/1810 1420/1811 1421/1812
f 1417/1807 1421/1812 1394/1763 1415/1808
f 1421/1812 1420/1811 1225/1572 1223/1570
f 1420/1811 1419/1810 1422/1813 1233/1580
f 1420/1811 1233/1580 1231/1578 1225/1572
f 1422/1813 1419/1810 1418/1809 1423/1814
f 1422/1813 1423/1814 1424/1815 1236/1583
f 1422/1813 1236/1583 1234/1581 1233/1580
f 1424/1815 1423/1814 1425/1816 1426/1817
f 1424/1815 1426/1817 1427/1818 1428/1819
f 1424/1815 1428/1819 1237/1584 1236/1583
f 1428/1819 1427/1818 1429/1820 1430/1821
f 1428/1819 1430/1821 1238/1585 1237/1584
f 1430/1821 1429/1820 1431/1822 1432/1823
f 1430/1821 1432/1823 1240/1587 1238/1585
f 1432/1823 1431/1822 1433/1824 1434/1825
f 1432/1823 1434/1825 1242/1589 1240/1587
f 1434/1825 1433/1824 1435/1826 1436/1827
f 1434/1825 1436/1827 1437/1828 1242/1589
f 1437/1828 1436/1827 1438/1829 1439/1830
f 1437/1828 1439/1830 1440/1831 1245/1592
f 1437/1828 1245/1592 1243/1590 1242/1589
f 1440/1831 1439/1830 1441/1832 1442/1833
f 1440/1831 1442/1833 1443/1834 1444/1835
f 1440/1831 1444/1835 1246/1593 1245/1592
f 1444/1835 1443/1834 1255/1602 1253/1600
f 1444/1835 1253/1600 1247/1594 1246/1593
f 1443/1836 1442/1837 1445/1838 1446/1839
f 1443/1840 1446/1841 1257/1607 1255/1606
f 1446/1842 1445/1843 1447/1844 1448/1845
f 1446/1842 1448/1845 1259/1611 1257/1610
f 1448/1846 1447/1847 1449/1848 1450/1849
f 1448/1846 1450/1849 1261/1615 1259/1614
f 1450/1849 1449/1848 1451/1850 1452/1851
f 1450/1849 1452/1851 1263/1617 1261/1615
f 1452/1851 1451/1850 1453/1852 1454/1853
f 1452/1851 1454/1853 1265/1619 1263/1617
f 1454/1853 1453/1852 1455/1854 1456/1855
f 1454/1853 1456/1855 1267/1621 1265/1619
f 1456/1856 1455/1857 1457/1858 1458/1859
f 1456/1856 1458/1859 1269/1625 1267/1624
f 1458/1859 1457/1858 1459/1860 1460/1861
f 1458/1859 1460/1861 1271/1627 1269/1625
f 1460/1861 1459/1860 1461/1862 1462/1863
f 1460/1861 1462/1863 1273/1629 1271/1627
f 1462/1863 1461/1862 1463/1864 1464/1865
f 1462/1863 1464/1865 1275/1631 1273/1629
f 1464/1865 1463/1864 1465/1866 1466/1867
f 1464/1865 1466/1867 1277/1633 1275/1631
f 1466/1867 1465/1866 1467/1868 1468/1869
f 1466/1867 1468/1869 1279/1635 1277/1633
f 1468/1870 1467/1871 1469/1872 1470/1873
f 1468/1870 1470/1873 1281/1639 1279/1638
f 1470/1873 1469/1872 1471/1874 1472/1875
f 1470/1873 1472/1875 1283/1641 1281/1639
f 1472/1875 1471/1874 1473/1876 1474/1877
f 1472/1875 1474/1877 1285/1643 1283/1641
f 1474/1877 1473/1876 1475/1878 1476/1879
f 1474/1877 1476/1879 1287/1645 1285/1643
f 1476/1879 1475/1878 1477/1880 1478/1881
f 1476/1879 1478/1881 1289/1647 1287/1645
f 1478/1881 1477/1880 1479/1882 1480/1883
f 1478/1881 1480/1883 1291/1649 1289/1647
f 1480/1883 1479/1882 1481/1884 1482/1885
f 1480/1883 1482/1885 1483/1886 1291/1649
f 1483/1886 1482/1885 1484/1887 1485/1888
f 1483/1886 1485/1888 1486/1889 1294/1652
f 1483/1886 1294/1652 1292/1650 1291/1649
f 1486/1889 1485/1888 1487/1890 1488/1891
f 1486/1889 1488/1891 1489/1892 1297/1655
f 1486/1889 1297/1655 1295/1653 1294/1652
f 1489/1892 1488/1891 1490/1893 1491/1894
f 1489/1892 1491/1894 1492/1895 1300/1658
f 1489/1892 1300/1658 1298/1656 1297/1655
f 1492/1895 1491/1894 1493/1896 1494/1897
f 1492/1895 1494/1897 1495/1898 1303/1661
f 1492/1895 1303/1661 1301/1659 1300/1658
f 1495/1898 1494/1897 1496/1899 1497/1900
f 1495/1898 1497/1900 1498/1901 1306/1664
f 1495/1898 1306/1664 1304/1662 1303/1661
f 1498/1901 1497/1900 1499/1902 1500/1903
f 1498/1901 1500/1903 1501/1904 1309/1667
f 1498/1901 1309/1667 1307/1665 1306/1664
f 1501/1904 1500/1903 1502/1905 1503/1906
f 1501/1904 1503/1906 1504/1907 1505/1908
f 1501/1904 1505/1908 1310/1668 1309/1667
f 1505/1908 1504/1907 1506/1909 1507/1910
f 1505/1908 1507/1910 1311/1669 1310/1668
f 1507/1910 1506/1909 1508/1911 1509/1912
f 1507/1910 1509/1912 1313/1671 1311/1669
f 1509/1912 1508/1911 1510/1913 1511/1914
f 1509/1912 1511/1914 1315/1673 1313/1671
f 1511/1914 1510/1913 1512/1915 1320/1678
f 1511/1914 1320/1678 1317/1675 1315/1673
f 1512/1915 1510/1913 1513/1916 1514/1917
f 1512/1915 1514/1917 1515/1918 1516/1919
f 1512/1915 1516/1919 1321/1679 1320/1678
f 1516/1920 1515/1921 1517/1922 1518/1923
f 1516/1920 1518/1923 1322/1682 1321/1681
f 1518/1923 1517/1922 1519/1924 1327/1688
f 1518/1923 1327/1688 1324/1685 1322/1682
f 1519/1924 1517/1922 1520/1925 1521/1926
f 1519/1924 1521/1926 1522/1927 1330/1691
f 1519/1924 1330/1691 1328/1689 1327/1688
f 1522/1927 1521/1926 1523/1928 1524/1929
f 1522/1927 1524/1929 1525/1930 1526/1931
f 1522/1927 1526/1931 1331/1692 1330/1691
f 1526/1931 1525/1930 1527/1932 1528/1933
f 1526/1931 1528/1933 1332/1693 1331/1692
f 1528/1933 1527/1932 1529/1934 1530/1935
f 1528/1933 1530/1935 1334/1695 1332/1693
f 1530/1936 1529/1937 1531/1938 1532/1939
f 1530/1936 1532/1939 1336/1699 1334/1698
f 1532/1939 1531/1938 1533/1940 1534/1941
f 1532/1939 1534/1941 1338/1701 1336/1699
f 1534/1941 1533/1940 1535/1942 1536/1943
f 1534/1941 1536/1943 1340/1703 1338/1701
f 1536/1943 1535/1942 1537/1944 1538/1945
f 1536/1943 1538/1945 1342/1705 1340/1703
f 1538/1945 1537/1944 1539/1946 1540/1947
f 1538/1945 1540/1947 1344/1707 1342/1705
f 1540/1947 1539/1946 1541/1948 1542/1949
f 1540/1947 1542/1949 1346/1709 1344/1707
f 1542/1950 1541/1951 1543/1952 1544/1953
f 1542/1950 1544/1953 1348/1713 1346/1712
f 1544/1954 1543/1955 1545/1956 1546/1957
f 1544/1954 1546/1957 1350/1958 1348/1959
f 1546/1960 1545/1961 1547/1962 1548/1963
f 1546/1960 1548/1963 1352/1721 1350/1720
f 1548/1963 1547/1962 1549/1964 1550/1965
f 1548/1963 1550/1965 1354/1723 1352/1721
f 1550/1965 1549/1964 1367/1736 1365/1734
f 1550/1965 1365/1734 1363/1732 1354/1723
f 1549/1964 1547/1962 1551/1966 1552/1967
f 1549/1964 1552/1967 1553/1968 1367/1736
f 1553/1968 1552/1967 1554/1969 1555/1970
f 1553/1968 1555/1970 1556/1971 1370/1739
f 1553/1968 1370/1739 1368/1737 1367/1736
f 1556/1971 1555/1970 1557/1972 1558/1973
f 1556/1971 1558/1973 1559/1974 1373/1742
f 1556/1971 1373/1742 1371/1740 1370/1739
f 1559/1974 1558/1973 1560/1975 1561/1976
f 1559/1974 1561/1976 1562/1977 1563/1978
f 1559/1974 1563/1978 1374/1743 1373/1742
f 1563/1978 1562/1977 1564/1979 1565/1980
f 1563/1978 1565/1980 1375/1744 1374/1743
f 1565/1980 1564/1979 1566/1981 1567/1982
f 1565/1980 1567/1982 1377/1746 1375/1744
f 1567/1982 1566/1981 1568/1983 1569/1984
f 1567/1982 1569/1984 1379/1748 1377/1746
f 1569/1984 1568/1983 1570/1985 1571/1986
f 1569/1984 1571/1986 1381/1750 1379/1748
f 1571/1986 1570/1985 1572/1987 1573/1988
f 1571/1986 1573/1988 1383/1752 1381/1750
f 1573/1988 1572/1987 697/855 644/791
f 1573/1988 644/791 643/790 1383/1752
f 1572/1987 1570/1985 1574/1989 1575/1990
f 1572/1987 1575/1990 695/853 697/855
f 1575/1990 1574/1989 1576/1991 1577/1992
f 1575/1990 1577/1992 696/854 695/853
f 1577/1992 1576/1991 1578/1993 1579/1994
f 1577/1992 1579/1994 1580/1995 696/854
f 1580/1995 1581/1996 1582/1997 1583/1998
f 1580/1995 1583/1998 691/849 696/854
f 1580/1995 1579/1994 1584/1999 1581/1996
f 1584/1999 1585/2000 1586/2001 1581/1996
f 1584/1999 1579/1994 1578/1993 1587/2002
f 1584/1999 1587/2002 1588/2003 1585/2000
f 1588/2003 1589/2004 1590/2005 1585/2000
f 1588/2003 1587/2002 1591/2006 1592/2007
f 1588/2003 1592/2007 1593/2008 1589/2004
f 1593/2008 1594/2009 1595/2010 1589/2004
f 1593/2008 1592/2007 1596/2011 1597/2012
f 1593/2008 1597/2012 1598/2013 1594/2009
f 1598/2014 1599/2015 1600/2016 1594/2017
f 1598/2013 1597/2012 1601/2018 1602/2019
f 1598/2014 1602/2020 1603/2021 1599/2015
f 1603/2021 1604/2022 1605/2023 1599/2015
f 1603/2021 1602/2020 1606/2024 1607/2025
f 1603/2021 1607/2025 1608/2026 1604/2022
f 1608/2026 1609/2027 1610/2028 1604/2022
f 1608/2026 1607/2025 1611/2029 1612/2030
f 1608/2026 1612/2030 1613/2031 1609/2027
f 1613/2032 1614/2033 1615/2034 1609/2035
f 1613/2031 1612/2030 1616/2036 1617/2037
f 1613/2032 1617/2038 1618/2039 1614/2033
f 1618/2039 1619/2040 1620/2041 1614/2033
f 1618/2039 1617/2038 1621/2042 1622/2043
f 1618/2039 1622/2043 1623/2044 1619/2040
f 1623/2045 1624/2046 1625/2047 1619/2048
f 1623/2044 1622/2043 1626/2049 1627/2050
f 1623/2045 1627/2051 1628/2052 1624/2046
f 1628/2052 1629/2053 1630/2054 1624/2046
f 1628/2052 1627/2051 1631/2055 1632/2056
f 1628/2052 1632/2056 1633/2057 1629/2053
f 1633/2057 1634/2058 1635/2059 1629/2053
f 1633/2057 1632/2056 1636/2060 1637/2061
f 1633/2057 1637/2061 1638/2062 1634/2058
f 1638/2062 1639/2063 1640/2064 1634/2058
f 1638/2062 1637/2061 1641/2065 1642/2066
f 1638/2062 1642/2066 1643/2067 1639/2063
f 1643/2067 1644/2068 1645/2069 1639/2063
f 1643/2067 1642/2066 1646/2070 1647/2071
f 1643/2067 1647/2071 1648/2072 1644/2068
f 1648/2072 1649/2073 1650/2074 1644/2068
f 1648/2072 1647/2071 707/867 1651/2075
f 1648/2072 1651/2075 1652/2076 1649/2073
f 1652/2076 1653/2077 1654/2078 1649/2073
f 1652/2076 1651/2075 1655/2079 1656/2080
f 1652/2076 1656/2080 1657/2081 1653/2077
f 1657/2081 1658/2082 1659/2083 1653/2077
f 1657/2081 1656/2080 1660/2084 1661/2085
f 1657/2086 1661/2087 1662/2088 1658/2089
f 1662/2088 1663/2090 1664/2091 1658/2089
f 1662/2088 1661/2087 1665/2092 1666/2093
f 1662/2088 1666/2093 1667/2094 1663/2090
f 1667/2094 1668/2095 1669/2096 1663/2090
f 1667/2094 1666/2093 1670/2097 1671/2098
f 1667/2094 1671/2098 1672/2099 1668/2095
f 1672/2099 1673/2100 1674/2101 1668/2095
f 1672/2099 1671/2098 1675/2102 1676/2103
f 1672/2099 1676/2103 1677/2104 1673/2100
f 1677/2104 1678/2105 1679/2106 1673/2100
f 1677/2104 1676/2103 1680/2107 1681/2108
f 1677/2104 1681/2108 1682/2109 1678/2105
f 1682/2109 1529/1934 1527/1932 1678/2105
f 1682/2110 1681/2111 1683/2112 1684/2113
f 1682/2110 1684/2113 1531/1938 1529/1937
f 1684/2113 1683/2112 1685/2114 1686/2115
f 1684/2113 1686/2115 1533/1940 1531/1938
f 1686/2115 1685/2114 1687/2116 1688/2117
f 1686/2115 1688/2117 1535/1942 1533/1940
f 1688/2117 1687/2116 1689/2118 1690/2119
f 1688/2117 1690/2119 1537/1944 1535/1942
f 1690/2119 1689/2118 1691/2120 1692/2121
f 1690/2119 1692/2121 1539/1946 1537/1944
f 1692/2121 1691/2120 1693/2122 1694/2123
f 1692/2121 1694/2123 1541/1948 1539/1946
f 1694/2124 1693/2125 1695/2126 1696/2127
f 1694/2124 1696/2127 1543/1952 1541/1951
f 1696/2128 1695/2129 1697/2130 1698/2131
f 1696/2128 1698/2131 1545/1956 1543/1955
f 1698/2132 1697/2133 1699/2134 1551/1966
f 1698/2132 1551/1966 1547/1962 1545/1961
f 1699/2134 1697/2133 1700/2135 1701/2136
f 1699/2134 1701/2136 1702/2137 1554/1969
f 1699/2134 1554/1969 1552/1967 1551/1966
f 1702/2137 1701/2136 1703/2138 1704/2139
f 1702/2137 1704/2139 1705/2140 1557/1972
f 1702/2137 1557/1972 1555/1970 1554/1969
f 1705/2140 1704/2139 1706/2141 1707/2142
f 1705/2140 1707/2142 1708/2143 1560/1975
f 1705/2140 1560/1975 1558/1973 1557/1972
f 1708/2143 1707/2142 1709/2144 1710/2145
f 1708/2143 1710/2145 1711/2146 1712/2147
f 1708/2143 1712/2147 1561/1976 1560/1975
f 1712/2147 1711/2146 1713/2148 1714/2149
f 1712/2147 1714/2149 1562/1977 1561/1976
f 1714/2149 1713/2148 1715/2150 1716/2151
f 1714/2149 1716/2151 1564/1979 1562/1977
f 1716/2151 1715/2150 1717/2152 1718/2153
f 1716/2151 1718/2153 1566/1981 1564/1979
f 1718/2153 1717/2152 1719/2154 1720/2155
f 1718/2153 1720/2155 1568/1983 1566/1981
f 1720/2155 1719/2154 1576/1991 1574/1989
f 1720/2155 1574/1989 1570/1985 1568/1983
f 1719/2154 1717/2152 1721/2156 1722/2157
f 1719/2154 1722/2157 1578/1993 1576/1991
f 1722/2157 1591/2006 1587/2002 1578/1993
f 1722/2157 1721/2156 1723/2158 1591/2006
f 1723/2158 1596/2011 1592/2007 1591/2006
f 1723/2158 1721/2156 1724/2159 1725/2160
f 1723/2158 1725/2160 1726/2161 1596/2011
f 1726/2161 1601/2018 1597/2012 1596/2011
f 1726/2161 1725/2160 1727/2162 1728/2163
f 1726/2161 1728/2163 1729/2164 1601/2018
f 1729/2164 1606/2165 1602/2019 1601/2018
f 1729/2164 1728/2163 1730/2166 1731/2167
f 1729/2164 1731/2167 1732/2168 1606/2165
f 1732/2169 1611/2029 1607/2025 1606/2024
f 1732/2168 1731/2167 1733/2170 1734/2171
f 1732/2169 1734/2172 1735/2173 1611/2029
f 1735/2173 1616/2036 1612/2030 1611/2029
f 1735/2173 1734/2172 1736/2174 1737/2175
f 1735/2173 1737/2175 1738/2176 1616/2036
f 1738/2176 1621/2177 1617/2037 1616/2036
f 1738/2176 1737/2175 1739/2178 1740/2179
f 1738/2176 1740/2179 1741/2180 1621/2177
f 1741/2181 1626/2049 1622/2043 1621/2042
f 1741/2182 1740/2183 1742/2184 1743/2185
f 1741/2181 1743/2186 1744/2187 1626/2049
f 1744/2187 1631/2188 1627/2050 1626/2049
f 1744/2187 1743/2186 1745/2189 1746/2190
f 1744/2187 1746/2190 1747/2191 1631/2188
f 1747/2192 1636/2193 1632/2194 1631/2195
f 1747/2191 1746/2190 1748/2196 1749/2197
f 1747/2191 1749/2197 1750/2198 1636/2199
f 1750/2200 1641/2065 1637/2061 1636/2060
f 1750/2198 1749/2197 1751/2201 1752/2202
f 1750/2203 1752/2204 1753/2205 1641/2206
f 1753/2207 1646/2070 1642/2066 1641/2065
f 1753/2208 1752/2202 1754/2209 711/2210
f 1753/2207 711/871 708/868 1646/2070
f 1754/2209 1752/2202 1751/2201 1755/2211
f 1754/2209 1755/2211 1756/2212 1757/2213
f 1754/2209 1757/2213 709/2214 711/2210
f 1757/2215 1758/2216 710/2217 709/2218
f 1757/2215 1756/2219 1759/2220 1758/2216
f 1759/2220 1760/2221 1761/2222 1758/2216
f 1759/2220 1756/2219 1762/2223 1763/2224
f 1759/2220 1763/2224 1764/2225 1760/2221
f 1764/2225 1765/2226 1766/2227 1760/2221
f 1764/2225 1763/2224 1767/2228 1768/2229
f 1764/2225 1768/2229 1769/2230 1765/2226
f 1769/2230 1770/2231 1771/2232 1765/2226
f 1769/2230 1768/2229 1772/2233 1773/2234
f 1769/2230 1773/2234 1774/2235 1770/2231
f 1774/2235 1775/2236 1776/2237 1770/2231
f 1774/2238 1773/2239 1777/2240 1778/2241
f 1774/2242 1778/2243 1779/2244 1775/2245
f 1779/2244 1780/2246 1781/2247 1775/2245
f 1779/2244 1778/2243 1782/2248 1783/2249
f 1779/2244 1783/2249 1784/2250 1780/2246
f 1784/2250 1785/2251 1786/2252 1780/2246
f 1784/2250 1783/2249 1787/2253 1788/2254
f 1784/2250 1788/2254 1789/2255 1785/2251
f 1789/2255 1689/2118 1687/2116 1785/2251
f 1789/2255 1788/2254 1790/2256 1791/2257
f 1789/2255 1791/2257 1691/2120 1689/2118
f 1791/2257 1790/2256 1792/2258 1793/2259
f 1791/2257 1793/2259 1693/2122 1691/2120
f 1793/2260 1792/2261 1794/2262 1795/2263
f 1793/2264 1795/2265 1695/2126 1693/2125
f 1795/2265 1794/2266 1796/2267 1700/2268
f 1795/2265 1700/2268 1697/2269 1695/2126
f 1796/2267 1794/2266 1797/2270 1798/2271
f 1796/2272 1798/2273 1799/2274 1703/2138
f 1796/2272 1703/2138 1701/2136 1700/2135
f 1799/2274 1798/2273 1800/2275 1801/2276
f 1799/2274 1801/2276 1802/2277 1706/2141
f 1799/2274 1706/2141 1704/2139 1703/2138
f 1802/2277 1801/2276 1803/2278 1804/2279
f 1802/2277 1804/2279 1805/2280 1709/2144
f 1802/2277 1709/2144 1707/2142 1706/2141
f 1805/2280 1804/2279 1806/2281 1807/2282
f 1805/2280 1807/2282 1808/2283 1809/2284
f 1805/2280 1809/2284 1710/2145 1709/2144
f 1809/2284 1808/2283 1810/2285 1811/2286
f 1809/2284 1811/2286 1711/2146 1710/2145
f 1811/2286 1810/2285 1727/2162 1812/2287
f 1811/2286 1812/2287 1713/2148 1711/2146
f 1812/2287 1727/2162 1725/2160 1724/2159
f 1812/2287 1724/2159 1715/2150 1713/2148
f 1810/2285 1808/2283 1813/2288 1730/2166
f 1810/2285 1730/2166 1728/2163 1727/2162
f 1813/2288 1808/2283 1807/2282 1814/2289
f 1813/2288 1814/2289 1815/2290 1733/2170
f 1813/2288 1733/2170 1731/2167 1730/2166
f 1815/2290 1814/2289 1816/2291 1817/2292
f 1815/2293 1817/2294 1818/2295 1736/2174
f 1815/2293 1736/2174 1734/2172 1733/2296
f 1818/2295 1739/2178 1737/2175 1736/2174
f 1818/2297 1817/2298 1819/2299 1820/2300
f 1818/2297 1820/2300 1821/2301 1739/2302
f 1821/2301 1742/2184 1740/2183 1739/2302
f 1821/2301 1820/2300 1822/2303 1823/2304
f 1821/2301 1823/2304 1824/2305 1742/2184
f 1824/2306 1745/2189 1743/2186 1742/2307
f 1824/2306 1823/2308 1825/2309 1826/2310
f 1824/2306 1826/2310 1827/2311 1745/2189
f 1827/2311 1748/2196 1746/2190 1745/2189
f 1827/2311 1826/2310 1828/2312 1829/2313
f 1827/2311 1829/2313 1830/2314 1748/2196
f 1830/2314 1751/2201 1749/2197 1748/2196
f 1830/2314 1829/2313 1831/2315 1832/2316
f 1830/2314 1832/2316 1755/2211 1751/2201
f 1832/2316 1831/2315 1833/2317 1762/2318
f 1832/2316 1762/2318 1756/2212 1755/2211
f 1833/2319 1767/2228 1763/2224 1762/2223
f 1833/2317 1831/2315 1834/2320 1835/2321
f 1833/2319 1835/2322 1836/2323 1767/2228
f 1836/2323 1772/2233 1768/2229 1767/2228
f 1836/2323 1835/2322 1837/2324 1838/2325
f 1836/2323 1838/2325 1839/2326 1772/2233
f 1839/2326 1777/2327 1773/2234 1772/2233
f 1839/2326 1838/2325 621/2328 1840/2329
f 1839/2330 1840/2331 1841/2332 1777/2333
f 1841/2334 1782/2248 1778/2243 1777/2335
f 1841/2334 1840/2336 1842/2337 1843/2338
f 1841/2334 1843/2338 1844/2339 1782/2248
f 1844/2339 1787/2253 1783/2249 1782/2248
f 1844/2339 1843/2338 1845/2340 1846/2341
f 1844/2339 1846/2341 1847/2342 1787/2253
f 1847/2342 1790/2256 1788/2254 1787/2253
f 1847/2342 1846/2341 1848/2343 1849/2344
f 1847/2342 1849/2344 1792/2258 1790/2256
f 1849/2345 1848/2346 1850/2347 1797/2348
f 1849/2345 1797/2348 1794/2262 1792/2261
f 1850/2349 1848/2343 1851/2350 1852/2351
f 1850/2352 1852/2353 1853/2354 1800/2355
f 1850/2352 1800/2355 1798/2271 1797/2270
f 1853/2356 1852/2357 1854/2358 1855/2359
f 1853/2360 1855/2361 1856/2362 1803/2363
f 1853/2364 1803/2365 1801/2366 1800/2367
f 1856/2362 1855/2361 1857/2368 1858/2369
f 1856/2370 1858/2371 1816/2291 1806/2281
f 1856/2370 1806/2281 1804/2279 1803/2278
f 1858/2369 1857/2368 1859/2372 1819/2373
f 1858/2371 1819/2374 1817/2292 1816/2291
f 1859/2375 1857/2376 1860/2377 1861/2378
f 1859/2379 1861/2380 1862/2381 1822/2303
f 1859/2379 1822/2303 1820/2300 1819/2299
f 1862/2382 1825/2309 1823/2308 1822/2383
f 1862/2384 1861/2385 1863/2386 1864/2387
f 1862/2382 1864/2388 1865/2389 1825/2309
f 1865/2389 1828/2312 1826/2310 1825/2309
f 1865/2389 1864/2388 623/2390 1866/2391
f 1865/2389 1866/2391 1834/2320 1828/2312
f 1866/2391 623/2390 622/2392 1837/2393
f 1866/2391 1837/2393 1835/2321 1834/2320
f 1864/2387 1863/2386 624/764 623/763
f 1863/2394 1867/2395 1868/2396 624/2397
f 1863/2394 1861/2378 1860/2377 1867/2395
f 1868/2396 1869/2398 1842/2337 620/2399
f 1868/2400 620/760 98/759 624/764
f 1868/2396 1867/2395 1870/2401 1869/2398
f 1870/2401 1851/2350 1845/2340 1869/2398
f 1870/2401 1867/2395 1860/2377 1854/2402
f 1870/2401 1854/2402 1852/2351 1851/2350
f 1869/2398 1845/2340 1843/2338 1842/2337
f 1860/2377 1857/2376 1855/2403 1854/2402
f 1851/2350 1848/2343 1846/2341 1845/2340
f 1842/2337 1840/2336 621/2404 620/2399
f 1838/2325 1837/2324 622/2405 621/2328
f 1834/2320 1831/2315 1829/2313 1828/2312
f 1816/2291 1814/2289 1807/2282 1806/2281
f 1786/2252 1685/2114 1683/2112 1871/2406
f 1786/2252 1871/2406 1781/2247 1780/2246
f 1786/2252 1785/2251 1687/2116 1685/2114
f 1871/2406 1683/2112 1681/2111 1680/2407
f 1871/2406 1680/2407 1872/2408 1781/2247
f 1872/2409 1680/2107 1676/2103 1675/2102
f 1872/2409 1675/2102 1873/2410 1776/2237
f 1872/2411 1776/2412 1775/2413 1781/2414
f 1873/2410 1675/2102 1671/2098 1670/2097
f 1873/2410 1670/2097 1874/2415 1771/2232
f 1873/2410 1771/2232 1770/2231 1776/2237
f 1874/2415 1670/2097 1666/2093 1665/2092
f 1874/2415 1665/2092 1875/2416 1766/2227
f 1874/2415 1766/2227 1765/2226 1771/2232
f 1875/2416 1665/2092 1661/2087 1660/2417
f 1875/2416 1660/2417 1876/2418 1761/2222
f 1875/2416 1761/2222 1760/2221 1766/2227
f 1876/2419 1660/2084 1656/2080 1655/2079
f 1876/2419 1655/2079 706/866 710/870
f 1876/2418 710/2217 1758/2216 1761/2222
f 1724/2159 1721/2156 1717/2152 1715/2150
f 1679/2106 1525/1930 1524/1929 1877/2420
f 1679/2106 1877/2420 1674/2101 1673/2100
f 1679/2106 1678/2105 1527/1932 1525/1930
f 1877/2420 1524/1929 1523/1928 1878/2421
f 1877/2420 1878/2421 1879/2422 1674/2101
f 1879/2422 1878/2421 1880/2423 1881/2424
f 1879/2422 1881/2424 1882/2425 1669/2096
f 1879/2422 1669/2096 1668/2095 1674/2101
f 1882/2426 1881/2427 1883/2428 1884/2429
f 1882/2426 1884/2429 1885/2430 1664/2431
f 1882/2425 1664/2091 1663/2090 1669/2096
f 1885/2430 1884/2429 1886/2432 1887/2433
f 1885/2430 1887/2433 1888/2434 1659/2083
f 1885/2430 1659/2083 1658/2082 1664/2431
f 1888/2434 1887/2433 1889/2435 1890/2436
f 1888/2434 1890/2436 1891/2437 1654/2078
f 1888/2434 1654/2078 1653/2077 1659/2083
f 1891/2437 1890/2436 1892/2438 1893/2439
f 1891/2437 1893/2439 1894/2440 1650/2074
f 1891/2437 1650/2074 1649/2073 1654/2078
f 1894/2440 1893/2439 1895/2441 1896/2442
f 1894/2440 1896/2442 1897/2443 1645/2069
f 1894/2440 1645/2069 1644/2068 1650/2074
f 1897/2443 1896/2442 1898/2444 1899/2445
f 1897/2443 1899/2445 1900/2446 1640/2064
f 1897/2443 1640/2064 1639/2063 1645/2069
f 1900/2446 1899/2445 1901/2447 1902/2448
f 1900/2446 1902/2448 1903/2449 1635/2059
f 1900/2446 1635/2059 1634/2058 1640/2064
f 1903/2449 1902/2448 1904/2450 1905/2451
f 1903/2449 1905/2451 1906/2452 1630/2054
f 1903/2449 1630/2054 1629/2053 1635/2059
f 1906/2452 1905/2451 1907/2453 1908/2454
f 1906/2452 1908/2454 1909/2455 1625/2047
f 1906/2452 1625/2047 1624/2046 1630/2054
f 1909/2455 1908/2454 1910/2456 1911/2457
f 1909/2455 1911/2457 1912/2458 1620/2459
f 1909/2455 1620/2459 1619/2048 1625/2047
f 1912/2458 1911/2457 1913/2460 1914/2461
f 1912/2462 1914/2463 1915/2464 1615/2034
f 1912/2462 1615/2034 1614/2033 1620/2041
f 1915/2464 1914/2463 1916/2465 1917/2466
f 1915/2464 1917/2466 1918/2467 1610/2468
f 1915/2464 1610/2468 1609/2035 1615/2034
f 1918/2467 1917/2466 1919/2469 1920/2470
f 1918/2471 1920/2472 1921/2473 1605/2023
f 1918/2471 1605/2023 1604/2022 1610/2028
f 1921/2473 1920/2472 1922/2474 1923/2475
f 1921/2473 1923/2475 1924/2476 1600/2016
f 1921/2473 1600/2016 1599/2015 1605/2023
f 1924/2476 1923/2475 1925/2477 1926/2478
f 1924/2476 1926/2478 1927/2479 1595/2480
f 1924/2476 1595/2480 1594/2017 1600/2016
f 1927/2479 1926/2478 1928/2481 1929/2482
f 1927/2483 1929/2484 1930/2485 1590/2005
f 1927/2483 1590/2005 1589/2004 1595/2010
f 1930/2485 1929/2484 1931/2486 1932/2487
f 1930/2485 1932/2487 1933/2488 1586/2001
f 1930/2485 1586/2001 1585/2000 1590/2005
f 1933/2488 1932/2487 1934/2489 1935/2490
f 1933/2488 1935/2490 1936/2491 1582/1997
f 1933/2488 1582/1997 1581/1996 1586/2001
f 1936/2491 1935/2490 1937/2492 1938/2493
f 1936/2491 1938/2493 1939/2494 1940/2495
f 1936/2491 1940/2495 1583/1998 1582/1997
f 1940/2495 1939/2494 686/843 685/842
f 1940/2495 685/842 691/849 1583/1998
f 1939/2494 1938/2493 1941/2496 1942/2497
f 1939/2494 1942/2497 689/846 686/843
f 1942/2497 1941/2496 1943/2498 1944/2499
f 1942/2497 1944/2499 1945/2500 689/846
f 1945/2500 1944/2499 1946/2501 1947/2502
f 1945/2500 1947/2502 1948/2503 1949/2504
f 1945/2500 1949/2504 690/847 689/846
f 1949/2504 1948/2503 1950/2505 1951/2506
f 1949/2504 1951/2506 1952/2507 690/847
f 1952/2507 1951/2506 1953/2508 650/799
f 1952/2507 650/799 102/793 687/844
f 1952/2507 687/844 108/838 690/847
f 1953/2508 1951/2506 1950/2505 1954/2509
f 1953/2508 1954/2509 1955/2510 1956/2511
f 1953/2508 1956/2511 651/800 650/799
f 1956/2511 1955/2510 1957/2512 1958/2513
f 1956/2511 1958/2513 1959/2514 651/800
f 1959/2514 1958/2513 1960/2515 1961/2516
f 1959/2514 1961/2516 1962/2517 1963/2518
f 1959/2514 1963/2518 646/794 651/800
f 1963/2518 1962/2517 1964/2519 1965/2520
f 1963/2518 1965/2520 647/795 646/794
f 1965/2521 1964/2522 1966/2523 1967/2524
f 1965/2521 1967/2524 1968/2525 647/2526
f 1968/2527 1969/2528 648/2529 647/2530
f 1968/2525 1967/2524 1970/2531 1971/2532
f 1968/2527 1971/2533 1972/2534 1969/2528
f 1972/2535 590/707 588/706 1969/2536
f 1972/2535 1971/2537 577/687 576/686
f 1972/2535 576/686 580/690 590/707
f 1971/2537 1970/2538 1973/2539 577/687
f 1973/2539 1970/2538 1974/2540 1975/2541
f 1973/2542 1975/2543 1976/2544 1977/2545
f 1973/2539 1977/2546 578/688 577/687
f 1977/2546 1976/2547 1978/2548 1979/2549
f 1977/2546 1979/2549 581/691 578/688
f 1979/2549 1978/2548 1980/2550 1981/2551
f 1979/2549 1981/2551 1982/2552 581/691
f 1982/2552 1983/2553 579/689 581/691
f 1982/2552 1981/2551 1984/2554 1985/2555
f 1982/2552 1985/2555 1986/2556 1983/2553
f 1986/2557 1987/2558 1988/2559 1983/2560
f 1986/2556 1985/2555 553/642 552/641
f 1986/2557 552/649 557/648 1987/2558
f 1988/2561 584/696 590/707 580/690
f 1988/2561 580/690 579/689 1983/2553
f 1988/2561 1987/2562 585/697 584/696
f 1987/2562 557/2563 616/751 585/697
f 1985/2555 1984/2554 1989/2564 553/642
f 1989/2564 1984/2554 1990/2565 1991/2566
f 1989/2564 1991/2566 1992/2567 1993/2568
f 1989/2564 1993/2568 554/643 553/642
f 1993/2569 1992/2570 1994/2571 1995/2572
f 1993/2569 1995/2572 555/646 554/645
f 1995/2573 1994/2574 1996/2575 1997/2576
f 1995/2573 1997/2576 1998/2577 555/2578
f 1998/2579 1997/2580 1999/2581 2000/2582
f 1998/2583 2000/2584 2001/2585 2002/2586
f 1998/2577 2002/2587 556/2588 555/2578
f 2002/2587 2001/2589 617/752 616/751
f 2002/2587 616/751 557/2563 556/2588
f 2001/2590 2000/2582 641/2591 640/2592
f 2001/2593 640/789 618/755 617/754
f 2000/2582 1999/2581 2003/2594 641/2591
f 2003/2595 1391/1760 1389/1758 1388/1757
f 2003/2595 1388/1757 642/786 641/785
f 2003/2595 1999/2596 2004/2597 1391/1760
f 2004/2597 1395/1764 1392/1761 1391/1760
f 2004/2598 1999/2581 1997/2580 1996/2599
f 2004/2598 1996/2599 1398/1769 1395/1768
f 1996/2575 1994/2574 2005/2600 1398/2601
f 2005/2600 1403/1779 1399/1778 1398/2601
f 2005/2602 1994/2571 1992/2570 2006/2603
f 2005/2600 2006/2604 678/2605 1403/1779
f 2006/2604 1992/2567 1991/2566 2007/2606
f 2006/2607 2007/2608 679/833 678/832
f 2007/2606 1991/2566 1990/2565 2008/2609
f 2007/2606 2008/2609 680/836 679/835
f 2008/2609 1990/2565 1980/2550 2009/2610
f 2008/2609 2009/2610 2010/2611 680/836
f 2010/2611 2009/2610 2011/2612 2012/2613
f 2010/2611 2012/2613 2013/2614 2014/2615
f 2010/2611 2014/2615 681/837 680/836
f 2014/2615 2013/2614 2015/2616 1407/2617
f 2015/2618 89/681 575/684 1410/2619
f 2015/2616 1410/1793 1408/1790 1407/2617
f 2013/2614 2012/2613 2016/2620 573/2621
f 2016/2620 2017/2622 2018/2623 2019/2624
f 2016/2620 2019/2624 574/2625 573/2621
f 2016/2620 2012/2613 2011/2612 2017/2622
f 2019/2624 2018/2623 2020/2626 2021/2627
f 2019/2624 2021/2627 2022/2628 574/2625
f 2022/2629 2021/2630 2023/2631 2024/2632
f 2022/2633 2024/2634 2025/2635 2026/2636
f 2022/2628 2026/2637 575/2638 574/2625
f 2026/2636 2025/2635 1412/1797 1411/1796
f 2026/2637 1411/1794 1410/1793 575/2638
f 2025/2635 2024/2634 2027/2639 521/2640
f 2025/2635 521/2640 520/1801 1412/1797
f 2027/2641 2028/2642 2029/2643 2030/2644
f 2027/2641 2030/2644 77/593 521/600
f 2027/2639 2024/2634 2023/2645 2028/2646
f 2030/2644 2029/2643 2031/2647 2032/2648
f 2032/2648 2031/2647 2033/2649 2034/2650
f 2032/2648 2034/2650 2035/2651 518/597
f 2035/2651 2034/2650 659/810 658/809
f 2035/2651 658/809 2036/2652 2037/2653
f 2035/2651 2037/2653 519/598 518/597
f 2037/2653 2036/2652 2038/2654 2039/2655
f 2037/2653 2039/2655 2040/2656 519/598
f 2040/2656 2039/2655 2041/2657 2042/2658
f 2040/2656 2042/2658 2043/2659 2044/2660
f 2040/2656 2044/2660 515/594 519/598
f 2044/2660 2043/2659 1426/1817 1425/1816
f 2044/2660 1425/1816 516/595 515/594
f 2043/2659 2042/2658 2045/2661 2046/2662
f 2043/2659 2046/2662 1427/1818 1426/1817
f 2046/2662 2045/2661 2047/2663 2048/2664
f 2046/2662 2048/2664 1429/1820 1427/1818
f 2048/2664 2047/2663 2049/2665 2050/2666
f 2048/2664 2050/2666 1431/1822 1429/1820
f 2050/2666 2049/2665 2051/2667 2052/2668
f 2050/2666 2052/2668 1433/1824 1431/1822
f 2052/2668 2051/2667 2053/2669 2054/2670
f 2052/2668 2054/2670 1435/1826 1433/1824
f 2054/2670 2053/2669 2055/2671 2056/2672
f 2054/2670 2056/2672 2057/2673 1435/1826
f 2057/2674 2056/2675 2058/2676 2059/2677
f 2057/2673 2059/2678 2060/2679 1438/1829
f 2057/2673 1438/1829 1436/1827 1435/1826
f 2060/2680 2059/2681 2061/2682 2062/2683
f 2060/2680 2062/2683 2063/2684 1441/2685
f 2060/2679 1441/1832 1439/1830 1438/1829
f 2063/2686 2062/2687 2064/2688 2065/2689
f 2063/2686 2065/2689 1447/1844 1445/1843
f 2063/2686 1445/1843 1442/2690 1441/2691
f 2065/2692 2064/2693 2066/2694 2067/2695
f 2065/2692 2067/2695 1449/1848 1447/1847
f 2067/2695 2066/2694 2068/2696 2069/2697
f 2067/2695 2069/2697 1451/1850 1449/1848
f 2069/2697 2068/2696 2070/2698 2071/2699
f 2069/2697 2071/2699 1453/1852 1451/1850
f 2071/2699 2070/2698 2072/2700 2073/2701
f 2071/2699 2073/2701 1455/1854 1453/1852
f 2073/2702 2072/2703 2074/2704 2075/2705
f 2073/2702 2075/2705 1457/1858 1455/1857
f 2075/2705 2074/2704 2076/2706 2077/2707
f 2075/2705 2077/2707 1459/1860 1457/1858
f 2077/2707 2076/2706 2078/2708 2079/2709
f 2077/2707 2079/2709 1461/1862 1459/1860
f 2079/2709 2078/2708 2080/2710 2081/2711
f 2079/2709 2081/2711 1463/1864 1461/1862
f 2081/2711 2080/2710 2082/2712 2083/2713
f 2081/2711 2083/2713 1465/1866 1463/1864
f 2083/2713 2082/2712 2084/2714 2085/2715
f 2083/2713 2085/2715 1467/1868 1465/1866
f 2085/2716 2084/2717 2086/2718 2087/2719
f 2085/2716 2087/2719 1469/1872 1467/1871
f 2087/2719 2086/2718 2088/2720 2089/2721
f 2087/2719 2089/2721 1471/1874 1469/1872
f 2089/2721 2088/2720 2090/2722 2091/2723
f 2089/2721 2091/2723 1473/1876 1471/1874
f 2091/2723 2090/2722 2092/2724 2093/2725
f 2091/2723 2093/2725 1475/1878 1473/1876
f 2093/2725 2092/2724 2094/2726 2095/2727
f 2093/2725 2095/2727 1477/1880 1475/1878
f 2095/2727 2094/2726 2096/2728 2097/2729
f 2095/2727 2097/2729 1479/1882 1477/1880
f 2097/2729 2096/2728 2098/2730 2099/2731
f 2097/2729 2099/2731 1481/1884 1479/1882
f 2099/2731 2098/2730 2100/2732 2101/2733
f 2099/2731 2101/2733 2102/2734 1481/1884
f 2102/2734 2101/2733 2103/2735 2104/2736
f 2102/2734 2104/2736 2105/2737 1484/1887
f 2102/2734 1484/1887 1482/1885 1481/1884
f 2105/2737 2104/2736 2106/2738 2107/2739
f 2105/2737 2107/2739 2108/2740 1487/1890
f 2105/2737 1487/1890 1485/1888 1484/1887
f 2108/2740 2107/2739 2109/2741 2110/2742
f 2108/2740 2110/2742 2111/2743 1490/1893
f 2108/2740 1490/1893 1488/1891 1487/1890
f 2111/2743 2110/2742 2112/2744 2113/2745
f 2111/2743 2113/2745 2114/2746 1493/1896
f 2111/2743 1493/1896 1491/1894 1490/1893
f 2114/2746 2113/2745 2115/2747 2116/2748
f 2114/2746 2116/2748 2117/2749 1496/1899
f 2114/2746 1496/1899 1494/1897 1493/1896
f 2117/2749 2116/2748 2118/2750 2119/2751
f 2117/2749 2119/2751 2120/2752 1499/1902
f 2117/2749 1499/1902 1497/1900 1496/1899
f 2120/2752 2119/2751 2121/2753 2122/2754
f 2120/2752 2122/2754 2123/2755 1502/1905
f 2120/2752 1502/1905 1500/1903 1499/1902
f 2123/2755 2122/2754 2124/2756 2125/2757
f 2123/2755 2125/2757 2126/2758 2127/2759
f 2123/2755 2127/2759 1503/1906 1502/1905
f 2127/2759 2126/2758 2128/2760 2129/2761
f 2127/2759 2129/2761 1504/1907 1503/1906
f 2129/2761 2128/2760 2130/2762 2131/2763
f 2129/2761 2131/2763 1506/1909 1504/1907
f 2131/2763 2130/2762 2132/2764 2133/2765
f 2131/2763 2133/2765 1508/1911 1506/1909
f 2133/2765 2132/2764 2134/2766 1513/1916
f 2133/2765 1513/1916 1510/1913 1508/1911
f 2134/2766 2132/2764 2135/2767 2136/2768
f 2134/2766 2136/2768 2137/2769 2138/2770
f 2134/2766 2138/2770 1514/1917 1513/1916
f 2138/2770 2137/2769 2139/2771 2140/2772
f 2138/2770 2140/2772 1515/1918 1514/1917
f 2140/2772 2139/2771 2141/2773 1520/2774
f 2140/2772 1520/2774 1517/2775 1515/1918
f 2141/2773 2139/2771 2142/2776 1880/2777
f 2141/2778 1880/2423 1878/2421 1523/1928
f 2141/2778 1523/1928 1521/1926 1520/1925
f 2142/2776 2139/2771 2137/2769 2143/2779
f 2142/2776 2143/2779 2144/2780 1883/2428
f 2142/2776 1883/2428 1881/2427 1880/2777
f 2144/2780 2143/2779 2145/2781 2146/2782
f 2144/2780 2146/2782 2147/2783 1886/2432
f 2144/2780 1886/2432 1884/2429 1883/2428
f 2147/2783 2146/2782 2148/2784 2149/2785
f 2147/2783 2149/2785 2150/2786 1889/2435
f 2147/2783 1889/2435 1887/2433 1886/2432
f 2150/2786 2149/2785 2151/2787 2152/2788
f 2150/2786 2152/2788 2153/2789 1892/2438
f 2150/2786 1892/2438 1890/2436 1889/2435
f 2153/2789 2152/2788 2154/2790 2155/2791
f 2153/2789 2155/2791 2156/2792 1895/2441
f 2153/2789 1895/2441 1893/2439 1892/2438
f 2156/2792 2155/2791 2157/2793 2158/2794
f 2156/2792 2158/2794 2159/2795 1898/2444
f 2156/2792 1898/2444 1896/2442 1895/2441
f 2159/2795 2158/2794 2160/2796 2161/2797
f 2159/2795 2161/2797 2162/2798 1901/2447
f 2159/2795 1901/2447 1899/2445 1898/2444
f 2162/2798 2161/2797 2163/2799 2164/2800
f 2162/2798 2164/2800 2165/2801 1904/2450
f 2162/2798 1904/2450 1902/2448 1901/2447
f 2165/2801 2164/2800 2166/2802 2167/2803
f 2165/2801 2167/2803 2168/2804 1907/2453
f 2165/2801 1907/2453 1905/2451 1904/2450
f 2168/2804 2167/2803 2169/2805 2170/2806
f 2168/2804 2170/2806 2171/2807 1910/2456
f 2168/2804 1910/2456 1908/2454 1907/2453
f 2171/2807 2170/2806 2172/2808 2173/2809
f 2171/2807 2173/2809 2174/2810 1913/2460
f 2171/2807 1913/2460 1911/2457 1910/2456
f 2174/2810 2173/2809 2175/2811 2176/2812
f 2174/2810 2176/2812 2177/2813 1916/2814
f 2174/2810 1916/2814 1914/2461 1913/2460
f 2177/2813 2176/2812 2178/2815 2179/2816
f 2177/2817 2179/2818 2180/2819 1919/2469
f 2177/2817 1919/2469 1917/2466 1916/2465
f 2180/2819 2179/2818 2181/2820 2182/2821
f 2180/2819 2182/2821 2183/2822 1922/2823
f 2180/2819 1922/2823 1920/2470 1919/2469
f 2183/2822 2182/2821 2184/2824 2185/2825
f 2183/2826 2185/2827 2186/2828 1925/2477
f 2183/2826 1925/2477 1923/2475 1922/2474
f 2186/2828 2185/2827 2187/2829 2188/2830
f 2186/2828 2188/2830 2189/2831 1928/2481
f 2186/2828 1928/2481 1926/2478 1925/2477
f 2189/2831 2188/2830 2190/2832 2191/2833
f 2189/2831 2191/2833 2192/2834 1931/2835
f 2189/2831 1931/2835 1929/2482 1928/2481
f 2192/2834 2191/2833 2193/2836 2194/2837
f 2192/2838 2194/2839 2195/2840 1934/2489
f 2192/2838 1934/2489 1932/2487 1931/2486
f 2195/2840 2194/2839 2196/2841 2197/2842
f 2195/2840 2197/2842 2198/2843 1937/2492
f 2195/2840 1937/2492 1935/2490 1934/2489
f 2198/2843 2197/2842 2199/2844 2200/2845
f 2198/2843 2200/2845 1943/2498 1941/2496
f 2198/2843 1941/2496 1938/2493 1937/2492
f 2200/2845 2199/2844 2201/2846 2202/2847
f 2200/2845 2202/2847 2203/2848 1943/2498
f 2203/2848 2202/2847 2204/2849 2205/2850
f 2203/2848 2205/2850 2206/2851 1946/2501
f 2203/2848 1946/2501 1944/2499 1943/2498
f 2206/2851 2205/2850 2207/2852 2208/2853
f 2206/2851 2208/2853 2209/2854 2210/2855
f 2206/2851 2210/2855 1947/2502 1946/2501
f 2210/2855 2209/2854 2211/2856 2212/2857
f 2210/2855 2212/2857 1948/2503 1947/2502
f 2212/2857 2211/2856 2213/2858 2214/2859
f 2212/2857 2214/2859 1950/2505 1948/2503
f 2214/2859 2213/2858 2215/2860 2216/2861
f 2214/2859 2216/2861 1954/2509 1950/2505
f 2216/2861 2215/2860 2217/2862 2218/2863
f 2216/2861 2218/2863 1955/2510 1954/2509
f 2218/2863 2217/2862 2219/2864 2220/2865
f 2218/2863 2220/2865 1957/2512 1955/2510
f 2220/2865 2219/2864 2221/2866 2222/2867
f 2220/2865 2222/2867 2223/2868 1957/2512
f 2223/2868 2222/2867 2224/2869 2225/2870
f 2223/2868 2225/2870 2226/2871 1960/2515
f 2223/2868 1960/2515 1958/2513 1957/2512
f 2226/2871 2225/2870 2227/2872 2033/2649
f 2226/2871 2033/2649 2031/2647 2228/2873
f 2226/2871 2228/2873 1961/2516 1960/2515
f 2228/2873 2031/2647 2029/2643 2229/2874
f 2228/2873 2229/2874 1962/2517 1961/2516
f 2229/2874 2029/2643 2028/2642 2230/2875
f 2229/2874 2230/2875 1964/2519 1962/2517
f 2230/2876 2028/2646 2023/2645 2231/2877
f 2230/2876 2231/2877 1966/2523 1964/2522
f 2231/2877 2023/2645 2021/2878 2020/2879
f 2231/2877 2020/2879 1974/2880 1966/2523
f 2227/2872 2225/2870 2224/2869 2232/2881
f 2227/2872 2232/2881 660/811 659/810
f 2227/2872 659/810 2034/2650 2033/2649
f 2232/2881 2224/2869 2233/2882 712/873
f 2232/2881 712/873 661/812 660/811
f 2233/2882 2221/2866 2234/2883 2235/2884
f 2233/2882 2235/2884 713/874 712/873
f 2233/2882 2224/2869 2222/2867 2221/2866
f 2235/2884 2234/2883 2236/2885 2237/2886
f 2235/2884 2237/2886 2238/2887 713/874
f 2238/2887 2237/2886 2239/2888 2240/2889
f 2238/2887 2240/2889 2241/2890 2242/2891
f 2238/2887 2242/2891 112/872 713/874
f 2242/2891 2241/2890 2243/2892 2244/2893
f 2242/2891 2244/2893 715/876 112/872
f 2244/2893 2243/2892 2245/2894 2246/2895
f 2244/2893 2246/2895 2247/2896 715/876
f 2247/2896 2246/2895 2248/2897 2249/2898
f 2247/2896 2249/2898 2250/2899 2251/2900
f 2247/2896 2251/2900 716/877 715/876
f 2251/2900 2250/2899 472/2901 471/2902
f 2251/2900 471/2902 2252/2903 716/877
f 2252/2903 2253/2904 714/875 716/877
f 2252/2905 471/520 470/519 2254/2906
f 2252/2907 2254/2908 2255/2909 2253/2910
f 2255/2909 2256/2911 656/2912 2253/2910
f 2255/2909 2254/2908 565/673 566/672
f 2255/2913 566/2914 2257/2915 2256/2916
f 2257/2917 566/672 454/671 451/2918
f 2257/2919 451/2920 447/472 446/471
f 2257/2919 446/471 2258/2921 2256/2922
f 2258/2921 657/2923 656/2924 2256/2922
f 2258/2925 446/2926 445/588 513/587
f 2258/2921 513/2927 512/2928 657/2923
f 2254/2929 470/2930 469/2931 565/2932
f 2253/2904 656/807 655/806 714/875
f 2250/2899 73/572 506/575 472/2901
f 2249/2898 2248/2897 2259/2933 507/576
f 2259/2933 2248/2897 2260/2934 2261/2935
f 2259/2933 2261/2935 2262/2936 491/555
f 2259/2933 491/555 488/552 507/576
f 2262/2936 2261/2935 2263/2937 2264/2938
f 2262/2936 2264/2938 2265/2939 2266/2940
f 2262/2936 2266/2940 492/556 491/555
f 2266/2940 2265/2939 2267/2941 2268/2942
f 2266/2940 2268/2942 493/557 492/556
f 2268/2942 2267/2941 2269/2943 2270/2944
f 2268/2942 2270/2944 2271/2945 493/557
f 2271/2945 2270/2944 2272/2946 2273/2947
f 2271/2945 2273/2947 2274/2948 2275/2949
f 2271/2945 2275/2949 494/558 493/557
f 2275/2949 2274/2948 2276/2950 2277/2951
f 2275/2949 2277/2951 495/559 494/558
f 2277/2951 2276/2950 2278/2952 2279/2953
f 2277/2951 2279/2953 499/564 495/559
f 2279/2953 2278/2952 2280/2954 2281/2955
f 2279/2953 2281/2955 500/565 499/564
f 2281/2955 2280/2954 2282/2956 2283/2957
f 2281/2955 2283/2957 2284/2958 500/565
f 2284/2958 2285/2959 72/560 500/565
f 2284/2958 2283/2957 2051/2667 2049/2665
f 2284/2958 2049/2665 2047/2663 2285/2959
f 2285/2959 2286/2960 501/566 72/560
f 2285/2959 2047/2663 2045/2661 2286/2960
f 2286/2960 2041/2657 2287/2961 501/566
f 2286/2960 2045/2661 2042/2658 2041/2657
f 2287/2961 2038/2654 2288/2962 2289/2963
f 2287/2961 2289/2963 502/567 501/566
f 2287/2961 2041/2657 2039/2655 2038/2654
f 2289/2963 2288/2962 511/582 514/586
f 2289/2963 514/586 2290/2964 502/567
f 2290/2965 514/2966 458/489 462/499
f 2290/2967 462/2968 2291/2969 2292/2970
f 2290/2967 2292/2970 496/2971 502/2972
f 2292/2973 2291/2974 2293/2975 2294/2976
f 2292/2977 2294/2978 497/562 496/561
f 2294/2976 2293/2975 2295/2979 2296/2980
f 2294/2976 2296/2980 490/2981 497/2982
f 2296/2983 2295/2984 2297/2985 2298/2986
f 2296/2983 2298/2986 486/2987 490/2988
f 2298/2986 2297/2985 2299/2989 503/2990
f 2298/2986 503/2990 487/2991 486/2987
f 2299/2992 2300/2993 504/571 503/570
f 2299/2994 2297/2995 478/2996 477/540
f 2299/2994 477/540 482/539 2300/2997
f 2300/2993 476/2998 505/591 504/571
f 2300/2997 482/539 474/524 476/529
f 2297/2995 2295/2999 483/3000 478/2996
f 2295/2999 2293/3001 484/3002 483/3000
f 2293/3001 2291/3003 465/3004 484/3002
f 2291/3003 462/3005 461/501 465/3004
f 2288/2962 2301/3006 512/583 511/582
f 2288/2962 2038/2654 2036/2652 2301/3006
f 2283/2957 2282/2956 2053/2669 2051/2667
f 2282/2956 2280/2954 2302/3007 2303/3008
f 2282/2956 2303/3008 2055/2671 2053/2669
f 2303/3008 2302/3007 2304/3009 2305/3010
f 2303/3008 2305/3010 2306/3011 2055/2671
f 2306/3012 2305/3013 2307/3014 2308/3015
f 2306/3012 2308/3015 2309/3016 2058/3017
f 2306/3011 2058/3018 2056/2672 2055/2671
f 2309/3019 2308/3020 2310/3021 2311/3022
f 2309/3019 2311/3022 2312/3023 2061/3024
f 2309/3016 2061/2682 2059/2681 2058/3017
f 2312/3025 2311/3026 2313/3027 2314/3028
f 2312/3025 2314/3028 2066/2694 2064/2693
f 2312/3023 2064/2688 2062/2687 2061/3024
f 2314/3028 2313/3027 2315/3029 2316/3030
f 2314/3028 2316/3030 2068/2696 2066/2694
f 2316/3030 2315/3029 2317/3031 2318/3032
f 2316/3030 2318/3032 2070/2698 2068/2696
f 2318/3032 2317/3031 2319/3033 2320/3034
f 2318/3032 2320/3034 2072/2700 2070/2698
f 2320/3035 2319/3036 2321/3037 2322/3038
f 2320/3035 2322/3038 2074/2704 2072/2703
f 2322/3038 2321/3037 2323/3039 2324/3040
f 2322/3038 2324/3040 2076/2706 2074/2704
f 2324/3040 2323/3039 2325/3041 2326/3042
f 2324/3040 2326/3042 2078/2708 2076/2706
f 2326/3042 2325/3041 2327/3043 2328/3044
f 2326/3042 2328/3044 2080/2710 2078/2708
f 2328/3044 2327/3043 2329/3045 2330/3046
f 2328/3044 2330/3046 2082/2712 2080/2710
f 2330/3046 2329/3045 2331/3047 2332/3048
f 2330/3046 2332/3048 2084/2714 2082/2712
f 2332/3049 2331/3050 2333/3051 2334/3052
f 2332/3049 2334/3052 2086/2718 2084/2717
f 2334/3052 2333/3051 2335/3053 2336/3054
f 2334/3052 2336/3054 2088/2720 2086/2718
f 2336/3054 2335/3053 2337/3055 2338/3056
f 2336/3054 2338/3056 2090/2722 2088/2720
f 2338/3056 2337/3055 2339/3057 2340/3058
f 2338/3056 2340/3058 2092/2724 2090/2722
f 2340/3058 2339/3057 2341/3059 2342/3060
f 2340/3058 2342/3060 2094/2726 2092/2724
f 2342/3060 2341/3059 2343/3061 2344/3062
f 2342/3060 2344/3062 2096/2728 2094/2726
f 2344/3062 2343/3061 2345/3063 2346/3064
f 2344/3062 2346/3064 2098/2730 2096/2728
f 2346/3064 2345/3063 2347/3065 2348/3066
f 2346/3064 2348/3066 2100/2732 2098/2730
f 2348/3066 2347/3065 2349/3067 2350/3068
f 2348/3066 2350/3068 2351/3069 2100/2732
f 2351/3069 2350/3068 2352/3070 2353/3071
f 2351/3069 2353/3071 2354/3072 2103/2735
f 2351/3069 2103/2735 2101/2733 2100/2732
f 2354/3072 2353/3071 2355/3073 2356/3074
f 2354/3072 2356/3074 2357/3075 2106/2738
f 2354/3072 2106/2738 2104/2736 2103/2735
f 2357/3075 2356/3074 2358/3076 2359/3077
f 2357/3075 2359/3077 2360/3078 2109/2741
f 2357/3075 2109/2741 2107/2739 2106/2738
f 2360/3078 2359/3077 2361/3079 2362/3080
f 2360/3078 2362/3080 2363/3081 2112/2744
f 2360/3078 2112/2744 2110/2742 2109/2741
f 2363/3081 2362/3080 2364/3082 2365/3083
f 2363/3081 2365/3083 2366/3084 2115/2747
f 2363/3081 2115/2747 2113/2745 2112/2744
f 2366/3084 2365/3083 2367/3085 2368/3086
f 2366/3084 2368/3086 2369/3087 2118/2750
f 2366/3084 2118/2750 2116/2748 2115/2747
f 2369/3087 2368/3086 2370/3088 2371/3089
f 2369/3087 2371/3089 2372/3090 2121/2753
f 2369/3087 2121/2753 2119/2751 2118/2750
f 2372/3090 2371/3089 2373/3091 2374/3092
f 2372/3090 2374/3092 2375/3093 2124/2756
f 2372/3090 2124/2756 2122/2754 2121/2753
f 2375/3093 2374/3092 2376/3094 2377/3095
f 2375/3093 2377/3095 2378/3096 2379/3097
f 2375/3093 2379/3097 2125/2757 2124/2756
f 2379/3097 2378/3096 2380/3098 2381/3099
f 2379/3097 2381/3099 2126/2758 2125/2757
f 2381/3099 2380/3098 2382/3100 2383/3101
f 2381/3099 2383/3101 2128/2760 2126/2758
f 2383/3101 2382/3100 2384/3102 2385/3103
f 2383/3101 2385/3103 2130/2762 2128/2760
f 2385/3103 2384/3102 2386/3104 2135/2767
f 2385/3103 2135/2767 2132/2764 2130/2762
f 2386/3104 2384/3102 2387/3105 2148/2784
f 2386/3104 2148/2784 2146/2782 2145/2781
f 2386/3104 2145/2781 2136/2768 2135/2767
f 2387/3105 2384/3102 2382/3100 2388/3106
f 2387/3105 2388/3106 2389/3107 2151/2787
f 2387/3105 2151/2787 2149/2785 2148/2784
f 2389/3107 2388/3106 2390/3108 2391/3109
f 2389/3107 2391/3109 2392/3110 2154/2790
f 2389/3107 2154/2790 2152/2788 2151/2787
f 2392/3110 2391/3109 2393/3111 2394/3112
f 2392/3110 2394/3112 2395/3113 2157/2793
f 2392/3110 2157/2793 2155/2791 2154/2790
f 2395/3113 2394/3112 2396/3114 2397/3115
f 2395/3113 2397/3115 2398/3116 2160/2796
f 2395/3113 2160/2796 2158/2794 2157/2793
f 2398/3116 2397/3115 2399/3117 2400/3118
f 2398/3116 2400/3118 2401/3119 2163/2799
f 2398/3116 2163/2799 2161/2797 2160/2796
f 2401/3119 2400/3118 2402/3120 2403/3121
f 2401/3119 2403/3121 2404/3122 2166/2802
f 2401/3119 2166/2802 2164/2800 2163/2799
f 2404/3122 2403/3121 2405/3123 2406/3124
f 2404/3122 2406/3124 2407/3125 2169/2805
f 2404/3122 2169/2805 2167/2803 2166/2802
f 2407/3125 2406/3124 2408/3126 2409/3127
f 2407/3125 2409/3127 2410/3128 2172/2808
f 2407/3125 2172/2808 2170/2806 2169/2805
f 2410/3128 2409/3127 2411/3129 2412/3130
f 2410/3128 2412/3130 2413/3131 2175/2811
f 2410/3128 2175/2811 2173/2809 2172/2808
f 2413/3131 2412/3130 2414/3132 2415/3133
f 2413/3131 2415/3133 2416/3134 2178/2815
f 2413/3131 2178/2815 2176/2812 2175/2811
f 2416/3134 2415/3133 2417/3135 2418/3136
f 2416/3134 2418/3136 2419/3137 2181/3138
f 2416/3134 2181/3138 2179/2816 2178/2815
f 2419/3137 2418/3136 2420/3139 2421/3140
f 2419/3141 2421/3142 2422/3143 2184/2824
f 2419/3141 2184/2824 2182/2821 2181/2820
f 2422/3143 2421/3142 2423/3144 2424/3145
f 2422/3143 2424/3145 2425/3146 2187/3147
f 2422/3143 2187/3147 2185/2825 2184/2824
f 2425/3146 2424/3145 2426/3148 2427/3149
f 2425/3150 2427/3151 2428/3152 2190/2832
f 2425/3150 2190/2832 2188/2830 2187/2829
f 2428/3152 2427/3151 2429/3153 2430/3154
f 2428/3152 2430/3154 2431/3155 2193/2836
f 2428/3152 2193/2836 2191/2833 2190/2832
f 2431/3155 2430/3154 2432/3156 2433/3157
f 2431/3155 2433/3157 2434/3158 2196/3159
f 2431/3155 2196/3159 2194/2837 2193/2836
f 2434/3158 2433/3157 2435/3160 2436/3161
f 2434/3162 2436/3163 2201/2846 2199/2844
f 2434/3162 2199/2844 2197/2842 2196/2841
f 2436/3161 2435/3160 2437/3164 2438/3165
f 2436/3163 2438/3166 2439/3167 2201/2846
f 2439/3167 2438/3166 2440/3168 2441/3169
f 2439/3167 2441/3169 2442/3170 2204/2849
f 2439/3167 2204/2849 2202/2847 2201/2846
f 2442/3170 2441/3169 2443/3171 2444/3172
f 2442/3170 2444/3172 2445/3173 2207/2852
f 2442/3170 2207/2852 2205/2850 2204/2849
f 2445/3173 2444/3172 2446/3174 2447/3175
f 2445/3173 2447/3175 2448/3176 2449/3177
f 2445/3173 2449/3177 2208/2853 2207/2852
f 2449/3177 2448/3176 2450/3178 2451/3179
f 2449/3177 2451/3179 2209/2854 2208/2853
f 2451/3179 2450/3178 2452/3180 2453/3181
f 2451/3179 2453/3181 2211/2856 2209/2854
f 2453/3181 2452/3180 2454/3182 2455/3183
f 2453/3181 2455/3183 2213/2858 2211/2856
f 2455/3183 2454/3182 2456/3184 2457/3185
f 2455/3183 2457/3185 2215/2860 2213/2858
f 2457/3185 2456/3184 2458/3186 2459/3187
f 2457/3185 2459/3187 2217/2862 2215/2860
f 2459/3187 2458/3186 2460/3188 2461/3189
f 2459/3187 2461/3189 2219/2864 2217/2862
f 2461/3189 2460/3188 2236/2885 2234/2883
f 2461/3189 2234/2883 2221/2866 2219/2864
f 2460/3188 2458/3186 630/772 2462/3190
f 2460/3188 2462/3190 2463/3191 2236/2885
f 2463/3191 2462/3190 2464/3192 2465/3193
f 2463/3191 2465/3193 2466/3194 2239/2888
f 2463/3191 2239/2888 2237/2886 2236/2885
f 2466/3194 2465/3193 2467/3195 2468/3196
f 2466/3194 2468/3196 2469/3197 2470/3198
f 2466/3194 2470/3198 2240/2889 2239/2888
f 2470/3198 2469/3197 2471/3199 2472/3200
f 2470/3198 2472/3200 2241/2890 2240/2889
f 2472/3200 2471/3199 2473/3201 2474/3202
f 2472/3200 2474/3202 2243/2892 2241/2890
f 2474/3202 2473/3201 2475/3203 2476/3204
f 2474/3202 2476/3204 2245/2894 2243/2892
f 2475/3203 2473/3201 2477/3205 2478/3206
f 2479/3207 2480/3208 2481/3209 381/3210
f 2479/3211 381/371 380/370 508/578
f 2479/3212 2478/3213 2482/3214 2480/3215
f 2482/3214 2483/3216 2484/3217 2480/3215
f 2482/3218 2478/3219 2477/3220 2485/3221
f 2482/3222 2485/3223 2486/3224 2483/3225
f 2486/3224 2487/3226 2488/3227 2489/3228
f 2486/3224 2489/3228 2490/3229 2483/3225
f 2486/3230 2485/3231 2491/3232 2487/3233
f 2491/3232 2492/3234 2493/3235 2487/3233
f 2491/3236 2485/3221 2477/3220 2494/3237
f 2491/3236 2494/3237 2495/3238 2492/3239
f 2495/3238 2496/3240 2497/3241 2492/3239
f 2495/3242 2494/3243 2471/3199 2469/3197
f 2495/3242 2469/3197 2468/3196 2496/3244
f 2497/3245 2498/3246 2499/3247 2500/3248
f 2497/3245 2500/3248 2493/3249 2492/3250
f 2497/3241 2496/3240 2501/3251 2498/3252
f 2501/3251 2502/3253 2503/3254 2498/3252
f 2501/3255 2496/3244 2468/3196 2467/3195
f 2501/3255 2467/3195 2504/3256 2502/3257
f 2504/3256 633/775 2505/3258 2502/3257
f 2504/3256 2467/3195 2465/3193 2464/3192
f 2504/3256 2464/3192 629/771 633/775
f 2505/3259 2506/3260 2507/3261 2508/3262
f 2505/3263 2508/3264 2503/3254 2502/3253
f 2505/3259 633/3265 628/3266 2506/3260
f 2508/3267 2507/3268 2509/3269 2510/3270
f 2508/3267 2510/3270 2511/3271 2503/3272
f 2511/3271 2510/3270 572/680 2512/3273
f 2511/3271 2512/3273 2513/3274 2499/3247
f 2511/3271 2499/3247 2498/3246 2503/3272
f 2513/3274 2512/3273 2514/3275 2515/3276
f 2513/3274 2515/3276 2516/3277 2517/3278
f 2513/3274 2517/3278 2500/3248 2499/3247
f 2517/3278 2516/3277 2518/3279 2519/3280
f 2517/3278 2519/3280 2493/3249 2500/3248
f 2519/3281 2518/3282 2520/3283 2488/3284
f 2519/3280 2488/3227 2487/3226 2493/3249
f 2520/3285 2518/3279 2521/3286 2522/3287
f 2520/3285 2522/3287 652/802 2523/3288
f 2520/3283 2523/3289 2489/3290 2488/3284
f 2523/3291 2524/3292 2490/3293 2489/3294
f 2524/3295 103/801 654/804 2525/3296
f 2524/3292 2525/3297 2526/3298 2490/3293
f 2526/3299 2525/3300 444/467 2527/3301
f 2526/3302 2527/3303 2528/3304 2484/3305
f 2526/3302 2484/3305 2483/3225 2490/3229
f 2528/3304 2527/3303 2529/3306 2530/3307
f 2528/3308 2530/3309 2531/3310 2481/3209
f 2528/3308 2481/3209 2480/3208 2484/3311
f 2531/3310 2532/3312 2533/3313 382/3314
f 2531/3310 382/3314 381/3210 2481/3209
f 2531/3310 2530/3309 2534/3315 2532/3312
f 2534/3315 2535/3316 2536/3317 2532/3312
f 2534/3318 2530/3307 2529/3306 2537/3319
f 2534/3318 2537/3319 2538/3320 2535/3321
f 2538/3320 2539/3322 2540/3323 2535/3321
f 2538/3320 2537/3319 440/3324 2541/3325
f 2538/3320 2541/3325 2542/3326 2539/3322
f 2542/3326 2543/3327 2544/3328 2539/3322
f 2542/3326 2541/3325 2545/3329 2546/3330
f 2542/3326 2546/3330 2547/3331 2543/3327
f 2547/3331 2548/3332 2549/3333 2543/3327
f 2547/3331 2546/3330 2550/3334 2551/3335
f 2547/3331 2551/3335 2552/3336 2548/3332
f 2552/3336 2553/3337 2554/3338 2548/3332
f 2552/3336 2551/3335 2555/3339 2556/3340
f 2552/3336 2556/3340 2557/3341 2553/3337
f 2557/3341 636/779 635/778 2553/3337
f 2557/3341 2556/3340 2558/3342 2559/3343
f 2557/3341 2559/3343 570/678 636/779
f 2559/3343 2558/3342 2515/3276 2514/3275
f 2559/3343 2514/3275 571/679 570/678
f 2558/3342 2556/3340 2555/3339 2560/3344
f 2558/3342 2560/3344 2516/3277 2515/3276
f 2560/3344 2555/3339 2561/3345 2521/3286
f 2560/3344 2521/3286 2518/3279 2516/3277
f 2561/3345 2555/3339 2551/3335 2550/3334
f 2561/3345 2550/3334 2562/3346 2563/3347
f 2561/3345 2563/3347 2522/3287 2521/3286
f 2563/3347 2562/3346 443/465 653/803
f 2563/3347 653/803 652/802 2522/3287
f 2562/3346 2550/3334 2546/3330 2545/3329
f 2562/3346 2545/3329 439/466 443/465
f 2554/3338 280/216 279/215 2564/3348
f 2554/3338 2564/3348 2549/3333 2548/3332
f 2554/3338 2553/3337 635/778 280/216
f 2564/3348 279/215 283/219 2565/3349
f 2564/3348 2565/3349 2566/3350 2549/3333
f 2566/3350 2565/3349 2567/3351 2568/3352
f 2566/3350 2568/3352 2569/3353 2544/3328
f 2566/3350 2544/3328 2543/3327 2549/3333
f 2569/3354 2568/3355 2570/3356 2571/3357
f 2569/3354 2571/3357 2572/3358 2540/3359
f 2569/3353 2540/3323 2539/3322 2544/3328
f 2572/3358 2571/3357 2573/3360 2574/3361
f 2572/3358 2574/3361 2575/3362 2536/3317
f 2572/3358 2536/3317 2535/3316 2540/3359
f 2575/3363 2574/3364 2576/3365 2577/3366
f 2575/3363 2577/3366 377/367 2533/3367
f 2575/3362 2533/3313 2532/3312 2536/3317
f 2577/3366 2576/3365 2578/3368 2579/3369
f 2577/3366 2579/3369 378/368 377/367
f 2579/3369 2578/3368 2580/3370 2581/3371
f 2581/3371 2580/3370 2582/3372 2583/3373
f 2583/3373 2582/3372 2584/3374 2585/3375
f 2583/3373 2585/3375 2586/3376 132/3377
f 2584/3374 2587/3378 2588/3379 2589/3380
f 2584/3374 2582/3372 2590/3381 2587/3378
f 2590/3381 2591/3382 2592/3383 2587/3378
f 2590/3381 2582/3372 2580/3370 2593/3384
f 2590/3381 2593/3384 2594/3385 2591/3382
f 2594/3385 2595/3386 2596/3387 2591/3382
f 2594/3385 2593/3384 2597/3388 2598/3389
f 2594/3385 2598/3389 2599/3390 2595/3386
f 2599/3390 2600/3391 2601/3392 2595/3386
f 2599/3390 2598/3389 2602/3393 2603/3394
f 2599/3390 2603/3394 2604/3395 2600/3391
f 2604/3395 173/69 172/68 2600/3391
f 2604/3395 2603/3394 2605/3396 2606/3397
f 2604/3395 2606/3397 2607/3398 173/69
f 2607/3398 2608/3399 9/63 173/69
f 2607/3398 2606/3397 2609/3400 2610/3401
f 2607/3398 2610/3401 2611/3402 2608/3399
f 2611/3403 293/234 292/233 2608/3404
f 2611/3405 2610/3406 2612/3407 2613/3408
f 2611/3403 2613/3409 2614/3410 293/234
f 2614/3410 288/3411 2615/3412 2616/3413
f 2614/3410 2616/3413 294/235 293/234
f 2614/3410 2613/3409 284/3414 288/3411
f 2616/3413 2615/3412 2617/3415 2618/3416
f 2616/3413 2618/3416 296/238 294/235
f 2618/3417 2617/3418 278/212 277/211
f 2618/3416 277/3419 276/3420 296/238
f 2617/3418 2619/3421 272/200 278/212
f 2617/3418 2615/3422 2620/3423 2619/3421
f 2620/3423 591/3424 594/3425 2619/3421
f 2620/3423 2615/3422 288/225 287/224
f 2620/3423 287/224 291/231 591/3424
f 2619/3421 594/3425 270/201 272/200
f 2613/3408 2612/3407 282/3426 284/3427
f 2612/3407 2610/3406 2609/3428 2621/3429
f 2612/3430 2621/3431 283/219 282/218
f 2621/3429 2609/3428 2622/3432 2567/3433
f 2621/3431 2567/3351 2565/3349 283/219
f 2622/3432 2609/3428 2606/3434 2605/3435
f 2622/3436 2605/3437 2623/3438 2570/3356
f 2622/3436 2570/3356 2568/3355 2567/3439
f 2623/3440 2605/3396 2603/3394 2602/3393
f 2623/3440 2602/3393 2624/3441 2573/3442
f 2623/3438 2573/3360 2571/3357 2570/3356
f 2624/3441 2602/3393 2598/3389 2597/3388
f 2624/3441 2597/3388 2578/3368 2576/3365
f 2624/3441 2576/3365 2574/3364 2573/3442
f 2608/3399 292/3443 168/64 9/63
f 2601/3392 2625/3444 2626/3445 2627/3446
f 2601/3392 2627/3446 2596/3387 2595/3386
f 2601/3392 2600/3391 172/68 2625/3444
f 2627/3446 2626/3445 2628/3447 2629/3448
f 2627/3446 2629/3448 2630/3449 2596/3387
f 2630/3449 2629/3448 2631/3450 2632/3451
f 2630/3449 2632/3451 2633/3452 2592/3383
f 2630/3449 2592/3383 2591/3382 2596/3387
f 2633/3452 2632/3451 2634/3453 2635/3454
f 2633/3452 2635/3454 2636/3455 2588/3379
f 2633/3452 2588/3379 2587/3378 2592/3383
f 2636/3455 2635/3454 2637/3456 2638/3457
f 2636/3455 2638/3457 2639/3458 2640/3459
f 2636/3455 2640/3459 2589/3380 2588/3379
f 2640/3459 2639/3458 2641/3460 2642/3461
f 2640/3459 2642/3461 2643/3462 2589/3380
f 2642/3461 2641/3460 2644/3463 2645/3464
f 2642/3461 2645/3464 2646/3465 2643/3462
f 2646/3465 2645/3464 2647/3466 2648/3467
f 2646/3465 2648/3467 2649/3468 2650/3469
f 2649/3468 2648/3467 2651/3470 2652/3471
f 2649/3468 2652/3471 2653/3472 2654/3473
f 2649/3468 2654/3473 2655/3474 2650/3469
f 2654/3473 2653/3472 2656/3475 2657/3476
f 2654/3473 2657/3476 2658/3477 2655/3474
f 2658/3477 2659/3478 2586/3376 2655/3474
f 2658/3479 2657/3480 2660/3481 438/3482
f 2658/3483 438/458 437/457 2659/3484
f 2660/3485 2657/3486 2656/3487 2661/3488
f 2660/3485 2661/3488 2662/3489 2663/3490
f 2660/3481 2663/3491 56/3492 438/3482
f 2663/3493 2662/3494 2664/3495 436/453
f 2664/3495 2662/3494 428/441 426/434
f 2664/3495 426/434 425/433 2665/3496
f 2664/3495 2665/3496 432/454 436/453
f 2665/3497 425/3498 427/3499 2666/3500
f 2665/3497 2666/3500 433/3501 432/3502
f 2666/3503 427/437 2667/3504 2668/3505
f 2666/3500 2668/3506 134/3507 433/3501
f 2668/3508 2667/3509 2669/3510 2670/3511
f 2670/3511 2669/3510 385/375 379/369
f 2669/3510 2667/3509 2671/3512 2672/3513
f 2669/3510 2672/3513 2673/3514 385/375
f 2673/3514 2672/3513 2674/3515 2675/3516
f 2673/3514 2675/3516 2676/3517 2677/3518
f 2673/3514 2677/3518 383/373 385/375
f 2677/3518 2676/3517 2678/3519 2679/3520
f 2677/3518 2679/3520 384/374 383/373
f 2679/3520 2678/3519 2680/3521 2681/3522
f 2679/3520 2681/3522 509/579 384/374
f 2681/3522 2680/3521 2682/3523 2683/3524
f 2681/3522 2683/3524 510/580 509/579
f 2683/3524 2682/3523 2264/2938 2263/2937
f 2683/3524 2263/2937 2684/3525 510/580
f 2682/3523 2680/3521 2685/3526 2686/3527
f 2682/3523 2686/3527 2265/2939 2264/2938
f 2686/3527 2685/3526 2687/3528 2688/3529
f 2686/3527 2688/3529 2267/2941 2265/2939
f 2688/3529 2687/3528 2689/3530 2690/3531
f 2688/3529 2690/3531 2269/2943 2267/2941
f 2690/3531 2689/3530 2691/3532 2692/3533
f 2690/3531 2692/3533 2693/3534 2269/2943
f 2693/3534 2692/3533 2694/3535 2695/3536
f 2693/3534 2695/3536 2696/3537 2272/2946
f 2693/3534 2272/2946 2270/2944 2269/2943
f 2696/3538 2695/3539 2697/3540 2698/3541
f 2696/3538 2698/3541 2699/3542 2700/3543
f 2696/3537 2700/3544 2273/2947 2272/2946
f 2700/3543 2699/3542 2701/3545 2702/3546
f 2700/3544 2702/3547 2274/2948 2273/2947
f 2702/3546 2701/3545 2703/3548 2704/3549
f 2702/3547 2704/3550 2276/2950 2274/2948
f 2704/3549 2703/3548 2705/3551 2706/3552
f 2704/3550 2706/3553 2278/2952 2276/2950
f 2706/3553 2705/3554 2304/3009 2302/3007
f 2706/3553 2302/3007 2280/2954 2278/2952
f 2705/3555 2703/3556 2707/3557 2708/3558
f 2705/3555 2708/3558 2709/3559 2304/3560
f 2709/3561 2708/3562 2710/3563 2711/3564
f 2709/3561 2711/3564 2712/3565 2307/3566
f 2709/3559 2307/3014 2305/3013 2304/3560
f 2712/3567 2711/3568 2713/3569 2714/3570
f 2712/3567 2714/3570 2715/3571 2310/3572
f 2712/3565 2310/3021 2308/3020 2307/3566
f 2715/3571 2714/3570 2716/3573 2717/3574
f 2715/3571 2717/3574 2315/3029 2313/3027
f 2715/3571 2313/3027 2311/3026 2310/3572
f 2717/3574 2716/3573 2718/3575 2719/3576
f 2717/3574 2719/3576 2317/3031 2315/3029
f 2719/3576 2718/3575 2720/3577 2721/3578
f 2719/3576 2721/3578 2319/3033 2317/3031
f 2721/3579 2720/3580 2722/3581 2723/3582
f 2721/3579 2723/3582 2321/3037 2319/3036
f 2723/3582 2722/3581 2724/3583 2725/3584
f 2723/3582 2725/3584 2323/3039 2321/3037
f 2725/3584 2724/3583 2726/3585 2727/3586
f 2725/3584 2727/3586 2325/3041 2323/3039
f 2727/3586 2726/3585 2728/3587 2729/3588
f 2727/3586 2729/3588 2327/3043 2325/3041
f 2729/3588 2728/3587 2730/3589 2731/3590
f 2729/3588 2731/3590 2329/3045 2327/3043
f 2731/3590 2730/3589 2732/3591 2733/3592
f 2731/3590 2733/3592 2331/3047 2329/3045
f 2733/3593 2732/3594 2734/3595 2735/3596
f 2733/3593 2735/3596 2333/3051 2331/3050
f 2735/3596 2734/3595 2736/3597 2737/3598
f 2735/3596 2737/3598 2335/3053 2333/3051
f 2737/3598 2736/3597 2738/3599 2739/3600
f 2737/3598 2739/3600 2337/3055 2335/3053
f 2739/3600 2738/3599 2740/3601 2741/3602
f 2739/3600 2741/3602 2339/3057 2337/3055
f 2741/3602 2740/3601 2742/3603 2743/3604
f 2741/3602 2743/3604 2341/3059 2339/3057
f 2743/3604 2742/3603 2744/3605 2745/3606
f 2743/3604 2745/3606 2343/3061 2341/3059
f 2745/3606 2744/3605 2746/3607 2747/3608
f 2745/3606 2747/3608 2345/3063 2343/3061
f 2747/3608 2746/3607 2748/3609 2749/3610
f 2747/3608 2749/3610 2347/3065 2345/3063
f 2749/3610 2748/3609 2750/3611 2751/3612
f 2749/3610 2751/3612 2349/3067 2347/3065
f 2751/3612 2750/3611 2752/3613 2753/3614
f 2751/3612 2753/3614 2754/3615 2349/3067
f 2754/3615 2753/3614 2755/3616 2756/3617
f 2754/3615 2756/3617 2757/3618 2352/3070
f 2754/3615 2352/3070 2350/3068 2349/3067
f 2757/3618 2756/3617 2758/3619 2759/3620
f 2757/3618 2759/3620 2760/3621 2355/3073
f 2757/3618 2355/3073 2353/3071 2352/3070
f 2760/3621 2759/3620 2761/3622 2762/3623
f 2760/3621 2762/3623 2763/3624 2358/3076
f 2760/3621 2358/3076 2356/3074 2355/3073
f 2763/3624 2762/3623 2764/3625 2765/3626
f 2763/3624 2765/3626 2766/3627 2361/3079
f 2763/3624 2361/3079 2359/3077 2358/3076
f 2766/3627 2765/3626 2767/3628 2768/3629
f 2766/3627 2768/3629 2769/3630 2364/3082
f 2766/3627 2364/3082 2362/3080 2361/3079
f 2769/3630 2768/3629 2770/3631 2771/3632
f 2769/3630 2771/3632 2772/3633 2367/3085
f 2769/3630 2367/3085 2365/3083 2364/3082
f 2772/3633 2771/3632 2773/3634 2774/3635
f 2772/3633 2774/3635 2775/3636 2370/3088
f 2772/3633 2370/3088 2368/3086 2367/3085
f 2775/3636 2774/3635 2776/3637 2777/3638
f 2775/3636 2777/3638 2778/3639 2373/3091
f 2775/3636 2373/3091 2371/3089 2370/3088
f 2778/3639 2777/3638 2779/3640 2780/3641
f 2778/3639 2780/3641 2781/3642 2376/3094
f 2778/3639 2376/3094 2374/3092 2373/3091
f 2781/3642 2780/3641 2782/3643 2783/3644
f 2781/3642 2783/3644 2784/3645 2785/3646
f 2781/3642 2785/3646 2377/3095 2376/3094
f 2785/3646 2784/3645 2393/3111 2786/3647
f 2785/3646 2786/3647 2378/3096 2377/3095
f 2786/3647 2393/3111 2391/3109 2390/3108
f 2786/3647 2390/3108 2380/3098 2378/3096
f 2784/3645 2783/3644 2787/3648 2396/3114
f 2784/3645 2396/3114 2394/3112 2393/3111
f 2787/3648 2783/3644 2782/3643 2788/3649
f 2787/3648 2788/3649 2789/3650 2399/3117
f 2787/3648 2399/3117 2397/3115 2396/3114
f 2789/3650 2788/3649 2790/3651 2791/3652
f 2789/3650 2791/3652 2792/3653 2402/3120
f 2789/3650 2402/3120 2400/3118 2399/3117
f 2792/3653 2791/3652 2793/3654 2794/3655
f 2792/3653 2794/3655 2795/3656 2405/3123
f 2792/3653 2405/3123 2403/3121 2402/3120
f 2795/3656 2794/3655 2796/3657 2797/3658
f 2795/3656 2797/3658 2798/3659 2408/3126
f 2795/3656 2408/3126 2406/3124 2405/3123
f 2798/3659 2797/3658 2799/3660 2800/3661
f 2798/3659 2800/3661 2801/3662 2411/3129
f 2798/3659 2411/3129 2409/3127 2408/3126
f 2801/3662 2800/3661 2802/3663 2803/3664
f 2801/3662 2803/3664 2804/3665 2414/3132
f 2801/3662 2414/3132 2412/3130 2411/3129
f 2804/3665 2803/3664 2805/3666 2806/3667
f 2804/3665 2806/3667 2807/3668 2417/3135
f 2804/3665 2417/3135 2415/3133 2414/3132
f 2807/3668 2806/3667 2808/3669 2809/3670
f 2807/3668 2809/3670 2810/3671 2420/3139
f 2807/3668 2420/3139 2418/3136 2417/3135
f 2810/3671 2809/3670 2811/3672 2812/3673
f 2810/3671 2812/3673 2813/3674 2423/3675
f 2810/3671 2423/3675 2421/3140 2420/3139
f 2813/3674 2812/3673 2814/3676 2815/3677
f 2813/3678 2815/3679 2816/3680 2426/3148
f 2813/3678 2426/3148 2424/3145 2423/3144
f 2816/3680 2815/3679 2817/3681 2818/3682
f 2816/3683 2818/3684 2819/3685 2429/3153
f 2816/3683 2429/3153 2427/3151 2426/3686
f 2819/3685 2818/3684 2820/3687 2821/3688
f 2819/3685 2821/3688 2822/3689 2432/3156
f 2819/3685 2432/3156 2430/3154 2429/3153
f 2822/3689 2821/3688 2823/3690 2824/3691
f 2822/3689 2824/3691 2437/3164 2435/3160
f 2822/3689 2435/3160 2433/3157 2432/3156
f 2824/3691 2823/3690 2825/3692 2826/3693
f 2824/3691 2826/3693 2827/3694 2437/3164
f 2827/3694 2826/3693 2828/3695 2829/3696
f 2827/3694 2829/3696 2830/3697 2440/3698
f 2827/3694 2440/3698 2438/3165 2437/3164
f 2830/3697 2829/3696 2831/3699 2832/3700
f 2830/3701 2832/3702 2833/3703 2443/3171
f 2830/3701 2443/3171 2441/3169 2440/3168
f 2833/3703 2832/3702 2834/3704 2835/3705
f 2833/3703 2835/3705 2836/3706 2446/3174
f 2833/3703 2446/3174 2444/3172 2443/3171
f 2836/3706 2835/3705 2837/3707 2838/3708
f 2836/3706 2838/3708 2839/3709 2840/3710
f 2836/3706 2840/3710 2447/3175 2446/3174
f 2840/3710 2839/3709 2841/3711 2842/3712
f 2840/3710 2842/3712 2448/3176 2447/3175
f 2842/3712 2841/3711 701/860 2843/3713
f 2842/3712 2843/3713 2450/3178 2448/3176
f 2843/3713 701/860 698/857 2844/3714
f 2843/3713 2844/3714 2452/3180 2450/3178
f 2844/3714 698/857 625/766 632/774
f 2844/3714 632/774 2454/3182 2452/3180
f 2841/3711 2839/3709 2845/3715 2846/3716
f 2841/3711 2846/3716 702/861 701/860
f 2846/3716 2845/3715 2847/3717 2848/3718
f 2846/3716 2848/3718 705/864 702/861
f 2848/3718 2847/3717 2849/3719 2850/3720
f 2848/3718 2850/3720 2851/3721 705/864
f 2851/3721 2850/3720 165/60 167/62
f 2851/3721 167/62 2852/3722 2853/3723
f 2851/3721 2853/3723 703/862 705/864
f 2853/3723 2852/3722 2854/3724 2855/3725
f 2853/3723 2855/3725 704/863 703/862
f 2855/3726 2854/3727 2856/3728 2857/3729
f 2855/3730 2857/3731 2858/3732 704/3733
f 2858/3734 2857/3735 268/3736 267/3737
f 2858/3732 267/193 271/197 2859/3738
f 2858/3732 2859/3738 699/3739 704/3733
f 2859/3740 271/3741 593/712 595/714
f 2859/3738 595/3742 700/3743 699/3739
f 2857/3735 2856/3744 274/3745 268/3736
f 2856/3728 2854/3727 2860/3746 2861/3747
f 2856/3728 2861/3747 275/205 274/204
f 2861/3747 2860/3746 169/3748 2862/3749
f 2861/3750 2862/3751 276/208 275/207
f 2862/3752 169/3753 168/237 295/236
f 2862/3751 295/3754 296/3755 276/208
f 2860/3756 2863/3757 170/66 169/65
f 2860/3756 2854/3724 2852/3722 2863/3757
f 2863/3757 163/58 162/57 170/66
f 2863/3757 2852/3722 167/62 163/58
f 2850/3720 2849/3719 166/61 165/60
f 2849/3719 2864/3758 2865/3759 166/61
f 2849/3719 2847/3717 2866/3760 2864/3758
f 2866/3760 2867/3761 2868/3762 2864/3758
f 2866/3760 2847/3717 2845/3715 2869/3763
f 2866/3760 2869/3763 2870/3764 2867/3761
f 2870/3764 2871/3765 2872/3766 2867/3761
f 2870/3764 2869/3763 2838/3708 2837/3707
f 2870/3764 2837/3707 2873/3767 2871/3765
f 2873/3768 2874/3769 2875/3770 2871/3771
f 2873/3767 2837/3707 2835/3705 2834/3704
f 2873/3768 2834/3772 2876/3773 2874/3769
f 2876/3773 2877/3774 2878/3775 2874/3769
f 2876/3773 2834/3772 2832/3700 2831/3699
f 2876/3773 2831/3699 2879/3776 2877/3774
f 2879/3776 2880/3777 2881/3778 2877/3774
f 2879/3776 2831/3699 2829/3696 2828/3695
f 2879/3776 2828/3695 2882/3779 2880/3777
f 2882/3779 2883/3780 2884/3781 2880/3777
f 2882/3779 2828/3695 2826/3693 2825/3692
f 2882/3779 2825/3692 2885/3782 2883/3780
f 2885/3783 2886/3784 2887/3785 2883/3786
f 2885/3782 2825/3692 2823/3690 2888/3787
f 2885/3783 2888/3788 2889/3789 2886/3784
f 2889/3790 2890/3791 2891/3792 2886/3793
f 2889/3789 2888/3788 2820/3794 2892/3795
f 2889/3790 2892/3796 2893/3797 2890/3791
f 2893/3797 2894/3798 2895/3799 2890/3791
f 2893/3797 2892/3796 2817/3800 2896/3801
f 2893/3797 2896/3801 2897/3802 2894/3798
f 2897/3802 2898/3803 2899/3804 2894/3798
f 2897/3802 2896/3801 2814/3676 2900/3805
f 2897/3802 2900/3805 2901/3806 2898/3803
f 2901/3806 2902/3807 2903/3808 2898/3803
f 2901/3806 2900/3805 2811/3672 2904/3809
f 2901/3806 2904/3809 2905/3810 2902/3807
f 2905/3810 2906/3811 2907/3812 2902/3807
f 2905/3810 2904/3809 2808/3669 2908/3813
f 2905/3810 2908/3813 2909/3814 2906/3811
f 2909/3814 2910/3815 2911/3816 2906/3811
f 2909/3814 2908/3813 2805/3666 2912/3817
f 2909/3814 2912/3817 2913/3818 2910/3815
f 2913/3818 2914/3819 2915/3820 2910/3815
f 2913/3818 2912/3817 2802/3663 2916/3821
f 2913/3818 2916/3821 2917/3822 2914/3819
f 2917/3822 2918/3823 2919/3824 2914/3819
f 2917/3822 2916/3821 2799/3660 2920/3825
f 2917/3822 2920/3825 2921/3826 2918/3823
f 2921/3826 2922/3827 2923/3828 2918/3823
f 2921/3826 2920/3825 2796/3657 2924/3829
f 2921/3826 2924/3829 2925/3830 2922/3827
f 2925/3830 2926/3831 2927/3832 2922/3827
f 2925/3830 2924/3829 2793/3654 2928/3833
f 2925/3830 2928/3833 2929/3834 2926/3831
f 2929/3834 2930/3835 2931/3836 2926/3831
f 2929/3834 2928/3833 2790/3651 2932/3837
f 2929/3834 2932/3837 2779/3640 2930/3835
f 2932/3837 2790/3651 2788/3649 2782/3643
f 2932/3837 2782/3643 2780/3641 2779/3640
f 2931/3836 2933/3838 2934/3839 2935/3840
f 2931/3836 2935/3840 2927/3832 2926/3831
f 2931/3836 2930/3835 2776/3637 2933/3838
f 2935/3840 2934/3839 2936/3841 2937/3842
f 2935/3840 2937/3842 2938/3843 2927/3832
f 2938/3843 2937/3842 2939/3844 2940/3845
f 2938/3843 2940/3845 2941/3846 2923/3828
f 2938/3843 2923/3828 2922/3827 2927/3832
f 2941/3846 2940/3845 2942/3847 2943/3848
f 2941/3846 2943/3848 2944/3849 2919/3824
f 2941/3846 2919/3824 2918/3823 2923/3828
f 2944/3849 2943/3848 2945/3850 2946/3851
f 2944/3849 2946/3851 2947/3852 2915/3820
f 2944/3849 2915/3820 2914/3819 2919/3824
f 2947/3852 2946/3851 2948/3853 2949/3854
f 2947/3852 2949/3854 2950/3855 2911/3816
f 2947/3852 2911/3816 2910/3815 2915/3820
f 2950/3855 2949/3854 2951/3856 2952/3857
f 2950/3855 2952/3857 2953/3858 2907/3812
f 2950/3855 2907/3812 2906/3811 2911/3816
f 2953/3858 2952/3857 2954/3859 2955/3860
f 2953/3858 2955/3860 2956/3861 2903/3808
f 2953/3858 2903/3808 2902/3807 2907/3812
f 2956/3861 2955/3860 2957/3862 2958/3863
f 2956/3861 2958/3863 2959/3864 2899/3804
f 2956/3861 2899/3804 2898/3803 2903/3808
f 2959/3864 2958/3863 2960/3865 2961/3866
f 2959/3864 2961/3866 2962/3867 2895/3799
f 2959/3864 2895/3799 2894/3798 2899/3804
f 2962/3867 2961/3866 2963/3868 2964/3869
f 2962/3867 2964/3869 2965/3870 2891/3792
f 2962/3867 2891/3792 2890/3791 2895/3799
f 2965/3870 2964/3869 2966/3871 2967/3872
f 2965/3873 2967/3874 2968/3875 2887/3876
f 2965/3870 2887/3877 2886/3793 2891/3792
f 2968/3875 2967/3874 2969/3878 2970/3879
f 2968/3880 2970/3881 2971/3882 2884/3883
f 2968/3880 2884/3883 2883/3786 2887/3785
f 2971/3882 2970/3881 2972/3884 2973/3885
f 2971/3886 2973/3887 2974/3888 2881/3778
f 2971/3886 2881/3778 2880/3777 2884/3781
f 2974/3888 2973/3887 2975/3889 2976/3890
f 2974/3888 2976/3890 2977/3891 2878/3775
f 2974/3888 2878/3775 2877/3774 2881/3778
f 2977/3891 2976/3890 2978/3892 2979/3893
f 2977/3891 2979/3893 2980/3894 2875/3770
f 2977/3891 2875/3770 2874/3769 2878/3775
f 2980/3894 2979/3893 2981/3895 2982/3896
f 2980/3894 2982/3896 2983/3897 2872/3898
f 2980/3894 2872/3898 2871/3771 2875/3770
f 2983/3897 2982/3896 2984/3899 2985/3900
f 2983/3901 2985/3902 2986/3903 2868/3762
f 2983/3901 2868/3762 2867/3761 2872/3766
f 2986/3903 2985/3902 2987/3904 2988/3905
f 2986/3903 2988/3905 2989/3906 2865/3759
f 2986/3903 2865/3759 2864/3758 2868/3762
f 2989/3906 2988/3905 2990/3907 2991/3908
f 2989/3906 2991/3908 159/54 158/53
f 2989/3906 158/53 166/61 2865/3759
f 2991/3908 2990/3907 2992/3909 2993/3910
f 2991/3908 2993/3910 2994/3911 159/54
f 2994/3911 2993/3910 2995/3912 2996/3913
f 2994/3911 2996/3913 2997/3914 2998/3915
f 2994/3911 2998/3915 160/55 159/54
f 2998/3915 2997/3914 2999/3916 3000/3917
f 2998/3915 3000/3917 164/59 160/55
f 3000/3917 2999/3916 3001/3918 3002/3919
f 3000/3917 3002/3919 3003/3920 164/59
f 3003/3920 3002/3919 2628/3447 2626/3445
f 3003/3920 2626/3445 2625/3444 3004/3921
f 3003/3920 3004/3921 161/56 164/59
f 3004/3921 2625/3444 172/68 171/67
f 3004/3921 171/67 162/57 161/56
f 3002/3919 3001/3918 3005/3922 2628/3447
f 3005/3922 3001/3918 3006/3923 3007/3924
f 3005/3922 3007/3924 3008/3925 2631/3450
f 3005/3922 2631/3450 2629/3448 2628/3447
f 3008/3925 3007/3924 3009/3926 3010/3927
f 3008/3925 3010/3927 3011/3928 2634/3453
f 3008/3925 2634/3453 2632/3451 2631/3450
f 3011/3928 3010/3927 3012/3929 3013/3930
f 3011/3928 3013/3930 3014/3931 2637/3456
f 3011/3928 2637/3456 2635/3454 2634/3453
f 3014/3931 3013/3930 3015/3932 3016/3933
f 3014/3931 3016/3933 3017/3934 3018/3935
f 3014/3931 3018/3935 2638/3457 2637/3456
f 3018/3935 216/121 2639/3458 2638/3457
f 3017/3934 3016/3933 3019/3936 3020/3937
f 3020/3937 3019/3936 3021/3938 3022/3939
f 3020/3937 3022/3939 3023/3940 219/124
f 3023/3941 3024/3942 3025/3943 3026/3944
f 3023/3940 3026/3945 220/125 219/124
f 3023/3946 3022/3947 3027/3948 3024/3949
f 3027/3950 3028/3951 3029/3952 3030/3953
f 3027/3954 3030/3955 3031/3956 3024/3957
f 3027/3950 3022/3958 3021/3959 3028/3951
f 3031/3956 297/3960 3032/3961 3033/3962
f 3031/3956 3033/3962 3025/3963 3024/3957
f 3031/3956 3030/3955 298/3964 297/3960
f 3033/3965 3032/3966 3034/3967 3035/3968
f 3033/3962 3035/3969 3036/3970 3025/3963
f 3036/3970 3035/3969 3037/3971 3038/3972
f 3036/3973 3038/3974 3039/3975 3040/3976
f 3036/3973 3040/3976 3026/3944 3025/3943
f 3040/3977 3039/3978 3041/3979 3042/3980
f 3040/3977 3042/3980 220/125 3026/3945
f 3042/3980 3041/3979 3043/3981 3044/3982
f 3042/3980 3044/3982 217/122 220/125
f 3044/3982 3043/3981 209/113 3045/3983
f 3044/3982 3045/3983 218/123 217/122
f 3045/3983 209/113 208/112 3046/3984
f 3045/3983 3046/3984 3047/3985 218/123
f 3047/3985 3046/3984 370/359 3048/3986
f 3047/3985 3048/3986 3049/3987 3050/3988
f 3047/3985 3050/3988 214/119 218/123
f 3050/3988 3049/3987 3051/3989 3052/3990
f 3050/3988 3052/3990 215/120 214/119
f 3052/3990 3051/3989 3053/3991 2644/3463
f 3052/3990 2644/3463 2641/3460 215/120
f 3053/3991 3051/3989 3054/3992 3055/3993
f 3053/3991 3055/3993 3056/3994 2647/3466
f 3053/3991 2647/3466 2645/3464 2644/3463
f 3056/3994 3055/3993 3057/3995 3058/3996
f 3056/3994 3058/3996 3059/3997 2651/3470
f 3056/3994 2651/3470 2648/3467 2647/3466
f 3059/3997 3058/3996 3060/3998 3061/3999
f 3059/3997 3061/3999 3062/4000 3063/4001
f 3059/3997 3063/4001 2652/3471 2651/3470
f 3063/4001 3062/4000 3064/4002 3065/4003
f 3063/4001 3065/4003 2653/3472 2652/3471
f 3065/4003 3064/4002 3066/4004 3067/4005
f 3065/4003 3067/4005 2656/3475 2653/3472
f 3067/4006 3066/4007 3068/4008 3069/4009
f 3067/4010 3069/4011 2661/3488 2656/3487
f 3069/4009 3068/4008 429/4012 428/4013
f 3069/4014 428/4015 2662/4016 2661/4017
f 3068/4008 3066/4007 3070/4018 3071/4019
f 3068/4020 3071/4021 3072/4022 429/442
f 3072/4022 3071/4021 421/4023 418/4024
f 3072/4025 418/422 414/421 413/4026
f 3072/4022 413/410 52/414 429/442
f 3071/4027 3070/4028 3073/4029 421/4030
f 3073/4029 3070/4028 398/4031 397/390
f 3073/4029 397/390 396/389 3074/4032
f 3073/4033 3074/4034 419/4035 421/4023
f 3074/4036 396/4037 3075/4038 3076/4039
f 3074/4034 3076/4040 420/4041 419/4035
f 3076/4042 3075/4043 3077/4044 3078/4045
f 3076/4040 3078/4046 431/4047 420/4041
f 3078/4045 3077/4044 3079/4048 423/4049
f 3078/4046 423/431 422/430 431/4047
f 3079/4050 2671/4051 424/436 423/4052
f 3079/4053 3077/4054 387/4055 2674/4056
f 3079/4057 2674/3515 2672/3513 2671/3512
f 3077/4058 3075/4059 388/379 387/378
f 3075/4059 396/4060 389/380 388/379
f 3070/4018 3066/4007 3064/4061 398/4062
f 3064/4002 3062/4000 399/394 398/393
f 3062/4000 3061/3999 400/395 399/394
f 3061/3999 3060/3998 3080/4063 400/395
f 3080/4063 3060/3998 3081/4064 3082/4065
f 3080/4063 3082/4065 3083/4066 3084/4067
f 3080/4063 3084/4067 401/396 400/395
f 3084/4067 3083/4066 3085/4068 3086/4069
f 3084/4067 3086/4069 402/397 401/396
f 3086/4069 3085/4068 3087/4070 3088/4071
f 3086/4069 3088/4071 3089/4072 402/397
f 3089/4072 3088/4071 3090/4073 3091/4074
f 3089/4072 3091/4074 3092/4075 3093/4076
f 3089/4072 3093/4076 403/398 402/397
f 3093/4076 3092/4075 3094/4077 391/382
f 3093/4076 391/382 390/381 403/398
f 3094/4077 3092/4075 3095/4078 3096/4079
f 3094/4077 3096/4079 3097/4080 3098/4081
f 3094/4077 3098/4081 392/383 391/382
f 3098/4081 3097/4080 3099/4082 3100/4083
f 3098/4081 3100/4083 393/384 392/383
f 3100/4083 3099/4082 3101/4084 3102/4085
f 3100/4083 3102/4085 3103/4086 393/384
f 3103/4086 3104/4087 394/385 393/384
f 3103/4086 3102/4085 2691/3532 2689/3530
f 3103/4086 2689/3530 2687/3528 3104/4087
f 3104/4087 3105/4088 395/386 394/385
f 3104/4087 2687/3528 2685/3526 3105/4088
f 3105/4088 2678/3519 2676/3517 395/386
f 3105/4088 2685/3526 2680/3521 2678/3519
f 3102/4085 3101/4084 3106/4089 2691/3532
f 3106/4089 3101/4084 3107/4090 3108/4091
f 3106/4092 3108/4093 3109/4094 2694/4095
f 3106/4089 2694/3535 2692/3533 2691/3532
f 3109/4096 3108/4097 3110/4098 3111/4099
f 3109/4096 3111/4099 3112/4100 2697/4101
f 3109/4094 2697/3540 2695/3539 2694/4095
f 3112/4102 3111/4103 3113/4104 3114/4105
f 3112/4102 3114/4105 3115/4106 3116/4107
f 3112/4100 3116/4108 2698/4109 2697/4101
f 3116/4107 3115/4106 3117/4110 3118/4111
f 3116/4108 3118/4112 2699/4113 2698/4109
f 3118/4111 3117/4110 3119/4114 3120/4115
f 3118/4112 3120/4116 2701/4117 2699/4113
f 3120/4115 3119/4114 3121/4118 2707/4119
f 3120/4116 2707/3557 2703/3556 2701/4117
f 3121/4120 3119/4121 3122/4122 3123/4123
f 3121/4120 3123/4123 3124/4124 2710/4125
f 3121/4118 2710/3563 2708/3562 2707/4119
f 3124/4124 3123/4123 3125/4126 3126/4127
f 3124/4124 3126/4127 3127/4128 2713/3569
f 3124/4124 2713/3569 2711/3568 2710/4125
f 3127/4128 3126/4127 3128/4129 3129/4130
f 3127/4128 3129/4130 2718/3575 2716/3573
f 3127/4128 2716/3573 2714/3570 2713/3569
f 3129/4130 3128/4129 3130/4131 3131/4132
f 3129/4130 3131/4132 2720/3577 2718/3575
f 3131/4133 3130/4134 3132/4135 3133/4136
f 3131/4133 3133/4136 2722/3581 2720/3580
f 3133/4136 3132/4135 3134/4137 3135/4138
f 3133/4136 3135/4138 2724/3583 2722/3581
f 3135/4138 3134/4137 3136/4139 3137/4140
f 3135/4138 3137/4140 2726/3585 2724/3583
f 3137/4140 3136/4139 3138/4141 3139/4142
f 3137/4140 3139/4142 2728/3587 2726/3585
f 3139/4142 3138/4141 3140/4143 3141/4144
f 3139/4142 3141/4144 2730/3589 2728/3587
f 3141/4144 3140/4143 3142/4145 3143/4146
f 3141/4144 3143/4146 2732/3591 2730/3589
f 3143/4147 3142/4148 3144/4149 3145/4150
f 3143/4147 3145/4150 2734/3595 2732/3594
f 3145/4150 3144/4149 3146/4151 3147/4152
f 3145/4150 3147/4152 2736/3597 2734/3595
f 3147/4152 3146/4151 3148/4153 3149/4154
f 3147/4152 3149/4154 2738/3599 2736/3597
f 3149/4154 3148/4153 3150/4155 3151/4156
f 3149/4154 3151/4156 2740/3601 2738/3599
f 3151/4156 3150/4155 3152/4157 3153/4158
f 3151/4156 3153/4158 2742/3603 2740/3601
f 3153/4158 3152/4157 3154/4159 3155/4160
f 3153/4158 3155/4160 2744/3605 2742/3603
f 3155/4160 3154/4159 3156/4161 3157/4162
f 3155/4160 3157/4162 2746/3607 2744/3605
f 3157/4162 3156/4161 3158/4163 3159/4164
f 3157/4162 3159/4164 2748/3609 2746/3607
f 3159/4164 3158/4163 3160/4165 3161/4166
f 3159/4164 3161/4166 2750/3611 2748/3609
f 3161/4166 3160/4165 3162/4167 3163/4168
f 3161/4166 3163/4168 2752/3613 2750/3611
f 3163/4168 3162/4167 3164/4169 3165/4170
f 3163/4168 3165/4170 3166/4171 2752/3613
f 3166/4171 3165/4170 3167/4172 3168/4173
f 3166/4171 3168/4173 3169/4174 2755/3616
f 3166/4171 2755/3616 2753/3614 2752/3613
f 3169/4174 3168/4173 3170/4175 3171/4176
f 3169/4174 3171/4176 3172/4177 2758/3619
f 3169/4174 2758/3619 2756/3617 2755/3616
f 3172/4177 3171/4176 3173/4178 3174/4179
f 3172/4177 3174/4179 3175/4180 2761/3622
f 3172/4177 2761/3622 2759/3620 2758/3619
f 3175/4180 3174/4179 3176/4181 3177/4182
f 3175/4180 3177/4182 3178/4183 2764/3625
f 3175/4180 2764/3625 2762/3623 2761/3622
f 3178/4183 3177/4182 3179/4184 3180/4185
f 3178/4183 3180/4185 3181/4186 2767/3628
f 3178/4183 2767/3628 2765/3626 2764/3625
f 3181/4186 3180/4185 3182/4187 3183/4188
f 3181/4186 3183/4188 3184/4189 2770/3631
f 3181/4186 2770/3631 2768/3629 2767/3628
f 3184/4189 3183/4188 2936/3841 2934/3839
f 3184/4189 2934/3839 2933/3838 2773/3634
f 3184/4189 2773/3634 2771/3632 2770/3631
f 3183/4188 3182/4187 3185/4190 2936/3841
f 3185/4190 3182/4187 3186/4191 3187/4192
f 3185/4190 3187/4192 3188/4193 2939/3844
f 3185/4190 2939/3844 2937/3842 2936/3841
f 3188/4193 3187/4192 3189/4194 3190/4195
f 3188/4193 3190/4195 3191/4196 2942/3847
f 3188/4193 2942/3847 2940/3845 2939/3844
f 3191/4196 3190/4195 3192/4197 3193/4198
f 3191/4196 3193/4198 3194/4199 2945/3850
f 3191/4196 2945/3850 2943/3848 2942/3847
f 3194/4199 3193/4198 3195/4200 3196/4201
f 3194/4199 3196/4201 3197/4202 2948/3853
f 3194/4199 2948/3853 2946/3851 2945/3850
f 3197/4202 3196/4201 3198/4203 3199/4204
f 3197/4202 3199/4204 3200/4205 2951/3856
f 3197/4202 2951/3856 2949/3854 2948/3853
f 3200/4205 3199/4204 3201/4206 3202/4207
f 3200/4205 3202/4207 3203/4208 2954/3859
f 3200/4205 2954/3859 2952/3857 2951/3856
f 3203/4208 3202/4207 3204/4209 3205/4210
f 3203/4208 3205/4210 3206/4211 2957/3862
f 3203/4208 2957/3862 2955/3860 2954/3859
f 3206/4211 3205/4210 3207/4212 3208/4213
f 3206/4211 3208/4213 3209/4214 2960/3865
f 3206/4211 2960/3865 2958/3863 2957/3862
f 3209/4214 3208/4213 3210/4215 3211/4216
f 3209/4214 3211/4216 3212/4217 2963/3868
f 3209/4214 2963/3868 2961/3866 2960/3865
f 3212/4217 3211/4216 3213/4218 3214/4219
f 3212/4217 3214/4219 3215/4220 2966/3871
f 3212/4217 2966/3871 2964/3869 2963/3868
f 3215/4220 3214/4219 3216/4221 3217/4222
f 3215/4220 3217/4222 3218/4223 2969/4224
f 3215/4220 2969/4224 2967/3872 2966/3871
f 3218/4223 3217/4222 3219/4225 3220/4226
f 3218/4227 3220/4228 3221/4229 2972/4230
f 3218/4227 2972/4230 2970/3879 2969/3878
f 3221/4229 3220/4228 3222/4231 3223/4232
f 3221/4233 3223/4234 3224/4235 2975/4236
f 3221/4233 2975/4236 2973/3885 2972/3884
f 3224/4235 3223/4234 3225/4237 3226/4238
f 3224/4239 3226/4240 3227/4241 2978/3892
f 3224/4239 2978/3892 2976/3890 2975/3889
f 3227/4241 3226/4240 3228/4242 3229/4243
f 3227/4241 3229/4243 3230/4244 2981/3895
f 3227/4241 2981/3895 2979/3893 2978/3892
f 3230/4244 3229/4243 3231/4245 3232/4246
f 3230/4244 3232/4246 3233/4247 2984/3899
f 3230/4244 2984/3899 2982/3896 2981/3895
f 3233/4247 3232/4246 3234/4248 3235/4249
f 3233/4247 3235/4249 3236/4250 2987/4251
f 3233/4247 2987/4251 2985/3900 2984/3899
f 3236/4250 3235/4249 3237/4252 3238/4253
f 3236/4254 3238/4255 2992/3909 2990/3907
f 3236/4254 2990/3907 2988/3905 2987/3904
f 3238/4253 3237/4252 3239/4256 3240/4257
f 3238/4255 3240/4258 3241/4259 2992/3909
f 3241/4259 3240/4258 3242/4260 3243/4261
f 3241/4259 3243/4261 3244/4262 2995/3912
f 3241/4259 2995/3912 2993/3910 2992/3909
f 3244/4262 3243/4261 3245/4263 3246/4264
f 3244/4262 3246/4264 3247/4265 3248/4266
f 3244/4262 3248/4266 2996/3913 2995/3912
f 3248/4266 3247/4265 3249/4267 3250/4268
f 3248/4266 3250/4268 2997/3914 2996/3913
f 3250/4268 3249/4267 3251/4269 3252/4270
f 3250/4268 3252/4270 2999/3916 2997/3914
f 3252/4270 3251/4269 3253/4271 3006/3923
f 3252/4270 3006/3923 3001/3918 2999/3916
f 3253/4271 3251/4269 3254/4272 3255/4273
f 3253/4271 3255/4273 3256/4274 3009/3926
f 3253/4271 3009/3926 3007/3924 3006/3923
f 3256/4274 3255/4273 196/95 195/94
f 3256/4274 195/94 3257/4275 3012/3929
f 3256/4274 3012/3929 3010/3927 3009/3926
f 3257/4275 195/94 12/88 3258/4276
f 3257/4275 3258/4276 3259/4277 3015/3932
f 3257/4275 3015/3932 3013/3930 3012/3929
f 3259/4277 3258/4276 3260/4278 3261/4279
f 3259/4277 3261/4279 3021/3938 3019/3936
f 3259/4277 3019/3936 3016/3933 3015/3932
f 3261/4279 3260/4278 3262/4280 3263/4281
f 3261/4282 3263/4283 3028/3951 3021/3959
f 3263/4284 3262/4285 3264/4286 3265/4287
f 3263/4284 3265/4287 3029/4288 3028/4289
f 3265/4290 3264/4291 3266/4292 3267/4293
f 3265/4290 3267/4293 3268/4294 3029/4295
f 3268/4294 298/3964 3030/3955 3029/4295
f 3268/4296 3267/4297 3269/4298 3270/4299
f 3268/4296 3270/4299 299/4300 298/4301
f 3270/4302 3269/4303 3271/4304 3272/4305
f 3270/4302 3272/4305 3273/4306 299/4307
f 3273/4306 3272/4305 3274/4308 3275/4309
f 3273/4306 3275/4309 3276/4310 3277/4311
f 3276/4310 3275/4309 3278/4312 3279/4313
f 3276/4310 3279/4313 3280/4314 3034/4315
f 3276/4316 3034/3967 3032/3966 3277/4317
f 3280/4314 3279/4313 306/256 311/4318
f 3280/4314 311/4318 3281/4319 3037/3971
f 3280/4314 3037/3971 3035/3969 3034/4315
f 3281/4320 311/263 310/262 3282/4321
f 3281/4319 3282/4322 3283/4323 3284/4324
f 3281/4319 3284/4324 3038/3972 3037/3971
f 3284/4325 3283/4326 3285/4327 3286/4328
f 3284/4325 3286/4328 3039/4329 3038/4330
f 3286/4328 3285/4327 201/106 204/105
f 3286/4328 204/105 3041/4331 3039/4329
f 3285/4327 3283/4326 3287/4332 3288/4333
f 3285/4327 3288/4333 202/4334 201/106
f 3288/4333 3287/4332 3289/4335 3290/4336
f 3288/4333 3290/4336 3291/4337 202/4334
f 3291/4338 3290/4339 3292/4340 3293/4341
f 3291/4338 3293/4341 3294/4342 3295/4343
f 3291/4338 3295/4343 197/97 202/102
f 3295/4343 3294/4342 3296/4344 3297/4345
f 3295/4343 3297/4345 198/98 197/97
f 3297/4345 3296/4344 3298/4346 3299/4347
f 3297/4345 3299/4347 3300/4348 198/98
f 3300/4348 3301/4349 199/99 198/98
f 3300/4348 3299/4347 3302/4350 3303/4351
f 3300/4348 3303/4351 3304/4352 3301/4349
f 3304/4352 3305/4353 143/32 3301/4349
f 3304/4352 3303/4351 3306/4354 3307/4355
f 3304/4352 3307/4355 3308/4356 3305/4353
f 3308/4356 3309/4357 3310/4358 3305/4353
f 3308/4356 3307/4355 3311/4359 3312/4360
f 3308/4356 3312/4360 3313/4361 3309/4357
f 3313/4361 3314/4362 3315/4363 3309/4357
f 3313/4361 3312/4360 3316/4364 3317/4365
f 3313/4361 3317/4365 3318/4366 3314/4362
f 3318/4366 3319/4367 3320/4368 3314/4362
f 3318/4366 3317/4365 3321/4369 3322/4370
f 3318/4366 3322/4370 3323/4371 3319/4367
f 3323/4371 3324/4372 3325/4373 3319/4367
f 3323/4371 3322/4370 3326/4374 3327/4375
f 3323/4371 3327/4375 3328/4376 3324/4372
f 3328/4376 3329/4377 3330/4378 3324/4372
f 3328/4376 3327/4375 3331/4379 3332/4380
f 3328/4376 3332/4380 3333/4381 3329/4377
f 3333/4381 3334/4382 3335/4383 3329/4377
f 3333/4381 3332/4380 3336/4384 3337/4385
f 3333/4386 3337/4387 3338/4388 3334/4389
f 3338/4388 3339/4390 3340/4391 3334/4389
f 3338/4392 3337/4393 3341/4394 3342/4395
f 3338/4392 3342/4395 3343/4396 3339/4397
f 3343/4398 3344/4399 3345/4400 3339/4401
f 3343/4402 3342/4403 3346/4404 3347/4405
f 3343/4402 3347/4405 3348/4406 3344/4407
f 3348/4406 340/312 345/316 3344/4407
f 3348/4406 3347/4405 3349/4408 3350/4409
f 3348/4406 3350/4409 341/313 340/312
f 3350/4409 3349/4408 3351/4410 3352/4411
f 3350/4409 3352/4411 3353/4412 341/313
f 3353/4412 3354/4413 342/314 341/313
f 3353/4412 3352/4411 3355/4414 3356/4415
f 3353/4412 3356/4415 3357/4416 3354/4413
f 3357/4416 347/320 3358/4417 3354/4413
f 3357/4416 3356/4415 3359/4418 3360/4419
f 3357/4416 3360/4419 348/321 347/320
f 3360/4419 3359/4418 3361/4420 3362/4421
f 3360/4422 3362/4423 351/327 348/326
f 3362/4424 3361/4425 3363/4426 3364/4427
f 3362/4424 3364/4427 3365/4428 351/4429
f 3365/4430 3366/4431 349/323 351/327
f 3365/4428 3364/4427 3367/4432 3368/4433
f 3365/4430 3368/4434 3369/4435 3366/4431
f 3369/4436 3370/4437 3371/4438 3366/4439
f 3369/4440 3368/4433 3372/4441 3373/4442
f 3369/4436 3373/4443 3374/4444 3370/4437
f 3374/4444 3373/4443 3375/4445 3376/4446
f 3374/4444 3376/4446 3377/4447 3378/4448
f 3374/4444 3378/4448 3379/4449 3370/4437
f 3379/4449 3380/4450 3371/4438 3370/4437
f 3379/4449 3378/4448 3381/4451 3382/4452
f 3379/4449 3382/4452 3383/4453 3380/4450
f 3383/4453 3384/4454 3385/4455 3380/4450
f 3383/4453 3382/4452 3386/4456 3387/4457
f 3383/4453 3387/4457 3388/4458 3384/4454
f 3388/4459 3389/4460 3390/4461 3384/4462
f 3388/4458 3387/4457 3391/4463 3392/4464
f 3388/4459 3392/4465 3393/4466 3389/4460
f 3393/4467 3394/4468 3395/4469 3389/4470
f 3393/4466 3392/4465 3396/4471 3397/4472
f 3393/4467 3397/4473 3398/4474 3394/4468
f 3398/4474 3399/4475 3400/4476 3394/4468
f 3398/4474 3397/4473 3401/4477 3402/4478
f 3398/4474 3402/4478 3403/4479 3399/4475
f 3403/4479 3404/4480 3405/4481 3399/4475
f 3403/4479 3402/4478 3406/4482 3407/4483
f 3403/4479 3407/4483 3408/4484 3404/4480
f 3408/4485 3409/4486 3410/4487 3404/4488
f 3408/4484 3407/4483 3411/4489 3412/4490
f 3408/4485 3412/4491 3413/4492 3409/4486
f 3413/4493 3414/4494 3415/4495 3409/4496
f 3413/4492 3412/4491 3416/4497 3417/4498
f 3413/4493 3417/4499 3418/4500 3414/4494
f 3418/4501 3419/4502 3420/4503 3414/4504
f 3418/4500 3417/4499 3421/4505 3422/4506
f 3418/4501 3422/4507 3423/4508 3419/4502
f 3423/4508 3424/4509 3425/4510 3419/4502
f 3423/4508 3422/4507 3426/4511 3427/4512
f 3423/4508 3427/4512 3428/4513 3424/4509
f 3428/4513 3429/4514 3430/4515 3424/4509
f 3428/4513 3427/4512 3431/4516 3432/4517
f 3428/4513 3432/4517 3433/4518 3429/4514
f 3433/4518 3434/4519 3435/4520 3429/4514
f 3433/4518 3432/4517 3436/4521 3437/4522
f 3433/4518 3437/4522 3438/4523 3434/4519
f 3438/4523 3439/4524 408/404 3434/4519
f 3438/4523 3437/4522 3440/4525 3441/4526
f 3438/4523 3441/4526 3442/4527 3439/4524
f 3442/4527 3443/4528 409/405 3439/4524
f 3442/4527 3441/4526 3444/4529 3445/4530
f 3442/4527 3445/4530 3446/4531 3443/4528
f 3446/4531 3447/4532 3448/4533 3443/4528
f 3446/4531 3445/4530 3449/4534 3450/4535
f 3446/4531 3450/4535 3451/4536 3447/4532
f 3451/4536 3452/4537 3453/4538 3447/4532
f 3451/4536 3450/4535 3082/4065 3081/4064
f 3451/4536 3081/4064 3057/3995 3452/4537
f 3453/4538 3454/4539 3455/4540 3456/4541
f 3453/4538 3456/4541 3448/4533 3447/4532
f 3453/4538 3452/4537 3054/3992 3454/4539
f 3456/4541 3455/4540 369/358 375/364
f 3456/4541 375/364 410/406 3448/4533
f 3455/4540 3048/3986 370/359 369/358
f 3455/4540 3454/4539 3049/3987 3048/3986
f 3454/4539 3054/3992 3051/3989 3049/3987
f 3452/4537 3057/3995 3055/3993 3054/3992
f 3450/4535 3449/4534 3083/4066 3082/4065
f 3449/4534 3445/4530 3444/4529 3457/4542
f 3449/4534 3457/4542 3085/4068 3083/4066
f 3457/4542 3444/4529 3458/4543 3459/4544
f 3457/4542 3459/4544 3087/4070 3085/4068
f 3459/4544 3458/4543 3460/4545 3461/4546
f 3459/4544 3461/4546 3462/4547 3087/4070
f 3462/4547 3461/4546 3463/4548 3464/4549
f 3462/4547 3464/4549 3465/4550 3090/4073
f 3462/4547 3090/4073 3088/4071 3087/4070
f 3465/4551 3464/4552 3466/4553 3467/4554
f 3465/4551 3467/4554 3468/4555 3469/4556
f 3465/4550 3469/4557 3091/4074 3090/4073
f 3469/4557 3468/4558 3470/4559 3095/4078
f 3469/4557 3095/4078 3092/4075 3091/4074
f 3470/4560 3468/4561 3471/4562 3472/4563
f 3470/4560 3472/4563 3473/4564 3474/4565
f 3470/4559 3474/4566 3096/4079 3095/4078
f 3474/4565 3473/4564 3475/4567 3476/4568
f 3474/4566 3476/4569 3097/4080 3096/4079
f 3476/4568 3475/4567 3477/4570 3478/4571
f 3476/4569 3478/4572 3099/4082 3097/4080
f 3478/4571 3477/4570 3479/4573 3107/4574
f 3478/4572 3107/4090 3101/4084 3099/4082
f 3479/4575 3477/4576 3480/4577 3481/4578
f 3479/4575 3481/4578 3482/4579 3110/4580
f 3479/4573 3110/4098 3108/4097 3107/4574
f 3482/4581 3481/4582 3483/4583 3484/4584
f 3482/4581 3484/4584 3485/4585 3113/4586
f 3482/4579 3113/4104 3111/4103 3110/4580
f 3485/4585 3484/4584 3486/4587 3487/4588
f 3485/4585 3487/4588 3488/4589 3489/4590
f 3485/4585 3489/4590 3114/4591 3113/4586
f 3489/4590 3488/4589 3490/4592 3491/4593
f 3489/4590 3491/4593 3115/4594 3114/4591
f 3491/4593 3490/4592 3492/4595 3493/4596
f 3491/4593 3493/4596 3117/4597 3115/4594
f 3493/4596 3492/4595 3494/4598 3122/4122
f 3493/4596 3122/4122 3119/4121 3117/4597
f 3494/4598 3492/4595 3495/4599 3496/4600
f 3494/4598 3496/4600 3497/4601 3125/4126
f 3494/4598 3125/4126 3123/4123 3122/4122
f 3497/4601 3496/4600 3498/4602 3499/4603
f 3497/4601 3499/4603 3130/4131 3128/4129
f 3497/4601 3128/4129 3126/4127 3125/4126
f 3499/4604 3498/4605 3500/4606 3501/4607
f 3499/4604 3501/4607 3132/4135 3130/4134
f 3501/4607 3500/4606 3502/4608 3503/4609
f 3501/4607 3503/4609 3134/4137 3132/4135
f 3503/4609 3502/4608 3504/4610 3505/4611
f 3503/4609 3505/4611 3136/4139 3134/4137
f 3505/4611 3504/4610 3506/4612 3507/4613
f 3505/4611 3507/4613 3138/4141 3136/4139
f 3507/4613 3506/4612 3508/4614 3509/4615
f 3507/4613 3509/4615 3140/4143 3138/4141
f 3509/4615 3508/4614 3510/4616 3511/4617
f 3509/4615 3511/4617 3142/4145 3140/4143
f 3511/4618 3510/4619 3512/4620 3513/4621
f 3511/4618 3513/4621 3144/4149 3142/4148
f 3513/4621 3512/4620 3514/4622 3515/4623
f 3513/4621 3515/4623 3146/4151 3144/4149
f 3515/4623 3514/4622 3516/4624 3517/4625
f 3515/4623 3517/4625 3148/4153 3146/4151
f 3517/4625 3516/4624 3518/4626 3519/4627
f 3517/4625 3519/4627 3150/4155 3148/4153
f 3519/4627 3518/4626 3520/4628 3521/4629
f 3519/4627 3521/4629 3152/4157 3150/4155
f 3521/4629 3520/4628 3522/4630 3523/4631
f 3521/4629 3523/4631 3154/4159 3152/4157
f 3523/4631 3522/4630 3524/4632 3525/4633
f 3523/4631 3525/4633 3156/4161 3154/4159
f 3525/4633 3524/4632 3526/4634 3527/4635
f 3525/4633 3527/4635 3158/4163 3156/4161
f 3527/4635 3526/4634 3528/4636 3529/4637
f 3527/4635 3529/4637 3160/4165 3158/4163
f 3529/4637 3528/4636 3530/4638 3531/4639
f 3529/4637 3531/4639 3162/4167 3160/4165
f 3531/4639 3530/4638 3532/4640 3533/4641
f 3531/4639 3533/4641 3164/4169 3162/4167
f 3533/4641 3532/4640 3534/4642 3535/4643
f 3533/4641 3535/4643 3536/4644 3164/4169
f 3536/4644 3535/4643 3537/4645 3538/4646
f 3536/4644 3538/4646 3539/4647 3167/4172
f 3536/4644 3167/4172 3165/4170 3164/4169
f 3539/4647 3538/4646 3540/4648 3541/4649
f 3539/4647 3541/4649 3542/4650 3170/4175
f 3539/4647 3170/4175 3168/4173 3167/4172
f 3542/4650 3541/4649 3543/4651 3544/4652
f 3542/4650 3544/4652 3545/4653 3173/4178
f 3542/4650 3173/4178 3171/4176 3170/4175
f 3545/4653 3544/4652 3546/4654 3547/4655
f 3545/4653 3547/4655 3548/4656 3176/4181
f 3545/4653 3176/4181 3174/4179 3173/4178
f 3548/4656 3547/4655 3549/4657 3550/4658
f 3548/4656 3550/4658 3186/4191 3179/4184
f 3548/4656 3179/4184 3177/4182 3176/4181
f 3550/4658 3549/4657 3551/4659 3189/4194
f 3550/4658 3189/4194 3187/4192 3186/4191
f 3551/4659 3549/4657 3552/4660 3553/4661
f 3551/4659 3553/4661 3554/4662 3192/4197
f 3551/4659 3192/4197 3190/4195 3189/4194
f 3554/4662 3553/4661 3555/4663 3556/4664
f 3554/4662 3556/4664 3557/4665 3195/4200
f 3554/4662 3195/4200 3193/4198 3192/4197
f 3557/4665 3556/4664 3558/4666 3559/4667
f 3557/4665 3559/4667 3560/4668 3198/4203
f 3557/4665 3198/4203 3196/4201 3195/4200
f 3560/4668 3559/4667 3561/4669 3562/4670
f 3560/4668 3562/4670 3563/4671 3201/4206
f 3560/4668 3201/4206 3199/4204 3198/4203
f 3563/4671 3562/4670 3564/4672 3565/4673
f 3563/4671 3565/4673 3566/4674 3204/4209
f 3563/4671 3204/4209 3202/4207 3201/4206
f 3566/4674 3565/4673 3567/4675 3568/4676
f 3566/4674 3568/4676 3569/4677 3207/4212
f 3566/4674 3207/4212 3205/4210 3204/4209
f 3569/4677 3568/4676 3570/4678 3571/4679
f 3569/4677 3571/4679 3572/4680 3210/4215
f 3569/4677 3210/4215 3208/4213 3207/4212
f 3572/4680 3571/4679 3573/4681 3574/4682
f 3572/4680 3574/4682 3575/4683 3213/4218
f 3572/4680 3213/4218 3211/4216 3210/4215
f 3575/4683 3574/4682 3576/4684 3577/4685
f 3575/4683 3577/4685 3578/4686 3216/4221
f 3575/4683 3216/4221 3214/4219 3213/4218
f 3578/4686 3577/4685 3579/4687 3580/4688
f 3578/4686 3580/4688 3581/4689 3219/4225
f 3578/4686 3219/4225 3217/4222 3216/4221
f 3581/4689 3580/4688 3582/4690 3583/4691
f 3581/4689 3583/4691 3584/4692 3222/4693
f 3581/4689 3222/4693 3220/4226 3219/4225
f 3584/4692 3583/4691 3585/4694 3586/4695
f 3584/4696 3586/4697 3587/4698 3225/4699
f 3584/4696 3225/4699 3223/4232 3222/4231
f 3587/4698 3586/4697 3588/4700 3589/4701
f 3587/4702 3589/4703 3590/4704 3228/4705
f 3587/4702 3228/4705 3226/4238 3225/4237
f 3590/4704 3589/4703 3591/4706 3592/4707
f 3590/4708 3592/4709 3593/4710 3231/4245
f 3590/4708 3231/4245 3229/4243 3228/4242
f 3593/4710 3592/4709 3594/4711 3595/4712
f 3593/4710 3595/4712 3596/4713 3234/4248
f 3593/4710 3234/4248 3232/4246 3231/4245
f 3596/4713 3595/4712 3597/4714 3598/4715
f 3596/4713 3598/4715 3239/4256 3237/4252
f 3596/4713 3237/4252 3235/4249 3234/4248
f 3598/4715 3597/4714 3599/4716 3600/4717
f 3598/4715 3600/4717 3601/4718 3239/4256
f 3601/4718 3600/4717 3602/4719 3603/4720
f 3601/4718 3603/4720 3604/4721 3242/4722
f 3601/4718 3242/4722 3240/4257 3239/4256
f 3604/4721 3603/4720 3605/4723 3606/4724
f 3604/4725 3606/4726 3607/4727 3245/4263
f 3604/4725 3245/4263 3243/4261 3242/4260
f 3607/4727 3606/4726 3608/4728 3609/4729
f 3607/4727 3609/4729 3610/4730 3611/4731
f 3607/4727 3611/4731 3246/4264 3245/4263
f 3611/4731 3610/4730 3612/4732 3613/4733
f 3611/4731 3613/4733 3247/4265 3246/4264
f 3613/4733 3612/4732 3614/4734 3615/4735
f 3613/4733 3615/4735 3249/4267 3247/4265
f 3615/4735 3614/4734 3616/4736 3254/4272
f 3615/4735 3254/4272 3251/4269 3249/4267
f 3616/4736 3614/4734 3617/4737 3618/4738
f 3616/4736 3618/4738 193/92 196/95
f 3616/4736 196/95 3255/4273 3254/4272
f 3618/4738 3617/4737 226/137 225/136
f 3618/4738 225/136 194/93 193/92
f 3617/4737 3619/4739 3620/4740 226/137
f 3617/4737 3614/4734 3612/4732 3619/4739
f 3620/4740 3621/4741 3622/4742 3623/4743
f 3620/4740 3623/4743 227/138 226/137
f 3620/4740 3619/4739 3624/4744 3621/4741
f 3624/4744 3625/4745 3626/4746 3621/4741
f 3624/4744 3619/4739 3612/4732 3610/4730
f 3624/4744 3610/4730 3609/4729 3625/4745
f 3626/4746 3627/4747 3628/4748 3629/4749
f 3626/4746 3629/4749 3622/4742 3621/4741
f 3626/4746 3625/4745 3630/4750 3627/4747
f 3630/4751 3631/4752 3632/4753 3627/4754
f 3630/4750 3625/4745 3609/4729 3608/4728
f 3630/4751 3608/4755 3633/4756 3631/4752
f 3633/4756 3634/4757 3635/4758 3631/4752
f 3633/4756 3608/4755 3606/4724 3605/4723
f 3633/4756 3605/4723 3636/4759 3634/4757
f 3636/4759 3637/4760 3638/4761 3634/4757
f 3636/4759 3605/4723 3603/4720 3602/4719
f 3636/4759 3602/4719 3639/4762 3637/4760
f 3639/4762 3640/4763 3641/4764 3637/4760
f 3639/4762 3602/4719 3600/4717 3599/4716
f 3639/4762 3599/4716 3642/4765 3640/4763
f 3642/4766 3643/4767 3644/4768 3640/4769
f 3642/4765 3599/4716 3597/4714 3645/4770
f 3642/4766 3645/4771 3646/4772 3643/4767
f 3646/4773 3647/4774 3648/4775 3643/4776
f 3646/4772 3645/4771 3594/4777 3649/4778
f 3646/4773 3649/4779 3650/4780 3647/4774
f 3650/4781 3651/4782 3652/4783 3647/4784
f 3650/4780 3649/4779 3591/4785 3653/4786
f 3650/4781 3653/4787 3654/4788 3651/4782
f 3654/4788 3655/4789 3656/4790 3651/4782
f 3654/4788 3653/4787 3588/4791 3657/4792
f 3654/4788 3657/4792 3658/4793 3655/4789
f 3658/4793 3659/4794 3660/4795 3655/4789
f 3658/4793 3657/4792 3585/4694 3661/4796
f 3658/4793 3661/4796 3662/4797 3659/4794
f 3662/4797 3663/4798 3664/4799 3659/4794
f 3662/4797 3661/4796 3582/4690 3665/4800
f 3662/4797 3665/4800 3666/4801 3663/4798
f 3666/4801 3667/4802 3668/4803 3663/4798
f 3666/4801 3665/4800 3579/4687 3669/4804
f 3666/4801 3669/4804 3670/4805 3667/4802
f 3670/4805 3671/4806 3672/4807 3667/4802
f 3670/4805 3669/4804 3576/4684 3673/4808
f 3670/4805 3673/4808 3674/4809 3671/4806
f 3674/4809 3675/4810 3676/4811 3671/4806
f 3674/4809 3673/4808 3573/4681 3677/4812
f 3674/4809 3677/4812 3678/4813 3675/4810
f 3678/4813 3679/4814 3680/4815 3675/4810
f 3678/4813 3677/4812 3570/4678 3681/4816
f 3678/4813 3681/4816 3682/4817 3679/4814
f 3682/4817 3683/4818 3684/4819 3679/4814
f 3682/4817 3681/4816 3567/4675 3685/4820
f 3682/4817 3685/4820 3686/4821 3683/4818
f 3686/4821 3687/4822 3688/4823 3683/4818
f 3686/4821 3685/4820 3564/4672 3689/4824
f 3686/4821 3689/4824 3690/4825 3687/4822
f 3690/4825 3691/4826 3692/4827 3687/4822
f 3690/4825 3689/4824 3561/4669 3693/4828
f 3690/4825 3693/4828 3694/4829 3691/4826
f 3694/4829 3695/4830 3696/4831 3691/4826
f 3694/4829 3693/4828 3558/4666 3697/4832
f 3694/4829 3697/4832 3698/4833 3695/4830
f 3698/4833 3699/4834 3700/4835 3695/4830
f 3698/4833 3697/4832 3555/4663 3701/4836
f 3698/4833 3701/4836 3702/4837 3699/4834
f 3702/4837 3543/4651 3703/4838 3699/4834
f 3702/4837 3701/4836 3552/4660 3546/4654
f 3702/4837 3546/4654 3544/4652 3543/4651
f 3703/4838 3540/4648 3704/4839 3705/4840
f 3703/4838 3705/4840 3700/4835 3699/4834
f 3703/4838 3543/4651 3541/4649 3540/4648
f 3705/4840 3704/4839 3706/4841 3707/4842
f 3705/4840 3707/4842 3708/4843 3700/4835
f 3708/4843 3707/4842 3709/4844 3710/4845
f 3708/4843 3710/4845 3711/4846 3696/4831
f 3708/4843 3696/4831 3695/4830 3700/4835
f 3711/4846 3710/4845 3712/4847 3713/4848
f 3711/4846 3713/4848 3714/4849 3692/4827
f 3711/4846 3692/4827 3691/4826 3696/4831
f 3714/4849 3713/4848 3715/4850 3716/4851
f 3714/4849 3716/4851 3717/4852 3688/4823
f 3714/4849 3688/4823 3687/4822 3692/4827
f 3717/4852 3716/4851 3718/4853 3719/4854
f 3717/4852 3719/4854 3720/4855 3684/4819
f 3717/4852 3684/4819 3683/4818 3688/4823
f 3720/4855 3719/4854 3721/4856 3722/4857
f 3720/4855 3722/4857 3723/4858 3680/4815
f 3720/4855 3680/4815 3679/4814 3684/4819
f 3723/4858 3722/4857 3724/4859 3725/4860
f 3723/4858 3725/4860 3726/4861 3676/4811
f 3723/4858 3676/4811 3675/4810 3680/4815
f 3726/4861 3725/4860 3727/4862 3728/4863
f 3726/4861 3728/4863 3729/4864 3672/4807
f 3726/4861 3672/4807 3671/4806 3676/4811
f 3729/4864 3728/4863 3730/4865 3731/4866
f 3729/4864 3731/4866 3732/4867 3668/4803
f 3729/4864 3668/4803 3667/4802 3672/4807
f 3732/4867 3731/4866 3733/4868 3734/4869
f 3732/4867 3734/4869 3735/4870 3664/4799
f 3732/4867 3664/4799 3663/4798 3668/4803
f 3735/4870 3734/4869 3736/4871 3737/4872
f 3735/4870 3737/4872 3738/4873 3660/4795
f 3735/4870 3660/4795 3659/4794 3664/4799
f 3738/4873 3737/4872 3739/4874 3740/4875
f 3738/4873 3740/4875 3741/4876 3656/4790
f 3738/4873 3656/4790 3655/4789 3660/4795
f 3741/4876 3740/4875 3742/4877 3743/4878
f 3741/4876 3743/4878 3744/4879 3652/4783
f 3741/4876 3652/4783 3651/4782 3656/4790
f 3744/4879 3743/4878 3745/4880 3746/4881
f 3744/4879 3746/4881 3747/4882 3648/4883
f 3744/4879 3648/4883 3647/4784 3652/4783
f 3747/4882 3746/4881 3748/4884 3749/4885
f 3747/4886 3749/4887 3750/4888 3644/4889
f 3747/4886 3644/4889 3643/4776 3648/4775
f 3750/4888 3749/4887 3751/4890 3752/4891
f 3750/4892 3752/4893 3753/4894 3641/4895
f 3750/4892 3641/4895 3640/4769 3644/4768
f 3753/4894 3752/4893 3754/4896 3755/4897
f 3753/4898 3755/4899 3756/4900 3638/4761
f 3753/4898 3638/4761 3637/4760 3641/4764
f 3756/4900 3755/4899 3757/4901 3758/4902
f 3756/4900 3758/4902 3759/4903 3635/4758
f 3756/4900 3635/4758 3634/4757 3638/4761
f 3759/4903 3758/4902 3760/4904 3761/4905
f 3759/4903 3761/4905 3762/4906 3632/4753
f 3759/4903 3632/4753 3631/4752 3635/4758
f 3762/4906 3761/4905 3763/4907 3764/4908
f 3762/4909 3764/4910 3765/4911 3628/4748
f 3762/4906 3628/4912 3627/4754 3632/4753
f 3765/4911 3764/4910 3766/4913 3767/4914
f 3765/4911 3767/4914 3768/4915 3769/4916
f 3765/4911 3769/4916 3629/4749 3628/4748
f 3769/4916 3768/4915 3770/4917 3771/4918
f 3769/4916 3771/4918 3622/4742 3629/4749
f 3771/4918 3770/4917 188/86 187/85
f 3771/4918 187/85 3623/4743 3622/4742
f 3770/4917 3768/4915 3772/4919 3773/4920
f 3770/4917 3773/4920 189/87 188/86
f 3773/4920 3772/4919 3774/4921 3775/4922
f 3773/4920 3775/4922 3776/4923 189/87
f 3776/4923 3775/4922 3777/4924 3778/4925
f 3776/4923 3778/4925 3779/4926 3780/4927
f 3776/4923 3780/4927 184/82 189/87
f 3780/4927 10/70 176/73 184/82
f 3779/4926 3778/4925 3781/4928 3782/4929
f 3779/4926 3782/4929 3783/4930 179/76
f 3783/4930 3784/4931 180/77 179/76
f 3783/4930 3782/4929 3785/4932 3786/4933
f 3783/4930 3786/4933 3787/4934 3784/4931
f 3787/4934 3788/4935 3789/4936 3784/4931
f 3787/4934 3786/4933 3790/4937 3791/4938
f 3787/4934 3791/4938 3792/4939 3788/4935
f 3792/4939 3793/4940 3794/4941 3788/4935
f 3792/4939 3791/4938 3795/4942 3796/4943
f 3792/4939 3796/4943 3797/4944 3793/4940
f 3797/4944 3798/4945 3799/4946 3793/4940
f 3797/4944 3796/4943 3800/4947 3801/4948
f 3797/4944 3801/4948 3802/4949 3798/4945
f 3802/4949 3803/4950 3804/4951 3798/4945
f 3802/4949 3801/4948 3805/4952 3806/4953
f 3802/4949 3806/4953 3807/4954 3803/4950
f 3807/4954 3808/4955 3809/4956 3803/4950
f 3807/4954 3806/4953 3810/4957 3811/4958
f 3807/4954 3811/4958 3812/4959 3808/4955
f 3812/4959 3813/4960 3814/4961 3808/4955
f 3812/4959 3811/4958 3815/4962 3816/4963
f 3812/4959 3816/4963 3817/4964 3813/4960
f 3817/4964 3818/4965 3819/4966 3813/4960
f 3817/4967 3816/4968 3820/4969 3821/4970
f 3817/4967 3821/4970 3822/4971 3818/4972
f 3822/4971 3823/4973 3824/4974 3818/4972
f 3822/4975 3821/4976 3825/4977 3826/4978
f 3822/4975 3826/4978 3827/4979 3823/4980
f 3827/4979 3828/4981 3829/4982 3823/4980
f 3827/4983 3826/4984 3830/4985 3831/4986
f 3827/4983 3831/4986 3832/4987 3828/4988
f 3832/4987 3833/4989 3834/4990 3828/4988
f 3832/4987 3831/4986 3835/4991 3836/4992
f 3832/4987 3836/4992 3837/4993 3833/4989
f 3837/4993 3838/4994 3839/4995 3833/4989
f 3837/4993 3836/4992 3840/4996 3841/4997
f 3837/4993 3841/4997 3842/4998 3838/4994
f 3842/4998 3843/4999 3844/5000 3838/4994
f 3842/4998 3841/4997 3845/5001 3846/5002
f 3842/4998 3846/5002 3847/5003 3843/4999
f 3847/5003 3848/5004 3849/5005 3843/4999
f 3847/5003 3846/5002 3850/5006 3851/5007
f 3847/5003 3851/5007 3852/5008 3848/5004
f 3852/5008 3853/5009 3854/5010 3848/5004
f 3852/5011 3851/5012 3855/5013 3856/5014
f 3852/5011 3856/5014 3857/5015 3853/5016
f 3857/5017 3363/4426 3361/4425 3853/5018
f 3857/5017 3856/5019 3858/5020 3859/5021
f 3857/5017 3859/5021 3860/5022 3363/4426
f 3860/5022 3367/4432 3364/4427 3363/4426
f 3860/5022 3859/5021 3861/5023 3862/5024
f 3860/5022 3862/5024 3863/5025 3367/4432
f 3863/5025 3372/4441 3368/4433 3367/4432
f 3863/5025 3862/5024 3864/5026 3865/5027
f 3863/5025 3865/5027 3866/5028 3372/4441
f 3866/5028 3375/5029 3373/4442 3372/4441
f 3866/5028 3865/5027 3867/5030 3868/5031
f 3866/5028 3868/5031 3869/5032 3375/5029
f 3869/5033 3870/5034 3376/4446 3375/4445
f 3869/5032 3868/5031 3871/5035 3872/5036
f 3869/5033 3872/5037 3873/5038 3870/5034
f 3873/5038 3872/5037 118/5039 117/5040
f 3873/5038 117/5040 3874/5041 3875/5042
f 3873/5038 3875/5042 3876/5043 3870/5034
f 3876/5043 3377/4447 3376/4446 3870/5034
f 3876/5043 3875/5042 3877/5044 3878/5045
f 3876/5043 3878/5045 3879/5046 3377/4447
f 3879/5046 3381/4451 3378/4448 3377/4447
f 3879/5046 3878/5045 3880/5047 3881/5048
f 3879/5046 3881/5048 3882/5049 3381/4451
f 3882/5049 3386/4456 3382/4452 3381/4451
f 3882/5049 3881/5048 3883/5050 3884/5051
f 3882/5049 3884/5051 3885/5052 3386/4456
f 3885/5052 3391/4463 3387/4457 3386/4456
f 3885/5052 3884/5051 3886/5053 3887/5054
f 3885/5052 3887/5054 3888/5055 3391/4463
f 3888/5055 3396/5056 3392/4464 3391/4463
f 3888/5055 3887/5054 3889/5057 3890/5058
f 3888/5055 3890/5058 3891/5059 3396/5056
f 3891/5060 3401/5061 3397/4472 3396/4471
f 3891/5059 3890/5058 3892/5062 3893/5063
f 3891/5060 3893/5064 3894/5065 3401/5061
f 3894/5066 3406/4482 3402/4478 3401/4477
f 3894/5065 3893/5064 3895/5067 3896/5068
f 3894/5066 3896/5069 3897/5070 3406/4482
f 3897/5070 3411/4489 3407/4483 3406/4482
f 3897/5070 3896/5069 3898/5071 3899/5072
f 3897/5070 3899/5072 3900/5073 3411/4489
f 3900/5073 3416/5074 3412/4490 3411/4489
f 3900/5073 3899/5072 3901/5075 3902/5076
f 3900/5073 3902/5076 3903/5077 3416/5074
f 3903/5078 3421/5079 3417/4498 3416/4497
f 3903/5077 3902/5076 3904/5080 3905/5081
f 3903/5078 3905/5082 3906/5083 3421/5079
f 3906/5084 3426/5085 3422/4506 3421/4505
f 3906/5083 3905/5082 3907/5086 3908/5087
f 3906/5084 3908/5088 3909/5089 3426/5085
f 3909/5090 3431/5091 3427/5092 3426/5093
f 3909/5089 3908/5088 3910/5094 3911/5095
f 3909/5096 3911/5097 3912/5098 3431/5099
f 3912/5100 3436/4521 3432/4517 3431/4516
f 3912/5101 3911/5102 3913/5103 3914/5104
f 3912/5100 3914/5105 3915/5106 3436/4521
f 3915/5106 3440/4525 3437/4522 3436/4521
f 3915/5106 3914/5105 3916/5107 3460/4545
f 3915/5106 3460/4545 3458/4543 3440/4525
f 3916/5108 3914/5109 3913/5110 3917/5111
f 3916/5112 3917/5113 3918/5114 3463/5115
f 3916/5107 3463/4548 3461/4546 3460/4545
f 3918/5116 3917/5117 3919/5118 3920/5119
f 3918/5116 3920/5119 3921/5120 3466/5121
f 3918/5114 3466/4553 3464/4552 3463/5115
f 3921/5122 3920/5123 3922/5124 3923/5125
f 3921/5122 3923/5125 3924/5126 3925/5127
f 3921/5120 3925/5128 3467/5129 3466/5121
f 3925/5127 3924/5126 3926/5130 3471/5131
f 3925/5128 3471/4562 3468/4561 3467/5129
f 3926/5132 3924/5133 3927/5134 3928/5135
f 3926/5132 3928/5135 3929/5136 3930/5137
f 3926/5130 3930/5138 3472/5139 3471/5131
f 3930/5137 3929/5136 3931/5140 3932/5141
f 3930/5142 3932/5143 3473/5144 3472/5145
f 3932/5141 3931/5140 3933/5146 3934/5147
f 3932/5148 3934/5149 3475/5150 3473/5151
f 3934/5147 3933/5146 3935/5152 3480/5153
f 3934/5149 3480/4577 3477/4576 3475/5150
f 3935/5152 3933/5146 3936/5154 3937/5155
f 3935/5152 3937/5155 3938/5156 3483/4583
f 3935/5152 3483/4583 3481/4582 3480/5153
f 3938/5156 3937/5155 3939/5157 3940/5158
f 3938/5156 3940/5158 3941/5159 3486/4587
f 3938/5156 3486/4587 3484/4584 3483/4583
f 3941/5159 3940/5158 3942/5160 3943/5161
f 3941/5159 3943/5161 3944/5162 3945/5163
f 3941/5159 3945/5163 3487/4588 3486/4587
f 3945/5163 3944/5162 3946/5164 3947/5165
f 3945/5163 3947/5165 3488/4589 3487/4588
f 3947/5165 3946/5164 3948/5166 3949/5167
f 3947/5165 3949/5167 3490/4592 3488/4589
f 3949/5167 3948/5166 3950/5168 3495/4599
f 3949/5167 3495/4599 3492/4595 3490/4592
f 3950/5169 3948/5170 3951/5171 3952/5172
f 3950/5169 3952/5172 3500/4606 3498/4605
f 3950/5168 3498/4602 3496/4600 3495/4599
f 3952/5172 3951/5171 3953/5173 3954/5174
f 3952/5172 3954/5174 3502/4608 3500/4606
f 3954/5174 3953/5173 3955/5175 3956/5176
f 3954/5174 3956/5176 3504/4610 3502/4608
f 3956/5176 3955/5175 3957/5177 3958/5178
f 3956/5176 3958/5178 3506/4612 3504/4610
f 3958/5178 3957/5177 3959/5179 3960/5180
f 3958/5178 3960/5180 3508/4614 3506/4612
f 3960/5180 3959/5179 3961/5181 3962/5182
f 3960/5180 3962/5182 3510/4616 3508/4614
f 3962/5183 3961/5184 3963/5185 3964/5186
f 3962/5183 3964/5186 3512/4620 3510/4619
f 3964/5186 3963/5185 3965/5187 3966/5188
f 3964/5186 3966/5188 3514/4622 3512/4620
f 3966/5188 3965/5187 3967/5189 3968/5190
f 3966/5188 3968/5190 3516/4624 3514/4622
f 3968/5190 3967/5189 3969/5191 3970/5192
f 3968/5190 3970/5192 3518/4626 3516/4624
f 3970/5192 3969/5191 3971/5193 3972/5194
f 3970/5192 3972/5194 3520/4628 3518/4626
f 3972/5194 3971/5193 3973/5195 3974/5196
f 3972/5194 3974/5196 3522/4630 3520/4628
f 3974/5196 3973/5195 3975/5197 3976/5198
f 3974/5196 3976/5198 3524/4632 3522/4630
f 3976/5198 3975/5197 3977/5199 3978/5200
f 3976/5198 3978/5200 3526/4634 3524/4632
f 3978/5200 3977/5199 3979/5201 3980/5202
f 3978/5200 3980/5202 3528/4636 3526/4634
f 3980/5202 3979/5201 3981/5203 3982/5204
f 3980/5202 3982/5204 3530/4638 3528/4636
f 3982/5204 3981/5203 3983/5205 3984/5206
f 3982/5204 3984/5206 3532/4640 3530/4638
f 3984/5206 3983/5205 3985/5207 3986/5208
f 3984/5206 3986/5208 3534/4642 3532/4640
f 3986/5208 3985/5207 3987/5209 3988/5210
f 3986/5208 3988/5210 3989/5211 3534/4642
f 3989/5211 3988/5210 3990/5212 3706/4841
f 3989/5211 3706/4841 3704/4839 3537/4645
f 3989/5211 3537/4645 3535/4643 3534/4642
f 3990/5212 3988/5210 3987/5209 3991/5213
f 3990/5212 3991/5213 3992/5214 3709/4844
f 3990/5212 3709/4844 3707/4842 3706/4841
f 3992/5214 3991/5213 3993/5215 3994/5216
f 3992/5214 3994/5216 3995/5217 3712/4847
f 3992/5214 3712/4847 3710/4845 3709/4844
f 3995/5217 3994/5216 3996/5218 3997/5219
f 3995/5217 3997/5219 3998/5220 3715/4850
f 3995/5217 3715/4850 3713/4848 3712/4847
f 3998/5220 3997/5219 3999/5221 4000/5222
f 3998/5220 4000/5222 4001/5223 3718/4853
f 3998/5220 3718/4853 3716/4851 3715/4850
f 4001/5223 4000/5222 4002/5224 4003/5225
f 4001/5223 4003/5225 4004/5226 3721/4856
f 4001/5223 3721/4856 3719/4854 3718/4853
f 4004/5226 4003/5225 4005/5227 4006/5228
f 4004/5226 4006/5228 4007/5229 3724/4859
f 4004/5226 3724/4859 3722/4857 3721/4856
f 4007/5229 4006/5228 4008/5230 4009/5231
f 4007/5229 4009/5231 4010/5232 3727/4862
f 4007/5229 3727/4862 3725/4860 3724/4859
f 4010/5232 4009/5231 4011/5233 4012/5234
f 4010/5232 4012/5234 4013/5235 3730/4865
f 4010/5232 3730/4865 3728/4863 3727/4862
f 4013/5235 4012/5234 4014/5236 4015/5237
f 4013/5235 4015/5237 4016/5238 3733/4868
f 4013/5235 3733/4868 3731/4866 3730/4865
f 4016/5238 4015/5237 4017/5239 4018/5240
f 4016/5238 4018/5240 4019/5241 3736/4871
f 4016/5238 3736/4871 3734/4869 3733/4868
f 4019/5241 4018/5240 4020/5242 4021/5243
f 4019/5241 4021/5243 4022/5244 3739/4874
f 4019/5241 3739/4874 3737/4872 3736/4871
f 4022/5244 4021/5243 4023/5245 4024/5246
f 4022/5244 4024/5246 4025/5247 3742/4877
f 4022/5244 3742/4877 3740/4875 3739/4874
f 4025/5247 4024/5246 4026/5248 4027/5249
f 4025/5247 4027/5249 4028/5250 3745/4880
f 4025/5247 3745/4880 3743/4878 3742/4877
f 4028/5250 4027/5249 4029/5251 4030/5252
f 4028/5250 4030/5252 4031/5253 3748/4884
f 4028/5250 3748/4884 3746/4881 3745/4880
f 4031/5253 4030/5252 4032/5254 4033/5255
f 4031/5253 4033/5255 4034/5256 3751/5257
f 4031/5253 3751/5257 3749/4885 3748/4884
f 4034/5256 4033/5255 4035/5258 4036/5259
f 4034/5260 4036/5261 4037/5262 3754/5263
f 4034/5260 3754/5263 3752/4891 3751/4890
f 4037/5262 4036/5261 4038/5264 4039/5265
f 4037/5266 4039/5267 4040/5268 3757/5269
f 4037/5266 3757/5269 3755/4897 3754/4896
f 4040/5268 4039/5267 4041/5270 4042/5271
f 4040/5272 4042/5273 4043/5274 3760/4904
f 4040/5272 3760/4904 3758/4902 3757/4901
f 4043/5274 4042/5273 4044/5275 4045/5276
f 4043/5274 4045/5276 4046/5277 3763/4907
f 4043/5274 3763/4907 3761/4905 3760/4904
f 4046/5277 4045/5276 4047/5278 4048/5279
f 4046/5277 4048/5279 4049/5280 3766/5281
f 4046/5277 3766/5281 3764/4908 3763/4907
f 4049/5280 4048/5279 4050/5282 4051/5283
f 4049/5284 4051/5285 4052/5286 4053/5287
f 4049/5284 4053/5287 3767/4914 3766/4913
f 4053/5287 4052/5286 3774/4921 3772/4919
f 4053/5287 3772/4919 3768/4915 3767/4914
f 4052/5286 4051/5285 4054/5288 4055/5289
f 4052/5286 4055/5289 4056/5290 3774/4921
f 4056/5290 4055/5289 4057/5291 4058/5292
f 4056/5290 4058/5292 4059/5293 3777/4924
f 4056/5290 3777/4924 3775/4922 3774/4921
f 4059/5293 4058/5292 4060/5294 4061/5295
f 4059/5293 4061/5295 4062/5296 3781/4928
f 4059/5293 3781/4928 3778/4925 3777/4924
f 4062/5296 4063/5297 4064/5298 3785/4932
f 4062/5296 3785/4932 3782/4929 3781/4928
f 4064/5298 3790/4937 3786/4933 3785/4932
f 4064/5298 4063/5297 4065/5299 4066/5300
f 4064/5298 4066/5300 4067/5301 3790/4937
f 4067/5301 3795/4942 3791/4938 3790/4937
f 4067/5301 4066/5300 4068/5302 4069/5303
f 4067/5301 4069/5303 4070/5304 3795/4942
f 4070/5304 3800/4947 3796/4943 3795/4942
f 4070/5304 4069/5303 4071/5305 4072/5306
f 4070/5304 4072/5306 4073/5307 3800/4947
f 4073/5307 3805/4952 3801/4948 3800/4947
f 4073/5307 4072/5306 4074/5308 4075/5309
f 4073/5307 4075/5309 4076/5310 3805/4952
f 4076/5310 3810/4957 3806/4953 3805/4952
f 4076/5311 4075/5312 4077/5313 4078/5314
f 4076/5315 4078/5316 4079/5317 3810/5318
f 4079/5317 3815/5319 3811/5320 3810/5318
f 4079/5321 4078/5314 4080/5322 4081/5323
f 4079/5321 4081/5323 4082/5324 3815/5325
f 4082/5324 3820/4969 3816/4968 3815/5325
f 4082/5326 4081/5327 4083/5328 4084/5329
f 4082/5326 4084/5329 4085/5330 3820/5331
f 4085/5330 3825/4977 3821/4976 3820/5331
f 4085/5332 4084/5333 4086/5334 4087/5335
f 4085/5332 4087/5335 4088/5336 3825/5337
f 4088/5336 3830/4985 3826/4984 3825/5337
f 4088/5336 4087/5335 4089/5338 4090/5339
f 4088/5336 4090/5339 4091/5340 3830/4985
f 4091/5340 3835/4991 3831/4986 3830/4985
f 4091/5340 4090/5339 4092/5341 4093/5342
f 4091/5340 4093/5342 4094/5343 3835/4991
f 4094/5343 3840/4996 3836/4992 3835/4991
f 4094/5343 4093/5342 4095/5344 4096/5345
f 4094/5343 4096/5345 4097/5346 3840/4996
f 4097/5346 3845/5001 3841/4997 3840/4996
f 4097/5346 4096/5345 4098/5347 4099/5348
f 4097/5346 4099/5348 4100/5349 3845/5001
f 4100/5349 3850/5006 3846/5002 3845/5001
f 4100/5350 4099/5351 4101/5352 4102/5353
f 4100/5350 4102/5353 4103/5354 3850/5355
f 4103/5354 3855/5013 3851/5012 3850/5355
f 4103/5356 4102/5357 4104/5358 4105/5359
f 4103/5356 4105/5359 4106/5360 3855/5361
f 4106/5360 3858/5020 3856/5019 3855/5361
f 4106/5360 4105/5359 4107/5362 4108/5363
f 4106/5360 4108/5363 4109/5364 3858/5020
f 4109/5364 3861/5023 3859/5021 3858/5020
f 4109/5364 4108/5363 4110/5365 4111/5366
f 4109/5364 4111/5366 4112/5367 3861/5023
f 4112/5367 3864/5026 3862/5024 3861/5023
f 4112/5367 4111/5366 4113/5368 4114/5369
f 4112/5367 4114/5369 4115/5370 3864/5026
f 4115/5370 3867/5030 3865/5027 3864/5026
f 4115/5370 4114/5369 4116/5371 4117/5372
f 4115/5370 4117/5372 4118/5373 3867/5030
f 4118/5373 3871/5035 3868/5031 3867/5030
f 4118/5374 4117/5375 4119/5376 4120/5377
f 4118/5374 4120/5377 119/5378 3871/5379
f 4120/5380 4119/5381 4121/5382 4122/5383
f 4120/5380 4122/5383 114/2 119/7
f 4122/5383 4121/5382 4123/5384 4124/5385
f 4122/5383 4124/5385 115/3 114/2
f 4124/5385 4123/5384 4125/5386 4126/5387
f 4124/5385 4126/5387 4127/5388 115/3
f 4127/5388 4128/5389 116/4 115/3
f 4127/5388 4126/5387 4129/5390 4130/5391
f 4127/5388 4130/5391 4131/5392 4128/5389
f 4131/5392 4132/5393 3874/5394 4128/5389
f 4131/5392 4130/5391 4133/5395 4134/5396
f 4131/5392 4134/5396 4135/5397 4132/5393
f 4135/5397 4136/5398 3877/5399 4132/5393
f 4135/5397 4134/5396 4137/5400 4138/5401
f 4135/5397 4138/5401 4139/5402 4136/5398
f 4139/5403 4140/5404 3880/5047 4136/5405
f 4139/5402 4138/5401 4141/5406 4142/5407
f 4139/5403 4142/5408 4143/5409 4140/5404
f 4143/5409 4144/5410 3883/5050 4140/5404
f 4143/5409 4142/5408 4145/5411 4146/5412
f 4143/5409 4146/5412 4147/5413 4144/5410
f 4147/5413 4148/5414 3886/5053 4144/5410
f 4147/5413 4146/5412 4149/5415 4150/5416
f 4147/5413 4150/5416 4151/5417 4148/5414
f 4151/5417 4152/5418 3889/5057 4148/5414
f 4151/5417 4150/5416 4153/5419 4154/5420
f 4151/5417 4154/5420 4155/5421 4152/5418
f 4155/5421 4156/5422 3892/5062 4152/5418
f 4155/5421 4154/5420 4157/5423 4158/5424
f 4155/5421 4158/5424 4159/5425 4156/5422
f 4159/5425 4160/5426 3895/5427 4156/5422
f 4159/5425 4158/5424 4161/5428 4162/5429
f 4159/5425 4162/5429 4163/5430 4160/5426
f 4163/5431 4164/5432 3898/5071 4160/5433
f 4163/5430 4162/5429 4165/5434 4166/5435
f 4163/5436 4166/5437 4167/5438 4164/5439
f 4167/5440 4168/5441 3901/5075 4164/5432
f 4167/5438 4166/5437 4169/5442 4170/5443
f 4167/5440 4170/5444 4171/5445 4168/5441
f 4171/5445 4172/5446 3904/5080 4168/5441
f 4171/5445 4170/5444 4173/5447 4174/5448
f 4171/5445 4174/5448 4175/5449 4172/5446
f 4175/5449 4176/5450 3907/5451 4172/5446
f 4175/5449 4174/5448 4177/5452 4178/5453
f 4175/5449 4178/5453 4179/5454 4176/5450
f 4179/5455 4180/5456 3910/5457 4176/5458
f 4179/5454 4178/5453 4181/5459 4182/5460
f 4179/5455 4182/5461 3919/5462 4180/5456
f 4182/5460 4181/5459 4183/5463 3922/5464
f 4182/5461 3922/5124 3920/5123 3919/5462
f 4183/5463 4181/5459 4184/5465 4185/5466
f 4183/5463 4185/5466 4186/5467 4187/5468
f 4183/5463 4187/5468 3923/5469 3922/5464
f 4187/5468 4186/5467 4188/5470 3927/5134
f 4187/5468 3927/5134 3924/5133 3923/5469
f 4188/5470 4186/5467 4189/5471 4190/5472
f 4188/5470 4190/5472 4191/5473 4192/5474
f 4188/5470 4192/5474 3928/5135 3927/5134
f 4192/5474 4191/5473 4193/5475 4194/5476
f 4192/5474 4194/5476 3929/5136 3928/5135
f 4194/5476 4193/5475 4195/5477 4196/5478
f 4194/5476 4196/5478 3931/5140 3929/5136
f 4196/5478 4195/5477 4197/5479 3936/5154
f 4196/5478 3936/5154 3933/5146 3931/5140
f 4197/5479 4195/5477 4198/5480 4199/5481
f 4197/5479 4199/5481 4200/5482 3939/5157
f 4197/5479 3939/5157 3937/5155 3936/5154
f 4200/5483 4199/5484 4201/5485 4202/5486
f 4200/5483 4202/5486 4203/5487 3942/5488
f 4200/5482 3942/5160 3940/5158 3939/5157
f 4203/5487 4202/5486 4204/5489 4205/5490
f 4203/5487 4205/5490 4206/5491 4207/5492
f 4203/5487 4207/5492 3943/5493 3942/5488
f 4207/5492 4206/5491 4208/5494 4209/5495
f 4207/5492 4209/5495 3944/5496 3943/5493
f 4209/5495 4208/5494 4210/5497 4211/5498
f 4209/5495 4211/5498 3946/5499 3944/5496
f 4211/5498 4210/5497 3953/5173 3951/5171
f 4211/5498 3951/5171 3948/5170 3946/5499
f 4210/5497 4208/5494 4212/5500 4213/5501
f 4210/5497 4213/5501 3955/5175 3953/5173
f 4213/5501 4212/5500 4214/5502 4215/5503
f 4213/5501 4215/5503 3957/5177 3955/5175
f 4215/5503 4214/5502 4216/5504 4217/5505
f 4215/5503 4217/5505 3959/5179 3957/5177
f 4217/5505 4216/5504 4218/5506 4219/5507
f 4217/5505 4219/5507 3961/5181 3959/5179
f 4219/5508 4218/5509 4220/5510 4221/5511
f 4219/5508 4221/5511 3963/5185 3961/5184
f 4221/5511 4220/5510 4222/5512 4223/5513
f 4221/5511 4223/5513 3965/5187 3963/5185
f 4223/5513 4222/5512 4224/5514 4225/5515
f 4223/5513 4225/5515 3967/5189 3965/5187
f 4225/5515 4224/5514 4226/5516 4227/5517
f 4225/5515 4227/5517 3969/5191 3967/5189
f 4227/5517 4226/5516 4228/5518 4229/5519
f 4227/5517 4229/5519 3971/5193 3969/5191
f 4229/5519 4228/5518 4230/5520 4231/5521
f 4229/5519 4231/5521 3973/5195 3971/5193
f 4231/5521 4230/5520 4232/5522 4233/5523
f 4231/5521 4233/5523 3975/5197 3973/5195
f 4233/5523 4232/5522 4234/5524 4235/5525
f 4233/5523 4235/5525 3977/5199 3975/5197
f 4235/5525 4234/5524 4236/5526 4237/5527
f 4235/5525 4237/5527 3979/5201 3977/5199
f 4237/5527 4236/5526 4238/5528 4239/5529
f 4237/5527 4239/5529 3981/5203 3979/5201
f 4239/5529 4238/5528 4240/5530 4241/5531
f 4239/5529 4241/5531 3983/5205 3981/5203
f 4241/5531 4240/5530 4242/5532 4243/5533
f 4241/5531 4243/5533 3985/5207 3983/5205
f 4243/5533 4242/5532 4244/5534 4245/5535
f 4243/5533 4245/5535 3987/5209 3985/5207
f 4245/5535 4244/5534 4246/5536 3993/5215
f 4245/5535 3993/5215 3991/5213 3987/5209
f 4246/5536 4244/5534 4247/5537 4248/5538
f 4246/5536 4248/5538 4249/5539 3996/5218
f 4246/5536 3996/5218 3994/5216 3993/5215
f 4249/5539 4248/5538 4250/5540 4251/5541
f 4249/5539 4251/5541 4252/5542 3999/5221
f 4249/5539 3999/5221 3997/5219 3996/5218
f 4252/5542 4251/5541 4253/5543 4254/5544
f 4252/5542 4254/5544 4255/5545 4002/5224
f 4252/5542 4002/5224 4000/5222 3999/5221
f 4255/5545 4254/5544 4256/5546 4257/5547
f 4255/5545 4257/5547 4258/5548 4005/5227
f 4255/5545 4005/5227 4003/5225 4002/5224
f 4258/5548 4257/5547 4259/5549 4260/5550
f 4258/5548 4260/5550 4261/5551 4008/5230
f 4258/5548 4008/5230 4006/5228 4005/5227
f 4261/5551 4260/5550 4262/5552 4263/5553
f 4261/5551 4263/5553 4264/5554 4011/5233
f 4261/5551 4011/5233 4009/5231 4008/5230
f 4264/5554 4263/5553 4265/5555 4266/5556
f 4264/5554 4266/5556 4267/5557 4014/5236
f 4264/5554 4014/5236 4012/5234 4011/5233
f 4267/5557 4266/5556 4268/5558 4269/5559
f 4267/5557 4269/5559 4270/5560 4017/5239
f 4267/5557 4017/5239 4015/5237 4014/5236
f 4270/5560 4269/5559 4271/5561 4272/5562
f 4270/5560 4272/5562 4273/5563 4020/5242
f 4270/5560 4020/5242 4018/5240 4017/5239
f 4273/5563 4272/5562 4274/5564 4275/5565
f 4273/5563 4275/5565 4276/5566 4023/5245
f 4273/5563 4023/5245 4021/5243 4020/5242
f 4276/5566 4275/5565 4277/5567 4278/5568
f 4276/5566 4278/5568 4279/5569 4026/5248
f 4276/5566 4026/5248 4024/5246 4023/5245
f 4279/5569 4278/5568 4280/5570 4281/5571
f 4279/5569 4281/5571 4282/5572 4029/5251
f 4279/5569 4029/5251 4027/5249 4026/5248
f 4282/5572 4281/5571 4283/5573 4284/5574
f 4282/5572 4284/5574 4285/5575 4032/5254
f 4282/5572 4032/5254 4030/5252 4029/5251
f 4285/5575 4284/5574 4286/5576 4287/5577
f 4285/5575 4287/5577 4288/5578 4035/5258
f 4285/5575 4035/5258 4033/5255 4032/5254
f 4288/5578 4287/5577 4289/5579 4290/5580
f 4288/5578 4290/5580 4291/5581 4038/5582
f 4288/5578 4038/5582 4036/5259 4035/5258
f 4291/5581 4290/5580 4292/5583 4293/5584
f 4291/5585 4293/5586 4294/5587 4041/5588
f 4291/5585 4041/5588 4039/5265 4038/5264
f 4294/5587 4293/5586 4295/5589 4296/5590
f 4294/5591 4296/5592 4297/5593 4044/5594
f 4294/5591 4044/5594 4042/5271 4041/5270
f 4297/5593 4296/5592 4298/5595 4299/5596
f 4297/5597 4299/5598 4300/5599 4047/5278
f 4297/5597 4047/5278 4045/5276 4044/5275
f 4300/5599 4299/5598 4301/5600 4302/5601
f 4300/5599 4302/5601 4303/5602 4050/5282
f 4300/5599 4050/5282 4048/5279 4047/5278
f 4303/5602 4302/5601 4304/5603 4305/5604
f 4303/5602 4305/5604 4306/5605 4054/5606
f 4303/5602 4054/5606 4051/5283 4050/5282
f 4306/5605 4305/5604 4307/5607 4308/5608
f 4306/5609 4308/5610 4309/5611 4057/5291
f 4306/5609 4057/5291 4055/5289 4054/5288
f 4309/5611 4308/5610 4310/5612 4311/5613
f 4309/5611 4311/5613 4312/5614 4060/5294
f 4309/5611 4060/5294 4058/5292 4057/5291
f 4312/5614 4311/5613 4313/5615 4314/5616
f 4312/5614 4314/5616 4315/5617 4316/5618
f 4312/5614 4316/5618 4061/5295 4060/5294
f 4315/5617 4314/5616 4317/5619 4318/5620
f 4315/5617 4318/5620 4319/5621 4065/5299
f 4319/5621 4068/5302 4066/5300 4065/5299
f 4319/5621 4318/5620 4320/5622 4321/5623
f 4319/5621 4321/5623 4322/5624 4068/5302
f 4322/5624 4071/5305 4069/5303 4068/5302
f 4322/5624 4321/5623 4323/5625 4324/5626
f 4322/5624 4324/5626 4325/5627 4071/5305
f 4325/5627 4074/5308 4072/5306 4071/5305
f 4325/5628 4324/5629 4326/5630 4327/5631
f 4325/5628 4327/5631 4328/5632 4074/5633
f 4328/5632 4077/5313 4075/5312 4074/5633
f 4328/5632 4327/5631 4329/5634 4330/5635
f 4328/5632 4330/5635 4331/5636 4077/5313
f 4331/5636 4080/5322 4078/5314 4077/5313
f 4331/5637 4330/5638 4332/5639 4333/5640
f 4331/5637 4333/5640 4334/5641 4080/5642
f 4334/5643 4083/5328 4081/5327 4080/5644
f 4334/5641 4333/5640 4335/5645 4336/5646
f 4334/5641 4336/5646 4337/5647 4083/5648
f 4337/5647 4086/5334 4084/5333 4083/5648
f 4337/5647 4336/5646 4338/5649 4339/5650
f 4337/5647 4339/5650 4340/5651 4086/5334
f 4340/5651 4089/5338 4087/5335 4086/5334
f 4340/5651 4339/5650 4341/5652 4342/5653
f 4340/5651 4342/5653 4343/5654 4089/5338
f 4343/5654 4092/5341 4090/5339 4089/5338
f 4343/5654 4342/5653 4344/5655 4345/5656
f 4343/5654 4345/5656 4346/5657 4092/5341
f 4346/5657 4095/5344 4093/5342 4092/5341
f 4346/5657 4345/5656 4347/5658 4348/5659
f 4346/5657 4348/5659 4349/5660 4095/5344
f 4349/5660 4098/5347 4096/5345 4095/5344
f 4349/5661 4348/5662 4350/5663 4351/5664
f 4349/5661 4351/5664 4352/5665 4098/5666
f 4352/5665 4101/5352 4099/5351 4098/5666
f 4352/5667 4351/5668 4353/5669 4354/5670
f 4352/5667 4354/5670 4355/5671 4101/5672
f 4355/5671 4104/5358 4102/5357 4101/5672
f 4355/5671 4354/5670 4356/5673 4357/5674
f 4355/5671 4357/5674 4358/5675 4104/5358
f 4358/5675 4107/5362 4105/5359 4104/5358
f 4358/5675 4357/5674 4359/5676 4360/5677
f 4358/5675 4360/5677 4361/5678 4107/5362
f 4361/5678 4110/5365 4108/5363 4107/5362
f 4361/5678 4360/5677 4362/5679 4363/5680
f 4361/5678 4363/5680 4364/5681 4110/5365
f 4364/5681 4113/5368 4111/5366 4110/5365
f 4364/5681 4363/5680 4365/5682 4366/5683
f 4364/5681 4366/5683 4367/5684 4113/5368
f 4367/5684 4116/5371 4114/5369 4113/5368
f 4367/5685 4366/5686 4368/5687 4369/5688
f 4367/5685 4369/5688 4370/5689 4116/5690
f 4370/5689 4119/5376 4117/5375 4116/5690
f 4370/5691 4369/5692 4371/5693 4372/5694
f 4370/5691 4372/5694 4121/5382 4119/5381
f 4372/5694 4371/5693 4373/5695 4374/5696
f 4372/5694 4374/5696 4123/5384 4121/5382
f 4374/5696 4373/5695 4375/5697 4376/5698
f 4374/5696 4376/5698 4125/5386 4123/5384
f 4376/5698 4375/5697 4377/5699 4378/5700
f 4376/5698 4378/5700 4379/5701 4125/5386
f 4379/5701 4129/5390 4126/5387 4125/5386
f 4379/5701 4378/5700 4380/5702 4381/5703
f 4379/5701 4381/5703 4382/5704 4129/5390
f 4382/5704 4133/5395 4130/5391 4129/5390
f 4382/5704 4381/5703 4383/5705 4384/5706
f 4382/5704 4384/5706 4385/5707 4133/5395
f 4385/5707 4137/5400 4134/5396 4133/5395
f 4385/5707 4384/5706 4386/5708 4387/5709
f 4385/5707 4387/5709 4388/5710 4137/5400
f 4388/5710 4141/5406 4138/5401 4137/5400
f 4388/5710 4387/5709 4389/5711 4390/5712
f 4388/5710 4390/5712 4391/5713 4141/5406
f 4391/5713 4145/5714 4142/5407 4141/5406
f 4391/5713 4390/5712 4392/5715 4393/5716
f 4391/5713 4393/5716 4394/5717 4145/5714
f 4394/5718 4149/5415 4146/5412 4145/5411
f 4394/5717 4393/5716 4395/5719 4396/5720
f 4394/5718 4396/5721 4397/5722 4149/5415
f 4397/5722 4153/5419 4150/5416 4149/5415
f 4397/5722 4396/5721 4398/5723 4399/5724
f 4397/5722 4399/5724 4400/5725 4153/5419
f 4400/5725 4157/5423 4154/5420 4153/5419
f 4400/5725 4399/5724 4401/5726 4402/5727
f 4400/5725 4402/5727 4403/5728 4157/5423
f 4403/5728 4161/5428 4158/5424 4157/5423
f 4403/5728 4402/5727 4404/5729 4405/5730
f 4403/5728 4405/5730 4406/5731 4161/5428
f 4406/5731 4165/5434 4162/5429 4161/5428
f 4406/5731 4405/5730 4407/5732 4408/5733
f 4406/5731 4408/5733 4409/5734 4165/5434
f 4409/5734 4169/5735 4166/5435 4165/5434
f 4409/5734 4408/5733 4410/5736 4411/5737
f 4409/5734 4411/5737 4412/5738 4169/5735
f 4412/5739 4173/5740 4170/5443 4169/5442
f 4412/5738 4411/5737 4413/5741 4414/5742
f 4412/5739 4414/5743 4415/5744 4173/5740
f 4415/5745 4177/5452 4174/5448 4173/5447
f 4415/5744 4414/5743 4416/5746 4417/5747
f 4415/5745 4417/5748 4184/5465 4177/5452
f 4417/5747 4416/5746 4418/5749 4419/5750
f 4417/5748 4419/5751 4185/5466 4184/5465
f 4419/5750 4418/5749 4420/5752 4189/5753
f 4419/5751 4189/5471 4186/5467 4185/5466
f 4420/5754 4418/5755 4421/5756 4422/5757
f 4420/5754 4422/5757 4423/5758 4424/5759
f 4420/5752 4424/5760 4190/5761 4189/5753
f 4424/5759 4423/5758 4425/5762 4426/5763
f 4424/5760 4426/5764 4191/5765 4190/5761
f 4426/5763 4425/5762 4427/5766 4428/5767
f 4426/5768 4428/5769 4193/5475 4191/5473
f 4428/5767 4427/5766 4429/5770 4198/5771
f 4428/5769 4198/5480 4195/5477 4193/5475
f 4429/5770 4427/5766 4430/5772 4431/5773
f 4429/5770 4431/5773 4432/5774 4201/5485
f 4429/5770 4201/5485 4199/5484 4198/5771
f 4432/5774 4431/5773 4433/5775 4434/5776
f 4432/5774 4434/5776 4435/5777 4204/5489
f 4432/5774 4204/5489 4202/5486 4201/5485
f 4435/5777 4434/5776 4436/5778 4437/5779
f 4435/5777 4437/5779 4438/5780 4439/5781
f 4435/5777 4439/5781 4205/5490 4204/5489
f 4439/5781 4438/5780 4440/5782 4441/5783
f 4439/5781 4441/5783 4206/5491 4205/5490
f 4441/5783 4440/5782 4214/5502 4212/5500
f 4441/5783 4212/5500 4208/5494 4206/5491
f 4440/5782 4438/5780 4442/5784 4443/5785
f 4440/5782 4443/5785 4216/5504 4214/5502
f 4443/5785 4442/5784 4444/5786 4445/5787
f 4443/5785 4445/5787 4218/5506 4216/5504
f 4445/5788 4444/5789 4446/5790 4447/5791
f 4445/5788 4447/5791 4220/5510 4218/5509
f 4447/5791 4446/5790 4448/5792 4449/5793
f 4447/5791 4449/5793 4222/5512 4220/5510
f 4449/5793 4448/5792 4450/5794 4451/5795
f 4449/5793 4451/5795 4224/5514 4222/5512
f 4451/5795 4450/5794 4452/5796 4453/5797
f 4451/5795 4453/5797 4226/5516 4224/5514
f 4453/5797 4452/5796 4454/5798 4455/5799
f 4453/5797 4455/5799 4228/5518 4226/5516
f 4455/5799 4454/5798 4456/5800 4457/5801
f 4455/5799 4457/5801 4230/5520 4228/5518
f 4457/5801 4456/5800 4458/5802 4459/5803
f 4457/5801 4459/5803 4232/5522 4230/5520
f 4459/5803 4458/5802 4460/5804 4461/5805
f 4459/5803 4461/5805 4234/5524 4232/5522
f 4461/5805 4460/5804 4462/5806 4463/5807
f 4461/5805 4463/5807 4236/5526 4234/5524
f 4463/5807 4462/5806 4464/5808 4465/5809
f 4463/5807 4465/5809 4238/5528 4236/5526
f 4465/5809 4464/5808 4466/5810 4467/5811
f 4465/5809 4467/5811 4240/5530 4238/5528
f 4467/5811 4466/5810 4468/5812 4469/5813
f 4467/5811 4469/5813 4242/5532 4240/5530
f 4469/5813 4468/5812 4470/5814 4247/5537
f 4469/5813 4247/5537 4244/5534 4242/5532
f 4470/5814 4468/5812 4471/5815 4472/5816
f 4470/5814 4472/5816 4473/5817 4250/5540
f 4470/5814 4250/5540 4248/5538 4247/5537
f 4473/5817 4472/5816 4474/5818 4475/5819
f 4473/5817 4475/5819 4476/5820 4253/5543
f 4473/5817 4253/5543 4251/5541 4250/5540
f 4476/5820 4475/5819 4477/5821 4478/5822
f 4476/5820 4478/5822 4479/5823 4256/5546
f 4476/5820 4256/5546 4254/5544 4253/5543
f 4479/5823 4478/5822 4480/5824 4481/5825
f 4479/5823 4481/5825 4482/5826 4259/5549
f 4479/5823 4259/5549 4257/5547 4256/5546
f 4482/5826 4481/5825 4483/5827 4484/5828
f 4482/5826 4484/5828 4485/5829 4262/5552
f 4482/5826 4262/5552 4260/5550 4259/5549
f 4485/5829 4484/5828 4486/5830 4487/5831
f 4485/5829 4487/5831 4488/5832 4265/5555
f 4485/5829 4265/5555 4263/5553 4262/5552
f 4488/5832 4487/5831 4489/5833 4490/5834
f 4488/5832 4490/5834 4491/5835 4268/5558
f 4488/5832 4268/5558 4266/5556 4265/5555
f 4491/5835 4490/5834 4492/5836 4493/5837
f 4491/5835 4493/5837 4494/5838 4271/5561
f 4491/5835 4271/5561 4269/5559 4268/5558
f 4494/5838 4493/5837 4495/5839 4496/5840
f 4494/5838 4496/5840 4497/5841 4274/5564
f 4494/5838 4274/5564 4272/5562 4271/5561
f 4497/5841 4496/5840 4498/5842 4499/5843
f 4497/5841 4499/5843 4500/5844 4277/5567
f 4497/5841 4277/5567 4275/5565 4274/5564
f 4500/5844 4499/5843 4501/5845 4502/5846
f 4500/5844 4502/5846 4503/5847 4280/5570
f 4500/5844 4280/5570 4278/5568 4277/5567
f 4503/5847 4502/5846 4504/5848 4505/5849
f 4503/5847 4505/5849 4506/5850 4283/5573
f 4503/5847 4283/5573 4281/5571 4280/5570
f 4506/5850 4505/5849 4507/5851 4508/5852
f 4506/5850 4508/5852 4509/5853 4286/5576
f 4506/5850 4286/5576 4284/5574 4283/5573
f 4509/5853 4508/5852 4510/5854 4511/5855
f 4509/5853 4511/5855 4512/5856 4289/5579
f 4509/5853 4289/5579 4287/5577 4286/5576
f 4512/5856 4511/5855 4513/5857 4514/5858
f 4512/5856 4514/5858 4515/5859 4292/5583
f 4512/5856 4292/5583 4290/5580 4289/5579
f 4515/5859 4514/5858 4516/5860 4517/5861
f 4515/5859 4517/5861 4518/5862 4295/5863
f 4515/5859 4295/5863 4293/5584 4292/5583
f 4518/5862 4517/5861 4519/5864 4520/5865
f 4518/5866 4520/5867 4521/5868 4298/5869
f 4518/5866 4298/5869 4296/5590 4295/5589
f 4521/5868 4520/5867 4522/5870 4523/5871
f 4521/5872 4523/5873 4524/5874 4301/5875
f 4521/5872 4301/5875 4299/5596 4298/5595
f 4524/5874 4523/5873 4525/5876 4526/5877
f 4524/5878 4526/5879 4527/5880 4304/5603
f 4524/5878 4304/5603 4302/5601 4301/5600
f 4527/5880 4526/5879 4528/5881 4529/5882
f 4527/5880 4529/5882 4530/5883 4307/5607
f 4527/5880 4307/5607 4305/5604 4304/5603
f 4530/5883 4529/5882 4531/5884 4532/5885
f 4530/5883 4532/5885 4533/5886 4310/5887
f 4530/5883 4310/5887 4308/5608 4307/5607
f 4533/5886 4532/5885 234/150 4534/5888
f 4533/5889 4534/5890 4535/5891 4313/5615
f 4533/5889 4313/5615 4311/5613 4310/5612
f 4535/5891 4534/5890 4536/5892 4537/5893
f 4535/5891 4537/5893 4538/5894 4317/5619
f 4535/5891 4317/5619 4314/5616 4313/5615
f 4538/5894 4320/5622 4318/5620 4317/5619
f 4538/5894 4537/5893 4539/5895 4540/5896
f 4538/5894 4540/5896 4541/5897 4320/5622
f 4541/5897 4323/5625 4321/5623 4320/5622
f 4541/5898 4540/5899 4542/5900 4543/5901
f 4541/5898 4543/5901 4544/5902 4323/5903
f 4544/5902 4326/5630 4324/5629 4323/5903
f 4544/5902 4543/5901 4545/5904 4546/5905
f 4544/5902 4546/5905 4547/5906 4326/5630
f 4547/5906 4329/5634 4327/5631 4326/5630
f 4547/5907 4546/5908 4548/5909 4549/5910
f 4547/5907 4549/5910 4550/5911 4329/5912
f 4550/5911 4332/5639 4330/5638 4329/5912
f 4550/5911 4549/5910 4551/5913 4552/5914
f 4550/5911 4552/5914 4553/5915 4332/5639
f 4553/5915 4335/5645 4333/5640 4332/5639
f 4553/5915 4552/5914 4554/5916 4555/5917
f 4553/5915 4555/5917 4556/5918 4335/5645
f 4556/5918 4338/5649 4336/5646 4335/5645
f 4556/5918 4555/5917 4557/5919 4558/5920
f 4556/5918 4558/5920 4559/5921 4338/5649
f 4559/5921 4341/5652 4339/5650 4338/5649
f 4559/5921 4558/5920 4560/5922 4561/5923
f 4559/5921 4561/5923 4562/5924 4341/5652
f 4562/5924 4344/5655 4342/5653 4341/5652
f 4562/5924 4561/5923 4563/5925 4564/5926
f 4562/5924 4564/5926 4565/5927 4344/5655
f 4565/5927 4347/5658 4345/5656 4344/5655
f 4565/5928 4564/5929 4566/5930 4567/5931
f 4565/5928 4567/5931 4568/5932 4347/5933
f 4568/5932 4350/5663 4348/5662 4347/5933
f 4568/5934 4567/5935 4569/5936 4570/5937
f 4568/5934 4570/5937 4571/5938 4350/5939
f 4571/5938 4353/5669 4351/5668 4350/5939
f 4571/5938 4570/5937 4572/5940 4573/5941
f 4571/5938 4573/5941 4574/5942 4353/5669
f 4574/5942 4356/5673 4354/5670 4353/5669
f 4574/5942 4573/5941 4575/5943 4576/5944
f 4574/5942 4576/5944 4577/5945 4356/5673
f 4577/5945 4359/5676 4357/5674 4356/5673
f 4577/5945 4576/5944 4578/5946 4579/5947
f 4577/5945 4579/5947 4580/5948 4359/5676
f 4580/5948 4362/5679 4360/5677 4359/5676
f 4580/5948 4579/5947 4581/5949 4582/5950
f 4580/5948 4582/5950 4583/5951 4362/5679
f 4583/5951 4365/5682 4363/5680 4362/5679
f 4583/5952 4582/5953 4584/5954 4585/5955
f 4583/5952 4585/5955 4586/5956 4365/5957
f 4586/5956 4368/5687 4366/5686 4365/5957
f 4586/5958 4585/5959 4587/5960 4588/5961
f 4586/5958 4588/5961 4589/5962 4368/5963
f 4589/5962 4371/5693 4369/5692 4368/5963
f 4589/5962 4588/5961 4590/5964 4591/5965
f 4589/5962 4591/5965 4373/5695 4371/5693
f 4591/5965 4590/5964 4592/5966 4593/5967
f 4591/5965 4593/5967 4375/5697 4373/5695
f 4593/5967 4592/5966 4594/5968 4595/5969
f 4593/5967 4595/5969 4377/5699 4375/5697
f 4595/5969 4594/5968 4596/5970 4597/5971
f 4595/5969 4597/5971 4598/5972 4377/5699
f 4598/5972 4380/5702 4378/5700 4377/5699
f 4598/5972 4597/5971 4599/5973 4600/5974
f 4598/5972 4600/5974 4601/5975 4380/5702
f 4601/5975 4383/5705 4381/5703 4380/5702
f 4601/5975 4600/5974 4602/5976 4603/5977
f 4601/5975 4603/5977 4604/5978 4383/5705
f 4604/5978 4386/5708 4384/5706 4383/5705
f 4604/5978 4603/5977 4605/5979 4606/5980
f 4604/5978 4606/5980 4607/5981 4386/5708
f 4607/5981 4389/5711 4387/5709 4386/5708
f 4607/5981 4606/5980 4608/5982 4609/5983
f 4607/5981 4609/5983 4610/5984 4389/5711
f 4610/5984 4392/5715 4390/5712 4389/5711
f 4610/5984 4609/5983 4611/5985 4612/5986
f 4610/5984 4612/5986 4613/5987 4392/5715
f 4613/5987 4395/5719 4393/5716 4392/5715
f 4613/5987 4612/5986 4614/5988 4615/5989
f 4613/5987 4615/5989 4616/5990 4395/5719
f 4616/5990 4398/5991 4396/5720 4395/5719
f 4616/5990 4615/5989 4617/5992 4618/5993
f 4616/5990 4618/5993 4619/5994 4398/5991
f 4619/5995 4401/5726 4399/5724 4398/5723
f 4619/5994 4618/5993 4620/5996 4621/5997
f 4619/5995 4621/5998 4622/5999 4401/5726
f 4622/5999 4404/5729 4402/5727 4401/5726
f 4622/5999 4621/5998 4623/6000 4624/6001
f 4622/5999 4624/6001 4625/6002 4404/5729
f 4625/6002 4407/5732 4405/5730 4404/5729
f 4625/6002 4624/6001 4626/6003 4627/6004
f 4625/6002 4627/6004 4628/6005 4407/5732
f 4628/6005 4410/5736 4408/5733 4407/5732
f 4628/6005 4627/6004 4629/6006 4630/6007
f 4628/6005 4630/6007 4631/6008 4410/5736
f 4631/6008 4413/5741 4411/5737 4410/5736
f 4631/6008 4630/6007 4632/6009 4633/6010
f 4631/6008 4633/6010 4634/6011 4413/5741
f 4634/6011 4416/6012 4414/5742 4413/5741
f 4634/6011 4633/6010 4635/6013 4421/5756
f 4634/6011 4421/5756 4418/5755 4416/6012
f 4635/6013 4633/6010 4632/6009 4636/6014
f 4635/6013 4636/6014 4637/6015 4638/6016
f 4635/6013 4638/6016 4422/5757 4421/5756
f 4638/6016 4637/6015 4639/6017 4640/6018
f 4638/6016 4640/6018 4423/5758 4422/5757
f 4640/6018 4639/6017 4641/6019 4642/6020
f 4640/6018 4642/6020 4425/5762 4423/5758
f 4642/6020 4641/6019 4643/6021 4430/5772
f 4642/6020 4430/5772 4427/5766 4425/5762
f 4643/6021 4641/6019 4644/6022 4645/6023
f 4643/6021 4645/6023 4646/6024 4433/5775
f 4643/6021 4433/5775 4431/5773 4430/5772
f 4646/6024 4645/6023 4647/6025 4648/6026
f 4646/6024 4648/6026 4649/6027 4436/5778
f 4646/6024 4436/5778 4434/5776 4433/5775
f 4649/6027 4648/6026 4650/6028 4651/6029
f 4649/6027 4651/6029 4652/6030 4653/6031
f 4649/6027 4653/6031 4437/5779 4436/5778
f 4653/6031 4652/6030 4444/5786 4442/5784
f 4653/6031 4442/5784 4438/5780 4437/5779
f 4652/6032 4651/6033 4654/6034 4655/6035
f 4652/6032 4655/6035 4446/5790 4444/5789
f 4655/6035 4654/6034 4656/6036 4657/6037
f 4655/6035 4657/6037 4448/5792 4446/5790
f 4657/6037 4656/6036 4658/6038 4659/6039
f 4657/6037 4659/6039 4450/5794 4448/5792
f 4659/6039 4658/6038 4660/6040 4661/6041
f 4659/6039 4661/6041 4452/5796 4450/5794
f 4661/6041 4660/6040 4662/6042 4663/6043
f 4661/6041 4663/6043 4454/5798 4452/5796
f 4663/6043 4662/6042 4664/6044 4665/6045
f 4663/6043 4665/6045 4456/5800 4454/5798
f 4665/6045 4664/6044 4666/6046 4667/6047
f 4665/6045 4667/6047 4458/5802 4456/5800
f 4667/6047 4666/6046 4668/6048 4669/6049
f 4667/6047 4669/6049 4460/5804 4458/5802
f 4669/6049 4668/6048 4670/6050 4671/6051
f 4669/6049 4671/6051 4462/5806 4460/5804
f 4671/6051 4670/6050 4672/6052 4673/6053
f 4671/6051 4673/6053 4464/5808 4462/5806
f 4673/6053 4672/6052 4674/6054 4675/6055
f 4673/6053 4675/6055 4466/5810 4464/5808
f 4675/6055 4674/6054 4676/6056 4471/5815
f 4675/6055 4471/5815 4468/5812 4466/5810
f 4676/6056 4674/6054 4677/6057 4678/6058
f 4676/6056 4678/6058 4679/6059 4474/5818
f 4676/6056 4474/5818 4472/5816 4471/5815
f 4679/6059 4678/6058 4680/6060 4681/6061
f 4679/6059 4681/6061 4682/6062 4477/5821
f 4679/6059 4477/5821 4475/5819 4474/5818
f 4682/6062 4681/6061 4683/6063 4684/6064
f 4682/6062 4684/6064 4685/6065 4480/5824
f 4682/6062 4480/5824 4478/5822 4477/5821
f 4685/6065 4684/6064 4686/6066 4687/6067
f 4685/6065 4687/6067 4688/6068 4483/5827
f 4685/6065 4483/5827 4481/5825 4480/5824
f 4688/6068 4687/6067 4689/6069 4690/6070
f 4688/6068 4690/6070 4691/6071 4486/5830
f 4688/6068 4486/5830 4484/5828 4483/5827
f 4691/6071 4690/6070 4692/6072 4693/6073
f 4691/6071 4693/6073 4694/6074 4489/5833
f 4691/6071 4489/5833 4487/5831 4486/5830
f 4694/6074 4693/6073 4695/6075 4696/6076
f 4694/6074 4696/6076 4697/6077 4492/5836
f 4694/6074 4492/5836 4490/5834 4489/5833
f 4697/6077 4696/6076 4698/6078 4699/6079
f 4697/6077 4699/6079 4700/6080 4495/5839
f 4697/6077 4495/5839 4493/5837 4492/5836
f 4700/6080 4699/6079 4701/6081 4702/6082
f 4700/6080 4702/6082 4703/6083 4498/5842
f 4700/6080 4498/5842 4496/5840 4495/5839
f 4703/6083 4702/6082 4704/6084 4705/6085
f 4703/6083 4705/6085 4706/6086 4501/5845
f 4703/6083 4501/5845 4499/5843 4498/5842
f 4706/6086 4705/6085 4707/6087 4708/6088
f 4706/6086 4708/6088 4709/6089 4504/5848
f 4706/6086 4504/5848 4502/5846 4501/5845
f 4709/6089 4708/6088 4710/6090 4711/6091
f 4709/6089 4711/6091 4712/6092 4507/5851
f 4709/6089 4507/5851 4505/5849 4504/5848
f 4712/6092 4711/6091 4713/6093 4714/6094
f 4712/6092 4714/6094 4715/6095 4510/5854
f 4712/6092 4510/5854 4508/5852 4507/5851
f 4715/6095 4714/6094 4716/6096 4717/6097
f 4715/6095 4717/6097 4718/6098 4513/5857
f 4715/6095 4513/5857 4511/5855 4510/5854
f 4718/6098 4717/6097 4719/6099 4720/6100
f 4718/6098 4720/6100 4721/6101 4516/5860
f 4718/6098 4516/5860 4514/5858 4513/5857
f 4721/6101 4720/6100 4722/6102 4723/6103
f 4721/6101 4723/6103 4724/6104 4519/5864
f 4721/6101 4519/5864 4517/5861 4516/5860
f 4724/6104 4723/6103 4725/6105 4726/6106
f 4724/6104 4726/6106 4727/6107 4522/6108
f 4724/6104 4522/6108 4520/5865 4519/5864
f 4727/6107 4726/6106 4728/6109 4729/6110
f 4727/6111 4729/6112 4730/6113 4525/6114
f 4727/6111 4525/6114 4523/5871 4522/5870
f 4730/6113 4729/6112 4731/6115 4732/6116
f 4730/6117 4732/6118 4733/6119 4528/6120
f 4730/6117 4528/6120 4526/5877 4525/5876
f 4733/6119 4732/6118 4734/6121 231/146
f 4733/6122 231/6123 230/151 4531/5884
f 4733/6122 4531/5884 4529/5882 4528/5881
f 4734/6121 4735/6124 4736/6125 4737/6126
f 4734/6121 4737/6126 232/147 231/146
f 4734/6121 4732/6118 4731/6127 4735/6124
f 4737/6126 4736/6125 4738/6128 4739/6129
f 4737/6126 4739/6129 4740/6130 232/147
f 4740/6130 4739/6129 4741/6131 4742/6132
f 4740/6130 4742/6132 4743/6133 4744/6134
f 4740/6130 4744/6134 19/144 232/147
f 4744/6134 4743/6133 4745/6135 4746/6136
f 4744/6134 4746/6136 235/6137 19/144
f 4746/6136 4745/6135 4747/6138 4748/6139
f 4746/6136 4748/6139 242/6140 235/6137
f 4748/6141 4747/6142 4749/6143 4750/6144
f 4748/6141 4750/6144 243/163 242/162
f 4750/6144 4751/6145 4752/6146 243/163
f 4750/6147 4749/6148 4753/6149 4751/6150
f 4753/6149 4754/6151 4755/6152 4751/6150
f 4753/6149 4749/6148 4756/6153 4757/6154
f 4753/6149 4757/6154 4758/6155 4754/6151
f 4758/6155 4759/6156 4760/6157 4754/6151
f 4758/6155 4757/6154 4761/6158 4762/6159
f 4758/6155 4762/6159 4763/6160 4759/6156
f 4763/6160 4764/6161 4765/6162 4759/6156
f 4763/6160 4762/6159 4766/6163 4767/6164
f 4763/6160 4767/6164 4768/6165 4764/6161
f 4768/6165 4769/6166 4770/6167 4764/6161
f 4768/6168 4767/6169 4771/6170 4772/6171
f 4768/6168 4772/6171 4773/6172 4769/6173
f 4773/6172 4774/6174 4775/6175 4769/6173
f 4773/6176 4772/6177 4776/6178 4777/6179
f 4773/6176 4777/6179 4778/6180 4774/6181
f 4778/6180 4779/6182 4780/6183 4774/6181
f 4778/6180 4777/6179 4781/6184 4782/6185
f 4778/6180 4782/6185 4783/6186 4779/6182
f 4783/6186 4784/6187 4785/6188 4779/6182
f 4783/6186 4782/6185 4786/6189 4787/6190
f 4783/6186 4787/6190 4788/6191 4784/6187
f 4788/6191 4789/6192 4790/6193 4784/6187
f 4788/6191 4787/6190 4791/6194 4792/6195
f 4788/6191 4792/6195 4793/6196 4789/6192
f 4793/6196 4794/6197 4795/6198 4789/6192
f 4793/6196 4792/6195 4796/6199 4797/6200
f 4793/6196 4797/6200 4798/6201 4794/6197
f 4798/6201 4799/6202 4800/6203 4794/6197
f 4798/6201 4797/6200 4801/6204 4802/6205
f 4798/6201 4802/6205 4803/6206 4799/6202
f 4803/6206 4804/6207 4805/6208 4799/6202
f 4803/6209 4802/6210 4806/6211 4807/6212
f 4803/6209 4807/6212 4808/6213 4804/6214
f 4808/6213 4809/6215 4810/6216 4804/6214
f 4808/6217 4807/6218 4811/6219 4812/6220
f 4808/6217 4812/6220 4813/6221 4809/6222
f 4813/6221 4814/6223 4815/6224 4809/6222
f 4813/6221 4812/6220 4816/6225 4817/6226
f 4813/6221 4817/6226 4818/6227 4814/6223
f 4818/6227 4819/6228 4820/6229 4814/6223
f 4818/6227 4817/6226 4821/6230 4822/6231
f 4818/6227 4822/6231 4823/6232 4819/6228
f 4823/6232 4824/6233 4825/6234 4819/6228
f 4823/6232 4822/6231 4826/6235 4827/6236
f 4823/6232 4827/6236 4828/6237 4824/6233
f 4828/6237 4829/6238 4830/6239 4824/6233
f 4828/6237 4827/6236 4831/6240 4832/6241
f 4828/6237 4832/6241 4833/6242 4829/6238
f 4833/6242 4596/5970 4594/5968 4829/6238
f 4833/6242 4832/6241 4834/6243 4835/6244
f 4833/6242 4835/6244 4836/6245 4596/5970
f 4836/6245 4599/5973 4597/5971 4596/5970
f 4836/6245 4835/6244 4837/6246 4838/6247
f 4836/6245 4838/6247 4839/6248 4599/5973
f 4839/6248 4602/5976 4600/5974 4599/5973
f 4839/6248 4838/6247 4840/6249 4841/6250
f 4839/6248 4841/6250 4842/6251 4602/5976
f 4842/6251 4605/5979 4603/5977 4602/5976
f 4842/6251 4841/6250 4843/6252 4844/6253
f 4842/6251 4844/6253 4845/6254 4605/5979
f 4845/6254 4608/5982 4606/5980 4605/5979
f 4845/6254 4844/6253 4846/6255 4847/6256
f 4845/6254 4847/6256 4848/6257 4608/5982
f 4848/6257 4611/5985 4609/5983 4608/5982
f 4848/6257 4847/6256 4849/6258 4850/6259
f 4848/6257 4850/6259 4851/6260 4611/5985
f 4851/6260 4614/5988 4612/5986 4611/5985
f 4851/6260 4850/6259 4852/6261 4853/6262
f 4851/6260 4853/6262 4854/6263 4614/5988
f 4854/6263 4617/5992 4615/5989 4614/5988
f 4854/6263 4853/6262 4855/6264 4856/6265
f 4854/6263 4856/6265 4857/6266 4617/5992
f 4857/6266 4620/5996 4618/5993 4617/5992
f 4857/6266 4856/6265 4858/6267 4859/6268
f 4857/6266 4859/6268 4860/6269 4620/5996
f 4860/6269 4623/6270 4621/5997 4620/5996
f 4860/6269 4859/6268 4861/6271 4862/6272
f 4860/6269 4862/6272 4863/6273 4623/6270
f 4863/6274 4626/6003 4624/6001 4623/6000
f 4863/6273 4862/6272 4864/6275 4865/6276
f 4863/6274 4865/6277 4866/6278 4626/6003
f 4866/6278 4629/6006 4627/6004 4626/6003
f 4866/6278 4865/6277 4867/6279 4868/6280
f 4866/6278 4868/6280 4869/6281 4629/6006
f 4869/6281 4632/6009 4630/6007 4629/6006
f 4869/6281 4868/6280 4870/6282 4871/6283
f 4869/6281 4871/6283 4636/6014 4632/6009
f 4871/6283 4870/6282 4872/6284 4873/6285
f 4871/6283 4873/6285 4637/6015 4636/6014
f 4873/6285 4872/6284 4874/6286 4875/6287
f 4873/6285 4875/6287 4639/6017 4637/6015
f 4875/6287 4874/6286 4876/6288 4644/6022
f 4875/6287 4644/6022 4641/6019 4639/6017
f 4876/6288 4874/6286 4877/6289 4878/6290
f 4876/6288 4878/6290 4879/6291 4647/6025
f 4876/6288 4647/6025 4645/6023 4644/6022
f 4879/6292 4878/6293 4880/6294 4881/6295
f 4879/6292 4881/6295 4882/6296 4650/6297
f 4879/6291 4650/6028 4648/6026 4647/6025
f 4882/6296 4881/6295 4883/6298 4884/6299
f 4882/6296 4884/6299 4656/6036 4654/6034
f 4882/6296 4654/6034 4651/6033 4650/6297
f 4884/6299 4883/6298 4885/6300 4886/6301
f 4884/6299 4886/6301 4658/6038 4656/6036
f 4886/6301 4885/6300 4887/6302 4888/6303
f 4886/6301 4888/6303 4660/6040 4658/6038
f 4888/6303 4887/6302 4889/6304 4890/6305
f 4888/6303 4890/6305 4662/6042 4660/6040
f 4890/6305 4889/6304 4891/6306 4892/6307
f 4890/6305 4892/6307 4664/6044 4662/6042
f 4892/6307 4891/6306 4893/6308 4894/6309
f 4892/6307 4894/6309 4666/6046 4664/6044
f 4894/6309 4893/6308 4895/6310 4896/6311
f 4894/6309 4896/6311 4668/6048 4666/6046
f 4896/6311 4895/6310 4897/6312 4898/6313
f 4896/6311 4898/6313 4670/6050 4668/6048
f 4898/6313 4897/6312 4899/6314 4900/6315
f 4898/6313 4900/6315 4672/6052 4670/6050
f 4900/6315 4899/6314 4901/6316 4677/6057
f 4900/6315 4677/6057 4674/6054 4672/6052
f 4901/6316 4899/6314 4902/6317 4903/6318
f 4901/6316 4903/6318 4904/6319 4680/6060
f 4901/6316 4680/6060 4678/6058 4677/6057
f 4904/6319 4903/6318 4905/6320 4906/6321
f 4904/6319 4906/6321 4907/6322 4683/6063
f 4904/6319 4683/6063 4681/6061 4680/6060
f 4907/6322 4906/6321 4908/6323 4909/6324
f 4907/6322 4909/6324 4910/6325 4686/6066
f 4907/6322 4686/6066 4684/6064 4683/6063
f 4910/6325 4909/6324 4911/6326 4912/6327
f 4910/6325 4912/6327 4913/6328 4689/6069
f 4910/6325 4689/6069 4687/6067 4686/6066
f 4913/6328 4912/6327 4914/6329 4915/6330
f 4913/6328 4915/6330 4916/6331 4692/6072
f 4913/6328 4692/6072 4690/6070 4689/6069
f 4916/6331 4915/6330 4917/6332 4918/6333
f 4916/6331 4918/6333 4919/6334 4695/6075
f 4916/6331 4695/6075 4693/6073 4692/6072
f 4919/6334 4918/6333 4920/6335 4921/6336
f 4919/6334 4921/6336 4922/6337 4698/6078
f 4919/6334 4698/6078 4696/6076 4695/6075
f 4922/6337 4921/6336 4923/6338 4924/6339
f 4922/6337 4924/6339 4925/6340 4701/6081
f 4922/6337 4701/6081 4699/6079 4698/6078
f 4925/6340 4924/6339 4926/6341 4927/6342
f 4925/6340 4927/6342 4928/6343 4704/6084
f 4925/6340 4704/6084 4702/6082 4701/6081
f 4928/6343 4927/6342 4929/6344 4930/6345
f 4928/6343 4930/6345 4931/6346 4707/6087
f 4928/6343 4707/6087 4705/6085 4704/6084
f 4931/6346 4930/6345 4932/6347 4933/6348
f 4931/6346 4933/6348 4934/6349 4710/6090
f 4931/6346 4710/6090 4708/6088 4707/6087
f 4934/6349 4933/6348 4935/6350 4936/6351
f 4934/6349 4936/6351 4937/6352 4713/6093
f 4934/6349 4713/6093 4711/6091 4710/6090
f 4937/6352 4936/6351 4938/6353 4939/6354
f 4937/6352 4939/6354 4940/6355 4716/6096
f 4937/6352 4716/6096 4714/6094 4713/6093
f 4940/6355 4939/6354 4941/6356 4942/6357
f 4940/6355 4942/6357 4943/6358 4719/6099
f 4940/6355 4719/6099 4717/6097 4716/6096
f 4943/6358 4942/6357 4944/6359 4945/6360
f 4943/6358 4945/6360 4946/6361 4722/6102
f 4943/6358 4722/6102 4720/6100 4719/6099
f 4946/6361 4945/6360 4947/6362 4948/6363
f 4946/6361 4948/6363 4949/6364 4725/6105
f 4946/6361 4725/6105 4723/6103 4722/6102
f 4949/6364 4948/6363 4950/6365 4951/6366
f 4949/6364 4951/6366 4952/6367 4728/6109
f 4949/6364 4728/6109 4726/6106 4725/6105
f 4952/6367 4951/6366 4953/6368 4954/6369
f 4952/6367 4954/6369 4735/6370 4731/6371
f 4952/6367 4731/6371 4729/6110 4728/6109
f 4954/6369 4953/6368 4955/6372 4956/6373
f 4954/6369 4956/6373 4736/6374 4735/6370
f 4956/6373 4955/6372 4957/6375 4958/6376
f 4956/6373 4958/6376 4738/6377 4736/6374
f 4958/6376 4957/6375 155/48 154/47
f 4958/6378 154/45 153/44 4738/6379
f 4957/6375 4959/6380 4960/6381 155/48
f 4957/6375 4955/6372 4961/6382 4959/6380
f 4961/6382 4962/6383 4963/6384 4959/6380
f 4961/6382 4955/6372 4953/6368 4964/6385
f 4961/6382 4964/6385 4965/6386 4962/6383
f 4965/6386 4966/6387 4967/6388 4962/6383
f 4965/6386 4964/6385 4950/6365 4968/6389
f 4965/6386 4968/6389 4969/6390 4966/6387
f 4969/6390 4970/6391 4971/6392 4966/6387
f 4969/6390 4968/6389 4947/6362 4972/6393
f 4969/6390 4972/6393 4973/6394 4970/6391
f 4973/6394 4974/6395 4975/6396 4970/6391
f 4973/6394 4972/6393 4944/6359 4976/6397
f 4973/6394 4976/6397 4977/6398 4974/6395
f 4977/6398 4978/6399 4979/6400 4974/6395
f 4977/6398 4976/6397 4941/6356 4980/6401
f 4977/6398 4980/6401 4981/6402 4978/6399
f 4981/6402 4982/6403 4983/6404 4978/6399
f 4981/6402 4980/6401 4938/6353 4984/6405
f 4981/6402 4984/6405 4985/6406 4982/6403
f 4985/6406 4986/6407 4987/6408 4982/6403
f 4985/6406 4984/6405 4935/6350 4988/6409
f 4985/6406 4988/6409 4989/6410 4986/6407
f 4989/6410 4990/6411 4991/6412 4986/6407
f 4989/6410 4988/6409 4932/6347 4992/6413
f 4989/6410 4992/6413 4993/6414 4990/6411
f 4993/6414 4994/6415 4995/6416 4990/6411
f 4993/6414 4992/6413 4929/6344 4996/6417
f 4993/6414 4996/6417 4997/6418 4994/6415
f 4997/6418 4998/6419 4999/6420 4994/6415
f 4997/6418 4996/6417 4926/6341 5000/6421
f 4997/6418 5000/6421 5001/6422 4998/6419
f 5001/6422 5002/6423 5003/6424 4998/6419
f 5001/6422 5000/6421 4923/6338 5004/6425
f 5001/6422 5004/6425 5005/6426 5002/6423
f 5005/6426 5006/6427 5007/6428 5002/6423
f 5005/6426 5004/6425 4920/6335 5008/6429
f 5005/6426 5008/6429 5009/6430 5006/6427
f 5009/6430 5010/6431 5011/6432 5006/6427
f 5009/6430 5008/6429 4917/6332 5012/6433
f 5009/6430 5012/6433 5013/6434 5010/6431
f 5013/6434 5014/6435 5015/6436 5010/6431
f 5013/6434 5012/6433 4914/6329 5016/6437
f 5013/6434 5016/6437 5017/6438 5014/6435
f 5017/6438 5018/6439 5019/6440 5014/6435
f 5017/6438 5016/6437 4911/6326 5020/6441
f 5017/6438 5020/6441 5021/6442 5018/6439
f 5021/6442 5022/6443 5023/6444 5018/6439
f 5021/6442 5020/6441 4908/6323 5024/6445
f 5021/6442 5024/6445 5025/6446 5022/6443
f 5025/6446 5026/6447 5027/6448 5022/6443
f 5025/6446 5024/6445 4905/6320 5028/6449
f 5025/6446 5028/6449 5029/6450 5026/6447
f 5029/6450 5030/6451 5031/6452 5026/6447
f 5029/6450 5028/6449 4902/6317 5032/6453
f 5029/6450 5032/6453 5033/6454 5030/6451
f 5033/6454 5034/6455 5035/6456 5030/6451
f 5033/6454 5032/6453 4897/6312 4895/6310
f 5033/6454 4895/6310 4893/6308 5034/6455
f 5035/6456 5036/6457 5037/6458 5038/6459
f 5035/6456 5038/6459 5031/6452 5030/6451
f 5035/6456 5034/6455 5039/6460 5036/6457
f 5039/6460 5040/6461 5041/6462 5036/6457
f 5039/6460 5034/6455 4893/6308 4891/6306
f 5039/6460 4891/6306 4889/6304 5040/6461
f 5041/6462 5042/6463 5043/6464 5044/6465
f 5041/6462 5044/6465 5037/6458 5036/6457
f 5041/6462 5040/6461 5045/6466 5042/6463
f 5045/6466 5046/6467 5047/6468 5042/6463
f 5045/6466 5040/6461 4889/6304 4887/6302
f 5045/6466 4887/6302 4885/6300 5046/6467
f 5047/6468 5048/6469 5049/6470 5050/6471
f 5047/6468 5050/6471 5043/6464 5042/6463
f 5047/6468 5046/6467 5051/6472 5048/6469
f 5051/6472 4880/6294 5052/6473 5048/6469
f 5051/6472 5046/6467 4885/6300 4883/6298
f 5051/6472 4883/6298 4881/6295 4880/6294
f 5052/6473 4877/6474 5053/6475 5054/6476
f 5052/6473 5054/6476 5049/6470 5048/6469
f 5052/6473 4880/6294 4878/6293 4877/6474
f 5054/6476 5053/6475 5055/6477 5056/6478
f 5054/6476 5056/6478 5057/6479 5049/6470
f 5057/6479 5056/6478 5058/6480 5059/6481
f 5057/6479 5059/6481 5060/6482 5061/6483
f 5057/6479 5061/6483 5050/6471 5049/6470
f 5061/6483 5060/6482 5062/6484 5063/6485
f 5061/6483 5063/6485 5043/6464 5050/6471
f 5063/6485 5062/6484 5064/6486 5065/6487
f 5063/6485 5065/6487 5044/6465 5043/6464
f 5065/6487 5064/6486 5066/6488 5067/6489
f 5065/6487 5067/6489 5037/6458 5044/6465
f 5067/6489 5066/6488 5068/6490 5069/6491
f 5067/6489 5069/6491 5038/6459 5037/6458
f 5069/6491 5068/6490 5070/6492 5071/6493
f 5069/6491 5071/6493 5031/6452 5038/6459
f 5071/6493 5070/6492 5072/6494 5027/6448
f 5071/6493 5027/6448 5026/6447 5031/6452
f 5072/6494 5070/6492 5073/6495 5074/6496
f 5072/6494 5074/6496 5075/6497 5023/6444
f 5072/6494 5023/6444 5022/6443 5027/6448
f 5075/6497 5074/6496 5076/6498 5077/6499
f 5075/6497 5077/6499 5078/6500 5019/6440
f 5075/6497 5019/6440 5018/6439 5023/6444
f 5078/6500 5077/6499 5079/6501 5080/6502
f 5078/6500 5080/6502 5081/6503 5015/6436
f 5078/6500 5015/6436 5014/6435 5019/6440
f 5081/6503 5080/6502 5082/6504 5083/6505
f 5081/6503 5083/6505 5084/6506 5011/6432
f 5081/6503 5011/6432 5010/6431 5015/6436
f 5084/6506 5083/6505 5085/6507 5086/6508
f 5084/6506 5086/6508 5087/6509 5007/6428
f 5084/6506 5007/6428 5006/6427 5011/6432
f 5087/6509 5086/6508 5088/6510 5089/6511
f 5087/6509 5089/6511 5090/6512 5003/6424
f 5087/6509 5003/6424 5002/6423 5007/6428
f 5090/6512 5089/6511 5091/6513 5092/6514
f 5090/6512 5092/6514 5093/6515 4999/6420
f 5090/6512 4999/6420 4998/6419 5003/6424
f 5093/6515 5092/6514 5094/6516 5095/6517
f 5093/6515 5095/6517 5096/6518 4995/6416
f 5093/6515 4995/6416 4994/6415 4999/6420
f 5096/6518 5095/6517 5097/6519 5098/6520
f 5096/6518 5098/6520 5099/6521 4991/6412
f 5096/6518 4991/6412 4990/6411 4995/6416
f 5099/6521 5098/6520 5100/6522 5101/6523
f 5099/6521 5101/6523 5102/6524 4987/6408
f 5099/6521 4987/6408 4986/6407 4991/6412
f 5102/6524 5101/6523 5103/6525 5104/6526
f 5102/6524 5104/6526 5105/6527 4983/6404
f 5102/6524 4983/6404 4982/6403 4987/6408
f 5105/6527 5104/6526 5106/6528 5107/6529
f 5105/6527 5107/6529 5108/6530 4979/6400
f 5105/6527 4979/6400 4978/6399 4983/6404
f 5108/6530 5107/6529 5109/6531 5110/6532
f 5108/6530 5110/6532 5111/6533 4975/6396
f 5108/6530 4975/6396 4974/6395 4979/6400
f 5111/6533 5110/6532 5112/6534 5113/6535
f 5111/6533 5113/6535 5114/6536 4971/6392
f 5111/6533 4971/6392 4970/6391 4975/6396
f 5114/6536 5113/6535 5115/6537 5116/6538
f 5114/6536 5116/6538 5117/6539 4967/6388
f 5114/6536 4967/6388 4966/6387 4971/6392
f 5117/6539 5116/6538 5118/6540 5119/6541
f 5117/6539 5119/6541 5120/6542 4963/6384
f 5117/6539 4963/6384 4962/6383 4967/6388
f 5120/6542 5119/6541 5121/6543 5122/6544
f 5120/6542 5122/6544 5123/6545 4960/6381
f 5120/6542 4960/6381 4959/6380 4963/6384
f 5123/6546 5122/6547 5124/6548 5125/6549
f 5123/6546 5125/6549 157/51 156/50
f 5123/6545 156/49 155/48 4960/6381
f 5125/6549 5124/6548 5126/6550 5127/6551
f 5125/6552 5127/6553 5128/6554 157/6555
f 5128/6554 5127/6553 5129/6556 5130/6557
f 5128/6558 5130/6559 5131/6560 5132/6561
f 5128/6562 5132/6563 152/43 157/51
f 5132/6564 5131/6565 4742/6132 4741/6131
f 5132/6564 4741/6131 153/6566 152/6567
f 5131/6565 5130/6568 5133/6569 5134/6570
f 5131/6565 5134/6570 4743/6133 4742/6132
f 5134/6570 5133/6569 5135/6571 5136/6572
f 5134/6570 5136/6572 4745/6135 4743/6133
f 5136/6573 5135/6574 5137/6575 5138/6576
f 5136/6572 5138/6577 4747/6138 4745/6135
f 5138/6576 5137/6575 5139/6578 4756/6579
f 5138/6580 4756/6581 4749/6143 4747/6142
f 5139/6578 5137/6575 5140/6582 5141/6583
f 5139/6584 4761/6158 4757/6154 4756/6153
f 5141/6585 5142/6586 4766/6587 5143/6588
f 5141/6589 5140/6590 5144/6591 5142/6592
f 5144/6591 5145/6593 4771/6594 5142/6592
f 5144/6591 5140/6590 5146/6595 5147/6596
f 5144/6591 5147/6596 5148/6597 5145/6593
f 5148/6597 5149/6598 4776/6178 5145/6593
f 5148/6597 5147/6596 5150/6599 5151/6600
f 5148/6597 5151/6600 5152/6601 5149/6598
f 5152/6601 5153/6602 4781/6184 5149/6598
f 5152/6601 5151/6600 5154/6603 5155/6604
f 5152/6601 5155/6604 5156/6605 5153/6602
f 5156/6605 5157/6606 4786/6189 5153/6602
f 5156/6605 5155/6604 5158/6607 5159/6608
f 5156/6605 5159/6608 5160/6609 5157/6606
f 5160/6609 5161/6610 4791/6194 5157/6606
f 5160/6611 5159/6612 5162/6613 5163/6614
f 5160/6611 5163/6614 5164/6615 5161/6616
f 5164/6615 5165/6617 4796/6618 5161/6616
f 5164/6615 5163/6614 5166/6619 5167/6620
f 5164/6615 5167/6620 5168/6621 5165/6617
f 5168/6621 5169/6622 4801/6623 5165/6617
f 5168/6624 5167/6625 5170/6626 5171/6627
f 5168/6624 5171/6627 5172/6628 5169/6629
f 5172/6628 5173/6630 4806/6631 5169/6629
f 5172/6628 5171/6627 5174/6632 5175/6633
f 5172/6628 5175/6633 5176/6634 5173/6630
f 5176/6634 5177/6635 4811/6219 5173/6630
f 5176/6634 5175/6633 5178/6636 5179/6637
f 5176/6634 5179/6637 5180/6638 5177/6635
f 5180/6638 5181/6639 4816/6225 5177/6635
f 5180/6638 5179/6637 5182/6640 5183/6641
f 5180/6638 5183/6641 5184/6642 5181/6639
f 5184/6642 5185/6643 4821/6230 5181/6639
f 5184/6642 5183/6641 5186/6644 5187/6645
f 5184/6642 5187/6645 5188/6646 5185/6643
f 5188/6646 5189/6647 4826/6235 5185/6643
f 5188/6646 5187/6645 5190/6648 5191/6649
f 5188/6646 5191/6649 5192/6650 5189/6647
f 5192/6650 5193/6651 4831/6240 5189/6647
f 5192/6650 5191/6649 5194/6652 5195/6653
f 5192/6650 5195/6653 5196/6654 5193/6651
f 5196/6654 5197/6655 4834/6243 5193/6651
f 5196/6654 5195/6653 5198/6656 5199/6657
f 5196/6654 5199/6657 5200/6658 5197/6655
f 5200/6658 5201/6659 4837/6246 5197/6655
f 5200/6658 5199/6657 5202/6660 5203/6661
f 5200/6658 5203/6661 5204/6662 5201/6659
f 5204/6662 5205/6663 4840/6249 5201/6659
f 5204/6662 5203/6661 5206/6664 5207/6665
f 5204/6662 5207/6665 5208/6666 5205/6663
f 5208/6666 5209/6667 4843/6252 5205/6663
f 5208/6666 5207/6665 5210/6668 5211/6669
f 5208/6666 5211/6669 5212/6670 5209/6667
f 5212/6670 5213/6671 4846/6255 5209/6667
f 5212/6670 5211/6669 5214/6672 5215/6673
f 5212/6670 5215/6673 5216/6674 5213/6671
f 5216/6674 5217/6675 4849/6258 5213/6671
f 5216/6674 5215/6673 5218/6676 5219/6677
f 5216/6674 5219/6677 5220/6678 5217/6675
f 5220/6678 5221/6679 4852/6261 5217/6675
f 5220/6678 5219/6677 5222/6680 5223/6681
f 5220/6678 5223/6681 5224/6682 5221/6679
f 5224/6682 5225/6683 4855/6264 5221/6679
f 5224/6682 5223/6681 5226/6684 5227/6685
f 5224/6682 5227/6685 5228/6686 5225/6683
f 5228/6686 5229/6687 4858/6267 5225/6683
f 5228/6686 5227/6685 5230/6688 5231/6689
f 5228/6686 5231/6689 5232/6690 5229/6687
f 5232/6690 5233/6691 4861/6271 5229/6687
f 5232/6690 5231/6689 5062/6484 5060/6482
f 5232/6690 5060/6482 5059/6481 5233/6691
f 5233/6691 4864/6275 4862/6272 4861/6271
f 5233/6691 5059/6481 5058/6480 4864/6275
f 5231/6689 5230/6688 5064/6486 5062/6484
f 5230/6688 5227/6685 5226/6684 5234/6692
f 5230/6688 5234/6692 5066/6488 5064/6486
f 5234/6692 5226/6684 5235/6693 5236/6694
f 5234/6692 5236/6694 5068/6490 5066/6488
f 5236/6694 5235/6693 5237/6695 5073/6495
f 5236/6694 5073/6495 5070/6492 5068/6490
f 5237/6695 5235/6693 5222/6680 5238/6696
f 5237/6695 5238/6696 5239/6697 5076/6498
f 5237/6695 5076/6498 5074/6496 5073/6495
f 5239/6697 5238/6696 5218/6676 5240/6698
f 5239/6697 5240/6698 5241/6699 5079/6501
f 5239/6697 5079/6501 5077/6499 5076/6498
f 5241/6699 5240/6698 5214/6672 5242/6700
f 5241/6699 5242/6700 5243/6701 5082/6504
f 5241/6699 5082/6504 5080/6502 5079/6501
f 5243/6701 5242/6700 5210/6668 5244/6702
f 5243/6701 5244/6702 5245/6703 5085/6507
f 5243/6701 5085/6507 5083/6505 5082/6504
f 5245/6703 5244/6702 5206/6664 5246/6704
f 5245/6703 5246/6704 5247/6705 5088/6510
f 5245/6703 5088/6510 5086/6508 5085/6507
f 5247/6705 5246/6704 5202/6660 5248/6706
f 5247/6705 5248/6706 5249/6707 5091/6513
f 5247/6705 5091/6513 5089/6511 5088/6510
f 5249/6707 5248/6706 5198/6656 5250/6708
f 5249/6707 5250/6708 5251/6709 5094/6516
f 5249/6707 5094/6516 5092/6514 5091/6513
f 5251/6709 5250/6708 5194/6652 5252/6710
f 5251/6709 5252/6710 5253/6711 5097/6519
f 5251/6709 5097/6519 5095/6517 5094/6516
f 5253/6711 5252/6710 5190/6648 5254/6712
f 5253/6711 5254/6712 5255/6713 5100/6522
f 5253/6711 5100/6522 5098/6520 5097/6519
f 5255/6713 5254/6712 5186/6644 5256/6714
f 5255/6713 5256/6714 5257/6715 5103/6525
f 5255/6713 5103/6525 5101/6523 5100/6522
f 5257/6715 5256/6714 5182/6640 5258/6716
f 5257/6715 5258/6716 5259/6717 5106/6528
f 5257/6715 5106/6528 5104/6526 5103/6525
f 5259/6717 5258/6716 5178/6636 5260/6718
f 5259/6717 5260/6718 5261/6719 5109/6531
f 5259/6717 5109/6531 5107/6529 5106/6528
f 5261/6719 5260/6718 5174/6632 5262/6720
f 5261/6719 5262/6720 5263/6721 5112/6534
f 5261/6719 5112/6534 5110/6532 5109/6531
f 5263/6721 5262/6720 5170/6626 5264/6722
f 5263/6721 5264/6722 5265/6723 5115/6537
f 5263/6721 5115/6537 5113/6535 5112/6534
f 5265/6723 5264/6722 5166/6724 5266/6725
f 5265/6723 5266/6725 5267/6726 5118/6540
f 5265/6723 5118/6540 5116/6538 5115/6537
f 5267/6726 5266/6725 5162/6727 5268/6728
f 5267/6726 5268/6728 5269/6729 5121/6543
f 5267/6726 5121/6543 5119/6541 5118/6540
f 5269/6730 5268/6731 5158/6732 5270/6733
f 5269/6730 5270/6733 5126/6550 5124/6548
f 5269/6729 5124/6734 5122/6544 5121/6543
f 5270/6735 5158/6607 5155/6604 5154/6603
f 5270/6735 5154/6603 5271/6736 5126/6737
f 5271/6736 5154/6603 5151/6600 5150/6599
f 5271/6736 5150/6599 5272/6738 5129/6556
f 5271/6736 5129/6556 5127/6553 5126/6737
f 5272/6738 5150/6599 5147/6596 5146/6595
f 5272/6738 5146/6595 5135/6739 5133/6740
f 5272/6738 5133/6740 5130/6557 5129/6556
f 5268/6731 5162/6613 5159/6612 5158/6732
f 5266/6725 5166/6724 5163/6741 5162/6727
f 5264/6722 5170/6626 5167/6625 5166/6724
f 5262/6720 5174/6632 5171/6627 5170/6626
f 5260/6718 5178/6636 5175/6633 5174/6632
f 5258/6716 5182/6640 5179/6637 5178/6636
f 5256/6714 5186/6644 5183/6641 5182/6640
f 5254/6712 5190/6648 5187/6645 5186/6644
f 5252/6710 5194/6652 5191/6649 5190/6648
f 5250/6708 5198/6656 5195/6653 5194/6652
f 5248/6706 5202/6660 5199/6657 5198/6656
f 5246/6704 5206/6664 5203/6661 5202/6660
f 5244/6702 5210/6668 5207/6665 5206/6664
f 5242/6700 5214/6672 5211/6669 5210/6668
f 5240/6698 5218/6676 5215/6673 5214/6672
f 5238/6696 5222/6680 5219/6677 5218/6676
f 5235/6693 5226/6684 5223/6681 5222/6680
f 5229/6687 4861/6271 4859/6268 4858/6267
f 5225/6683 4858/6267 4856/6265 4855/6264
f 5221/6679 4855/6264 4853/6262 4852/6261
f 5217/6675 4852/6261 4850/6259 4849/6258
f 5213/6671 4849/6258 4847/6256 4846/6255
f 5209/6667 4846/6255 4844/6253 4843/6252
f 5205/6663 4843/6252 4841/6250 4840/6249
f 5201/6659 4840/6249 4838/6247 4837/6246
f 5197/6655 4837/6246 4835/6244 4834/6243
f 5193/6651 4834/6243 4832/6241 4831/6240
f 5189/6647 4831/6240 4827/6236 4826/6235
f 5185/6643 4826/6235 4822/6231 4821/6230
f 5181/6639 4821/6230 4817/6226 4816/6225
f 5177/6635 4816/6225 4812/6220 4811/6219
f 5173/6630 4811/6219 4807/6218 4806/6631
f 5169/6622 4806/6211 4802/6210 4801/6623
f 5165/6617 4801/6623 4797/6742 4796/6618
f 5161/6610 4796/6199 4792/6195 4791/6194
f 5157/6606 4791/6194 4787/6190 4786/6189
f 5153/6602 4786/6189 4782/6185 4781/6184
f 5149/6598 4781/6184 4777/6179 4776/6178
f 5146/6743 5140/6582 5137/6575 5135/6574
f 5145/6593 4776/6178 4772/6177 4771/6594
f 5143/6744 4766/6163 4762/6159 4761/6158
f 5143/6745 4761/6746 5139/6578 5141/6583
f 5142/6586 4771/6170 4767/6169 4766/6587
f 5058/6480 4867/6747 4865/6276 4864/6275
f 5058/6480 5056/6478 5055/6477 4867/6747
f 5055/6748 4870/6282 4868/6280 4867/6279
f 5055/6748 5053/6749 4872/6284 4870/6282
f 5053/6749 4877/6289 4874/6286 4872/6284
f 5032/6453 4902/6317 4899/6314 4897/6312
f 5028/6449 4905/6320 4903/6318 4902/6317
f 5024/6445 4908/6323 4906/6321 4905/6320
f 5020/6441 4911/6326 4909/6324 4908/6323
f 5016/6437 4914/6329 4912/6327 4911/6326
f 5012/6433 4917/6332 4915/6330 4914/6329
f 5008/6429 4920/6335 4918/6333 4917/6332
f 5004/6425 4923/6338 4921/6336 4920/6335
f 5000/6421 4926/6341 4924/6339 4923/6338
f 4996/6417 4929/6344 4927/6342 4926/6341
f 4992/6413 4932/6347 4930/6345 4929/6344
f 4988/6409 4935/6350 4933/6348 4932/6347
f 4984/6405 4938/6353 4936/6351 4935/6350
f 4980/6401 4941/6356 4939/6354 4938/6353
f 4976/6397 4944/6359 4942/6357 4941/6356
f 4972/6393 4947/6362 4945/6360 4944/6359
f 4968/6389 4950/6365 4948/6363 4947/6362
f 4964/6385 4953/6368 4951/6366 4950/6365
f 4830/6239 4592/5966 4590/5964 5273/6750
f 4830/6239 5273/6750 4825/6234 4824/6233
f 4830/6239 4829/6238 4594/5968 4592/5966
f 5273/6750 4590/5964 4588/5961 4587/5960
f 5273/6750 4587/5960 5274/6751 4825/6234
f 5274/6751 4587/5960 4585/5959 4584/6752
f 5274/6751 4584/6752 5275/6753 4820/6229
f 5274/6751 4820/6229 4819/6228 4825/6234
f 5275/6754 4584/5954 4582/5953 4581/6755
f 5275/6754 4581/6755 5276/6756 4815/6757
f 5275/6753 4815/6224 4814/6223 4820/6229
f 5276/6758 4581/5949 4579/5947 4578/5946
f 5276/6758 4578/5946 5277/6759 4810/6760
f 5276/6756 4810/6216 4809/6215 4815/6757
f 5277/6759 4578/5946 4576/5944 4575/5943
f 5277/6759 4575/5943 5278/6761 4805/6208
f 5277/6759 4805/6208 4804/6207 4810/6760
f 5278/6761 4575/5943 4573/5941 4572/5940
f 5278/6761 4572/5940 5279/6762 4800/6203
f 5278/6761 4800/6203 4799/6202 4805/6208
f 5279/6762 4572/5940 4570/5937 4569/5936
f 5279/6762 4569/5936 5280/6763 4795/6198
f 5279/6762 4795/6198 4794/6197 4800/6203
f 5280/6763 4569/5936 4567/5935 4566/6764
f 5280/6763 4566/6764 5281/6765 4790/6193
f 5280/6763 4790/6193 4789/6192 4795/6198
f 5281/6766 4566/5930 4564/5929 4563/6767
f 5281/6765 4563/6768 5282/6769 4785/6188
f 5281/6765 4785/6188 4784/6187 4790/6193
f 5282/6770 4563/5925 4561/5923 4560/5922
f 5282/6771 4560/6772 5283/6773 4780/6774
f 5282/6769 4780/6183 4779/6182 4785/6188
f 5283/6775 4560/5922 4558/5920 4557/5919
f 5283/6775 4557/5919 5284/6776 4775/6777
f 5283/6773 4775/6175 4774/6174 4780/6774
f 5284/6776 4557/5919 4555/5917 4554/5916
f 5284/6776 4554/5916 5285/6778 4770/6167
f 5284/6776 4770/6167 4769/6166 4775/6777
f 5285/6778 4554/5916 4552/5914 4551/5913
f 5285/6778 4551/5913 5286/6779 4765/6162
f 5285/6778 4765/6162 4764/6161 4770/6167
f 5286/6779 4551/5913 4549/5910 4548/5909
f 5286/6779 4548/5909 5287/6780 4760/6157
f 5286/6779 4760/6157 4759/6156 4765/6162
f 5287/6780 4548/5909 4546/5908 4545/6781
f 5287/6780 4545/6781 5288/6782 4755/6152
f 5287/6780 4755/6152 4754/6151 4760/6157
f 5288/6783 4545/6784 4543/6785 4542/6786
f 5288/6783 4542/6786 5289/6787 4752/6146
f 5288/6782 4752/6788 4751/6150 4755/6152
f 5289/6789 4542/5900 4540/5899 4539/6790
f 5289/6789 4539/6790 245/6791 244/6792
f 5289/6787 244/164 243/163 4752/6146
f 4741/6131 4739/6129 4738/6128 153/6566
f 4539/6793 4537/6794 4536/6795 245/165
f 4536/6795 233/149 236/153 245/165
f 4536/6795 4534/5888 234/150 233/149
f 4532/5885 4531/5884 230/151 234/150
f 4184/5465 4181/5459 4178/5453 4177/5452
f 4180/5456 3913/5103 3911/5102 3910/5457
f 4180/6796 3919/5118 3917/5117 3913/6797
f 4176/5458 3910/5457 3908/5087 3907/5086
f 4172/5446 3907/5451 3905/5081 3904/5080
f 4168/5441 3904/5080 3902/5076 3901/5075
f 4164/5432 3901/5075 3899/5072 3898/5071
f 4160/5433 3898/5071 3896/5069 3895/6798
f 4156/5422 3895/5427 3893/5063 3892/5062
f 4152/5418 3892/5062 3890/5058 3889/5057
f 4148/5414 3889/5057 3887/5054 3886/5053
f 4144/5410 3886/5053 3884/5051 3883/5050
f 4140/5404 3883/5050 3881/5048 3880/5047
f 4136/5405 3880/5047 3878/5045 3877/5044
f 4132/5393 3877/5399 3875/6799 3874/5394
f 4128/5389 3874/5394 117/5 116/4
f 3872/6800 3871/5379 119/5378 118/6801
f 3854/5010 3359/4418 3356/4415 3355/4414
f 3854/5010 3355/4414 3849/5005 3848/5004
f 3854/5010 3853/5009 3361/4420 3359/4418
f 3849/5005 3355/4414 3352/4411 3351/4410
f 3849/5005 3351/4410 3844/5000 3843/4999
f 3844/5000 3351/4410 3349/4408 5290/6802
f 3844/5000 5290/6802 3839/4995 3838/4994
f 5290/6802 3349/4408 3347/4405 3346/4404
f 5290/6802 3346/4404 5291/6803 3839/4995
f 5291/6804 3346/6805 3342/6806 3341/6807
f 5291/6804 3341/6807 5292/6808 3834/6809
f 5291/6803 3834/4990 3833/4989 3839/4995
f 5292/6810 3341/4394 3337/4393 3336/6811
f 5292/6810 3336/6811 5293/6812 3829/6813
f 5292/6808 3829/4982 3828/4981 3834/6809
f 5293/6814 3336/4384 3332/4380 3331/4379
f 5293/6814 3331/4379 5294/6815 3824/6816
f 5293/6812 3824/4974 3823/4973 3829/6813
f 5294/6815 3331/4379 3327/4375 3326/4374
f 5294/6815 3326/4374 5295/6817 3819/4966
f 5294/6815 3819/4966 3818/4965 3824/6816
f 5295/6817 3326/4374 3322/4370 3321/4369
f 5295/6817 3321/4369 5296/6818 3814/4961
f 5295/6817 3814/4961 3813/4960 3819/4966
f 5296/6818 3321/4369 3317/4365 3316/4364
f 5296/6818 3316/4364 5297/6819 3809/4956
f 5296/6818 3809/4956 3808/4955 3814/4961
f 5297/6819 3316/4364 3312/4360 3311/4359
f 5297/6819 3311/4359 5298/6820 3804/4951
f 5297/6819 3804/4951 3803/4950 3809/4956
f 5298/6820 3311/4359 3307/4355 3306/4354
f 5298/6820 3306/4354 5299/6821 3799/4946
f 5298/6820 3799/4946 3798/4945 3804/4951
f 5299/6821 3306/4354 3303/4351 3302/4350
f 5299/6821 3302/4350 5300/6822 3794/4941
f 5299/6821 3794/4941 3793/4940 3799/4946
f 5300/6822 3302/4350 3299/4347 3298/4346
f 5300/6822 3298/4346 5301/6823 3789/4936
f 5300/6822 3789/4936 3788/4935 3794/4941
f 5301/6823 3298/4346 3296/4344 5302/6824
f 5301/6823 5302/6824 177/74 180/77
f 5301/6823 180/77 3784/4931 3789/4936
f 5302/6824 3296/4344 3294/4342 5303/6825
f 5302/6824 5303/6825 178/75 177/74
f 5303/6825 3294/4342 3293/4341 5304/6826
f 5303/6825 5304/6826 5305/6827 178/75
f 5305/6828 5304/6829 5306/6830 5307/6831
f 5305/6832 5307/6833 5308/6834 5309/6835
f 5305/6827 5309/6836 174/71 178/75
f 5309/6835 5308/6834 5310/6837 5311/6838
f 5309/6836 5311/6839 175/72 174/71
f 5311/6838 5310/6837 257/6840 5312/6841
f 5311/6839 5312/6842 5313/6843 175/72
f 5313/6844 5312/6841 238/6845 237/6846
f 5313/6843 237/6847 182/80 181/79
f 5313/6843 181/79 176/73 175/72
f 5312/6841 257/6840 254/6848 238/6845
f 5310/6849 5308/6850 5314/6851 5315/6852
f 5310/6849 5315/6852 258/180 257/179
f 5315/6852 5314/6851 246/167 251/172
f 5315/6852 251/172 261/185 258/180
f 5314/6851 5316/6853 247/168 246/167
f 5314/6854 5308/6834 5307/6833 5316/6855
f 5316/6853 5317/6856 5318/6857 247/168
f 5316/6858 5307/6831 5306/6830 5317/6859
f 5318/6857 5319/6860 5320/6861 5321/6862
f 5318/6857 5321/6862 248/169 247/168
f 5318/6857 5317/6856 5322/6863 5319/6860
f 5322/6863 3289/6864 5323/6865 5319/6860
f 5322/6866 5317/6859 5306/6830 3292/6867
f 5322/6866 3292/6867 3290/4336 3289/4335
f 5323/6865 5324/6868 309/259 5325/6869
f 5323/6865 5325/6869 5320/6861 5319/6860
f 5323/6865 3289/6864 3287/6870 5324/6868
f 5325/6869 309/259 308/258 5326/6871
f 5325/6869 5326/6871 5327/6872 5320/6861
f 5327/6872 5326/6871 5328/6873 5329/6874
f 5327/6872 5329/6874 5330/6875 5331/6876
f 5327/6872 5331/6876 5321/6862 5320/6861
f 5331/6876 5330/6875 5332/6877 249/170
f 5331/6876 249/170 248/169 5321/6862
f 5332/6877 5330/6875 5333/6878 5334/6879
f 5332/6877 5334/6879 5335/6880 5336/6881
f 5332/6877 5336/6881 250/171 249/170
f 5336/6881 5335/6880 262/186 261/185
f 5336/6881 261/185 251/172 250/171
f 5335/6880 5334/6879 5337/6882 5338/6883
f 5335/6884 5338/6885 263/6886 262/6887
f 5339/6888 5340/6889 5341/6890 5342/6891
f 5339/6888 5337/6882 5343/6892 5340/6889
f 5343/6892 5344/6893 3271/4304 5340/6889
f 5343/6892 5337/6882 5334/6879 5333/6878
f 5343/6892 5333/6878 5345/6894 5344/6893
f 5345/6894 5346/6895 3274/4308 5344/6893
f 5345/6894 5333/6878 5330/6875 5329/6874
f 5345/6894 5329/6874 5328/6873 5346/6895
f 5346/6895 3278/4312 3275/4309 3274/4308
f 5346/6895 5328/6873 307/257 3278/4312
f 5344/6893 3274/4308 3272/4305 3271/4304
f 5347/6896 5348/6897 264/6898 263/6886
f 5347/6896 5342/6899 5349/6900 5348/6897
f 5349/6901 5342/6891 5341/6890 3266/4292
f 5349/6901 3266/4292 3264/4291 5350/6902
f 5349/6901 5350/6902 5351/6903 5348/6904
f 5351/6905 5352/6906 5353/6907 265/6908
f 5351/6903 265/189 264/188 5348/6904
f 5351/6905 5350/6909 5354/6910 5352/6906
f 5354/6911 5350/6912 3264/4286 3262/4285
f 5354/6910 3262/6913 3260/6914 192/6915
f 5354/6910 192/6915 191/6916 5352/6906
f 5341/6917 3269/4298 3267/4297 3266/6918
f 5341/6890 5340/6889 3271/4304 3269/4303
f 5328/6873 5326/6871 308/258 307/257
f 5324/6868 3282/4322 310/260 309/259
f 5324/6868 3287/6870 3283/4323 3282/4322
f 5306/6830 5304/6829 3293/6919 3292/6867
f 3704/4839 3540/4648 3538/4646 3537/4645
f 3701/4836 3555/4663 3553/4661 3552/4660
f 3697/4832 3558/4666 3556/4664 3555/4663
f 3693/4828 3561/4669 3559/4667 3558/4666
f 3689/4824 3564/4672 3562/4670 3561/4669
f 3685/4820 3567/4675 3565/4673 3564/4672
f 3681/4816 3570/4678 3568/4676 3567/4675
f 3677/4812 3573/4681 3571/4679 3570/4678
f 3673/4808 3576/4684 3574/4682 3573/4681
f 3669/4804 3579/4687 3577/4685 3576/4684
f 3665/4800 3582/4690 3580/4688 3579/4687
f 3661/4796 3585/4694 3583/4691 3582/4690
f 3657/4792 3588/4791 3586/4695 3585/4694
f 3653/4786 3591/4785 3589/4701 3588/4700
f 3649/4778 3594/4777 3592/4707 3591/4706
f 3645/4770 3597/4714 3595/4712 3594/4711
f 3623/4743 187/85 186/84 227/138
f 3552/4660 3549/4657 3547/4655 3546/4654
f 3458/4543 3444/4529 3441/4526 3440/4525
f 3448/4533 410/406 409/405 3443/4528
f 3439/4524 409/405 48/399 408/404
f 3435/4520 407/403 5355/6920 5356/6921
f 3435/4520 5356/6921 3430/4515 3429/4514
f 3435/4520 3434/4519 408/404 407/403
f 5356/6921 5355/6920 5357/6922 5358/6923
f 5356/6921 5358/6923 5359/6924 3430/4515
f 5359/6924 5358/6923 5360/6925 5361/6926
f 5359/6924 5361/6926 5362/6927 3425/4510
f 5359/6924 3425/4510 3424/4509 3430/4515
f 5362/6927 5361/6926 5363/6928 5364/6929
f 5362/6927 5364/6929 5365/6930 3420/4503
f 5362/6927 3420/4503 3419/4502 3425/4510
f 5365/6930 5364/6929 5366/6931 5367/6932
f 5365/6933 5367/6934 5368/6935 3415/6936
f 5365/6930 3415/6937 3414/4504 3420/4503
f 5368/6935 5367/6934 5369/6938 5370/6939
f 5368/6940 5370/6941 5371/6942 3410/6943
f 5368/6940 3410/6943 3409/4496 3415/4495
f 5371/6944 5370/6939 5372/6945 5373/6946
f 5371/6944 5373/6946 5374/6947 3405/6948
f 5371/6944 3405/6948 3404/4488 3410/4487
f 5374/6947 5373/6946 5375/6949 344/6950
f 5374/6951 344/315 343/317 3400/4476
f 5374/6951 3400/4476 3399/4475 3405/4481
f 5375/6949 5376/6952 5377/6953 5378/6954
f 5375/6949 5378/6954 345/6955 344/6950
f 5375/6949 5373/6946 5372/6945 5376/6952
f 5378/6956 5377/6957 5379/6958 3345/6959
f 5378/6954 3345/4400 3344/4399 345/6955
f 5379/6960 5377/6961 362/345 5380/6962
f 5379/6960 5380/6962 5381/6963 3340/6964
f 5379/6958 3340/6965 3339/6966 3345/6959
f 5381/6963 5380/6962 5382/6967 5383/6968
f 5381/6963 5383/6968 5384/6969 3335/4383
f 5381/6963 3335/4383 3334/4382 3340/6964
f 5384/6969 5383/6968 5385/6970 5386/6971
f 5384/6969 5386/6971 5387/6972 3330/4378
f 5384/6969 3330/4378 3329/4377 3335/4383
f 5387/6972 5386/6971 5388/6973 5389/6974
f 5387/6972 5389/6974 5390/6975 3325/4373
f 5387/6972 3325/4373 3324/4372 3330/4378
f 5390/6975 5389/6974 353/331 5391/6976
f 5390/6975 5391/6976 5392/6977 3320/4368
f 5390/6975 3320/4368 3319/4367 3325/4373
f 5392/6977 5391/6976 336/6978 5393/6979
f 5392/6977 5393/6979 5394/6980 3315/4363
f 5392/6977 3315/4363 3314/4362 3320/4368
f 5394/6980 5393/6979 5395/6981 144/33
f 5394/6980 144/33 5/29 3310/4358
f 5394/6980 3310/4358 3309/4357 3315/4363
f 5395/6981 335/6982 5396/6983 5397/6984
f 5395/6981 5397/6984 145/34 144/33
f 5395/6981 5393/6979 336/6978 335/6982
f 5397/6984 5396/6983 365/6985 364/6986
f 5397/6984 364/6986 5398/6987 145/34
f 5398/6988 364/6989 363/354 317/275
f 5398/6988 317/275 314/274 5399/6990
f 5398/6987 5399/6991 146/35 145/34
f 5399/6992 314/268 313/267 5400/6993
f 5399/6992 5400/6993 147/6994 146/6995
f 5400/6996 313/6997 304/6998 5401/6999
f 5400/7000 5401/7001 213/7002 147/7003
f 5401/7001 304/249 303/248 5402/7004
f 5401/7001 5402/7004 210/7005 213/7002
f 5402/7006 303/254 305/253 5403/7007
f 5402/7008 5403/7009 211/115 210/114
f 5403/7007 305/253 318/278 322/282
f 5403/7009 322/7010 5404/7011 211/115
f 5404/7011 322/7010 321/7012 5405/7013
f 5404/7011 5405/7013 372/361 371/360
f 5404/7011 371/360 206/110 211/115
f 5405/7014 321/7015 323/291 326/290
f 5405/7014 326/290 5406/7016 372/7017
f 5406/7016 326/290 325/289 5407/7018
f 5406/7016 5407/7018 5408/7019 5409/7020
f 5406/7016 5409/7020 373/7021 372/7017
f 5409/7020 5408/7019 5410/7022 5411/7023
f 5409/7020 5411/7023 376/7024 373/7021
f 5411/7025 5410/7026 5412/7027 5413/7028
f 5411/7023 5413/7029 412/7030 376/7024
f 5413/7031 5412/7032 5414/7033 5415/7034
f 5413/7035 5415/7036 404/7037 412/7038
f 5415/7034 5414/7033 5416/7039 5417/7040
f 5415/7041 5417/7042 405/7043 404/7044
f 5417/7040 5416/7039 5418/7045 5419/7046
f 5417/7042 5419/7047 5420/7048 405/7043
f 5420/7048 5419/7047 5421/7049 5422/7050
f 5420/7051 5422/7052 5423/7053 5424/7054
f 5420/7051 5424/7054 406/402 405/401
f 5424/7054 5423/7053 5357/6922 5355/6920
f 5424/7054 5355/6920 407/403 406/402
f 5423/7053 5422/7052 5425/7055 5426/7056
f 5423/7053 5426/7056 5427/7057 5357/6922
f 5427/7057 5426/7056 356/334 355/333
f 5427/7057 355/333 5428/7058 5360/6925
f 5427/7057 5360/6925 5358/6923 5357/6922
f 5428/7058 355/333 354/332 5429/7059
f 5428/7058 5429/7059 5430/7060 5363/6928
f 5428/7058 5363/6928 5361/6926 5360/6925
f 5430/7060 5429/7059 5431/7061 5432/7062
f 5430/7060 5432/7062 5433/7063 5366/6931
f 5430/7060 5366/6931 5364/6929 5363/6928
f 5433/7063 5432/7062 5434/7064 360/7065
f 5433/7063 360/7065 359/7066 5369/7067
f 5433/7063 5369/7067 5367/6932 5366/6931
f 5434/7064 5435/7068 5382/6967 361/344
f 5434/7064 361/344 42/343 360/7065
f 5434/7064 5432/7062 5431/7061 5435/7068
f 5435/7068 5431/7061 5436/7069 5385/6970
f 5435/7068 5385/6970 5383/6968 5382/6967
f 5436/7069 5431/7061 5429/7059 354/332
f 5436/7069 354/332 41/328 5388/6973
f 5436/7069 5388/6973 5386/6971 5385/6970
f 5426/7056 5425/7055 357/7070 356/334
f 5425/7071 5437/7072 5438/7073 357/337
f 5425/7071 5422/7074 5421/7075 5437/7072
f 5438/7073 5439/7076 5440/7077 5441/7078
f 5438/7073 5441/7078 352/338 357/337
f 5438/7073 5437/7072 5442/7079 5439/7076
f 5442/7080 5443/7081 5444/7082 5439/7083
f 5442/7079 5437/7072 5421/7075 5445/7084
f 5442/7080 5445/7085 5446/7086 5443/7081
f 5446/7087 5447/7088 5448/7089 5443/7090
f 5446/7086 5445/7085 5418/7045 5449/7091
f 5446/7087 5449/7092 5450/7093 5447/7088
f 5450/7094 5451/7095 5452/7096 5447/7097
f 5450/7098 5449/7099 5453/7100 5454/7101
f 5450/7098 5454/7101 127/7102 5451/7103
f 5454/7101 5453/7100 5455/7104 5456/7105
f 5454/7101 5456/7105 128/7106 127/7102
f 5456/7105 5457/7107 131/7108 128/7106
f 5456/7105 5455/7104 5458/7109 5457/7107
f 5458/7110 5459/7111 5460/7112 5457/7113
f 5458/7114 5455/7115 5414/7033 5412/7032
f 5458/7114 5412/7032 5410/7116 5459/7117
f 5460/7118 5461/7119 139/7120 138/7121
f 5460/7112 138/7122 131/7123 5457/7113
f 5460/7118 5459/7124 5462/7125 5461/7119
f 5462/7126 5408/7127 5407/7128 5463/7129
f 5462/7125 5463/7130 5464/7131 5461/7119
f 5462/7126 5459/7117 5410/7116 5408/7127
f 5464/7131 5463/7130 328/7132 5465/7133
f 5464/7131 5465/7133 5466/7134 140/7135
f 5464/7131 140/7135 139/7120 5461/7119
f 5466/7134 5465/7133 5467/7136 5468/7137
f 5466/7138 5468/7139 5469/7140 5470/7141
f 5466/7138 5470/7141 135/23 140/28
f 5470/7141 5469/7140 5471/7142 5472/7143
f 5470/7141 5472/7143 136/24 135/23
f 5472/7143 5471/7142 5473/7144 5474/7145
f 5472/7143 5474/7145 130/20 136/24
f 5474/7145 5473/7144 5475/7146 5476/7147
f 5474/7145 5476/7147 126/16 130/20
f 5476/7147 5475/7146 5452/7096 5451/7095
f 5476/7147 5451/7095 127/17 126/16
f 5475/7146 5473/7144 148/38 5477/7148
f 5475/7146 5477/7148 5478/7149 5452/7096
f 5478/7149 5477/7148 122/11 121/10
f 5478/7150 121/7151 5479/7152 5448/7153
f 5478/7150 5448/7153 5447/7154 5452/7155
f 5479/7152 121/7151 120/7156 5480/7157
f 5479/7152 5480/7157 5481/7158 5444/7159
f 5479/7152 5444/7159 5443/7160 5448/7153
f 5481/7161 5480/7162 5482/7163 5483/7164
f 5481/7165 5483/7166 5484/7167 5440/7168
f 5481/7165 5440/7168 5439/7083 5444/7082
f 5484/7167 5483/7166 5485/7169 5486/7170
f 5484/7167 5486/7170 339/306 338/305
f 5484/7167 338/305 5441/7171 5440/7168
f 5486/7170 5485/7169 330/297 329/296
f 5486/7170 329/296 333/300 339/306
f 5485/7172 5483/7164 5482/7163 5487/7173
f 5485/7174 5487/7175 5488/7176 330/7177
f 5488/7176 5487/7175 5489/7178 5490/7179
f 5488/7176 5490/7179 5468/7180 5467/7181
f 5488/7176 5467/7181 327/7182 330/7177
f 5490/7183 5489/7184 150/40 151/41
f 5490/7183 151/41 5469/7140 5468/7139
f 5489/7185 5487/7173 5482/7163 124/7186
f 5489/7184 124/13 123/12 150/40
f 5482/7163 5480/7162 120/7187 124/7186
f 5477/7148 148/38 125/14 122/11
f 5473/7144 5471/7142 149/39 148/38
f 5471/7142 5469/7140 151/41 149/39
f 5467/7136 5465/7133 328/7132 327/7188
f 5463/7129 5407/7128 325/294 328/293
f 5455/7115 5453/7189 5416/7039 5414/7033
f 5453/7189 5449/7091 5418/7045 5416/7039
f 5445/7085 5421/7190 5419/7046 5418/7045
f 5441/7078 338/7191 337/7192 352/338
f 5396/7193 5491/7194 368/7195 365/7196
f 5396/7193 335/303 334/302 5491/7194
f 5491/7194 333/7197 332/7198 368/7195
f 5491/7194 334/302 339/7199 333/7197
f 5391/6976 353/331 337/330 336/6978
f 5389/6974 5388/6973 41/328 353/331
f 5382/6967 5380/6962 362/345 361/344
f 5377/6953 5376/6952 358/7200 362/7201
f 5376/6952 5372/6945 359/7202 358/7200
f 5372/6945 5370/6939 5369/6938 359/7202
f 3400/4476 343/317 3395/4469 3394/4468
f 3395/4469 343/317 342/314 5492/7203
f 3395/4469 5492/7203 3390/7204 3389/4470
f 5492/7203 342/314 3354/4413 3358/4417
f 5492/7203 3358/4417 5493/7205 3390/7204
f 5493/7205 3358/4417 347/320 346/319
f 5493/7206 346/325 350/324 3385/7207
f 5493/7206 3385/7207 3384/4462 3390/4461
f 3385/4455 350/7208 3371/4438 3380/4450
f 3371/4438 350/7208 349/7209 3366/4439
f 3310/4358 5/29 143/32 3305/4353
f 3301/4349 143/32 142/31 199/99
f 3279/4313 3278/4312 307/257 306/256
f 3260/4278 3258/4276 12/88 192/91
f 3186/4191 3182/4187 3180/4185 3179/4184
f 3081/4064 3060/3998 3058/3996 3057/3995
f 3046/3984 208/112 207/111 370/359
f 3043/3981 3041/3979 204/7210 203/108
f 3043/3981 203/108 205/107 209/113
f 2933/3838 2776/3637 2774/3635 2773/3634
f 2930/3835 2779/3640 2777/3638 2776/3637
f 2928/3833 2793/3654 2791/3652 2790/3651
f 2924/3829 2796/3657 2794/3655 2793/3654
f 2920/3825 2799/3660 2797/3658 2796/3657
f 2916/3821 2802/3663 2800/3661 2799/3660
f 2912/3817 2805/3666 2803/3664 2802/3663
f 2908/3813 2808/3669 2806/3667 2805/3666
f 2904/3809 2811/3672 2809/3670 2808/3669
f 2900/3805 2814/3676 2812/3673 2811/3672
f 2896/3801 2817/3800 2815/3677 2814/3676
f 2892/3795 2820/3794 2818/3682 2817/3681
f 2888/3787 2823/3690 2821/3688 2820/3687
f 2869/3763 2845/3715 2839/3709 2838/3708
f 2676/3517 2675/3516 386/377 395/386
f 2675/3516 2674/3515 387/378 386/377
f 2671/4051 2667/3504 427/437 424/436
f 2659/7211 437/7212 434/7213 133/7214
f 2659/3478 133/7215 132/3377 2586/3376
f 2641/3460 2639/3458 216/121 215/120
f 2597/3388 2593/3384 2580/3370 2578/3368
f 2545/3329 2541/3325 440/3324 439/466
f 2537/7216 2529/7217 441/462 440/461
f 2529/7217 2527/3301 444/467 441/462
f 2525/3296 654/804 442/464 444/7218
f 2514/3275 2512/3273 572/680 571/679
f 2510/7219 2509/7220 567/7221 572/7222
f 2509/3269 2507/3268 285/222 5494/7223
f 2509/7220 5494/7224 568/7225 567/7221
f 5494/7226 285/7227 28/7228 281/7229
f 5494/7223 281/217 634/777 568/676
f 2507/3268 2506/7230 286/223 285/222
f 2506/3260 628/3266 289/228 286/227
f 2494/3243 2477/3205 2473/3201 2471/3199
f 2464/3192 2462/3190 630/772 629/771
f 2458/3186 2456/3184 631/773 630/772
f 2456/3184 2454/3182 632/774 631/773
f 2390/3108 2388/3106 2382/3100 2380/3098
f 2263/2937 2261/2935 2260/2934 2684/3525
f 2260/2934 2248/2897 2246/2895 2245/2894
f 2145/2781 2143/2779 2137/2769 2136/2768
f 2020/2626 2018/2623 1975/2541 1974/2540
f 2018/7231 2017/7232 1976/2544 1975/2543
f 2017/2622 2011/2612 1978/2548 1976/2547
f 2011/2612 2009/2610 1980/2550 1978/2548
f 1990/2565 1984/2554 1981/2551 1980/2550
f 1974/2880 1970/2531 1967/2524 1966/2523
f 1969/2528 588/701 587/700 648/2529
f 1655/2079 1651/2075 707/867 706/866
f 1647/2071 1646/2070 708/868 707/867
f 1425/1816 1423/1814 1418/1809 516/595
f 1418/1809 1416/1806 517/596 516/595
f 1388/1757 1386/1755 645/792 642/786
f 1384/1753 1383/1752 643/790 645/792
f 1363/1732 1357/1726 1355/1724 1354/1723
f 1231/1578 1228/1575 1226/1573 1225/1572
f 1214/1561 676/829 666/818 665/817
f 1196/1543 1194/1541 1144/1442 1137/1435
f 1187/7233 1185/7234 5495/7235 1151/7236
f 5495/7235 1154/1455 1152/1452 1151/7236
f 5495/7235 1185/7234 548/7237 547/7238
f 5495/7239 547/635 1156/1459 1154/1458
f 1181/7240 559/1534 675/1533 674/7241
f 1181/7242 674/827 673/826 1178/1500
f 1181/7240 564/665 560/664 559/1534
f 1165/1473 1162/1468 541/1467 546/7243
f 1144/1442 1140/1438 1138/1436 1137/1435
f 760/1011 746/918 743/914 742/913
f 700/859 595/7244 592/7245 5496/7246
f 700/859 5496/7246 627/768 626/767
f 5496/7246 592/7245 291/231 290/230
f 5496/7246 290/230 289/769 627/768
f 697/855 694/852 637/781 644/791
f 694/852 693/851 638/782 637/781
f 693/7247 692/7248 5497/7249 5498/7250
f 693/851 5498/7251 5499/7252 638/782
f 5499/7252 5500/7253 639/783 638/782
f 5499/7254 5498/7255 5501/7256 614/746
f 5499/7254 614/746 613/745 5500/7257
f 5501/7258 5498/7250 5497/7249 5502/7259
f 5501/7258 5502/7259 600/721 5503/7260
f 5501/7256 5503/7261 611/742 614/746
f 5503/7260 600/721 599/720 610/7262
f 5503/7261 610/7263 609/743 611/742
f 5502/7264 5497/7265 5504/7266 5505/7267
f 5502/7264 5505/7267 596/7268 600/7269
f 5505/7267 5504/7266 5506/7270 5507/7271
f 5505/7272 5507/7273 597/717 596/716
f 5507/7273 5506/7274 5508/7275 603/7276
f 5507/7273 603/7276 602/7277 597/717
f 5508/7275 5506/7274 682/7278 688/7279
f 5508/7280 688/845 649/798 5509/7281
f 5508/7282 5509/7283 604/7284 603/7285
f 5509/7281 649/798 587/797 586/7286
f 5509/7287 586/705 589/704 604/730
f 5506/7274 5504/7288 683/7289 682/7278
f 5504/7290 5497/7249 692/7248 683/7291
f 5500/7292 619/756 618/755 639/788
f 5500/7293 613/7294 615/758 619/757
f 688/845 687/844 102/793 649/798
f 1394/1763 1397/1766 1402/7295 1415/1808
f 104/805 657/808 512/583 2301/3006
f 654/804 653/803 443/465 442/464
f 635/778 634/777 281/217 280/216
f 615/758 612/7296 5510/7297 582/694
f 5510/7298 5511/7299 583/703 582/7300
f 5510/7297 612/7296 609/739 608/738
f 5510/7297 608/738 607/737 5511/7301
f 5511/7299 605/731 589/704 583/703
f 5511/7301 607/737 606/734 605/733
f 607/737 601/725 598/724 606/734
f 606/734 598/724 597/7302 602/735
f 594/7303 593/7304 271/197 270/196
f 509/579 508/578 380/370 384/374
f 505/591 476/2998 467/7305 466/592
f 499/564 498/563 489/553 495/559
f 498/563 497/562 490/554 489/553
f 485/544 484/543 465/7306 464/7307
f 485/546 464/7308 463/7309 480/537
f 482/539 481/538 473/525 474/524
f 481/538 480/537 463/7309 473/525
f 475/667 455/485 453/482 452/481
f 468/530 459/494 61/484 456/486
f 457/487 58/7310 447/479 450/478
f 434/450 433/449 134/7311 133/7312
f 431/7313 430/7314 417/426 420/425
f 430/7315 415/412 414/411 417/7316
f 412/408 411/407 374/363 376/365
f 411/407 410/406 375/364 374/363
f 368/7317 332/7318 331/7319 366/7320
f 367/7321 366/7320 331/7319 5512/7322
f 367/7323 5512/7324 316/271 315/270
f 367/353 315/276 317/275 363/354
f 5512/7324 331/298 324/287 5513/7325
f 5512/7324 5513/7325 301/245 316/271
f 5513/7325 324/287 320/286 319/7326
f 5513/7325 319/7326 302/246 301/245
f 319/279 318/278 305/253 302/252
f 316/271 301/245 300/244 312/272
f 313/7327 312/7328 300/250 304/249
f 278/212 272/200 269/199 273/213
f 274/204 273/203 269/7329 268/7330
f 266/7331 5514/7332 252/174 256/178
f 266/7333 224/7334 5515/7335 5514/7336
f 5515/7337 228/7338 229/7339 259/7340
f 5515/7341 259/7342 5516/7343 5514/7332
f 5515/7344 224/133 223/132 228/7345
f 5516/7346 241/160 239/157 253/7347
f 5516/7343 253/175 252/174 5514/7332
f 24/7348 260/7349 240/7350 241/7351
f 260/184 183/7352 182/7353 240/7354
f 260/184 229/183 185/7355 183/7352
f 254/7356 253/7347 239/157 238/156
f 18/135 227/138 186/84 185/83
f 222/129 221/127 190/89 194/93
f 2585/3375 2650/3469 2655/3474 2586/3376
f 213/117 212/116 141/30 147/36
f 212/116 200/100 142/31 141/30
f 212/116 14/109 205/107 200/100
f 138/26 137/25 129/19 131/21
f 137/25 136/24 130/20 129/19
f 3780/4927 3779/4926 179/76 10/70
f 241/7357 5516/7343 259/7342 24/7358
f 37/295 327/292 36/284 324/287
f 382/372 2533/3367 377/367 45/366
f 56/7359 2663/3493 436/453 435/452
f 55/447 434/450 437/7360 435/7361
f 472/2901 506/575 76/7362 65/7363
f 2250/2899 2249/2898 507/576 73/572
f 2030/2644 2032/2648 518/597 77/593
f 2015/2616 2013/2614 573/2621 89/7364
f 2524/3295 2523/3288 652/802 103/801
f 2301/3006 2036/2652 658/809 104/805
f 1394/1763 1421/1812 1223/1570 1222/1569
f 2668/3508 2670/3511 5518/7365 134/7366
f 2583/3373 132/3377 5517/7367 2581/3371
f 132/3377 5518/7365 5517/7367
f 5518/7365 2670/3511 379/369 378/368
f 5517/7367 2579/3369 2581/3371
f 5517/7367 5518/7365 378/368 2579/3369
f 3018/3935 3017/3934 15/118 216/121
f 3017/3934 3020/3937 219/124 15/118
f 17/131 25/134 256/191 255/7368
f 265/6908 5353/6907 5352/6906 191/6916 16/7369
f 221/7370 17/7371 255/7372
f 221/7370 255/7372 265/7373
f 221/7374 265/7375 16/7376
f 299/4307 3273/4306 3277/4311 31/7377
f 3277/4317 3032/3966 297/240 31/239
f 58/7378 457/7379 449/476 445/588
f 457/487 61/484 59/7380 449/7381
f 61/484 459/494 448/493 59/7380
f 456/7382 455/526 67/517 5519/7383
f 67/517 65/516 64/508 5519/7383
f 64/508 468/511 456/7382 5519/7383
f 2478/3206 2479/3211 508/578 74/577
f 2476/3204 2475/3203 5521/7384 5520/7385
f 2478/3206 74/577 5521/7384 2475/3203
f 2245/2894 2476/3204 5520/7385 2260/2934
f 5520/7385 5521/7384 2684/3525 2260/2934
f 5521/7384 74/577 510/580 2684/3525
f 1150/1448 1153/7386 1155/1457 1157/1460
f 1252/1599 1028/1294 522/602 78/601
f 1164/1471 534/615 533/614 1252/1599
f 524/604 1150/1448 1161/1464 78/601
f 1150/1448 1157/1460 1158/1461 1161/1464
f 1161/1464 1252/1599 78/601
f 1161/1464 1160/1463 1164/1471 1252/1599
f 1157/1460 1156/1459 1159/1462 1158/1461
f 1156/1459 547/635 83/634 1177/1499
f 83/634 551/639 1176/1493 1177/1499
f 1156/1459 544/1498 543/627 1159/1462
f 1156/1459 1177/1499 544/1498
f 537/7387 913/1149 915/1152 80/7388
f 915/1153 917/1156 535/617 80/616
f 825/1025 827/1027 828/7389 81/620
f 828/1028 832/1033 538/1048 81/7390
f 564/7391 1180/1504 1182/1511 86/7392
f 86/7393 1182/1512 1183/1513 561/656
f 1214/1561 1217/1564 106/824 676/829
f 1217/1564 1219/1566 1220/1567 106/824
f 681/7394 2014/7395 1407/1787 1406/1786
f 681/837 1406/7396 677/7397 107/834
f 1406/7398 1405/7399 1404/1781 677/1784
f 1405/1789 1401/1792 1400/1777 1404/1780
f 5339/7400 5342/6899 5347/6896 5522/7401
f 5347/6896 263/6886 5338/6885 5522/7401
f 5338/6883 5337/6882 5339/6888 5522/7402
f 1025/1291 1027/1293 1030/1296 924/1163
f 1027/1293 1029/1295 1031/1297 1030/1296
f 2589/3380 2643/3462 2585/3375 2584/3374
f 2643/3462 2646/3465 2650/3469 2585/3375
f 4061/5295 4316/5618 4063/5297 4062/5296
f 4316/5618 4315/5617 4065/5299 4063/5297
f 132/3377 133/7215 134/7366 5518/7365
