# Blender 5.0.1
# www.blender.org
mtllib tripo_convert_5af232ef-825b-47db-9b4e-54c231291bc1.mtl
o tripo_node_5af232ef-825b-47db-9b4e-54c231291bc1
v 0.000818 -0.264665 0.287827
v 0.000948 0.068594 0.150113
v 0.001492 -0.073474 0.486737
v 0.002153 0.058908 0.150094
v 0.003309 0.049110 0.150122
v 0.003598 0.093218 0.360333
v 0.004513 0.039968 0.150446
v 0.004770 -0.189139 0.164965
v 0.005707 0.036340 0.157451
v 0.006751 0.035996 0.167533
v 0.007679 0.031336 0.175233
v 0.008666 -0.214119 0.165537
v 0.008785 0.021533 0.176245
v 0.009838 0.010689 0.176370
v 0.011316 -0.264663 0.211760
v 0.011516 -0.264672 0.199413
v 0.011527 -0.264717 0.189041
v 0.011808 -0.019584 0.176375
v 0.011978 -0.076727 0.176203
v 0.012056 -0.264872 0.179586
v 0.012312 -0.046815 0.176363
v 0.012547 -0.256861 0.168725
v 0.012646 0.093196 0.304413
v 0.012677 -0.235021 0.169021
v 0.013299 -0.106166 0.171209
v 0.013442 -0.138989 0.172355
v 0.013702 -0.255654 0.173531
v 0.014339 -0.264641 0.434398
v 0.015099 -0.264621 0.470773
v 0.015427 -0.264573 0.481560
v 0.015796 -0.257229 0.486543
v 0.016224 -0.245564 0.486699
v 0.017787 -0.206253 0.486753
v 0.019774 -0.170102 0.176485
v 0.019978 -0.140212 0.486759
v 0.020529 0.093175 0.235140
v 0.022383 -0.237755 0.176543
v 0.022683 -0.196224 0.176565
v 0.023616 0.012563 0.486817
v 0.023767 -0.219674 0.176472
v 0.023839 0.024754 0.487416
v 0.024222 0.034244 0.491383
v 0.024611 0.039973 0.498658
v 0.025390 0.093142 0.200996
v 0.025500 0.049258 0.499515
v 0.027342 0.068878 0.499660
v 0.027935 0.078558 0.499626
v 0.028522 0.087984 0.499526
v 0.029164 0.092649 0.493755
v 0.029759 0.093050 0.176157
v 0.029884 0.092905 0.484020
v 0.030735 0.093021 0.474294
v 0.031494 0.092966 0.166795
v 0.031852 0.093121 0.463586
v 0.032477 -0.264660 0.237773
v 0.033227 0.092624 0.157385
v 0.033796 0.093216 0.446655
v 0.034928 0.087747 0.150617
v 0.037193 0.093256 0.426247
v 0.037676 -0.233804 0.486735
v 0.041237 0.050310 0.150129
v 0.042626 0.041144 0.150296
v 0.043228 -0.030212 0.486742
v 0.043877 0.036436 0.155817
v 0.043973 0.093263 0.396722
v 0.045156 0.036214 0.165148
v 0.046410 0.093108 0.187421
v 0.046476 0.034257 0.173826
v 0.047449 0.025387 0.176218
v 0.048405 0.015070 0.176381
v 0.048431 -0.141535 0.176334
v 0.049029 -0.104870 0.176346
v 0.049479 0.003493 0.176409
v 0.050598 -0.069314 0.176363
v 0.050623 -0.011611 0.176401
v 0.050721 -0.176841 0.176335
v 0.051350 -0.036397 0.176383
v 0.052118 -0.203504 0.176335
v 0.052497 -0.239054 0.176353
v 0.052542 -0.223549 0.176337
v 0.052685 -0.252443 0.176426
v 0.052758 0.093239 0.360892
v 0.052855 -0.262869 0.176822
v 0.052974 -0.264620 0.187649
v 0.053130 0.078816 0.150172
v 0.053359 -0.264643 0.199432
v 0.056857 -0.264634 0.459078
v 0.057227 -0.264617 0.470682
v 0.057591 -0.264563 0.481567
v 0.057930 -0.257059 0.486544
v 0.058263 -0.245307 0.486706
v 0.059172 0.093228 0.323271
v 0.059358 0.060240 0.150092
v 0.061113 0.093199 0.251601
v 0.061469 0.093220 0.286442
v 0.061630 0.057573 0.499675
v 0.061780 0.093174 0.223145
v 0.062201 -0.094979 0.486752
v 0.063190 0.093152 0.204238
v 0.064347 0.013920 0.486791
v 0.064620 0.026757 0.486968
v 0.064844 0.036465 0.491661
v 0.065110 0.038975 0.498794
v 0.065683 -0.264655 0.394252
v 0.065837 0.048537 0.499605
v 0.066727 0.093074 0.177886
v 0.067662 0.069031 0.499690
v 0.068333 0.079217 0.499655
v 0.068468 0.093003 0.168207
v 0.069043 0.088640 0.499514
v 0.069800 0.092679 0.492747
v 0.070329 0.092761 0.158206
v 0.070615 0.092889 0.482635
v 0.071508 0.092994 0.472832
v 0.072406 0.088408 0.150674
v 0.072625 0.093095 0.460944
v 0.074440 0.093178 0.444379
v 0.075169 -0.264647 0.219479
v 0.078048 0.093208 0.423985
v 0.079958 -0.216958 0.486753
v 0.080693 -0.186775 0.486758
v 0.080880 0.051753 0.150111
v 0.082476 0.042590 0.150230
v 0.083900 0.036438 0.154180
v 0.084107 -0.001576 0.486749
v 0.084901 0.036240 0.162696
v 0.085705 0.035424 0.171587
v 0.086497 0.093275 0.394675
v 0.086625 0.029049 0.175872
v 0.087755 0.018987 0.176375
v 0.088970 0.008242 0.176423
v 0.089617 -0.131980 0.176391
v 0.091076 -0.018171 0.176418
v 0.091252 -0.064278 0.176398
v 0.091831 -0.206813 0.176381
v 0.093049 0.093421 0.361784
v 0.093626 -0.225810 0.176377
v 0.094214 0.093258 0.229666
v 0.094379 0.093458 0.254550
v 0.094466 -0.238673 0.176379
v 0.094794 -0.249711 0.176447
v 0.094873 0.093189 0.210768
v 0.095420 0.093507 0.286061
v 0.095829 0.093562 0.323606
v 0.096126 0.093157 0.194191
v 0.096129 -0.259803 0.176952
v 0.096951 -0.264641 0.196541
v 0.096952 -0.264671 0.184689
v 0.097427 -0.264639 0.209346
v 0.097867 0.093114 0.181462
v 0.098821 -0.264631 0.459424
v 0.099246 -0.264628 0.471001
v 0.099622 0.093036 0.170667
v 0.099636 -0.264624 0.481819
v 0.099981 -0.256555 0.486509
v 0.100271 -0.244891 0.486706
v 0.101318 0.092824 0.159435
v 0.102197 -0.139113 0.486751
v 0.103554 -0.050380 0.486738
v 0.103709 0.089213 0.150674
v 0.104393 0.014882 0.486802
v 0.104584 0.027725 0.487149
v 0.104886 0.036512 0.491819
v 0.105195 0.039624 0.498665
v 0.105443 0.049451 0.499578
v 0.105937 0.059728 0.499695
v 0.106212 0.080013 0.150157
v 0.106448 0.070416 0.499712
v 0.106922 0.080876 0.499651
v 0.107429 0.089781 0.499457
v 0.107596 0.070360 0.150096
v 0.107747 0.092799 0.490062
v 0.107927 0.092910 0.479118
v 0.108131 0.092987 0.468464
v 0.108386 0.093064 0.454667
v 0.108902 0.093121 0.437385
v 0.110128 0.093256 0.417197
v 0.110183 0.061337 0.150076
v 0.112055 0.052313 0.150059
v 0.113404 0.097916 0.392728
v 0.113647 0.043456 0.150025
v 0.114948 0.100858 0.364275
v 0.115034 0.100276 0.257929
v 0.115166 0.036449 0.152168
v 0.115461 0.101118 0.284600
v 0.116220 0.101876 0.324295
v 0.116284 0.036193 0.160961
v 0.117197 -0.264672 0.351687
v 0.117382 -0.264652 0.269783
v 0.118176 0.036104 0.170292
v 0.118792 -0.264634 0.435257
v 0.118980 0.093295 0.239244
v 0.119912 0.031806 0.176201
v 0.120341 -0.142139 0.176400
v 0.120383 0.022482 0.176348
v 0.120565 -0.101450 0.176400
v 0.120784 0.011357 0.176408
v 0.120795 -0.061115 0.176393
v 0.120980 -0.180928 0.176393
v 0.121002 0.093177 0.220847
v 0.121120 -0.233204 0.486748
v 0.121214 -0.027229 0.176404
v 0.121756 -0.003681 0.176415
v 0.121870 0.093150 0.203155
v 0.122383 0.093126 0.186956
v 0.122711 -0.207705 0.176391
v 0.123395 0.093066 0.172978
v 0.124358 -0.225685 0.176378
v 0.124554 0.092798 0.158106
v 0.126304 0.089120 0.150510
v 0.126605 -0.237920 0.176389
v 0.127392 -0.247663 0.176448
v 0.128400 -0.256717 0.176937
v 0.128513 0.079805 0.150106
v 0.130013 0.070398 0.150052
v 0.130101 -0.263552 0.181503
v 0.131340 0.061115 0.150044
v 0.132034 -0.264478 0.189920
v 0.132677 0.052027 0.150039
v 0.134083 0.043553 0.149976
v 0.134766 -0.264603 0.200446
v 0.135580 0.037322 0.150662
v 0.135908 0.035958 0.166388
v 0.136405 0.107689 0.366315
v 0.136985 0.107621 0.393438
v 0.137347 0.107670 0.325056
v 0.138860 0.036182 0.157751
v 0.139700 0.107724 0.285970
v 0.140198 -0.264625 0.459782
v 0.140258 0.098416 0.408774
v 0.140358 -0.264637 0.219135
v 0.140518 -0.264592 0.471578
v 0.140814 -0.264268 0.482549
v 0.141123 -0.255948 0.486622
v 0.141425 -0.244289 0.486724
v 0.142203 -0.206208 0.486765
v 0.142758 -0.141888 0.176221
v 0.142772 0.093154 0.426827
v 0.142875 -0.100250 0.176126
v 0.143082 0.107678 0.261225
v 0.143166 -0.138684 0.486758
v 0.143170 -0.058892 0.176064
v 0.143241 -0.181364 0.176066
v 0.143769 -0.025671 0.175966
v 0.143956 0.093071 0.445078
v 0.143991 -0.049765 0.486743
v 0.144345 -0.000760 0.486748
v 0.144479 0.093004 0.461745
v 0.144522 0.015347 0.486797
v 0.144554 -0.002801 0.176142
v 0.144639 0.033297 0.172448
v 0.144645 0.028270 0.487117
v 0.144685 0.036351 0.492005
v 0.144763 -0.207992 0.175990
v 0.144775 0.092913 0.474275
v 0.144821 0.040250 0.498938
v 0.144878 0.072217 0.499722
v 0.144906 0.092776 0.485589
v 0.144919 0.083242 0.499572
v 0.144921 0.061296 0.499737
v 0.144924 0.101976 0.243004
v 0.144929 0.091819 0.495998
v 0.144982 0.050562 0.499666
v 0.145471 0.070069 0.141370
v 0.145472 0.060396 0.140848
v 0.145490 0.063831 -0.414544
v 0.145495 0.064820 -0.378089
v 0.145502 0.062370 -0.442515
v 0.145506 0.079348 0.141672
v 0.145511 0.065475 -0.320750
v 0.145512 0.054416 -0.340539
v 0.145516 0.053162 -0.415195
v 0.145517 0.054128 -0.378858
v 0.145517 0.050735 0.141256
v 0.145519 0.074616 -0.413752
v 0.145523 0.075629 -0.377291
v 0.145532 0.066543 -0.261532
v 0.145533 0.054644 -0.301153
v 0.145538 0.051913 -0.443279
v 0.145543 0.076479 -0.320558
v 0.145544 0.071301 -0.459705
v 0.145550 0.069223 0.118437
v 0.145553 0.057973 0.081774
v 0.145555 0.058748 0.118108
v 0.145556 0.061357 -0.461903
v 0.145556 0.067071 -0.179987
v 0.145561 0.055972 -0.261215
v 0.145562 0.067725 -0.138702
v 0.145563 0.068098 -0.097312
v 0.145565 0.068974 0.081775
v 0.145565 0.066905 -0.220904
v 0.145565 0.077274 -0.261540
v 0.145572 0.046540 0.081871
v 0.145576 0.069420 0.035162
v 0.145580 0.067991 -0.054037
v 0.145594 0.057547 -0.097107
v 0.145595 0.057241 -0.054091
v 0.145596 0.068141 -0.010065
v 0.145597 0.058400 0.035947
v 0.145599 0.077789 -0.159573
v 0.145600 0.077384 -0.221073
v 0.145602 0.056880 -0.009397
v 0.145604 0.079471 0.117837
v 0.145606 0.078671 -0.097543
v 0.145606 0.043734 -0.340991
v 0.145610 0.056888 -0.179686
v 0.145611 0.057283 -0.138555
v 0.145615 0.087609 0.142626
v 0.145625 0.056657 -0.220582
v 0.145626 0.043544 -0.301088
v 0.145629 0.086519 -0.376498
v 0.145629 0.085678 -0.412822
v 0.145649 0.070781 -0.475446
v 0.145650 0.050991 -0.463375
v 0.145655 0.044917 -0.260506
v 0.145665 0.048222 0.118696
v 0.145665 0.087072 -0.339352
v 0.145666 0.087437 -0.301374
v 0.145669 0.078790 -0.054338
v 0.145669 0.084214 -0.441831
v 0.145673 0.042845 -0.415811
v 0.145677 0.080563 0.034330
v 0.145679 0.082229 -0.460580
v 0.145687 0.043368 -0.379640
v 0.145702 0.080574 -0.474797
v 0.145707 0.087778 -0.261453
v 0.145709 0.080301 0.081066
v 0.145744 0.042089 0.142101
v 0.145747 0.041714 -0.443762
v 0.145754 0.087717 -0.180255
v 0.145754 0.088317 -0.139307
v 0.145755 0.079382 -0.010678
v 0.145760 0.088652 -0.097849
v 0.145769 0.060969 -0.476325
v 0.145812 0.087791 -0.221139
v 0.145843 0.046649 -0.054378
v 0.145871 0.045394 -0.009152
v 0.145900 0.046820 -0.096883
v 0.145998 0.046832 0.036137
v 0.146084 0.041121 -0.464666
v 0.146116 0.089695 0.116499
v 0.146117 0.046368 -0.179361
v 0.146137 0.046764 -0.138469
v 0.146182 0.051085 -0.477673
v 0.146258 0.046232 -0.220357
v 0.146551 0.012994 0.175580
v 0.146569 0.088987 -0.054795
v 0.146579 0.093069 0.174294
v 0.146614 0.093332 0.231650
v 0.146629 0.038560 0.119234
v 0.146840 -0.225206 0.175858
v 0.146967 0.070423 -0.486832
v 0.147017 0.079792 -0.486003
v 0.147146 0.023995 0.175417
v 0.147237 0.093113 0.195315
v 0.147272 -0.237459 0.175550
v 0.147397 0.093127 0.214643
v 0.147402 0.092265 0.148701
v 0.147585 0.090046 -0.474207
v 0.147678 0.091331 0.033389
v 0.147700 0.089994 -0.011282
v 0.148016 0.060856 -0.487741
v 0.148094 -0.246957 0.175337
v 0.148140 0.090760 0.080203
v 0.148250 -0.255147 0.175314
v 0.148291 0.091590 -0.460319
v 0.148411 0.036791 0.081972
v 0.148634 0.041027 -0.479323
v 0.149120 0.088532 -0.485034
v 0.149173 -0.261407 0.176072
v 0.149228 0.051077 -0.488553
v 0.149306 0.092852 -0.441301
v 0.150075 0.036334 -0.341546
v 0.150095 0.036751 -0.260196
v 0.150103 0.036297 -0.009092
v 0.150114 0.036267 -0.380499
v 0.150120 0.036288 -0.416477
v 0.150135 0.036146 -0.301284
v 0.150272 0.038610 0.036580
v 0.150275 0.092783 -0.411832
v 0.150341 0.036366 -0.443875
v 0.150633 0.037539 -0.220356
v 0.150713 0.037851 -0.096514
v 0.150957 0.037660 -0.054188
v 0.150979 0.037948 -0.179218
v 0.151116 0.038385 -0.138233
v 0.151309 0.036153 0.143658
v 0.151380 0.092734 -0.375718
v 0.151735 -0.264282 0.180436
v 0.152101 0.092725 -0.339012
v 0.152126 0.036267 -0.464518
v 0.152361 0.041159 -0.489006
v 0.152455 0.092742 -0.180371
v 0.152483 0.092691 -0.301373
v 0.152595 0.092749 -0.221184
v 0.152659 0.092814 -0.261403
v 0.152934 0.092752 -0.139715
v 0.153839 0.070302 -0.495469
v 0.153913 0.079487 -0.494684
v 0.153947 0.040644 -0.496457
v 0.154180 0.092785 -0.098533
v 0.154454 0.087848 -0.493146
v 0.154497 0.060723 -0.496113
v 0.155044 -0.264522 0.185919
v 0.155145 0.050610 -0.495926
v 0.155313 0.092838 0.118042
v 0.156102 0.092745 -0.055481
v 0.156400 0.036798 -0.478512
v 0.156679 0.036259 0.119100
v 0.156708 0.035314 0.158050
v 0.156792 0.092555 -0.482645
v 0.156828 0.092745 -0.472631
v 0.157719 0.092814 -0.011928
v 0.158050 0.092855 -0.459155
v 0.158301 0.092009 -0.489114
v 0.158423 0.092907 0.032609
v 0.158547 0.092820 0.078949
v 0.159321 0.092953 -0.440232
v 0.159400 -0.264634 0.194080
v 0.159423 -0.264657 0.396950
v 0.159429 0.036291 0.082136
v 0.159569 0.036262 -0.443796
v 0.159602 0.036277 -0.417218
v 0.160052 0.035455 -0.260559
v 0.160125 0.036223 -0.381440
v 0.160218 0.035150 -0.179247
v 0.160320 0.035551 -0.220299
v 0.160366 0.036921 -0.488636
v 0.160450 0.036495 -0.053743
v 0.160452 0.036221 -0.342169
v 0.160479 0.036284 -0.301348
v 0.160496 0.036270 0.037131
v 0.160504 0.036256 -0.008422
v 0.160542 -0.141628 0.166068
v 0.160560 -0.099172 0.165908
v 0.160739 -0.181562 0.165583
v 0.160823 0.036152 -0.463087
v 0.160892 -0.057122 0.165759
v 0.160975 0.092983 -0.410809
v 0.161200 -0.237899 0.165129
v 0.161305 0.035625 -0.139000
v 0.161314 -0.208152 0.164953
v 0.161320 -0.247171 0.164714
v 0.161501 -0.255488 0.164359
v 0.161642 -0.023994 0.165006
v 0.161658 0.035398 -0.095985
v 0.161690 -0.225144 0.164803
v 0.161821 -0.262136 0.165178
v 0.162594 0.092990 -0.374927
v 0.163020 -0.001288 0.163573
v 0.163144 0.039774 -0.499889
v 0.163656 0.092950 -0.338732
v 0.163994 0.014228 0.161813
v 0.164010 0.092928 -0.180503
v 0.164033 0.025549 0.160086
v 0.164214 0.092908 -0.221177
v 0.164276 0.092924 -0.301403
v 0.164417 0.092928 -0.261399
v 0.164460 0.050186 -0.499519
v 0.164869 0.070215 -0.499308
v 0.164892 0.060571 -0.499556
v 0.164938 0.092955 -0.119849
v 0.165078 0.079666 -0.499154
v 0.165509 0.036106 -0.475740
v 0.165549 0.088590 -0.498471
v 0.165651 0.027953 -0.260643
v 0.165873 -0.264479 0.168719
v 0.165877 0.026698 -0.179231
v 0.165904 0.027560 -0.220361
v 0.166133 0.031861 -0.417941
v 0.166146 0.028082 -0.053223
v 0.166146 0.027447 -0.095597
v 0.166198 0.027360 -0.138819
v 0.166225 0.031112 -0.382534
v 0.166267 -0.208241 0.144508
v 0.166273 0.027074 0.143009
v 0.166288 -0.225709 0.144380
v 0.166290 -0.181642 0.145097
v 0.166297 0.032538 -0.443791
v 0.166308 0.029748 0.037614
v 0.166314 0.029517 -0.008054
v 0.166318 -0.238370 0.143981
v 0.166337 -0.098214 0.145815
v 0.166337 -0.247986 0.144438
v 0.166350 0.015093 -0.179405
v 0.166353 0.030727 -0.342899
v 0.166356 0.029885 -0.301704
v 0.166362 0.021506 -0.418657
v 0.166364 0.015844 -0.220569
v 0.166366 0.016605 -0.261064
v 0.166371 -0.022066 0.144635
v 0.166391 0.000572 0.144156
v 0.166393 -0.141314 0.145847
v 0.166401 -0.055513 0.145297
v 0.166409 0.015630 -0.138028
v 0.166410 0.015801 0.143236
v 0.166415 -0.208350 0.120337
v 0.166418 0.002200 -0.200252
v 0.166420 0.020113 -0.383810
v 0.166423 -0.181834 0.120618
v 0.166426 0.003662 -0.262085
v 0.166427 0.006975 -0.419194
v 0.166428 -0.015555 -0.221481
v 0.166431 0.019566 -0.343751
v 0.166436 0.015467 -0.095406
v 0.166438 -0.032222 -0.179900
v 0.166438 -0.235879 0.119412
v 0.166440 -0.193590 -0.180960
v 0.166441 0.018631 -0.302482
v 0.166442 -0.012875 -0.284215
v 0.166442 -0.068341 -0.222976
v 0.166443 -0.225949 -0.180983
v 0.166443 -0.192698 -0.224905
v 0.166445 0.002385 -0.137528
v 0.166446 0.007474 -0.385385
v 0.166449 -0.010010 -0.367016
v 0.166450 -0.039808 -0.422395
v 0.166450 0.005886 -0.303566
v 0.166450 0.029688 0.118957
v 0.166452 -0.207836 0.085361
v 0.166453 -0.066539 -0.265740
v 0.166453 -0.225574 -0.247553
v 0.166454 -0.051540 -0.370420
v 0.166454 0.007071 -0.344858
v 0.166457 -0.136379 -0.180664
v 0.166457 -0.106718 -0.394409
v 0.166457 -0.191662 -0.269104
v 0.166458 -0.134358 -0.245993
v 0.166458 -0.238720 -0.181020
v 0.166459 0.015817 -0.052282
v 0.166460 -0.226430 0.083464
v 0.166461 -0.182189 0.087564
v 0.166462 -0.032883 -0.115467
v 0.166462 -0.193984 -0.137268
v 0.166464 -0.092195 -0.158571
v 0.166465 -0.238127 -0.247765
v 0.166466 -0.173147 -0.397395
v 0.166466 -0.083510 -0.423913
v 0.166467 -0.214440 -0.398966
v 0.166469 -0.098299 -0.309555
v 0.166470 0.023367 -0.443965
v 0.166474 -0.226548 -0.115388
v 0.166475 -0.215421 -0.335473
v 0.166475 -0.152441 -0.355344
v 0.166475 -0.224980 -0.357546
v 0.166476 -0.238064 0.081657
v 0.166476 -0.190909 -0.312892
v 0.166478 -0.238824 -0.137267
v 0.166481 -0.128554 -0.425299
v 0.166481 -0.226298 0.038774
v 0.166482 0.002215 -0.073096
v 0.166483 0.017699 0.038373
v 0.166484 -0.194917 0.040665
v 0.166484 -0.137663 -0.114951
v 0.166484 -0.194134 -0.093253
v 0.166487 -0.238261 -0.314262
v 0.166488 -0.140902 0.121879
v 0.166488 -0.093373 -0.070656
v 0.166490 -0.237245 -0.399350
v 0.166491 -0.226463 -0.027853
v 0.166491 -0.191329 -0.021206
v 0.166492 -0.032937 -0.049552
v 0.166493 0.017367 -0.007513
v 0.166493 -0.238040 -0.357911
v 0.166494 -0.019463 0.120532
v 0.166495 -0.238392 0.015652
v 0.166495 0.002522 0.119445
v 0.166495 0.017258 0.119017
v 0.166495 -0.248530 0.117369
v 0.166498 -0.249478 -0.181096
v 0.166498 -0.248777 -0.247947
v 0.166499 -0.172311 -0.427065
v 0.166499 -0.140336 0.088489
v 0.166500 -0.034288 0.075409
v 0.166501 0.018184 0.083366
v 0.166501 -0.054026 0.120983
v 0.166502 0.030130 0.082659
v 0.166503 -0.097275 0.121957
v 0.166503 0.004010 0.061928
v 0.166504 -0.238092 -0.093555
v 0.166505 -0.138757 -0.025892
v 0.166505 -0.043893 0.018411
v 0.166505 -0.217934 -0.429582
v 0.166507 -0.095676 0.065803
v 0.166509 -0.015919 -0.005490
v 0.166509 -0.139662 0.042655
v 0.166510 0.003716 -0.006628
v 0.166511 -0.238130 -0.050337
v 0.166523 -0.249034 -0.314541
v 0.166523 0.010791 -0.443979
v 0.166525 -0.237629 -0.429860
v 0.166526 -0.248398 0.080104
v 0.166527 -0.008522 -0.444088
v 0.166532 -0.039799 -0.444342
v 0.166535 -0.249499 -0.137141
v 0.166537 -0.249100 -0.007141
v 0.166540 -0.248757 0.037023
v 0.166544 -0.259773 -0.181198
v 0.166560 -0.248825 -0.358231
v 0.166570 -0.257376 0.144532
v 0.166578 -0.248467 -0.399385
v 0.166584 -0.248694 -0.093668
v 0.166597 -0.248744 -0.050790
v 0.166601 -0.249187 -0.430238
v 0.166606 -0.083181 -0.444944
v 0.166614 -0.128013 -0.445878
v 0.166635 -0.258464 0.116673
v 0.166639 -0.259253 -0.225565
v 0.166658 -0.259158 -0.270684
v 0.166666 -0.203572 -0.449056
v 0.166671 -0.171641 -0.447445
v 0.166677 -0.259426 -0.314746
v 0.166693 -0.238279 -0.451775
v 0.166714 0.032789 -0.461474
v 0.166727 -0.223562 -0.450624
v 0.166830 -0.259809 -0.137033
v 0.166861 -0.250056 -0.452425
v 0.166976 -0.039648 -0.460562
v 0.167008 -0.259100 0.036260
v 0.167031 -0.259435 -0.358561
v 0.167069 -0.259330 -0.007740
v 0.167076 -0.258652 0.078639
v 0.167100 -0.008554 -0.460077
v 0.167122 0.092578 -0.490368
v 0.167207 0.024431 -0.460818
v 0.167221 -0.259648 -0.430469
v 0.167320 -0.259079 -0.051221
v 0.167353 0.011475 -0.460253
v 0.167361 -0.259133 -0.399411
v 0.167392 -0.259007 -0.093848
v 0.167586 0.092973 -0.056306
v 0.167611 -0.264668 0.283979
v 0.167676 -0.127616 -0.462422
v 0.167749 -0.082921 -0.461270
v 0.167815 0.092857 -0.481230
v 0.168061 0.093004 0.150115
v 0.168088 -0.171033 -0.464242
v 0.168100 -0.259963 -0.452825
v 0.168436 0.092936 -0.471141
v 0.168498 -0.203381 -0.465452
v 0.169123 0.092997 -0.012581
v 0.169603 0.092973 0.117966
v 0.169634 0.092982 -0.457665
v 0.169811 -0.223579 -0.467000
v 0.170045 0.093007 0.031822
v 0.170281 -0.264663 0.145405
v 0.170731 -0.238590 -0.469077
v 0.170837 0.093082 0.180123
v 0.170861 0.093022 -0.438754
v 0.171073 0.092975 0.077330
v 0.171204 -0.264640 0.173202
v 0.171932 -0.250434 -0.470093
v 0.172151 -0.264505 0.115639
v 0.172366 0.107806 0.326758
v 0.172571 0.093048 -0.409582
v 0.172853 0.033079 -0.472131
v 0.172907 -0.264508 -0.270826
v 0.172908 -0.264485 -0.225715
v 0.173120 -0.264631 -0.181339
v 0.173134 0.093091 0.204320
v 0.173163 -0.264509 -0.314859
v 0.173233 0.107810 0.366870
v 0.173417 0.024946 -0.472407
v 0.173684 0.011750 -0.472756
v 0.173895 -0.008371 -0.473203
v 0.173967 -0.264533 -0.137297
v 0.174177 -0.259851 -0.470107
v 0.174203 -0.264752 -0.358670
v 0.174219 0.093044 -0.374005
v 0.174259 -0.264399 0.077413
v 0.174297 0.036096 -0.487341
v 0.174605 -0.039390 -0.473983
v 0.174652 0.093138 0.223924
v 0.174699 -0.264452 0.035430
v 0.174749 -0.264450 -0.008236
v 0.175132 0.107802 0.288724
v 0.175203 -0.264340 -0.399470
v 0.175266 -0.264311 -0.094183
v 0.175271 -0.264388 -0.051558
v 0.175492 0.093012 -0.338523
v 0.175588 -0.082619 -0.475013
v 0.175681 -0.264331 -0.430343
v 0.175740 0.093007 -0.160746
v 0.175747 0.094124 0.239059
v 0.175806 0.040864 -0.499570
v 0.175989 0.092985 -0.221089
v 0.176217 0.107774 0.263957
v 0.176250 0.106816 0.248380
v 0.176333 0.107721 0.393231
v 0.176427 0.092988 -0.261472
v 0.176446 -0.127255 -0.475822
v 0.176543 0.092987 -0.301544
v 0.176987 0.050350 -0.499864
v 0.177416 -0.170457 -0.476857
v 0.177457 -0.264673 0.217903
v 0.177471 -0.264370 -0.451345
v 0.177514 0.060684 -0.499854
v 0.177842 0.070489 -0.499833
v 0.177870 0.093027 -0.078911
v 0.178392 0.080174 -0.499748
v 0.178393 -0.264689 0.146600
v 0.178434 -0.203375 -0.477876
v 0.179201 0.089135 -0.498622
v 0.179923 -0.223683 -0.478899
v 0.179958 0.092691 -0.490158
v 0.180630 0.092941 -0.480044
v 0.180777 0.034211 -0.480921
v 0.180861 0.101664 0.408529
v 0.181068 -0.264636 0.435735
v 0.181248 -0.238982 -0.480236
v 0.181432 0.093005 -0.469770
v 0.181649 0.093217 0.420086
v 0.181696 0.093034 0.008728
v 0.181775 -0.264596 0.471553
v 0.182004 -0.264540 0.482558
v 0.182208 -0.255867 0.486628
v 0.182217 0.093096 0.436793
v 0.182462 0.093036 -0.456112
v 0.182482 -0.243860 0.486738
v 0.182509 0.025210 -0.481333
v 0.182580 -0.264306 -0.465638
v 0.182720 -0.250449 -0.481333
v 0.182769 -0.264676 0.115033
v 0.182793 0.093037 0.454364
v 0.182834 -0.232018 0.486766
v 0.183109 0.092953 0.469417
v 0.183251 -0.215822 0.486782
v 0.183280 0.092866 0.481845
v 0.183407 0.092691 0.493551
v 0.183583 0.086221 0.499580
v 0.183604 -0.196497 0.486792
v 0.183778 0.074950 0.499749
v 0.183857 -0.264672 -0.248400
v 0.183934 0.012131 -0.482112
v 0.184024 -0.264681 -0.314943
v 0.184024 0.063714 0.499778
v 0.184026 -0.264696 -0.181523
v 0.184074 -0.160699 0.486794
v 0.184211 0.093061 -0.437019
v 0.184323 0.052217 0.499752
v 0.184363 -0.116041 0.486783
v 0.184467 0.093013 0.075578
v 0.184496 -0.049241 0.486775
v 0.184525 -0.000911 0.486777
v 0.184554 0.040756 0.499277
v 0.184582 0.015027 0.486743
v 0.184587 0.035880 0.492125
v 0.184602 0.028141 0.486589
v 0.184798 -0.264685 -0.137808
v 0.184919 -0.260330 -0.480434
v 0.185000 -0.264709 -0.358579
v 0.185136 -0.008124 -0.482878
v 0.185269 -0.264683 0.072778
v 0.185396 -0.264697 0.183690
v 0.185474 -0.264679 -0.008688
v 0.185874 -0.264689 -0.051884
v 0.185948 -0.264659 -0.094630
v 0.185952 -0.264657 -0.399566
v 0.186736 -0.264659 -0.429908
v 0.186948 -0.039094 -0.483422
v 0.187142 0.093078 -0.407786
v 0.187153 0.093011 0.117120
v 0.187177 -0.264718 0.148169
v 0.188601 -0.082262 -0.484209
v 0.189342 -0.264659 -0.449157
v 0.189923 -0.126949 -0.484206
v 0.190014 -0.264274 -0.475765
v 0.190055 0.093072 -0.372563
v 0.190859 0.093045 0.152689
v 0.190861 -0.170183 -0.484478
v 0.190864 0.093046 -0.161456
v 0.191806 0.093048 -0.338216
v 0.191865 -0.203227 -0.484941
v 0.191938 0.093034 -0.220975
v 0.192586 0.093052 -0.102491
v 0.192717 0.093032 -0.301814
v 0.193110 -0.264634 -0.461976
v 0.193397 -0.223689 -0.484565
v 0.193881 -0.264727 0.114354
v 0.194786 -0.238985 -0.484818
v 0.194843 -0.264717 -0.203938
v 0.194898 -0.264717 -0.292973
v 0.195072 0.051451 -0.499902
v 0.195114 0.041511 -0.499705
v 0.195217 0.061595 -0.499899
v 0.195258 0.071573 -0.499862
v 0.195271 0.093082 0.185723
v 0.195335 0.081509 -0.499682
v 0.195420 -0.264727 -0.138309
v 0.195560 0.036226 -0.492577
v 0.195701 0.090286 -0.497204
v 0.195750 -0.264724 -0.358540
v 0.196073 -0.264735 0.054536
v 0.196090 -0.264731 -0.009144
v 0.196266 -0.264614 -0.469966
v 0.196345 -0.264730 -0.052210
v 0.196375 -0.250008 -0.484971
v 0.196502 0.092804 -0.488325
v 0.196506 -0.264723 -0.095097
v 0.196677 0.033967 -0.486072
v 0.196791 -0.264710 -0.399689
v 0.197503 0.092992 -0.478359
v 0.197969 0.024971 -0.485267
v 0.198025 -0.259925 -0.484704
v 0.198103 0.093056 -0.036884
v 0.198161 -0.264709 -0.429198
v 0.198760 0.093085 0.211023
v 0.198885 0.093042 -0.467983
v 0.199385 0.012321 -0.485187
v 0.200606 -0.264592 -0.480306
v 0.200632 -0.264703 -0.447812
v 0.200719 0.093066 -0.453619
v 0.201175 -0.264732 0.149025
v 0.201210 -0.007668 -0.485217
v 0.201566 0.093288 0.228925
v 0.202867 -0.264632 0.459548
v 0.203128 -0.038661 -0.485190
v 0.203655 0.098850 0.241997
v 0.203680 -0.264642 -0.470834
v 0.204022 0.093045 0.051426
v 0.204030 -0.264691 -0.459792
v 0.204618 0.093064 -0.257191
v 0.204789 -0.081911 -0.485246
v 0.206044 -0.126658 -0.485176
v 0.206529 0.106962 0.252354
v 0.206816 0.107666 0.327536
v 0.206871 -0.170106 -0.485224
v 0.207669 -0.202877 -0.485241
v 0.207674 0.107628 0.267436
v 0.207950 0.093095 -0.404864
v 0.208014 0.107693 0.290355
v 0.208085 0.107673 0.367139
v 0.208513 -0.264749 0.094029
v 0.208827 -0.223457 -0.485227
v 0.209063 -0.264735 -0.292993
v 0.209099 -0.264732 -0.358548
v 0.209235 -0.264746 -0.138884
v 0.209334 -0.264734 -0.204282
v 0.209864 -0.264751 -0.031245
v 0.209893 0.093050 -0.144349
v 0.209936 -0.238138 -0.485227
v 0.210974 -0.248975 -0.485236
v 0.211017 0.093094 -0.370327
v 0.211140 0.093070 -0.220846
v 0.211472 -0.264721 -0.414327
v 0.211478 0.093074 -0.181739
v 0.212075 0.093083 -0.337330
v 0.212079 -0.258807 -0.485206
v 0.212635 0.093081 -0.302128
v 0.213044 -0.264446 -0.480853
v 0.213103 0.107392 0.390585
v 0.214015 -0.264620 -0.471258
v 0.214152 -0.264712 -0.447842
v 0.215902 0.093096 -0.432699
v 0.216175 0.093051 0.154459
v 0.216565 0.093100 0.213678
v 0.216597 0.093057 -0.084127
v 0.220645 0.073784 -0.499870
v 0.220673 0.063516 -0.499903
v 0.220709 0.011103 -0.485372
v 0.220714 0.084133 -0.499798
v 0.220722 0.036746 -0.495107
v 0.220728 0.034296 -0.486754
v 0.220735 0.043052 -0.499996
v 0.220756 0.053295 -0.499934
v 0.220844 0.024515 -0.485491
v 0.221038 0.092367 -0.495897
v 0.221777 0.092952 -0.486364
v 0.222617 0.093077 0.449255
v 0.222697 0.093037 -0.476136
v 0.223062 0.092919 0.478664
v 0.223251 -0.037985 -0.485353
v 0.223279 0.093169 0.431881
v 0.223408 0.092850 0.491193
v 0.223472 0.053191 0.499697
v 0.223506 0.064935 0.499777
v 0.223594 0.076726 0.499751
v 0.223613 0.087887 0.499482
v 0.223835 0.093065 -0.465232
v 0.223851 0.041687 0.498913
v 0.224136 0.036359 0.492103
v 0.224188 0.028416 0.486620
v 0.224402 0.014900 0.486816
v 0.224490 -0.264626 0.471241
v 0.224522 0.094029 0.417240
v 0.224644 -0.001175 0.486871
v 0.224734 -0.264455 0.482218
v 0.224914 -0.027385 0.486879
v 0.224972 -0.081473 -0.485341
v 0.224981 -0.256148 0.486601
v 0.225166 -0.244056 0.486758
v 0.225265 -0.070762 0.486866
v 0.225340 -0.231979 0.486803
v 0.225485 -0.216017 0.486834
v 0.225540 -0.115844 0.486871
v 0.225596 -0.196620 0.486859
v 0.225651 -0.160526 0.486873
v 0.225732 0.093028 0.115677
v 0.226335 0.106416 0.384674
v 0.226592 0.103596 0.404448
v 0.226736 -0.126304 -0.485317
v 0.227174 0.093538 0.232023
v 0.227676 0.099815 0.244728
v 0.227683 0.104444 0.366307
v 0.228046 0.093064 0.003791
v 0.228177 0.103235 0.327364
v 0.228234 0.103247 0.254636
v 0.228281 -0.186276 -0.485315
v 0.228351 0.102861 0.268474
v 0.228408 0.102752 0.290709
v 0.229965 -0.264742 -0.248858
v 0.230054 0.093117 -0.401472
v 0.230506 -0.264723 0.170426
v 0.230884 -0.257785 -0.485240
v 0.230894 -0.246743 -0.485303
v 0.230932 -0.264761 -0.064009
v 0.230965 0.093237 -0.302284
v 0.231170 -0.264309 -0.480986
v 0.231398 0.093112 -0.367776
v 0.231430 0.093470 -0.262509
v 0.231470 -0.264632 -0.471540
v 0.231507 0.093174 -0.335262
v 0.231800 -0.264689 -0.460750
v 0.231825 -0.264681 0.346305
v 0.234205 0.093230 -0.220636
v 0.234529 0.093050 0.071210
v 0.235787 0.093048 -0.149582
v 0.237227 -0.264739 -0.325917
v 0.238340 -0.264701 0.208380
v 0.238587 0.093042 -0.113592
v 0.239359 -0.264692 0.248743
v 0.240225 0.101667 0.388972
v 0.240684 -0.264689 0.291872
v 0.240707 0.094030 -0.184256
v 0.242159 0.093091 -0.455411
v 0.242640 0.093016 0.463989
v 0.243726 0.103322 0.365357
v 0.243819 -0.264667 0.400504
v 0.244564 0.098110 -0.302221
v 0.245061 -0.264647 0.437411
v 0.245249 -0.264747 -0.183115
v 0.245617 -0.264754 0.113482
v 0.245678 -0.264760 -0.139903
v 0.246116 -0.264717 -0.409377
v 0.246596 0.104735 0.326417
v 0.246793 -0.264766 0.052435
v 0.246899 0.093424 -0.332874
v 0.246984 0.100336 -0.262062
v 0.247483 0.093103 0.216002
v 0.247649 0.093102 -0.364790
v 0.248177 0.105055 0.290652
v 0.248442 0.101586 -0.220220
v 0.249976 0.105486 0.268386
v 0.250125 0.102138 -0.193495
v 0.251619 0.105881 0.253918
v 0.252586 0.093170 -0.400399
v 0.254755 -0.005723 -0.485382
v 0.255060 -0.058906 -0.485363
v 0.255143 0.011758 -0.485393
v 0.255174 0.099443 0.245065
v 0.255503 0.024516 -0.485453
v 0.255875 0.035578 -0.486052
v 0.255959 0.093037 -0.046724
v 0.256578 0.036223 -0.495125
v 0.256941 0.044280 -0.499668
v 0.257008 0.055322 -0.499879
v 0.257129 0.093257 0.233516
v 0.257132 0.066027 -0.499893
v 0.257235 0.076694 -0.499853
v 0.257374 0.087335 -0.499690
v 0.257548 0.092890 -0.493967
v 0.257851 0.093036 -0.483276
v 0.257908 -0.264646 0.471423
v 0.258129 0.093230 -0.426119
v 0.258192 0.093076 -0.472355
v 0.258967 0.093125 -0.445612
v 0.260898 0.093002 -0.363909
v 0.260977 -0.235964 -0.485321
v 0.261526 -0.246602 -0.485296
v 0.261959 -0.257306 -0.485129
v 0.262233 0.093108 0.429559
v 0.262258 -0.264741 -0.481122
v 0.262280 -0.264687 -0.460866
v 0.262341 -0.264665 -0.471506
v 0.262361 -0.264770 -0.064782
v 0.262496 0.093091 0.446007
v 0.262609 0.092935 0.476371
v 0.262798 0.093064 -0.159815
v 0.262854 0.092754 0.489151
v 0.262962 0.076830 0.499740
v 0.262962 0.097894 0.415871
v 0.263021 0.064768 0.499795
v 0.263037 0.088279 0.499010
v 0.263220 0.095506 -0.395458
v 0.263336 0.052898 0.499726
v 0.263622 0.102178 -0.362887
v 0.263648 0.107617 -0.301284
v 0.263751 0.103931 -0.393171
v 0.263759 0.041574 0.499216
v 0.264225 0.036155 0.492205
v 0.264432 0.027982 0.486733
v 0.264460 0.113541 -0.362022
v 0.264606 0.113900 -0.389541
v 0.264614 0.015083 0.486921
v 0.264797 0.099631 -0.335514
v 0.264972 0.098586 -0.182149
v 0.265016 -0.000914 0.486980
v 0.265080 0.107206 -0.415784
v 0.265344 0.107695 0.406801
v 0.265493 0.093032 -0.123688
v 0.265541 -0.027374 0.487002
v 0.265790 0.097917 -0.418629
v 0.265878 0.099939 -0.418400
v 0.266334 0.107552 -0.262916
v 0.266338 -0.070768 0.487013
v 0.266591 0.115658 -0.412313
v 0.267009 -0.115713 0.487006
v 0.267258 0.093873 -0.333221
v 0.267450 0.107617 -0.194553
v 0.267497 -0.160259 0.486989
v 0.267773 0.107625 -0.221336
v 0.267861 -0.197035 0.486965
v 0.268046 -0.264637 0.482083
v 0.268085 -0.217642 0.486929
v 0.268213 -0.256629 0.486567
v 0.268232 -0.233372 0.486883
v 0.268271 -0.244978 0.486815
v 0.268315 0.093042 0.156260
v 0.268338 0.110108 -0.333655
v 0.268481 0.093058 0.019655
v 0.268601 0.107628 0.390295
v 0.271040 -0.264744 -0.249158
v 0.272879 0.107774 0.364246
v 0.272996 0.093047 0.067824
v 0.273064 0.093134 -0.075463
v 0.273834 0.117823 -0.402494
v 0.275444 -0.264700 -0.448577
v 0.275520 0.118059 -0.385319
v 0.275888 0.107828 0.324418
v 0.276124 0.117975 -0.340658
v 0.276682 -0.091861 -0.485354
v 0.277036 0.117955 -0.361826
v 0.278551 0.093408 -0.077359
v 0.278852 0.107797 0.289662
v 0.279210 0.093023 0.113727
v 0.279751 0.093956 -0.117428
v 0.280454 -0.207828 -0.485338
v 0.283000 0.107793 0.268629
v 0.284370 0.100254 -0.116375
v 0.285762 0.099591 -0.081106
v 0.286030 0.110764 -0.116065
v 0.286137 0.110116 -0.083046
v 0.286607 0.107456 0.253471
v 0.289089 0.093479 -0.426433
v 0.290060 0.099098 0.244762
v 0.291585 0.099120 -0.419758
v 0.291679 0.109534 -0.419584
v 0.292140 0.093205 0.232733
v 0.292416 0.093071 0.192511
v 0.292725 0.107769 -0.197451
v 0.292789 0.107790 -0.222472
v 0.292891 0.093171 -0.440908
v 0.292954 0.115137 -0.087202
v 0.293004 0.101676 -0.182140
v 0.293023 0.117540 -0.414325
v 0.293083 0.108005 -0.333301
v 0.293232 0.093303 -0.327706
v 0.293426 0.093088 0.215760
v 0.293578 0.093115 -0.170841
v 0.294031 0.093128 -0.454532
v 0.294343 0.107803 -0.262156
v 0.294655 0.093107 -0.467291
v 0.294670 0.115285 -0.113767
v 0.295097 0.093071 -0.478980
v 0.295105 0.093098 -0.152656
v 0.295217 0.118116 -0.401841
v 0.295281 0.118120 -0.342647
v 0.295397 0.107766 -0.296814
v 0.295521 0.092944 -0.490595
v 0.295535 0.068196 -0.499883
v 0.295552 0.079006 -0.499820
v 0.295685 0.102972 -0.319642
v 0.295740 0.089266 -0.499449
v 0.295815 0.057484 -0.499882
v 0.296051 0.037073 -0.497191
v 0.296123 0.046570 -0.499762
v 0.296125 0.012606 -0.485377
v 0.296282 0.025398 -0.485309
v 0.296522 0.035379 -0.487310
v 0.296644 0.118144 -0.360772
v 0.297125 0.118154 -0.383245
v 0.298759 0.093075 -0.038051
v 0.298984 -0.146976 -0.485351
v 0.300455 0.093233 -0.144368
v 0.300505 0.110116 -0.091125
v 0.301114 0.092703 0.489646
v 0.301132 0.092940 0.476432
v 0.301221 0.087791 0.499310
v 0.301299 0.093047 0.462367
v 0.301436 0.076975 0.499737
v 0.301620 0.093110 0.445531
v 0.301788 0.065628 0.499808
v 0.302123 0.093142 0.429350
v 0.302507 0.054872 0.499735
v 0.302579 0.107450 -0.111203
v 0.302588 -0.235444 -0.485347
v 0.302633 0.097990 0.416027
v 0.303151 -0.246054 -0.485340
v 0.303254 -0.264732 -0.337070
v 0.303509 0.101441 -0.140223
v 0.303632 -0.256737 -0.485260
v 0.303798 0.044086 0.498879
v 0.303950 -0.264679 -0.460606
v 0.303959 -0.264299 -0.481365
v 0.304022 -0.264626 -0.471502
v 0.304395 0.037461 0.492425
v 0.304797 0.028384 0.487414
v 0.304826 0.112211 -0.138241
v 0.304872 0.107723 0.408405
v 0.305123 -0.264771 -0.119468
v 0.305200 0.015441 0.487154
v 0.305480 0.093599 -0.052005
v 0.305686 0.093071 0.012261
v 0.305714 -0.000590 0.487164
v 0.306126 -0.264775 -0.033352
v 0.306530 -0.264700 0.254911
v 0.306575 -0.264727 0.174442
v 0.306649 -0.027861 0.487216
v 0.307332 0.102046 -0.094518
v 0.307395 -0.264681 0.339494
v 0.307897 -0.070789 0.487296
v 0.307924 0.100367 -0.057921
v 0.308001 0.107819 0.390358
v 0.308356 0.110089 -0.059598
v 0.308808 -0.264656 0.416453
v 0.308890 -0.115511 0.487295
v 0.309516 -0.160183 0.487266
v 0.309901 -0.196522 0.487191
v 0.310082 -0.264649 0.461025
v 0.310168 -0.218501 0.487130
v 0.310471 -0.264631 0.471926
v 0.310484 -0.234244 0.487049
v 0.310665 0.114803 -0.130071
v 0.310702 -0.245392 0.486974
v 0.310786 -0.264398 0.482163
v 0.310810 0.114891 -0.066766
v 0.310837 -0.256637 0.486835
v 0.311109 0.107832 0.363537
v 0.312427 0.107806 0.322817
v 0.313968 0.099959 -0.106978
v 0.313977 0.109538 -0.074951
v 0.314126 0.105491 -0.123292
v 0.315438 0.107777 0.288470
v 0.316369 0.107481 0.253371
v 0.316403 0.098353 0.244743
v 0.316616 0.107738 0.268357
v 0.316864 0.093208 0.231227
v 0.317451 -0.004160 -0.485395
v 0.319117 0.100825 -0.085406
v 0.319496 0.093095 0.214485
v 0.320157 0.093215 -0.173109
v 0.320616 0.102033 -0.182165
v 0.320919 0.093143 -0.157747
v 0.321221 0.107657 -0.196613
v 0.322574 0.107576 -0.222233
v 0.323045 0.093554 -0.149389
v 0.324502 0.107402 -0.333250
v 0.324584 0.101429 -0.122350
v 0.325005 0.107527 -0.262806
v 0.325030 0.118071 -0.343737
v 0.325282 0.103518 -0.146387
v 0.325307 0.118131 -0.362056
v 0.325427 -0.264703 -0.421574
v 0.325584 0.093586 -0.326606
v 0.325843 0.093058 0.188918
v 0.326240 -0.264748 -0.227803
v 0.326375 0.118133 -0.381970
v 0.326414 0.106175 -0.314644
v 0.326456 0.107484 -0.294993
v 0.326735 -0.264758 -0.184483
v 0.326976 0.113519 -0.141611
v 0.327356 0.118115 -0.399872
v 0.327714 0.112636 -0.130562
v 0.328306 0.100036 -0.100338
v 0.328395 0.117932 -0.413835
v 0.328465 0.093066 0.064306
v 0.329065 0.110591 -0.419783
v 0.329242 -0.264783 0.061905
v 0.329430 -0.264766 0.124182
v 0.329500 0.099328 -0.419886
v 0.330053 0.093333 -0.425926
v 0.330497 0.093166 -0.437571
v 0.331182 -0.264653 0.448480
v 0.331434 0.101178 -0.080869
v 0.331636 0.093370 0.229480
v 0.331827 0.093117 -0.463320
v 0.332029 0.093040 0.112129
v 0.332540 0.093082 -0.475285
v 0.332944 0.095933 0.243419
v 0.333202 0.092971 -0.487029
v 0.333345 0.093335 0.214909
v 0.333433 0.109627 -0.073602
v 0.333707 0.090448 -0.497630
v 0.333960 0.080782 -0.499742
v 0.334272 0.070346 -0.499875
v 0.334798 0.060087 -0.499841
v 0.335057 0.105652 0.253401
v 0.335756 0.049896 -0.499512
v 0.336487 0.040597 -0.496577
v 0.336578 0.093041 0.151727
v 0.336863 0.114363 -0.065690
v 0.336969 0.035623 -0.488645
v 0.337111 0.100046 -0.115938
v 0.337345 0.105533 0.267701
v 0.337492 0.026438 -0.485321
v 0.337761 0.215093 0.218401
v 0.338045 0.013763 -0.485391
v 0.338259 0.105737 0.320989
v 0.338271 0.215993 0.209231
v 0.338698 0.093133 0.432106
v 0.338703 0.105341 0.287621
v 0.338749 0.105586 0.362116
v 0.339003 0.093030 0.465210
v 0.339004 0.105099 0.390786
v 0.339463 0.105735 0.407949
v 0.339517 0.095928 0.416239
v 0.339527 0.092910 0.478726
v 0.340099 0.092558 0.491322
v 0.340704 0.086788 0.499358
v 0.340808 0.109928 -0.059028
v 0.340827 0.201549 0.209106
v 0.341010 0.093299 0.199107
v 0.341197 0.111115 -0.124894
v 0.341277 0.076071 0.499785
v 0.341728 0.100196 -0.093395
v 0.341759 0.100811 -0.058440
v 0.341847 0.065374 0.499798
v 0.341861 0.096939 0.226892
v 0.342104 0.121471 0.221603
v 0.342311 0.108063 0.224666
v 0.342383 0.054921 0.499641
v 0.342398 0.137044 0.218914
v 0.342601 0.093192 -0.149518
v 0.342758 0.202108 0.220127
v 0.342771 0.044224 0.497983
v 0.343072 0.096953 0.214569
v 0.343143 0.151068 0.217112
v 0.343236 0.137332 0.232223
v 0.343269 0.150965 0.231385
v 0.343318 0.036258 0.492955
v 0.343476 0.094043 -0.054204
v 0.343627 0.096545 -0.141916
v 0.343667 0.122459 0.233342
v 0.343845 0.093188 -0.163841
v 0.343944 0.026802 0.488194
v 0.344240 0.098246 -0.179562
v 0.344326 0.103585 -0.194647
v 0.344440 0.107898 0.212320
v 0.344658 -0.184016 -0.485382
v 0.344696 0.097900 0.237896
v 0.344805 0.014501 0.487646
v 0.344847 0.114742 -0.133984
v 0.344859 0.109244 0.235423
v 0.345004 0.182448 0.210764
v 0.345042 0.160676 0.216185
v 0.345122 0.161458 0.229704
v 0.345537 0.121131 0.208823
v 0.345670 0.106276 -0.139356
v 0.345785 -0.220464 -0.485377
v 0.346324 -0.001170 0.487678
v 0.346448 0.219364 0.210263
v 0.346789 -0.245312 -0.485334
v 0.346830 0.217934 0.219625
v 0.346843 0.102386 -0.107696
v 0.347019 0.137028 0.205717
v 0.347024 0.103746 -0.220658
v 0.347277 -0.255765 -0.485036
v 0.347360 -0.264688 -0.448031
v 0.347393 -0.264658 -0.459397
v 0.347417 -0.264714 -0.379898
v 0.347461 -0.264557 -0.470219
v 0.347484 0.167915 0.214847
v 0.347492 0.103896 -0.261947
v 0.347537 -0.263458 -0.480436
v 0.347809 0.103463 -0.295349
v 0.348124 -0.264754 -0.271538
v 0.348171 -0.028003 0.487765
v 0.348623 0.151382 0.203850
v 0.348769 0.093108 -0.040917
v 0.349137 0.103242 -0.314621
v 0.349290 0.138108 0.245768
v 0.349331 0.110272 -0.089524
v 0.349375 0.151502 0.245514
v 0.349453 0.183233 0.220880
v 0.349481 0.124491 0.245353
v 0.349520 0.103305 0.251167
v 0.349744 0.097702 0.201863
v 0.349803 -0.264790 -0.120209
v 0.350229 -0.070715 0.487816
v 0.350620 0.111799 0.246227
v 0.350694 0.111315 -0.110596
v 0.350804 -0.264795 -0.023426
v 0.350906 0.093133 -0.449677
v 0.351492 -0.115066 0.487810
v 0.351622 0.162781 0.204760
v 0.351827 -0.264727 0.216138
v 0.352079 -0.159834 0.487916
v 0.352201 0.093300 -0.327718
v 0.352234 0.108389 0.199252
v 0.352284 -0.196188 0.487938
v 0.352294 -0.264668 0.416683
v 0.352360 -0.218642 0.488642
v 0.352532 0.205110 0.207640
v 0.352644 -0.233588 0.487918
v 0.352902 -0.244825 0.487106
v 0.352929 0.164026 0.241792
v 0.352968 -0.264638 0.460414
v 0.352973 -0.101215 -0.485383
v 0.353180 -0.264517 0.471086
v 0.353180 -0.255764 0.486466
v 0.353258 0.205354 0.219064
v 0.353316 -0.263372 0.481307
v 0.353684 0.107033 -0.333280
v 0.353798 0.118142 -0.343780
v 0.353865 0.118129 -0.361524
v 0.354189 0.121379 0.196590
v 0.354206 0.165889 0.223108
v 0.355334 0.106272 0.264958
v 0.355349 0.106356 0.286355
v 0.355891 0.118129 -0.383589
v 0.356280 0.093087 0.452422
v 0.356350 0.106205 0.318658
v 0.356584 0.184477 0.207583
v 0.356864 0.137402 0.194383
v 0.357130 0.093074 0.172971
v 0.357498 0.115059 -0.086859
v 0.357957 0.162515 0.236197
v 0.358178 0.107055 0.361121
v 0.358267 0.200539 0.234714
v 0.358423 0.115255 -0.115238
v 0.358609 0.213388 0.238233
v 0.358828 0.185142 0.233061
v 0.359048 0.163460 0.231839
v 0.359437 0.151872 0.193017
v 0.359543 0.168608 0.208332
v 0.359564 0.198751 0.245791
v 0.359965 0.185052 0.218036
v 0.360130 0.171598 0.235439
v 0.360194 0.118102 -0.404596
v 0.360415 0.211696 0.249315
v 0.360934 0.114965 0.255792
v 0.360975 0.093332 0.183383
v 0.361217 -0.034828 -0.485397
v 0.361365 0.126573 0.256231
v 0.361712 0.139505 0.256807
v 0.362491 0.152959 0.256848
v 0.362570 0.215026 0.227079
v 0.362580 0.166308 0.218080
v 0.362964 0.170439 0.223896
v 0.363042 0.160452 0.224236
v 0.363243 0.202499 0.224784
v 0.363285 0.117857 -0.416452
v 0.363335 0.098848 -0.122523
v 0.363366 0.109503 -0.085531
v 0.363763 0.107394 0.391944
v 0.363779 0.182937 0.241718
v 0.364173 0.186032 0.223749
v 0.364266 0.108586 -0.119233
v 0.364302 0.092921 -0.128272
v 0.364471 0.093088 0.012768
v 0.364967 0.101183 -0.085588
v 0.365092 0.099354 0.190090
v 0.365382 0.109513 -0.419694
v 0.366199 0.109146 0.189811
v 0.367033 0.093705 -0.171456
v 0.367121 0.202157 0.195028
v 0.367221 -0.234623 -0.485368
v 0.367486 0.093028 -0.139475
v 0.367499 0.166458 0.200405
v 0.367502 0.183877 0.198222
v 0.367727 0.199385 0.254505
v 0.367777 0.165888 0.247965
v 0.367803 0.100394 -0.419811
v 0.368133 0.107484 -0.187618
v 0.368583 0.122245 0.188612
v 0.368644 0.185601 0.251415
v 0.368695 0.107562 -0.298755
v 0.368696 -0.264747 -0.315330
v 0.368772 0.163904 0.243388
v 0.368782 0.210285 0.256698
v 0.368807 0.215336 0.239767
v 0.368907 0.107637 -0.262272
v 0.368913 0.214772 0.193367
v 0.368979 0.217993 0.231295
v 0.369050 0.107211 0.409621
v 0.369212 0.094474 -0.085191
v 0.369257 0.211238 0.246917
v 0.369259 0.171218 0.206011
v 0.369591 0.107618 -0.216683
v 0.369597 0.093540 -0.425646
v 0.369825 0.153138 0.217208
v 0.370475 0.100488 -0.318773
v 0.370757 0.094012 -0.085495
v 0.370862 0.185875 0.238393
v 0.371111 0.093346 0.422540
v 0.371215 0.180455 0.242379
v 0.371234 0.201628 0.246415
v 0.371285 0.188504 0.244095
v 0.371344 0.093072 -0.474442
v 0.371430 0.138043 0.187986
v 0.371576 0.202198 0.238410
v 0.371628 0.092952 -0.485823
v 0.371781 0.176839 0.251620
v 0.371974 0.091434 -0.496099
v 0.371977 0.176443 0.237275
v 0.372172 0.185426 0.206766
v 0.372536 -0.264716 0.299386
v 0.372600 0.093135 0.439045
v 0.372661 0.082537 -0.499696
v 0.372831 -0.264690 0.362992
v 0.373024 0.202660 0.228546
v 0.373219 0.093273 -0.431990
v 0.373239 0.117853 -0.343548
v 0.373449 0.072093 -0.499870
v 0.373579 0.172574 0.236994
v 0.373589 0.118109 -0.362939
v 0.373895 0.203653 0.203745
v 0.374256 0.061870 -0.499880
v 0.374512 0.107723 0.283919
v 0.374576 0.183222 0.232216
v 0.374871 0.108003 0.266683
v 0.374936 0.094040 -0.330956
v 0.374988 0.153126 0.187932
v 0.375045 0.051963 -0.499666
v 0.375119 0.092988 0.470724
v 0.375197 0.212566 0.250555
v 0.375213 0.160181 0.212471
v 0.375295 0.176778 0.254465
v 0.375317 0.107584 -0.333440
v 0.375361 0.170790 0.232845
v 0.375559 0.216646 0.200078
v 0.375695 0.107721 0.315913
v 0.375795 0.209551 0.262919
v 0.375845 0.042217 -0.498012
v 0.375998 0.214568 0.187784
v 0.376017 0.187411 0.257468
v 0.376177 0.092873 0.483092
v 0.376305 0.166763 0.253641
v 0.376422 0.200721 0.188581
v 0.376529 0.199429 0.260894
v 0.376801 0.116207 0.260491
v 0.376823 0.035897 -0.489703
v 0.376936 0.159224 0.229845
v 0.377137 0.092173 0.494343
v 0.377200 0.153632 0.260495
v 0.377501 0.140119 0.260881
v 0.377600 0.127771 0.260769
v 0.377759 0.118051 -0.386711
v 0.377804 0.027347 -0.485294
v 0.377911 0.183252 0.193105
v 0.377962 0.084011 0.499498
v 0.378664 0.073049 0.499808
v 0.378928 0.014560 -0.485397
v 0.379145 0.062516 0.499821
v 0.379351 0.052106 0.499682
v 0.379758 0.107756 0.359434
v 0.379954 0.202224 0.247193
v 0.380302 0.168185 0.197066
v 0.380495 0.042027 0.498956
v 0.380503 -0.002905 -0.485415
v 0.380513 0.189957 0.243978
v 0.380644 0.177959 0.240968
v 0.381204 0.036553 0.492638
v 0.381888 0.154169 0.222155
v 0.381945 0.214849 0.192238
v 0.382304 0.184805 0.202960
v 0.382669 0.161892 0.221156
v 0.382862 0.027027 0.488291
v 0.382894 0.172655 0.206606
v 0.383070 0.202208 0.197429
v 0.383298 0.099496 0.187762
v 0.383518 0.093090 0.063346
v 0.383594 0.177264 0.250183
v 0.383697 0.093270 0.182244
v 0.383698 0.211219 0.260103
v 0.383770 0.110029 0.187702
v 0.383946 0.168321 0.239494
v 0.384044 0.093068 0.110754
v 0.384088 0.174115 0.217862
v 0.384382 0.093075 0.170718
v 0.384408 0.188550 0.252502
v 0.384411 0.165115 0.233159
v 0.384674 0.183672 0.235378
v 0.384690 0.200349 0.256331
v 0.384818 0.177519 0.231342
v 0.384860 0.117690 -0.411834
v 0.385046 0.014554 0.488103
v 0.385255 0.123147 0.187612
v 0.385372 0.093068 -0.032104
v 0.385404 0.164950 0.248373
v 0.385613 0.184773 0.216234
v 0.385963 -0.122903 -0.485394
v 0.386874 0.116989 -0.344921
v 0.386982 0.195277 0.215144
v 0.387069 0.185663 0.228215
v 0.387161 -0.000485 0.488238
v 0.387297 0.195588 0.225430
v 0.387497 -0.183273 -0.485394
v 0.387519 0.138572 0.187829
v 0.387758 0.117415 -0.362952
v 0.388045 -0.255999 -0.484922
v 0.388063 0.175765 0.242112
v 0.388063 -0.245372 -0.485319
v 0.388069 -0.220282 -0.485384
v 0.388097 -0.263712 -0.479242
v 0.388099 0.183228 0.206300
v 0.388222 -0.264595 -0.469157
v 0.388395 0.206163 0.225069
v 0.388757 0.205288 0.214120
v 0.389449 -0.264724 -0.379692
v 0.389601 -0.027660 0.487942
v 0.389716 0.217006 0.223777
v 0.390015 0.093093 -0.463418
v 0.390122 0.111837 -0.415591
v 0.390148 -0.264766 -0.250072
v 0.390153 0.194049 0.204900
v 0.390154 0.107623 0.393856
v 0.390198 0.116482 -0.388389
v 0.390453 0.108641 -0.415070
v 0.390874 0.152619 0.188750
v 0.390958 0.185726 0.243685
v 0.391480 0.214736 0.212433
v 0.391677 -0.264806 -0.120871
v 0.391787 -0.070741 0.488191
v 0.391991 0.204129 0.203721
v 0.392130 0.164280 0.195814
v 0.392267 0.102529 -0.414830
v 0.392352 0.170641 0.200267
v 0.392361 -0.245417 0.487612
v 0.392408 -0.264809 -0.023949
v 0.392411 -0.256173 0.486637
v 0.392432 0.109072 0.259959
v 0.392440 -0.234242 0.488860
v 0.392502 -0.264072 0.480895
v 0.392602 0.182973 0.231528
v 0.392608 -0.264588 0.470444
v 0.392620 0.108444 -0.339859
v 0.392655 0.222977 0.222111
v 0.392705 -0.219479 0.489600
v 0.392824 -0.264656 0.459913
v 0.392882 -0.114320 0.488170
v 0.392930 0.093401 -0.332589
v 0.393029 -0.196550 0.488351
v 0.393080 -0.159045 0.488142
v 0.393266 0.099170 -0.337984
v 0.393332 0.152417 0.258316
v 0.393345 -0.264804 0.093030
v 0.393482 -0.264754 0.217038
v 0.393511 0.211588 0.204132
v 0.393522 0.107699 0.276560
v 0.393638 0.093458 -0.166226
v 0.393771 -0.264779 0.155462
v 0.393774 0.181551 0.199805
v 0.393900 0.097805 -0.413678
v 0.393942 0.108954 -0.388188
v 0.393994 0.117016 0.258487
v 0.394054 0.108766 -0.360416
v 0.394105 0.097159 -0.415567
v 0.394145 0.093065 -0.135088
v 0.394316 0.099717 -0.388494
v 0.394407 0.098571 -0.358430
v 0.394467 0.139836 0.258335
v 0.394603 0.093072 -0.081985
v 0.394665 0.128010 0.258308
v 0.394809 0.194592 0.230359
v 0.394902 0.107468 0.313318
v 0.395055 0.107473 -0.182190
v 0.395431 0.174515 0.244517
v 0.395479 0.107544 -0.304917
v 0.396497 0.192583 0.198593
v 0.397041 0.107730 -0.263614
v 0.397469 0.205437 0.229761
v 0.397748 0.197989 0.236589
v 0.397761 0.107727 -0.213433
v 0.397936 0.222219 0.210315
v 0.398407 0.093053 0.149806
v 0.398969 0.093230 -0.389454
v 0.399085 0.203422 0.197728
v 0.399211 0.093336 -0.357004
v 0.399244 0.168599 0.202848
v 0.399387 0.100587 0.192267
v 0.399497 0.107259 0.358592
v 0.399697 0.101461 0.416462
v 0.399771 0.216176 0.228441
v 0.399886 0.180938 0.219933
v 0.400125 0.214280 0.199621
v 0.400247 0.185332 0.246079
v 0.400411 0.093355 0.189123
v 0.400458 0.110886 0.192693
v 0.400758 0.164494 0.211781
v 0.400917 0.180456 0.202726
v 0.401021 0.210207 0.237597
v 0.401375 0.124023 0.193070
v 0.401416 0.193301 0.222469
v 0.401823 0.180559 0.211391
v 0.401903 0.165887 0.229566
v 0.402799 0.139099 0.193936
v 0.402969 0.204603 0.222736
v 0.403139 0.197066 0.247534
v 0.403379 -0.264697 -0.447046
v 0.403395 0.216599 0.223095
v 0.403398 -0.264670 -0.458613
v 0.403504 0.164520 0.212423
v 0.403520 -0.264714 -0.427744
v 0.403600 0.192528 0.212468
v 0.403621 0.161831 0.199727
v 0.403679 0.209349 0.247883
v 0.403990 0.191857 0.202864
v 0.404728 0.151448 0.196063
v 0.404777 0.093068 0.178608
v 0.404968 0.203611 0.213597
v 0.404985 0.219122 0.238144
v 0.405119 -0.264770 -0.217779
v 0.405613 0.093178 0.433540
v 0.405674 0.215031 0.213319
v 0.406009 0.166232 0.231344
v 0.406179 0.219552 0.245585
v 0.406515 0.202586 0.203817
v 0.406680 0.170471 0.243486
v 0.407073 0.182574 0.233679
v 0.407132 -0.264693 0.416391
v 0.407160 -0.264679 0.447750
v 0.407227 0.210891 0.205627
v 0.407774 0.093165 -0.428995
v 0.408051 0.162609 0.244656
v 0.408103 0.108155 0.249944
v 0.408284 0.093109 -0.450590
v 0.408462 0.116244 0.248020
v 0.409320 0.093048 -0.476123
v 0.409435 0.092968 -0.487000
v 0.409604 0.182871 0.243122
v 0.409681 0.093117 -0.395837
v 0.409686 0.092698 -0.496658
v 0.409711 0.150418 0.246779
v 0.409720 0.127070 0.246900
v 0.409819 0.100571 0.263761
v 0.409915 0.100267 0.310506
v 0.409942 0.093031 0.465642
v 0.410026 0.196387 0.234292
v 0.410039 0.138764 0.246756
v 0.410253 0.084155 -0.499837
v 0.410722 0.099557 0.394577
v 0.411018 0.073391 -0.499898
v 0.411189 0.092949 0.477914
v 0.411723 0.096408 0.356766
v 0.411771 0.063168 -0.499884
v 0.412175 0.208725 0.234710
v 0.412269 0.195704 0.244167
v 0.412295 0.093713 0.200919
v 0.412339 0.092740 0.489298
v 0.412372 0.101944 0.204346
v 0.412383 0.052838 -0.499723
v 0.412635 0.218793 0.237282
v 0.412702 0.043009 -0.498651
v 0.413165 0.036148 -0.491640
v 0.413301 0.111818 0.205935
v 0.413417 0.089010 0.498618
v 0.413454 0.160311 0.211227
v 0.413476 0.093148 -0.354802
v 0.413747 0.218540 0.244907
v 0.413750 0.027740 -0.485983
v 0.413956 0.124770 0.206476
v 0.413998 0.015449 -0.485503
v 0.414164 0.208010 0.245455
v 0.414233 0.079526 0.499752
v 0.414537 0.138352 0.208096
v 0.414646 0.093416 -0.328962
v 0.414824 -0.002022 -0.485430
v 0.415001 0.069538 0.499824
v 0.415122 0.149430 0.210341
v 0.415542 0.160025 0.229998
v 0.415826 0.059534 0.499780
v 0.416152 -0.034291 -0.485420
v 0.416395 0.093087 0.110636
v 0.416571 0.049709 0.499511
v 0.416842 0.041161 0.498486
v 0.417318 0.148994 0.229287
v 0.417551 0.103489 0.227525
v 0.417662 0.137632 0.228170
v 0.417860 0.113292 0.227047
v 0.417863 0.125560 0.227693
v 0.417961 0.107534 -0.306013
v 0.418075 -0.099842 -0.485407
v 0.418258 0.034787 0.492445
v 0.418389 -0.264745 -0.347524
v 0.418562 0.093101 0.063716
v 0.418753 -0.264570 -0.468976
v 0.418883 0.093259 0.228284
v 0.418918 -0.263808 -0.478976
v 0.418942 0.093101 0.017704
v 0.418948 0.026242 0.489833
v 0.419033 -0.257016 -0.484811
v 0.419186 0.093087 -0.026780
v 0.419259 -0.246397 -0.485308
v 0.419336 -0.166196 -0.485392
v 0.419483 0.015168 0.492283
v 0.419836 0.107665 -0.265440
v 0.419863 -0.199409 -0.485387
v 0.419882 0.093162 -0.163375
v 0.419969 -0.264792 -0.099821
v 0.420022 -0.264776 -0.164236
v 0.420555 -0.264791 -0.002893
v 0.420673 0.001004 0.492385
v 0.420758 -0.264752 0.279569
v 0.420797 -0.264723 0.342525
v 0.420886 0.107673 -0.214669
v 0.420900 0.093087 -0.076612
v 0.420914 0.107416 -0.181240
v 0.420982 0.093082 -0.128925
v 0.421274 -0.264793 0.092870
v 0.421530 -0.264766 0.207049
v 0.421972 -0.264661 0.459020
v 0.422195 -0.028112 0.489133
v 0.422401 0.093072 0.455780
v 0.422422 0.093048 0.190391
v 0.422820 0.093166 0.310631
v 0.422863 -0.264589 0.469596
v 0.423087 -0.233105 -0.485371
v 0.423343 -0.264009 0.479906
v 0.423736 -0.070843 0.489239
v 0.423821 -0.235997 0.490510
v 0.423834 -0.257591 0.486183
v 0.423934 -0.246869 0.487176
v 0.424215 -0.220831 0.492748
v 0.424519 0.093112 0.265320
v 0.424526 0.093178 0.422061
v 0.424777 -0.196084 0.489706
v 0.424789 -0.158347 0.488972
v 0.424878 -0.114042 0.489920
v 0.428558 0.093174 0.395326
v 0.428745 0.093033 0.227750
v 0.430119 0.093119 -0.355801
v 0.430216 0.093115 -0.395415
v 0.430922 0.093090 0.356376
v 0.431700 0.093045 0.153614
v 0.432249 0.093581 -0.327622
v 0.432424 0.093093 0.443831
v 0.432492 0.093113 -0.431229
v 0.435440 0.093097 -0.452775
v 0.435568 0.106488 -0.265325
v 0.436518 -0.264716 -0.445547
v 0.436873 0.093069 -0.466738
v 0.436948 0.105601 -0.304592
v 0.437261 -0.264729 -0.427236
v 0.437306 0.106377 -0.217521
v 0.437690 -0.264592 -0.468070
v 0.437705 0.093010 -0.477779
v 0.438242 0.092871 -0.488115
v 0.438438 0.093006 0.473640
v 0.438514 -0.264736 -0.379294
v 0.438598 0.092312 -0.497303
v 0.438734 0.084153 -0.499833
v 0.438758 0.073849 -0.499899
v 0.438886 -0.263902 -0.478327
v 0.438894 0.063876 -0.499885
v 0.439136 0.053777 -0.499749
v 0.439161 -0.264749 -0.283133
v 0.439195 0.029012 -0.486632
v 0.439206 -0.034021 -0.485354
v 0.439212 -0.001629 -0.485376
v 0.439215 0.017211 -0.485480
v 0.439372 0.043817 -0.498371
v 0.439386 0.036489 -0.492720
v 0.439423 -0.264687 0.445371
v 0.439461 -0.257640 -0.484643
v 0.439500 0.093069 0.109705
v 0.439546 0.093052 0.312396
v 0.439595 -0.247478 -0.485269
v 0.439675 -0.264702 0.405795
v 0.439676 -0.077019 -0.485360
v 0.439698 -0.264770 -0.078472
v 0.439819 -0.235857 -0.485315
v 0.439863 0.092868 0.484843
v 0.439959 -0.264669 0.457192
v 0.439989 -0.264760 -0.164542
v 0.440000 -0.220680 -0.485305
v 0.440005 0.093021 0.268315
v 0.440154 -0.121651 -0.485315
v 0.440239 -0.199416 -0.485290
v 0.440379 -0.165502 -0.485316
v 0.440668 -0.264770 0.007625
v 0.440739 -0.264741 0.300805
v 0.440873 0.101889 -0.183322
v 0.441088 0.092107 0.494404
v 0.441285 -0.264776 0.092717
v 0.441430 -0.264758 0.207156
v 0.441575 -0.264607 0.468000
v 0.441754 0.093098 -0.160194
v 0.441946 0.084904 0.499329
v 0.442242 -0.029063 0.489215
v 0.442332 0.093097 0.427794
v 0.442638 0.075567 0.499789
v 0.442844 0.093074 0.064013
v 0.443228 0.093069 -0.122408
v 0.443268 0.066397 0.499836
v 0.443283 -0.157851 0.488995
v 0.443370 -0.070755 0.489729
v 0.443581 -0.264215 0.478762
v 0.443608 0.002118 0.492285
v 0.443829 0.093073 -0.037953
v 0.443881 0.057270 0.499715
v 0.443916 0.024830 0.490449
v 0.443922 0.015194 0.491792
v 0.444167 0.033447 0.491541
v 0.444288 -0.114309 0.490029
v 0.444322 0.048184 0.499030
v 0.444414 0.040027 0.496233
v 0.444841 -0.195299 0.489739
v 0.444913 -0.259252 0.486081
v 0.445246 0.092980 0.228942
v 0.445375 0.093074 0.395899
v 0.445517 -0.248856 0.487053
v 0.446072 -0.237667 0.489823
v 0.446164 0.098242 -0.265284
v 0.446238 0.096463 -0.220419
v 0.446244 -0.221646 0.492838
v 0.446446 0.092990 0.191073
v 0.447183 0.097022 -0.303037
v 0.447382 0.093270 -0.330248
v 0.447618 -0.264690 -0.456711
v 0.448180 0.093102 -0.361302
v 0.448306 0.093037 0.356109
v 0.448745 0.093072 0.449262
v 0.449809 0.093108 -0.398336
v 0.450033 -0.264714 -0.445144
v 0.450083 -0.264599 -0.466391
v 0.451237 -0.264720 -0.413494
v 0.451495 -0.264675 0.444541
v 0.451729 -0.264659 0.455300
v 0.451770 -0.264722 -0.337345
v 0.451923 0.093211 -0.185607
v 0.452127 -0.264674 0.428477
v 0.452203 -0.264678 0.402314
v 0.452613 -0.264731 -0.250722
v 0.452692 -0.263881 -0.476016
v 0.452741 0.093098 -0.433880
v 0.452810 -0.264702 0.342634
v 0.452980 0.093036 0.466294
v 0.453111 -0.264725 0.280122
v 0.453155 -0.264746 -0.078673
v 0.453186 -0.264596 0.464479
v 0.453436 -0.264733 -0.185862
v 0.453454 -0.264743 -0.143664
v 0.453864 -0.264746 0.007460
v 0.454062 -0.264728 0.217603
v 0.454177 -0.264752 0.092567
v 0.454320 -0.264747 0.155117
v 0.454767 0.031473 -0.486193
v 0.454836 0.093075 -0.454632
v 0.454895 0.036837 -0.493356
v 0.455271 -0.258467 -0.482873
v 0.455465 0.044456 -0.498977
v 0.455615 0.018242 -0.484642
v 0.455619 0.092965 0.270807
v 0.455696 0.093007 0.130876
v 0.455811 0.093040 -0.468488
v 0.455945 -0.248357 -0.484785
v 0.456030 -0.001876 -0.484772
v 0.456091 0.092964 0.479618
v 0.456133 -0.220731 -0.484463
v 0.456144 0.092993 0.313341
v 0.456187 -0.033579 -0.484668
v 0.456204 -0.076572 -0.484783
v 0.456231 0.092978 -0.479363
v 0.456269 -0.199521 -0.484399
v 0.456277 -0.236147 -0.484652
v 0.456427 0.054367 -0.499814
v 0.456453 -0.121279 -0.484296
v 0.456481 0.092835 -0.489015
v 0.456508 0.093063 0.430093
v 0.456574 -0.164986 -0.484597
v 0.456736 0.092165 -0.497547
v 0.456947 0.084127 -0.499821
v 0.456971 0.064399 -0.499893
v 0.456985 0.093019 -0.156029
v 0.457022 0.074163 -0.499886
v 0.457232 -0.264219 0.474276
v 0.457619 0.093386 -0.264177
v 0.457690 -0.264592 -0.464831
v 0.458057 -0.029750 0.488293
v 0.458583 0.093030 -0.221551
v 0.458800 0.092617 0.490782
v 0.459025 -0.157480 0.487206
v 0.459126 0.093266 -0.302039
v 0.459325 -0.070611 0.487928
v 0.459487 0.025716 0.488256
v 0.459713 -0.264662 -0.457408
v 0.459872 0.001559 0.491743
v 0.460151 0.016439 0.490716
v 0.460210 0.033841 0.489256
v 0.460215 -0.264576 0.461534
v 0.460414 -0.114922 0.488478
v 0.460759 0.089285 0.498096
v 0.460874 0.093014 -0.082875
v 0.461036 -0.194802 0.487874
v 0.461041 -0.260040 0.482269
v 0.461165 -0.264619 0.454426
v 0.461375 -0.264677 -0.445892
v 0.461460 0.093084 -0.332605
v 0.461618 -0.250111 0.484536
v 0.461931 -0.264659 -0.427947
v 0.462055 -0.264634 0.444794
v 0.462079 0.038753 0.495332
v 0.462092 0.093011 0.041744
v 0.462402 -0.264637 -0.399295
v 0.462416 -0.238759 0.486677
v 0.462544 0.081281 0.499609
v 0.462608 -0.264634 -0.358776
v 0.462707 -0.264617 0.428874
v 0.462784 -0.264597 0.402091
v 0.462945 -0.264642 -0.315874
v 0.462985 0.093042 0.452596
v 0.463210 -0.264014 -0.470863
v 0.463274 -0.264655 -0.272582
v 0.463462 0.046700 0.499096
v 0.463492 -0.264632 0.363489
v 0.463600 0.092995 -0.186608
v 0.463681 -0.222249 0.490700
v 0.463712 -0.264619 0.321778
v 0.463713 0.093003 0.386253
v 0.463723 0.072731 0.499784
v 0.463724 0.092938 0.191152
v 0.463786 -0.264682 -0.229205
v 0.463883 0.093090 -0.364699
v 0.464046 -0.264638 0.280313
v 0.464465 -0.264683 -0.186005
v 0.464531 0.055327 0.499713
v 0.464590 0.064092 0.499814
v 0.464763 -0.264679 -0.100583
v 0.464797 -0.264692 -0.143854
v 0.464819 -0.264633 0.238464
v 0.464875 -0.264694 -0.057067
v 0.465289 -0.264668 0.196813
v 0.465333 -0.264692 -0.013949
v 0.465353 -0.264698 0.154952
v 0.465476 -0.264698 0.113393
v 0.465519 -0.264679 0.071409
v 0.465527 -0.264679 0.028598
v 0.465813 0.093088 -0.401388
v 0.465931 0.092916 0.230749
v 0.466127 -0.264230 0.467243
v 0.466182 0.037247 -0.493457
v 0.467450 0.032619 -0.480334
v 0.467508 0.092989 0.471855
v 0.467860 0.093056 -0.435865
v 0.467876 0.044794 -0.499131
v 0.468094 0.017866 -0.477402
v 0.468192 -0.258836 -0.475523
v 0.468454 0.092964 -0.154276
v 0.468791 0.092952 0.130054
v 0.469034 -0.220901 -0.476347
v 0.469105 -0.199605 -0.476306
v 0.469117 -0.248888 -0.476271
v 0.469161 -0.236385 -0.476375
v 0.469201 -0.002208 -0.476214
v 0.469321 0.054963 -0.499786
v 0.469340 -0.164596 -0.476169
v 0.469427 -0.033096 -0.475954
v 0.469453 -0.264258 -0.460599
v 0.469470 -0.120949 -0.475941
v 0.469526 0.092912 0.272639
v 0.469533 -0.076112 -0.475968
v 0.469812 0.092993 -0.467304
v 0.469813 0.092982 -0.263363
v 0.470018 -0.030044 0.479872
v 0.470040 0.026494 0.480865
v 0.470226 0.065054 -0.499806
v 0.470457 0.092921 0.313948
v 0.470786 0.074730 -0.499718
v 0.470828 0.092914 -0.481030
v 0.470912 -0.264364 0.457936
v 0.470922 0.092843 -0.490200
v 0.470922 0.091507 -0.498842
v 0.471017 0.084060 -0.499587
v 0.471030 0.092955 -0.092793
v 0.471050 0.092993 -0.300858
v 0.471097 0.092948 -0.222904
v 0.471302 -0.070594 0.479185
v 0.471437 -0.259873 0.473561
v 0.471692 0.034623 0.482564
v 0.471750 -0.157415 0.477962
v 0.471973 -0.264183 -0.447006
v 0.471983 0.092885 0.485117
v 0.472162 0.017235 0.483097
v 0.472296 -0.250445 0.475264
v 0.472401 -0.114591 0.479330
v 0.472509 -0.264108 -0.428204
v 0.472599 -0.264365 0.446083
v 0.472603 -0.194899 0.477960
v 0.472672 0.092959 0.064264
v 0.472804 0.000787 0.483621
v 0.472946 0.092960 -0.002827
v 0.473027 -0.263939 -0.399256
v 0.473028 -0.264304 0.429094
v 0.473072 -0.263981 0.402027
v 0.473303 -0.264061 -0.358690
v 0.473514 0.092999 0.431835
v 0.473524 -0.264121 -0.315877
v 0.473668 -0.238892 0.477174
v 0.473734 0.093021 -0.333155
v 0.473926 -0.264172 -0.272713
v 0.473989 -0.264047 0.363624
v 0.474126 0.092996 0.455917
v 0.474235 -0.264402 -0.229407
v 0.474412 -0.263586 0.321689
v 0.474685 -0.264198 0.280397
v 0.474954 -0.264474 -0.186139
v 0.475033 0.092929 -0.187488
v 0.475070 0.092894 0.190590
v 0.475186 -0.264193 0.238684
v 0.475316 -0.264472 -0.143966
v 0.475485 -0.264406 -0.100705
v 0.475517 -0.264494 -0.057193
v 0.475550 -0.264473 0.154784
v 0.475594 -0.264363 0.196717
v 0.475690 -0.264417 0.113170
v 0.475842 0.092932 0.355989
v 0.475852 -0.264087 0.071242
v 0.475964 -0.264403 -0.014070
v 0.475975 0.093060 -0.366931
v 0.475975 0.092411 0.493397
v 0.475999 -0.264357 0.028439
v 0.476711 -0.222561 0.481012
v 0.476849 -0.259273 -0.463615
v 0.477002 0.092934 0.473385
v 0.477367 0.037229 0.490526
v 0.477672 0.093022 -0.403810
v 0.477919 -0.220988 -0.464115
v 0.477954 0.037158 -0.491877
v 0.477978 0.092888 0.150871
v 0.478029 -0.199561 -0.464048
v 0.478100 -0.260002 0.461861
v 0.478120 0.017549 -0.462646
v 0.478191 -0.032685 -0.462586
v 0.478298 -0.002325 -0.462634
v 0.478346 -0.236374 -0.464250
v 0.478372 -0.164365 -0.463976
v 0.478429 -0.120619 -0.463427
v 0.478435 -0.248914 -0.464217
v 0.478589 0.035909 -0.479611
v 0.478787 0.029530 -0.463187
v 0.478867 -0.258377 -0.447768
v 0.478982 0.086952 0.497957
v 0.479029 -0.257492 -0.428424
v 0.479030 -0.250202 0.463211
v 0.479044 -0.075679 -0.463071
v 0.479046 0.092901 -0.153193
v 0.479200 -0.255652 0.321720
v 0.479203 -0.257752 0.429618
v 0.479225 -0.256172 -0.315789
v 0.479289 -0.259267 0.447455
v 0.479290 -0.256220 -0.272660
v 0.479300 -0.256462 0.401980
v 0.479302 -0.256396 -0.358680
v 0.479312 -0.255314 0.280330
v 0.479348 -0.255730 -0.057290
v 0.479364 -0.256928 -0.399342
v 0.479368 -0.255709 -0.014204
v 0.479378 -0.256878 -0.229381
v 0.479381 -0.256643 0.196573
v 0.479396 -0.256370 0.363594
v 0.479396 -0.255559 0.028227
v 0.479408 -0.256211 0.113001
v 0.479414 -0.257031 -0.186183
v 0.479425 0.026477 0.470712
v 0.479457 -0.256439 -0.144051
v 0.479464 -0.244239 -0.014364
v 0.479465 -0.256567 0.154617
v 0.479465 -0.244197 0.027965
v 0.479482 -0.255854 -0.100807
v 0.479484 -0.245035 0.112832
v 0.479492 -0.244374 0.070863
v 0.479493 -0.233202 0.049162
v 0.479498 -0.243804 -0.057417
v 0.479499 -0.255554 0.071083
v 0.479505 -0.225450 0.006467
v 0.479509 -0.245367 0.196399
v 0.479513 -0.245405 0.154453
v 0.479519 -0.226498 0.112463
v 0.479526 -0.207646 0.069927
v 0.479529 -0.256109 0.238509
v 0.479532 -0.244246 0.280168
v 0.479540 -0.244861 0.238159
v 0.479540 -0.234418 0.154279
v 0.479541 -0.216827 -0.014878
v 0.479551 -0.245146 -0.272475
v 0.479554 -0.244606 0.321769
v 0.479559 -0.196605 0.027150
v 0.479559 -0.243902 -0.100873
v 0.479560 -0.223870 -0.057654
v 0.479561 -0.197105 0.111831
v 0.479566 -0.245704 -0.186152
v 0.479566 -0.225998 0.216894
v 0.479571 -0.245625 -0.229177
v 0.479572 -0.244825 -0.144091
v 0.479573 -0.245031 -0.315623
v 0.479575 -0.233507 0.258940
v 0.479581 -0.208033 0.153841
v 0.479583 -0.207304 0.195671
v 0.479583 -0.160303 0.068812
v 0.479595 -0.220962 -0.448727
v 0.479597 0.027241 0.150145
v 0.479599 -0.160489 0.110999
v 0.479602 -0.223862 -0.100929
v 0.479603 -0.245263 0.363326
v 0.479606 -0.246876 -0.428449
v 0.479607 -0.234087 -0.165099
v 0.479607 -0.195643 -0.015278
v 0.479610 0.045239 -0.498721
v 0.479611 -0.234401 -0.229015
v 0.479612 -0.245274 -0.358703
v 0.479612 -0.248121 -0.448221
v 0.479613 -0.233922 -0.272256
v 0.479617 -0.217185 0.279663
v 0.479618 -0.199462 -0.448457
v 0.479618 -0.161415 0.215766
v 0.479621 -0.195037 0.258244
v 0.479621 -0.233277 0.321732
v 0.479622 -0.160403 0.026453
v 0.479625 -0.236090 -0.448575
v 0.479629 -0.194708 -0.058010
v 0.479630 0.027275 0.107723
v 0.479632 -0.138473 0.152499
v 0.479634 -0.217244 -0.143942
v 0.479634 -0.116186 0.277999
v 0.479635 -0.245918 -0.399504
v 0.479637 -0.161750 0.278738
v 0.479639 -0.082718 0.256370
v 0.479639 -0.218643 -0.207491
v 0.479640 -0.032278 -0.445784
v 0.479642 -0.218382 -0.271945
v 0.479643 -0.093507 0.193639
v 0.479645 -0.116069 0.109981
v 0.479646 -0.164235 -0.448217
v 0.479654 -0.038836 0.213701
v 0.479654 -0.195051 -0.122426
v 0.479657 -0.233763 -0.337051
v 0.479657 -0.217914 0.321605
v 0.479657 -0.116073 0.067748
v 0.479658 -0.027359 0.318558
v 0.479660 -0.049528 0.150851
v 0.479660 -0.196125 -0.271526
v 0.479662 -0.070618 0.319409
v 0.479664 0.014584 0.150146
v 0.479664 -0.196570 -0.207400
v 0.479666 -0.115949 0.320154
v 0.479667 -0.000124 0.317889
v 0.479668 -0.000906 0.275472
v 0.479669 -0.001922 0.233786
v 0.479670 -0.071004 0.109012
v 0.479671 -0.001957 0.192230
v 0.479672 -0.001487 0.150212
v 0.479672 -0.161170 0.320817
v 0.479673 -0.120313 -0.447589
v 0.479673 0.027337 0.233143
v 0.479674 -0.196004 0.321318
v 0.479675 0.014006 0.233327
v 0.479676 -0.052989 -0.227228
v 0.479676 -0.141032 -0.270398
v 0.479679 -0.162596 -0.143853
v 0.479679 -0.162736 -0.207276
v 0.479679 -0.052535 -0.267932
v 0.479680 0.014819 0.107803
v 0.479681 -0.218520 -0.336840
v 0.479681 -0.053424 -0.186214
v 0.479684 -0.003411 -0.266033
v 0.479684 0.025160 -0.380619
v 0.479684 -0.118888 -0.228055
v 0.479686 -0.005881 -0.205940
v 0.479688 -0.141264 -0.312964
v 0.479689 -0.160971 -0.015872
v 0.479691 -0.162476 -0.101209
v 0.479691 -0.028023 0.108254
v 0.479691 -0.119053 -0.186181
v 0.479692 -0.161834 -0.058424
v 0.479692 -0.196617 -0.336415
v 0.479696 -0.003943 -0.306085
v 0.479696 -0.234026 0.363135
v 0.479698 -0.052605 -0.308766
v 0.479700 -0.001254 0.107927
v 0.479706 0.015146 0.274867
v 0.479708 -0.234469 -0.399689
v 0.479709 0.000017 0.360620
v 0.479710 -0.096750 -0.144408
v 0.479712 -0.130299 -0.355703
v 0.479715 -0.002263 -0.445176
v 0.479715 -0.235241 -0.428532
v 0.479716 -0.032842 -0.145399
v 0.479717 0.011256 -0.225197
v 0.479718 0.013520 -0.265155
v 0.479718 -0.075282 -0.446700
v 0.479721 0.009467 -0.185707
v 0.479722 -0.005541 -0.346625
v 0.479722 -0.007365 -0.145870
v 0.479723 -0.049519 0.066136
v 0.479730 0.010387 -0.344778
v 0.479733 0.012195 -0.383443
v 0.479733 0.016616 -0.444354
v 0.479735 0.008509 -0.145853
v 0.479735 -0.116322 0.025473
v 0.479736 0.016171 0.360101
v 0.479737 0.013842 0.192077
v 0.479737 -0.219651 -0.399794
v 0.479738 -0.220495 -0.428800
v 0.479739 -0.027643 0.361321
v 0.479743 0.012794 -0.305287
v 0.479744 -0.198428 -0.399623
v 0.479745 -0.160353 0.362923
v 0.479745 -0.130557 -0.397238
v 0.479747 0.016108 0.317349
v 0.479750 -0.024835 -0.379258
v 0.479753 -0.181687 -0.428830
v 0.479757 -0.219136 0.362966
v 0.479759 -0.119990 -0.427863
v 0.479761 -0.074888 -0.425907
v 0.479763 -0.118652 -0.101631
v 0.479763 -0.001120 0.065109
v 0.479770 -0.031821 -0.423196
v 0.479774 -0.002614 -0.420366
v 0.479775 -0.196624 0.363013
v 0.479778 0.015066 -0.418329
v 0.479778 0.014618 0.064875
v 0.479783 -0.073829 -0.102473
v 0.479796 -0.032679 -0.103821
v 0.479802 0.027843 -0.416795
v 0.479804 -0.070858 0.362076
v 0.479805 -0.117776 -0.059075
v 0.479809 -0.049521 0.023534
v 0.479814 -0.116935 -0.016777
v 0.479818 -0.007868 -0.105087
v 0.479833 0.092972 -0.437397
v 0.479836 -0.051980 -0.060846
v 0.479846 -0.071860 -0.017910
v 0.479852 0.007718 -0.106209
v 0.479862 -0.028888 -0.019639
v 0.479865 -0.001339 0.021984
v 0.479869 -0.005200 -0.063489
v 0.479872 0.028727 -0.443669
v 0.479882 -0.115440 0.362681
v 0.479888 0.023893 -0.343185
v 0.479895 0.026694 0.064642
v 0.479896 0.010578 -0.065348
v 0.479902 0.027825 0.274560
v 0.479903 0.015809 -0.022082
v 0.479906 0.014526 0.021507
v 0.479946 0.021243 -0.146131
v 0.479952 0.021780 -0.185593
v 0.479959 -0.245490 0.401756
v 0.479991 0.026799 -0.264486
v 0.479993 0.026853 -0.022738
v 0.480030 0.023940 -0.224704
v 0.480036 -0.248946 0.448579
v 0.480084 0.022935 -0.066717
v 0.480098 0.020918 -0.107035
v 0.480107 0.028552 0.316878
v 0.480125 -0.030204 0.468596
v 0.480126 -0.247050 0.430195
v 0.480144 0.026983 0.021459
v 0.480201 0.028357 0.359638
v 0.480230 0.026362 -0.304871
v 0.480244 0.027213 0.191958
v 0.480497 0.055788 -0.499427
v 0.480650 0.079139 0.498244
v 0.480660 0.092891 0.108532
v 0.480784 0.092877 -0.113630
v 0.480847 0.034288 0.472230
v 0.481277 -0.238984 0.465004
v 0.481323 0.092864 -0.069529
v 0.481385 -0.070396 0.468255
v 0.481394 -0.157533 0.465332
v 0.481406 0.065985 -0.498781
v 0.481437 0.044319 0.497206
v 0.481812 0.092910 -0.458101
v 0.481928 0.017214 0.472467
v 0.481942 0.092866 0.273335
v 0.482152 -0.195214 0.466242
v 0.482155 -0.114532 0.468031
v 0.482183 0.075476 -0.498160
v 0.482247 0.092865 -0.262962
v 0.482278 0.092927 0.396688
v 0.482299 0.034624 -0.378659
v 0.482337 0.053608 0.497810
v 0.482350 -0.234766 0.401617
v 0.482474 0.071033 0.497812
v 0.482481 0.033306 -0.067454
v 0.482530 0.032538 -0.147030
v 0.482540 -0.237665 0.449803
v 0.482651 0.092891 -0.025079
v 0.482679 0.092912 0.064296
v 0.482739 0.031785 -0.107560
v 0.482761 0.035893 0.107618
v 0.482814 -0.235921 0.430666
v 0.482827 0.035737 -0.415425
v 0.482838 0.035924 -0.022926
v 0.482859 0.032498 -0.185648
v 0.482931 0.092822 0.314331
v 0.482962 0.092761 -0.472216
v 0.482966 0.062746 0.497606
v 0.483048 0.000433 0.472641
v 0.483057 -0.159277 0.403098
v 0.483089 -0.196918 0.402297
v 0.483210 -0.157791 0.450336
v 0.483217 0.035504 -0.463117
v 0.483280 0.035792 0.233163
v 0.483286 0.034170 -0.224510
v 0.483353 -0.028303 0.402485
v 0.483356 -0.029831 0.453541
v 0.483379 -0.158299 0.432875
v 0.483383 0.092897 -0.299856
v 0.483433 0.036681 0.150196
v 0.483482 0.092405 -0.482565
v 0.483484 0.092911 0.459185
v 0.483495 0.092902 0.019559
v 0.483547 -0.029248 0.434626
v 0.483627 0.026319 0.401493
v 0.483665 -0.071206 0.403411
v 0.483680 0.084141 -0.497927
v 0.483717 0.036079 -0.443278
v 0.483725 0.092829 -0.223902
v 0.483751 0.092844 0.231450
v 0.483761 0.035868 0.064667
v 0.483799 -0.196865 0.432350
v 0.483814 -0.196296 0.450753
v 0.483851 -0.071286 0.434878
v 0.483852 0.036511 0.021550
v 0.483895 -0.114111 0.434405
v 0.484020 -0.114692 0.403542
v 0.484081 0.092708 0.480590
v 0.484095 -0.070925 0.452761
v 0.484121 0.025614 0.455806
v 0.484157 0.034819 -0.342350
v 0.484205 0.092110 -0.491195
v 0.484369 -0.114315 0.452383
v 0.484478 0.036279 0.274156
v 0.484597 0.024894 0.434370
v 0.484708 -0.222850 0.467364
v 0.484712 0.036582 -0.264046
v 0.484806 0.036818 0.359420
v 0.484956 0.036676 0.192057
v 0.485082 0.036789 -0.304431
v 0.485471 0.014960 0.401181
v 0.485553 0.036463 0.316598
v 0.485570 0.091608 -0.498449
v 0.485575 -0.000753 0.401523
v 0.485638 -0.220577 0.401624
v 0.485658 0.016173 0.456130
v 0.485900 -0.222629 0.450883
v 0.485900 0.014965 0.434740
v 0.485926 0.092970 -0.333729
v 0.485944 -0.221846 0.431476
v 0.486259 0.000517 0.455814
v 0.486305 0.034717 0.401089
v 0.486338 0.033387 0.456673
v 0.486470 -0.000135 0.435007
v 0.486777 0.092812 0.190645
v 0.486783 0.092807 -0.188043
v 0.487595 0.092884 0.355969
v 0.487651 0.092944 -0.368821
v 0.487658 0.033575 0.434329
v 0.488160 0.092904 0.433286
v 0.488525 0.037512 0.477832
v 0.488859 0.092725 0.150471
v 0.489068 0.037920 -0.487339
v 0.489336 0.092793 -0.405981
v 0.489400 0.036226 -0.476153
v 0.489445 0.085609 -0.492461
v 0.489568 0.092719 -0.152190
v 0.489768 0.092043 0.483357
v 0.490002 0.056917 -0.494051
v 0.490115 0.046602 -0.493350
v 0.490372 0.067032 -0.493531
v 0.490406 0.035820 -0.462458
v 0.490427 0.076604 -0.493032
v 0.490522 0.037173 -0.108242
v 0.490780 0.092631 -0.112216
v 0.490889 0.092805 0.108417
v 0.491005 0.092685 -0.438679
v 0.491193 0.092586 0.460832
v 0.491262 0.092267 -0.068760
v 0.491320 0.036606 -0.146953
v 0.491493 0.036909 -0.067757
v 0.491767 0.036317 -0.023146
v 0.491902 0.036130 -0.442750
v 0.492181 0.092835 0.396948
v 0.492213 0.040095 0.233185
v 0.492243 0.092814 -0.025068
v 0.492324 0.036033 0.107531
v 0.492351 0.092886 0.064320
v 0.492487 0.036379 0.021262
v 0.492548 0.037044 -0.376937
v 0.492667 0.038050 0.457610
v 0.492668 0.087571 -0.484483
v 0.492728 0.091897 -0.459277
v 0.492731 0.039748 0.434461
v 0.492823 0.036779 0.064807
v 0.492833 0.036051 -0.185932
v 0.492843 0.092926 0.274006
v 0.492846 0.036863 -0.224343
v 0.492966 0.092793 0.019683
v 0.493166 0.040126 0.400042
v 0.493312 0.036845 -0.413995
v 0.493386 0.036444 -0.263729
v 0.493529 0.036400 -0.341513
v 0.493531 0.091639 -0.262848
v 0.493772 0.037970 0.150156
v 0.493828 0.091620 0.314647
v 0.493911 0.090046 -0.473946
v 0.493965 0.037293 -0.303656
v 0.494018 0.038126 0.359299
v 0.494044 0.043880 0.481365
v 0.494137 0.092517 -0.299439
v 0.494140 0.092658 0.231684
v 0.494410 0.037671 0.192375
v 0.494489 0.086194 0.484437
v 0.494760 0.090320 -0.224481
v 0.494949 0.078558 0.484446
v 0.495046 0.078075 -0.484837
v 0.495070 0.053286 0.483049
v 0.495251 0.037033 0.316282
v 0.495295 0.070303 0.484111
v 0.495340 0.061914 0.483474
v 0.495453 0.038540 -0.482463
v 0.495574 0.068212 -0.484909
v 0.495673 0.058160 -0.485154
v 0.495740 0.048271 -0.484406
v 0.495912 0.036611 0.273248
v 0.496027 0.048059 0.434349
v 0.496057 0.041606 -0.461366
v 0.496065 0.047952 0.399504
v 0.496122 0.087805 0.461794
v 0.496223 0.088964 -0.188068
v 0.496274 0.045743 -0.108887
v 0.496299 0.044940 0.459069
v 0.496338 0.090854 -0.334713
v 0.496392 0.049767 0.232649
v 0.496427 0.088073 0.150164
v 0.496431 0.042960 -0.442103
v 0.496450 0.039688 -0.473629
v 0.496469 0.046452 -0.375714
v 0.496475 0.090499 0.434008
v 0.496495 0.089535 0.356115
v 0.496498 0.044801 -0.147392
v 0.496544 0.080095 -0.473784
v 0.496553 0.046758 0.358834
v 0.496564 0.084913 -0.068062
v 0.496574 0.086895 0.108153
v 0.496577 0.086513 -0.111158
v 0.496579 0.086795 0.397166
v 0.496580 0.089932 0.190664
v 0.496583 0.087763 -0.151267
v 0.496584 0.047042 0.191878
v 0.496585 0.042511 -0.023501
v 0.496607 0.084978 -0.024705
v 0.496624 0.056515 0.434367
v 0.496628 0.079819 0.461962
v 0.496641 0.086119 0.064316
v 0.496655 0.080869 0.315202
v 0.496656 0.044701 0.107447
v 0.496668 0.053929 0.460762
v 0.496674 0.082916 -0.459656
v 0.496679 0.044223 -0.186299
v 0.496682 0.085483 0.019852
v 0.496683 0.057901 0.398569
v 0.496693 0.089544 -0.370557
v 0.496709 0.082846 0.274348
v 0.496710 0.079382 -0.224707
v 0.496722 0.083066 0.434269
v 0.496727 0.056308 -0.109262
v 0.496728 0.071379 0.461912
v 0.496739 0.085273 -0.439589
v 0.496741 0.077942 0.150087
v 0.496743 0.081528 -0.299814
v 0.496744 0.062820 0.461667
v 0.496745 0.082930 0.231838
v 0.496747 0.043590 0.020923
v 0.496747 0.079148 0.356550
v 0.496749 0.080589 -0.262953
v 0.496754 0.077023 0.397441
v 0.496760 0.049036 0.273477
v 0.496763 0.076315 -0.110436
v 0.496764 0.078206 -0.187776
v 0.496766 0.065333 0.434556
v 0.496768 0.080344 0.190677
v 0.496769 0.076460 0.107796
v 0.496771 0.067324 0.397867
v 0.496773 0.069824 -0.473947
v 0.496773 0.061019 0.232174
v 0.496773 0.074547 -0.067441
v 0.496782 0.074156 0.434599
v 0.496783 0.057295 0.357963
v 0.496786 0.074194 -0.024174
v 0.496790 0.075189 0.042159
v 0.496790 0.077260 -0.150411
v 0.496791 0.045125 -0.263432
v 0.496794 0.066284 -0.109795
v 0.496796 0.069072 0.315707
v 0.496798 0.068161 0.357085
v 0.496800 0.071569 0.231972
v 0.496806 0.071032 0.274333
v 0.496806 0.052828 -0.023672
v 0.496809 0.080798 -0.335688
v 0.496811 0.055961 -0.148744
v 0.496813 0.069268 0.190827
v 0.496814 0.058310 0.191181
v 0.496815 0.067218 0.150086
v 0.496819 0.066078 0.107598
v 0.496820 0.051625 -0.460670
v 0.496821 0.060003 0.273936
v 0.496821 0.064383 0.020247
v 0.496822 0.063541 -0.023773
v 0.496825 0.066526 -0.149606
v 0.496826 0.065267 0.064364
v 0.496827 0.064333 -0.067099
v 0.496828 0.053923 0.020552
v 0.496830 0.067855 -0.224775
v 0.496831 0.066919 -0.187412
v 0.496833 0.049800 -0.473952
v 0.496833 0.055593 0.107505
v 0.496840 0.059680 -0.474188
v 0.496840 0.053019 -0.441293
v 0.496840 0.055919 -0.186850
v 0.496841 0.069408 -0.272630
v 0.496843 0.057461 0.316055
v 0.496850 0.069116 -0.300498
v 0.496854 0.079439 -0.372147
v 0.496856 0.054957 0.064459
v 0.496856 0.057873 -0.374848
v 0.496858 0.046966 0.316177
v 0.496860 0.056629 -0.224519
v 0.496868 0.054147 -0.067397
v 0.496873 0.069658 -0.336857
v 0.496874 0.056545 0.150129
v 0.496886 0.045100 -0.224270
v 0.496889 0.057378 -0.301545
v 0.496890 0.058739 -0.338358
v 0.496893 0.046899 -0.340229
v 0.496896 0.068623 -0.373628
v 0.496904 0.087569 -0.407836
v 0.496907 0.076889 -0.409399
v 0.496908 0.071973 -0.459676
v 0.496911 0.074258 -0.440135
v 0.496927 0.061567 -0.460101
v 0.496929 0.063486 -0.440665
v 0.496935 0.065822 -0.410788
v 0.496945 0.054740 -0.411696
v 0.496947 0.044459 0.064598
v 0.496957 0.045779 -0.302732
v 0.497025 0.044233 -0.412751
v 0.497027 0.043503 -0.067995
v 0.497033 0.045584 0.150135
v -0.000354 0.078276 0.150177
v -0.001707 0.087766 0.150699
v -0.002368 -0.157628 0.164378
v -0.003264 0.092749 0.156993
v -0.004400 0.093231 0.395651
v -0.004825 -0.246646 0.165042
v -0.004989 0.092974 0.166525
v -0.005574 -0.230157 0.164989
v -0.006067 -0.264635 0.459159
v -0.006736 0.093050 0.175873
v -0.006967 -0.003279 0.486737
v -0.007439 -0.005227 0.176367
v -0.008697 0.093093 0.185178
v -0.011289 0.093205 0.424239
v -0.011592 0.093132 0.200453
v -0.011729 -0.208399 0.164972
v -0.013220 0.093069 0.473622
v -0.013426 0.092981 0.483397
v -0.013468 -0.129973 0.163767
v -0.013655 0.093129 0.462227
v -0.013656 0.092771 0.493238
v -0.013920 0.088465 0.499451
v -0.014214 0.079211 0.499595
v -0.014518 0.069808 0.499631
v -0.014759 0.093150 0.220234
v -0.014789 0.060416 0.499591
v -0.015147 0.050853 0.499352
v -0.015301 -0.102958 0.164857
v -0.015505 0.093170 0.443390
v -0.015506 0.041733 0.497588
v -0.015891 0.034636 0.491225
v -0.016325 0.024861 0.487199
v -0.016689 0.012681 0.486801
v -0.017164 -0.079291 0.171015
v -0.017323 -0.182448 0.164361
v -0.017951 0.093147 0.249433
v -0.021086 -0.140720 0.486742
v -0.021396 -0.057880 0.176286
v -0.023129 -0.195923 0.486743
v -0.024060 -0.030543 0.176352
v -0.025402 -0.245865 0.486704
v -0.025840 -0.257320 0.486615
v -0.026230 -0.264440 0.481620
v -0.026595 -0.264593 0.470804
v -0.026760 0.006340 0.176351
v -0.027487 0.018225 0.176323
v -0.027518 0.093133 0.341178
v -0.028065 0.029208 0.176085
v -0.029103 0.035932 0.170173
v -0.030537 0.036348 0.160160
v -0.031361 0.093125 0.276086
v -0.031679 0.039085 0.151522
v -0.032446 0.048520 0.150183
v -0.032456 -0.264664 0.230206
v -0.032901 -0.264645 0.210296
v -0.033054 -0.264468 0.186731
v -0.033142 -0.263107 0.177030
v -0.033165 -0.264590 0.196857
v -0.033357 0.058654 0.150102
v -0.034064 -0.260198 0.168579
v -0.034068 -0.252526 0.165097
v -0.034424 -0.146949 0.164901
v -0.034816 -0.264672 0.338399
v -0.035379 0.078739 0.150156
v -0.036476 0.088395 0.150464
v -0.037604 0.092828 0.157579
v -0.038551 0.092991 0.168070
v -0.039003 -0.241100 0.164966
v -0.039017 0.093117 0.392964
v -0.039265 0.093045 0.177868
v -0.039927 0.093076 0.187573
v -0.039931 0.093104 0.202239
v -0.042285 -0.225752 0.164941
v -0.044498 -0.218669 0.486725
v -0.045234 -0.234883 0.486713
v -0.045278 -0.119289 0.164915
v -0.047583 0.093095 0.340919
v -0.048798 -0.264661 0.393844
v -0.049334 -0.097094 0.165089
v -0.049614 -0.205245 0.164940
v -0.051379 0.068580 0.150106
v -0.052081 0.093085 0.417042
v -0.053318 -0.079153 0.169775
v -0.055644 0.093097 0.212982
v -0.055800 0.093097 0.222543
v -0.055816 0.089506 0.499494
v -0.055861 0.092969 0.491720
v -0.055911 0.080370 0.499583
v -0.056018 0.092994 0.481228
v -0.056019 0.040434 0.498749
v -0.056019 0.070424 0.499628
v -0.056047 0.050253 0.499479
v -0.056085 0.060384 0.499619
v -0.056346 0.034188 0.491910
v -0.056600 0.024587 0.487325
v -0.056709 0.093026 0.470853
v -0.056898 0.012399 0.486799
v -0.057386 -0.063629 0.176239
v -0.057462 0.093088 0.266690
v -0.058432 0.093089 0.390624
v -0.060440 -0.039931 0.176327
v -0.060566 0.093043 0.456588
v -0.061055 0.093098 0.322449
v -0.061748 0.093088 0.192673
v -0.062994 -0.005559 0.176331
v -0.063319 -0.180061 0.486722
v -0.064050 -0.176665 0.164954
v -0.064273 0.016050 0.176324
v -0.065010 0.027817 0.176291
v -0.065175 0.093076 0.184116
v -0.065732 0.035818 0.172625
v -0.065981 0.093107 0.359180
v -0.066134 -0.246274 0.486672
v -0.066295 0.036314 0.162260
v -0.066597 -0.257604 0.486532
v -0.066783 0.037044 0.151405
v -0.066787 0.093057 0.434125
v -0.067005 -0.264484 0.481391
v -0.067343 0.047411 0.150156
v -0.067362 -0.264606 0.470542
v -0.067713 -0.264638 0.459220
v -0.067935 0.057915 0.150093
v -0.068729 0.079066 0.150164
v -0.068833 0.089033 0.150717
v -0.068942 0.092850 0.159513
v -0.069446 0.093126 0.223325
v -0.070244 0.093120 0.248504
v -0.070729 0.093020 0.173154
v -0.071210 0.093212 0.207830
v -0.072382 0.093105 0.284386
v -0.072432 0.093166 0.412176
v -0.073038 0.093218 0.388878
v -0.074822 0.093371 0.322454
v -0.075071 0.093320 0.196823
v -0.077723 -0.264643 0.209395
v -0.078718 -0.031332 0.486707
v -0.078993 -0.264560 0.196049
v -0.079133 0.093432 0.190031
v -0.079193 -0.141875 0.164957
v -0.079340 0.093856 0.358829
v -0.080202 -0.264326 0.185775
v -0.080915 0.093577 0.223303
v -0.081002 0.094646 0.408645
v -0.081074 0.093603 0.248167
v -0.081303 0.094267 0.208770
v -0.081474 -0.262687 0.175912
v -0.082524 0.100721 0.322271
v -0.082637 -0.259753 0.167117
v -0.082713 0.096853 0.284072
v -0.082768 0.128090 0.355939
v -0.082814 0.099361 0.387263
v -0.082916 0.117430 0.357069
v -0.082941 0.115396 0.247688
v -0.082949 0.126416 0.247329
v -0.082955 0.119419 0.282811
v -0.082965 0.110153 0.385205
v -0.082968 0.107626 0.283245
v -0.082968 0.124085 0.221749
v -0.082969 0.112533 0.322032
v -0.082973 0.113757 0.222921
v -0.082974 0.128975 0.282587
v -0.082981 0.105165 0.358080
v -0.082993 0.103694 0.247978
v -0.083033 0.103058 0.223339
v -0.083055 0.122237 0.383625
v -0.083130 0.103869 0.208770
v -0.083199 0.113371 0.207756
v -0.083203 0.123680 0.401564
v -0.083204 0.113392 0.404060
v -0.083226 0.123018 0.206045
v -0.083281 0.124671 0.321993
v -0.083318 0.096661 0.199172
v -0.083405 0.103752 0.406137
v -0.083760 0.093411 0.182963
v -0.083931 -0.249701 0.165015
v -0.084208 0.104443 0.198427
v -0.085021 0.113513 0.196779
v -0.085024 0.130223 0.193446
v -0.085369 0.131884 0.203951
v -0.085812 0.131977 0.218921
v -0.085817 0.122406 0.195477
v -0.085898 -0.096441 0.486699
v -0.086237 -0.237857 0.164950
v -0.086394 0.093623 0.422372
v -0.086417 0.097059 0.192191
v -0.086707 0.132535 0.381583
v -0.087851 0.125179 0.417369
v -0.087854 0.132442 0.246572
v -0.088416 0.132366 0.321951
v -0.088696 -0.264647 0.434369
v -0.088891 0.132395 0.398085
v -0.088905 0.115881 0.419203
v -0.089330 0.104830 0.189812
v -0.089337 0.098449 0.419541
v -0.089414 0.106574 0.419740
v -0.089672 -0.224372 0.164938
v -0.090857 0.131922 0.411832
v -0.090995 0.132123 0.354567
v -0.092049 0.114211 0.188200
v -0.092309 -0.116088 0.164957
v -0.092438 0.136095 0.282482
v -0.093979 0.123399 0.188253
v -0.094112 0.139754 0.245766
v -0.094305 0.140769 0.321165
v -0.094366 0.146628 0.281965
v -0.094497 0.148166 0.244456
v -0.094540 0.139049 0.213899
v -0.094559 0.154545 0.318683
v -0.094565 0.158433 0.278357
v -0.094582 0.143360 0.352711
v -0.094605 0.156356 0.349999
v -0.094610 0.171530 0.343966
v -0.094610 0.169499 0.313381
v -0.094617 0.170943 0.367906
v -0.094628 0.156887 0.372696
v -0.094653 0.187545 0.361355
v -0.094679 0.145288 0.376154
v -0.094684 0.189229 0.336537
v -0.094692 0.170567 0.271187
v -0.094727 0.183648 0.305983
v -0.094749 0.173143 0.385948
v -0.094750 0.188075 0.381345
v -0.094765 0.157700 0.242713
v -0.094824 0.135714 0.378813
v -0.094840 0.130457 0.191416
v -0.094862 0.205214 0.357306
v -0.094863 0.204330 0.376873
v -0.094870 0.145780 0.217378
v -0.094875 0.159561 0.389142
v -0.094883 0.093000 0.467252
v -0.094898 0.092970 0.478544
v -0.094901 0.148041 0.391789
v -0.095005 0.092875 0.489727
v -0.095018 0.153002 0.219242
v -0.095107 0.138353 0.394270
v -0.095120 0.090563 0.499205
v -0.095277 0.081753 0.499515
v -0.095294 0.220977 0.358991
v -0.095421 0.071327 0.499606
v -0.095435 0.220654 0.374768
v -0.095470 0.234868 0.360068
v -0.095473 0.159483 0.220945
v -0.095534 0.247249 0.360382
v -0.095569 0.061004 0.499609
v -0.095600 0.258536 0.360656
v -0.095621 0.093021 0.454024
v -0.095667 0.248111 0.347768
v -0.095694 0.133370 0.200680
v -0.095704 0.235962 0.346387
v -0.095726 0.246732 0.373153
v -0.095746 0.259405 0.348552
v -0.095748 0.234658 0.373805
v -0.095798 0.257717 0.372906
v -0.095806 0.050307 0.499518
v -0.095854 0.206273 0.329753
v -0.095860 0.222159 0.342134
v -0.096168 0.039725 0.498697
v -0.096363 -0.205560 0.164931
v -0.096364 0.034583 0.491910
v -0.096752 0.024278 0.487210
v -0.097241 0.012189 0.486786
v -0.097479 0.164920 0.241871
v -0.097590 -0.264672 0.229687
v -0.097830 0.268231 0.360933
v -0.097843 0.260531 0.337154
v -0.097963 -0.003626 0.486713
v -0.097969 0.267430 0.373100
v -0.098094 0.268923 0.349123
v -0.098274 0.249244 0.335831
v -0.098574 0.093100 0.439107
v -0.098937 0.257429 0.384373
v -0.098937 0.183051 0.262185
v -0.098940 0.234607 0.386726
v -0.099162 0.246620 0.385537
v -0.099250 0.220045 0.388958
v -0.099267 0.236928 0.334480
v -0.099333 0.268183 0.339611
v -0.099812 0.265347 0.382197
v -0.099898 -0.098598 0.165120
v -0.099955 0.192387 0.295969
v -0.100483 0.140923 0.402518
v -0.100921 -0.068382 0.175748
v -0.101170 -0.045904 0.176272
v -0.101569 -0.018737 0.176298
v -0.101602 0.223610 0.331471
v -0.101688 0.092930 0.159982
v -0.101703 0.150203 0.403107
v -0.101818 -0.083278 0.168243
v -0.102048 0.162421 0.402954
v -0.102098 0.176517 0.401965
v -0.102120 0.093171 0.171598
v -0.102155 0.203265 0.391509
v -0.102295 0.089776 0.150554
v -0.102645 0.013710 0.176281
v -0.102712 0.079346 0.150161
v -0.102969 0.026019 0.176233
v -0.103155 0.035905 0.173603
v -0.103197 0.190213 0.396766
v -0.103228 0.057244 0.150070
v -0.103232 0.036305 0.163233
v -0.103285 0.045919 0.150054
v -0.103387 0.036519 0.153133
v -0.103406 0.095844 0.182516
v -0.103694 0.093699 0.429825
v -0.105162 0.262652 0.331300
v -0.105990 0.163670 0.227816
v -0.105996 0.250640 0.329487
v -0.106086 0.210197 0.317433
v -0.106547 0.269772 0.338692
v -0.106565 0.267698 0.384264
v -0.106597 0.099750 0.425392
v -0.106689 0.109164 0.425062
v -0.106853 0.270647 0.372598
v -0.107014 -0.246134 0.486645
v -0.107181 0.119380 0.424697
v -0.107198 0.104287 0.183282
v -0.107277 0.166132 0.242514
v -0.107366 0.258040 0.390535
v -0.107377 0.270758 0.360770
v -0.107416 0.270693 0.349266
v -0.107702 -0.257299 0.486372
v -0.107767 0.237855 0.329029
v -0.107784 0.128741 0.421846
v -0.108180 -0.264315 0.480744
v -0.108361 -0.264601 0.469825
v -0.108692 0.246339 0.391542
v -0.109101 -0.178492 0.164923
v -0.109457 0.114504 0.183509
v -0.109762 0.233536 0.391617
v -0.110207 0.224251 0.328440
v -0.110829 0.180224 0.257437
v -0.111129 0.132289 0.410677
v -0.111554 0.124674 0.183449
v -0.112169 0.218293 0.391193
v -0.112520 0.261650 0.332301
v -0.112801 0.132043 0.188045
v -0.113527 0.266526 0.382524
v -0.113588 0.164057 0.212222
v -0.113733 0.133506 0.197428
v -0.114452 0.155702 0.206863
v -0.114509 0.192530 0.280354
v -0.114546 0.140547 0.405532
v -0.114845 0.211039 0.319696
v -0.114916 0.251906 0.331876
v -0.114980 0.139504 0.203875
v -0.115195 0.146949 0.205025
v -0.115284 0.264804 0.338629
v -0.115831 0.266611 0.372516
v -0.115854 0.256988 0.384628
v -0.115979 0.238441 0.332263
v -0.116049 0.151501 0.405482
v -0.116335 0.223818 0.332191
v -0.116401 0.265833 0.349212
v -0.116508 0.265989 0.360662
v -0.116590 0.245541 0.385045
v -0.116972 0.200343 0.387171
v -0.117000 0.232888 0.384484
v -0.117508 0.219212 0.382732
v -0.117789 0.167745 0.227886
v -0.118411 0.164206 0.405474
v -0.119369 0.203295 0.288255
v -0.119845 0.213053 0.331311
v -0.120136 0.177841 0.405459
v -0.120204 0.223440 0.339990
v -0.120365 -0.264630 0.208738
v -0.120909 0.254924 0.372851
v -0.120912 0.189868 0.400601
v -0.121309 0.206527 0.375714
v -0.121325 0.068083 0.150092
v -0.121354 -0.264525 0.195551
v -0.121536 0.220965 0.349269
v -0.121566 0.256132 0.360339
v -0.122013 -0.001336 0.176274
v -0.122032 0.206350 0.265013
v -0.122056 0.256159 0.349261
v -0.122174 0.253541 0.338658
v -0.122203 -0.264244 0.185230
v -0.122278 0.233265 0.352410
v -0.122366 0.233806 0.374727
v -0.122374 0.244892 0.376585
v -0.122515 0.165822 0.242860
v -0.122574 0.210591 0.291294
v -0.122663 0.217265 0.361244
v -0.122669 0.238576 0.340707
v -0.123171 0.194266 0.257722
v -0.123207 -0.262811 0.175880
v -0.123268 0.222829 0.372370
v -0.123376 -0.153316 0.164924
v -0.123495 0.212325 0.273795
v -0.123645 0.225222 0.365353
v -0.124172 -0.259897 0.167374
v -0.124367 -0.180331 0.486678
v -0.124518 0.179310 0.252452
v -0.124626 0.213038 0.338268
v -0.124925 0.215199 0.370058
v -0.125473 0.212176 0.370895
v -0.125951 -0.250962 0.164975
v -0.126092 0.210463 0.312234
v -0.126687 -0.234745 0.486666
v -0.126808 -0.264686 0.260944
v -0.127087 -0.239926 0.164889
v -0.127811 0.213042 0.346446
v -0.128326 -0.228807 0.164892
v -0.128827 -0.264636 0.458305
v -0.129173 0.219600 0.365949
v -0.129997 0.213361 0.355838
v -0.130764 0.211802 0.325494
v -0.130832 0.093737 0.431952
v -0.131052 0.215192 0.363725
v -0.131081 0.093110 0.442740
v -0.131155 0.093050 0.454362
v -0.131687 0.100833 0.425610
v -0.131708 0.093029 0.465529
v -0.132033 0.253403 0.370874
v -0.132095 0.254176 0.359956
v -0.132158 0.111432 0.425167
v -0.132331 0.244958 0.375130
v -0.132347 0.093002 0.476506
v -0.132627 0.122400 0.424692
v -0.132679 0.254153 0.348888
v -0.133081 0.092914 0.487310
v -0.133172 0.210418 0.293140
v -0.133429 -0.264677 0.327961
v -0.133477 0.251245 0.339012
v -0.133519 0.234082 0.372870
v -0.133712 0.092357 0.497237
v -0.133732 0.130606 0.420046
v -0.134056 -0.213638 0.164886
v -0.134107 0.083091 0.499535
v -0.134314 0.240858 0.340697
v -0.134330 0.051666 0.499540
v -0.134407 0.072403 0.499602
v -0.134463 0.062054 0.499608
v -0.134610 0.132588 0.409289
v -0.134912 0.212498 0.334694
v -0.135183 0.041454 0.499344
v -0.135498 0.035273 0.492032
v -0.135751 0.222763 0.371969
v -0.135751 0.214195 0.278042
v -0.135798 0.209974 0.307988
v -0.135999 0.239035 0.352298
v -0.136122 0.141203 0.405602
v -0.136335 0.025931 0.487198
v -0.136356 0.093376 0.180052
v -0.136359 0.209815 0.264046
v -0.136769 -0.131566 0.164907
v -0.137132 0.102497 0.183041
v -0.137378 0.093060 0.170031
v -0.137457 0.013429 0.486773
v -0.137756 0.196643 0.257090
v -0.137904 0.092881 0.159106
v -0.138015 0.113828 0.183111
v -0.138218 0.152830 0.405625
v -0.138372 -0.002848 0.486694
v -0.138454 0.089340 0.150291
v -0.138598 0.213211 0.343877
v -0.138768 0.212917 0.373777
v -0.138858 0.124873 0.183256
v -0.139045 0.079030 0.150137
v -0.139058 0.234184 0.364873
v -0.139616 0.132170 0.188180
v -0.139666 0.165364 0.405613
v -0.139832 0.132838 0.197491
v -0.140150 0.056668 0.150085
v -0.140478 0.138423 0.203953
v -0.140567 0.203905 0.293233
v -0.140707 0.045239 0.150129
v -0.140832 0.211344 0.320438
v -0.141025 0.148224 0.205041
v -0.141040 0.194574 0.378110
v -0.141091 0.214047 0.352791
v -0.141107 0.036678 0.153667
v -0.141235 0.203694 0.376111
v -0.141395 0.036303 0.164247
v -0.141423 0.158294 0.207469
v -0.141831 0.035193 0.174946
v -0.141876 0.011294 0.176243
v -0.141906 0.024016 0.176227
v -0.142188 -0.022940 0.176254
v -0.142296 0.178443 0.405565
v -0.142682 0.163498 0.215755
v -0.142918 0.215337 0.361028
v -0.143046 -0.050316 0.176215
v -0.143151 0.245456 0.375242
v -0.143344 0.190053 0.389307
v -0.143350 0.253512 0.370053
v -0.143514 0.163565 0.227806
v -0.144105 0.254113 0.359426
v -0.144663 0.189875 0.401956
v -0.144744 0.233974 0.372876
v -0.144975 0.208363 0.303942
v -0.145026 0.254022 0.348334
v -0.145123 -0.073301 0.174597
v -0.145263 0.177232 0.255443
v -0.145321 0.222981 0.365498
v -0.145586 0.212312 0.330730
v -0.145663 0.164295 0.241174
v -0.146089 0.198114 0.262524
v -0.146148 0.250589 0.338734
v -0.147920 0.208001 0.282909
v -0.147943 0.241094 0.340684
v -0.148153 0.204343 0.269579
v -0.148156 -0.256658 0.486293
v -0.148553 -0.264088 0.480173
v -0.148608 -0.191551 0.164807
v -0.148823 -0.264583 0.469269
v -0.148937 0.220882 0.372200
v -0.148947 0.194862 0.296497
v -0.149819 0.213374 0.340328
v -0.150523 0.184254 0.263408
v -0.150596 -0.264662 0.401827
v -0.150717 0.193670 0.282652
v -0.150776 0.239020 0.351862
v -0.150849 -0.091599 0.165350
v -0.150955 0.210054 0.315501
v -0.151416 -0.245374 0.486596
v -0.152114 -0.111491 0.164874
v -0.152640 -0.169807 0.164813
v -0.153066 0.205152 0.298489
v -0.153341 0.214352 0.349322
v -0.153704 0.245994 0.375352
v -0.154348 -0.111103 0.154576
v -0.154553 -0.114940 0.147479
v -0.154764 0.253665 0.369515
v -0.155058 0.234174 0.372856
v -0.155079 -0.104129 0.154163
v -0.155682 -0.176158 0.147504
v -0.155689 -0.107603 0.146292
v -0.155742 0.236717 0.363115
v -0.155802 0.208889 0.375180
v -0.156087 0.215207 0.357928
v -0.156215 0.254105 0.358847
v -0.156307 0.211378 0.326159
v -0.156363 -0.219276 0.486658
v -0.156364 0.189487 0.272203
v -0.156959 -0.148777 0.164819
v -0.156982 -0.171746 0.148066
v -0.157211 0.216925 0.362851
v -0.157665 0.253982 0.348067
v -0.157767 -0.174673 0.155849
v -0.158633 0.191133 0.297498
v -0.158938 -0.167120 0.154556
v -0.159192 0.250881 0.338705
v -0.160291 -0.234173 0.164843
v -0.160696 -0.180494 0.146744
v -0.160741 0.190033 0.275533
v -0.160882 0.190802 0.282234
v -0.160907 -0.244314 0.164867
v -0.160924 0.212619 0.335810
v -0.161174 0.200898 0.296484
v -0.161344 0.220996 0.371529
v -0.161420 0.241670 0.340557
v -0.161677 0.197576 0.376990
v -0.161734 -0.254155 0.164991
v -0.161778 0.201720 0.286196
v -0.161941 -0.114465 0.154678
v -0.161958 0.207425 0.310140
v -0.162176 -0.222272 0.164825
v -0.162456 -0.100630 0.152364
v -0.162508 0.227323 0.370611
v -0.162581 -0.264622 0.207714
v -0.162666 -0.129061 0.145564
v -0.162924 0.235460 0.373055
v -0.163146 -0.147746 0.151526
v -0.163280 -0.116632 0.145173
v -0.163610 -0.195468 0.146072
v -0.163822 -0.105824 0.145634
v -0.163932 0.228018 0.366668
v -0.163973 -0.206539 0.164666
v -0.164015 0.246925 0.375430
v -0.164196 -0.260897 0.169256
v -0.164431 -0.176466 0.146518
v -0.164734 0.190487 0.304869
v -0.164920 0.239084 0.350760
v -0.165028 0.190591 0.381848
v -0.165280 -0.264502 0.194179
v -0.165881 0.204933 0.273805
v -0.165974 0.213315 0.344184
v -0.166053 0.253821 0.368719
v -0.166087 0.190925 0.275170
v -0.166240 -0.194954 0.154614
v -0.166264 -0.126221 0.159522
v -0.166389 -0.176734 0.155905
v -0.166469 0.191494 0.315415
v -0.166581 -0.264201 0.183259
v -0.166825 -0.265755 0.174931
v -0.167003 -0.163786 0.151867
v -0.167179 -0.206512 0.146752
v -0.167518 0.217320 0.363991
v -0.167558 0.214394 0.354385
v -0.167732 0.132574 0.408684
v -0.167744 0.131287 0.418691
v -0.167787 0.122991 0.424704
v -0.167855 0.254099 0.358131
v -0.167908 0.206955 0.302271
v -0.167930 0.101692 0.425495
v -0.167952 0.112466 0.425156
v -0.168156 0.142145 0.405675
v -0.168236 0.200938 0.312816
v -0.168269 0.207398 0.321691
v -0.168470 0.191015 0.279544
v -0.168576 -0.206595 0.153401
v -0.168716 0.153880 0.405667
v -0.168744 0.198445 0.299684
v -0.169023 0.093818 0.431432
v -0.169353 -0.178953 0.163893
v -0.169481 0.165735 0.405635
v -0.169497 0.253929 0.347761
v -0.169689 0.093168 0.442474
v -0.170307 0.093086 0.453473
v -0.170762 0.205350 0.314376
v -0.170811 0.189988 0.391835
v -0.170934 -0.191806 0.145301
v -0.170950 0.237895 0.360481
v -0.170991 0.093069 0.464125
v -0.171200 0.250997 0.338890
v -0.171216 0.190472 0.292626
v -0.171298 0.178286 0.405563
v -0.171377 0.208486 0.330691
v -0.171714 -0.114182 0.155755
v -0.171781 0.093052 0.474797
v -0.171783 0.203826 0.269222
v -0.171797 0.237371 0.373347
v -0.171803 -0.216425 0.153246
v -0.171810 0.196595 0.288142
v -0.172169 -0.163528 0.164725
v -0.172352 -0.159101 0.151905
v -0.172433 -0.215157 0.147764
v -0.172433 0.208641 0.290066
v -0.172524 0.207928 0.374253
v -0.172566 0.092974 0.485730
v -0.172879 -0.195768 0.159761
v -0.173024 0.189585 0.403349
v -0.173346 0.091954 0.495746
v -0.173451 0.190210 0.304496
v -0.173491 0.241997 0.340058
v -0.173794 0.179012 0.257212
v -0.173962 0.173282 0.250367
v -0.173984 -0.145464 0.145270
v -0.174048 0.083139 0.499391
v -0.174266 0.205479 0.309767
v -0.174445 0.203083 0.322775
v -0.174507 0.248558 0.375204
v -0.174660 0.072382 0.499581
v -0.174701 -0.131937 0.140231
v -0.174740 0.209781 0.278719
v -0.174913 -0.156804 0.148395
v -0.174937 0.051042 0.499495
v -0.174942 0.190271 0.319724
v -0.174984 0.041822 0.498946
v -0.174985 0.169729 0.227028
v -0.175024 0.061521 0.499598
v -0.175086 0.168979 0.215703
v -0.175103 0.124760 0.183123
v -0.175142 0.168498 0.238612
v -0.175212 0.113332 0.183072
v -0.175237 0.035966 0.491494
v -0.175430 -0.219318 0.148484
v -0.175632 -0.171542 0.155543
v -0.175651 0.184917 0.264453
v -0.175685 0.093190 0.179933
v -0.175689 -0.099069 0.151552
v -0.175717 -0.163870 0.149293
v -0.175736 -0.203437 0.145779
v -0.175942 0.132301 0.188134
v -0.175980 0.093055 0.169786
v -0.176028 0.027913 0.486787
v -0.176060 -0.205226 0.154462
v -0.176172 0.162007 0.207706
v -0.176419 0.092852 0.158157
v -0.176456 -0.178118 0.162131
v -0.176682 -0.117725 0.142986
v -0.176872 0.089008 0.150387
v -0.176890 0.152241 0.205455
v -0.177035 0.014783 0.486692
v -0.177057 0.132564 0.198953
v -0.177138 -0.216594 0.154271
v -0.177152 0.253736 0.367487
v -0.177311 0.139996 0.204802
v -0.177322 0.078675 0.150140
v -0.177381 -0.105966 0.144897
v -0.177436 0.239207 0.349145
v -0.177784 0.067639 0.150092
v -0.177950 -0.177310 0.145922
v -0.178182 -0.141363 0.164115
v -0.178192 -0.002016 0.486679
v -0.178442 0.056677 0.150092
v -0.178720 -0.212985 0.146939
v -0.178829 0.254020 0.357267
v -0.179175 0.044990 0.150162
v -0.179480 0.036603 0.154444
v -0.179686 -0.147991 0.155568
v -0.179706 0.036229 0.165193
v -0.179975 0.234558 0.365339
v -0.180049 0.253832 0.347405
v -0.180155 -0.157454 0.153407
v -0.180404 -0.163521 0.152606
v -0.180412 0.033295 0.175445
v -0.180523 0.191577 0.272443
v -0.180558 -0.264678 0.228975
v -0.180678 0.101756 0.182976
v -0.180693 0.021895 0.176158
v -0.180972 0.009342 0.176215
v -0.181023 0.208009 0.349520
v -0.181180 0.198082 0.374162
v -0.181183 0.208531 0.362196
v -0.181225 0.250934 0.339101
v -0.181266 -0.220489 0.148011
v -0.181683 0.205911 0.295842
v -0.181979 -0.156699 0.148939
v -0.182177 -0.026228 0.176229
v -0.182210 0.207085 0.334727
v -0.182444 -0.190949 0.145226
v -0.182586 -0.178237 0.157469
v -0.182606 -0.173711 0.164393
v -0.182672 -0.120244 0.157832
v -0.182918 0.204922 0.278787
v -0.182918 -0.054308 0.176223
v -0.183075 -0.216875 0.154749
v -0.183280 0.242109 0.340098
v -0.183336 0.238678 0.357764
v -0.183597 -0.204504 0.154693
v -0.183671 -0.115753 0.164368
v -0.183831 0.190705 0.290506
v -0.184383 -0.163552 0.151331
v -0.184386 0.191037 0.278819
v -0.184506 0.190224 0.318545
v -0.184671 -0.146673 0.146108
v -0.184766 -0.192112 0.158590
v -0.184826 -0.077231 0.175215
v -0.184932 -0.204329 0.164497
v -0.185139 0.190338 0.304399
v -0.185213 -0.136156 0.143848
v -0.185253 -0.202875 0.145911
v -0.185467 -0.180476 0.486641
v -0.185776 -0.213965 0.146811
v -0.186414 -0.222323 0.164808
v -0.186540 -0.220440 0.148157
v -0.186767 0.239318 0.347561
v -0.187371 -0.234316 0.486629
v -0.187577 0.240857 0.374216
v -0.187757 0.199950 0.360326
v -0.187964 0.190708 0.382323
v -0.188142 0.254130 0.366256
v -0.188253 -0.216756 0.154578
v -0.188273 -0.256365 0.486280
v -0.188282 -0.156509 0.164779
v -0.188560 -0.099799 0.150039
v -0.188679 -0.264128 0.479966
v -0.188718 0.254459 0.356265
v -0.188732 -0.108227 0.154803
v -0.188780 -0.121570 0.144302
v -0.188800 0.254512 0.346991
v -0.189002 0.251297 0.375555
v -0.189040 -0.264587 0.469129
v -0.189107 -0.236450 0.164830
v -0.189139 -0.127100 0.157035
v -0.189398 -0.264641 0.458127
v -0.189783 -0.183096 0.155995
v -0.189960 0.238468 0.365723
v -0.190143 0.251586 0.337861
v -0.190924 -0.204478 0.154216
v -0.190964 -0.057613 0.486657
v -0.191029 -0.098366 0.164969
v -0.191321 -0.177829 0.146534
v -0.191649 0.238369 0.337731
v -0.191712 -0.134499 0.164450
v -0.191720 0.198225 0.320848
v -0.191797 0.206209 0.347824
v -0.191943 -0.249192 0.164875
v -0.192041 0.197381 0.305330
v -0.192082 -0.110887 0.145661
v -0.192123 0.234407 0.356194
v -0.192164 0.206990 0.362571
v -0.192204 -0.193183 0.154620
v -0.192367 0.229115 0.365437
v -0.192372 0.230221 0.345706
v -0.192413 0.213392 0.351758
v -0.192430 0.263075 0.365610
v -0.192518 0.223720 0.354678
v -0.192523 0.218188 0.364730
v -0.192535 0.199453 0.292467
v -0.192542 0.211819 0.337996
v -0.192573 0.263970 0.355067
v -0.192585 -0.216396 0.151128
v -0.192725 0.234169 0.375289
v -0.192735 0.219576 0.341650
v -0.192735 0.203739 0.374532
v -0.192778 0.264141 0.344972
v -0.192927 -0.186783 0.164489
v -0.193111 0.224734 0.376134
v -0.193241 0.213693 0.375890
v -0.193324 0.261869 0.375773
v -0.193761 -0.192864 0.146283
v -0.194177 -0.116137 0.154484
v -0.194278 0.224416 0.332094
v -0.194368 -0.204515 0.147776
v -0.194436 0.262171 0.335006
v -0.194741 -0.256742 0.164981
v -0.194945 0.208659 0.321546
v -0.194996 0.201393 0.284495
v -0.195893 0.201242 0.383574
v -0.195990 0.215612 0.327537
v -0.196079 0.208493 0.306129
v -0.196846 -0.116526 0.164771
v -0.197782 0.248723 0.326495
v -0.197842 0.209451 0.295396
v -0.198138 0.210833 0.386923
v -0.198426 0.258096 0.327456
v -0.198644 0.251497 0.386729
v -0.198780 0.241631 0.387068
v -0.198991 0.236832 0.325180
v -0.199178 0.221702 0.388039
v -0.199307 0.232232 0.387859
v -0.199464 0.260879 0.385976
v -0.199774 0.181814 0.260199
v -0.199794 0.270593 0.364499
v -0.200033 0.209035 0.288191
v -0.200327 0.269947 0.374851
v -0.200373 0.187881 0.267579
v -0.200506 -0.261230 0.170113
v -0.200797 0.270598 0.354010
v -0.201030 -0.004990 0.176217
v -0.201060 0.193099 0.273532
v -0.201152 0.171005 0.246235
v -0.201204 0.225171 0.323735
v -0.201562 0.191908 0.392730
v -0.201785 0.175859 0.253179
v -0.202122 -0.169919 0.164806
v -0.202492 0.270382 0.343364
v -0.202695 0.267030 0.382826
v -0.202931 0.169988 0.236242
v -0.202953 -0.264642 0.208465
v -0.202987 0.216574 0.322621
v -0.203258 -0.260398 0.156785
v -0.203690 -0.119013 0.486627
v -0.203737 0.210811 0.317626
v -0.204218 -0.126812 0.164800
v -0.204402 0.267981 0.332685
v -0.204595 0.186668 0.405435
v -0.204781 0.211074 0.306162
v -0.205081 -0.264684 0.162355
v -0.205217 0.200851 0.280693
v -0.205369 -0.264571 0.193863
v -0.205390 0.170924 0.225146
v -0.205804 -0.269447 0.158373
v -0.206391 0.177060 0.405620
v -0.206440 0.162975 0.206854
v -0.206464 0.165599 0.405960
v -0.206470 0.213936 0.296534
v -0.206473 0.169825 0.214442
v -0.206631 -0.108808 0.164920
v -0.206663 0.154448 0.407603
v -0.206734 0.259637 0.323850
v -0.206762 0.151975 0.205075
v -0.206950 0.142853 0.406716
v -0.207191 0.132667 0.408406
v -0.207582 0.210982 0.286620
v -0.207589 0.131744 0.418347
v -0.207677 -0.220318 0.164842
v -0.207773 0.142193 0.204530
v -0.208052 0.123994 0.424808
v -0.208309 -0.264456 0.182383
v -0.208481 0.113257 0.425189
v -0.208684 0.102342 0.425530
v -0.208776 -0.269374 0.166578
v -0.209096 -0.152113 0.164859
v -0.209097 -0.265289 0.163148
v -0.209139 -0.054261 0.176213
v -0.209178 0.094294 0.430594
v -0.210059 0.245990 0.322127
v -0.210078 0.093197 0.441262
v -0.210197 -0.264650 0.445207
v -0.210677 0.132921 0.198579
v -0.210823 -0.269608 0.164679
v -0.210993 0.199214 0.392024
v -0.211052 0.234655 0.322203
v -0.211167 0.093093 0.452200
v -0.211412 0.224811 0.322260
v -0.211451 0.132162 0.187234
v -0.211465 0.216063 0.321967
v -0.211507 -0.261314 0.158991
v -0.211853 -0.268108 0.172671
v -0.211953 -0.267734 0.167878
v -0.211996 0.210480 0.315775
v -0.212052 0.093085 0.463081
v -0.212304 0.124437 0.183173
v -0.212428 -0.266486 0.155080
v -0.212590 0.093090 0.474124
v -0.212805 0.260900 0.389856
v -0.213003 0.093079 0.485192
v -0.213121 0.267671 0.383145
v -0.213169 0.251718 0.391578
v -0.213308 0.092952 0.495268
v -0.213370 0.270499 0.373367
v -0.213586 0.270766 0.363194
v -0.213597 -0.198707 0.164855
v -0.213660 0.101327 0.182967
v -0.213677 0.241881 0.391741
v -0.213758 0.211670 0.306160
v -0.213874 -0.264677 0.330399
v -0.213926 0.084363 0.499425
v -0.214151 0.093389 0.179651
v -0.214216 0.230612 0.391748
v -0.214253 0.270774 0.352878
v -0.214595 0.207570 0.391714
v -0.214678 0.093046 0.169391
v -0.214756 0.072740 0.499585
v -0.214778 -0.243857 0.164830
v -0.215077 0.218453 0.391731
v -0.215412 0.061486 0.499595
v -0.215491 0.092799 0.158173
v -0.215515 0.270491 0.342090
v -0.215823 0.214657 0.296810
v -0.216017 0.191798 0.272089
v -0.216017 0.050550 0.499510
v -0.216101 0.199352 0.279221
v -0.216103 0.088065 0.150399
v -0.216180 0.077765 0.150115
v -0.216481 0.067052 0.150088
v -0.216501 0.040639 0.498831
v -0.216639 0.185567 0.265504
v -0.216877 0.056435 0.150133
v -0.217023 0.210139 0.286085
v -0.217034 -0.269634 0.170311
v -0.217037 0.036529 0.492233
v -0.217089 -0.269221 0.170616
v -0.217105 0.267612 0.331220
v -0.217391 0.045226 0.150462
v -0.217630 0.028672 0.487220
v -0.217813 -0.116876 0.164908
v -0.217820 0.037183 0.155563
v -0.217860 0.179538 0.259065
v -0.218037 0.036244 0.166497
v -0.218142 0.015016 0.486748
v -0.218397 0.032881 0.175674
v -0.218463 -0.270119 0.162918
v -0.218563 -0.259844 0.166675
v -0.218579 -0.137782 0.164882
v -0.218879 -0.001896 0.486661
v -0.219021 0.021715 0.176169
v -0.219395 0.173363 0.252360
v -0.219854 -0.263839 0.162785
v -0.220111 0.257918 0.322888
v -0.220188 0.215063 0.322331
v -0.220304 0.167043 0.244323
v -0.220467 -0.182480 0.164873
v -0.220805 0.210454 0.315143
v -0.221590 -0.260767 0.168189
v -0.221653 0.223301 0.323743
v -0.221809 0.164676 0.234709
v -0.222667 0.212638 0.306213
v -0.223034 -0.262855 0.172946
v -0.223077 -0.075369 0.176060
v -0.223190 -0.262791 0.158030
v -0.223470 0.231772 0.324709
v -0.223802 0.214148 0.296211
v -0.223907 -0.263610 0.172683
v -0.224038 -0.263775 0.172614
v -0.224143 0.163588 0.224276
v -0.224165 -0.263936 0.172545
v -0.224173 -0.261864 0.169422
v -0.224459 -0.263472 0.172405
v -0.224542 -0.264153 0.172465
v -0.224631 -0.263660 0.172388
v -0.224709 -0.263225 0.172321
v -0.224819 -0.263492 0.172390
v -0.224863 -0.264278 0.172531
v -0.224880 -0.262808 0.172204
v -0.224890 -0.264173 0.172333
v -0.224944 -0.263779 0.172307
v -0.225133 -0.264586 0.172192
v -0.225207 -0.264331 0.172131
v -0.225239 -0.263202 0.172281
v -0.225359 -0.264019 0.172278
v -0.225390 -0.264881 0.171869
v -0.225566 -0.264590 0.171938
v -0.225596 -0.263661 0.172285
v -0.225665 -0.265197 0.171521
v -0.225772 -0.089851 0.165771
v -0.225779 -0.264263 0.172150
v -0.225940 -0.264942 0.171826
v -0.225985 0.210335 0.285247
v -0.226027 -0.263278 0.172078
v -0.226083 -0.263970 0.172302
v -0.226087 -0.263240 0.172207
v -0.226106 0.162770 0.212636
v -0.226119 -0.263208 0.172203
v -0.226203 -0.264698 0.172117
v -0.226446 -0.265738 0.172774
v -0.226465 -0.264455 0.172408
v -0.226507 -0.263654 0.172411
v -0.226537 -0.262649 0.172176
v -0.226613 0.241929 0.324137
v -0.226660 0.212535 0.325665
v -0.226794 -0.263936 0.172550
v -0.227063 -0.264784 0.172046
v -0.227134 0.149768 0.199811
v -0.227187 -0.263621 0.171215
v -0.227356 -0.264946 0.171869
v -0.227370 -0.263485 0.168015
v -0.227498 -0.262721 0.168738
v -0.227525 -0.263986 0.172756
v -0.227617 -0.263800 0.171650
v -0.227683 -0.124674 0.164904
v -0.227700 0.228779 0.384244
v -0.227777 -0.234785 0.486616
v -0.227791 -0.264112 0.172876
v -0.227823 -0.264089 0.170435
v -0.227886 0.220560 0.330307
v -0.227890 0.158479 0.202660
v -0.227899 -0.163819 0.164891
v -0.227924 -0.263436 0.171025
v -0.227940 -0.263496 0.171021
v -0.227961 -0.245731 0.486562
v -0.227996 -0.264025 0.170492
v -0.228051 -0.256570 0.486144
v -0.228253 0.203906 0.270773
v -0.228316 0.268026 0.382249
v -0.228364 -0.263892 0.480320
v -0.228398 0.229302 0.332460
v -0.228507 0.262031 0.389875
v -0.228536 0.270603 0.372343
v -0.228703 -0.264878 0.171985
v -0.229001 -0.264578 0.469542
v -0.229028 0.270807 0.361828
v -0.229153 0.194936 0.266586
v -0.229515 0.252685 0.391788
v -0.229614 -0.264638 0.458544
v -0.229622 0.242356 0.386102
v -0.229692 0.228970 0.374586
v -0.229698 0.270784 0.351221
v -0.229737 0.227505 0.342574
v -0.229862 0.216883 0.338330
v -0.229890 0.229928 0.363944
v -0.229896 0.229861 0.354616
v -0.229952 0.187207 0.262220
v -0.230073 0.220042 0.372689
v -0.230183 0.217813 0.307264
v -0.230386 0.270446 0.340365
v -0.230435 -0.100521 0.165094
v -0.230586 0.237903 0.333729
v -0.230975 0.157166 0.192021
v -0.230991 0.224632 0.365140
v -0.231395 0.266772 0.329812
v -0.231558 0.213120 0.314207
v -0.231582 0.227381 0.356053
v -0.231593 0.189964 0.250628
v -0.231638 0.197492 0.253664
v -0.231965 0.238444 0.342815
v -0.231971 0.227796 0.374818
v -0.231997 0.182511 0.257669
v -0.232157 0.221582 0.294954
v -0.232235 0.226389 0.345879
v -0.232237 0.220278 0.338788
v -0.232430 0.239176 0.353936
v -0.232519 0.230928 0.369143
v -0.232642 0.204732 0.255318
v -0.233123 0.174626 0.253980
v -0.233179 -0.249064 0.164989
v -0.233269 0.167327 0.199263
v -0.233459 -0.236115 0.164876
v -0.233614 0.239190 0.365017
v -0.233639 0.257599 0.322460
v -0.233677 -0.215961 0.164879
v -0.234165 0.196435 0.239129
v -0.234285 0.168693 0.209104
v -0.234429 0.215474 0.283699
v -0.234464 0.169039 0.245742
v -0.234639 0.188429 0.238973
v -0.234728 0.216294 0.380341
v -0.234734 0.165929 0.189702
v -0.234863 0.214396 0.331080
v -0.234923 0.176482 0.206395
v -0.234924 0.205245 0.239442
v -0.234967 0.178090 0.198376
v -0.234982 0.191935 0.225205
v -0.235061 0.183475 0.214174
v -0.235353 0.201903 0.220855
v -0.235380 0.236440 0.376618
v -0.235439 0.191788 0.205759
v -0.235683 -0.144577 0.164895
v -0.235711 0.233809 0.357414
v -0.235814 0.168317 0.235382
v -0.235903 0.203090 0.381490
v -0.236226 0.172396 0.222934
v -0.236659 -0.264659 0.410829
v -0.236762 0.194189 0.384681
v -0.236994 0.182250 0.229745
v -0.237001 0.212437 0.270460
v -0.237230 0.233041 0.345173
v -0.237265 0.187568 0.249818
v -0.237391 0.150267 0.187970
v -0.237421 0.209188 0.312761
v -0.237441 -0.111472 0.164964
v -0.237461 0.209251 0.330467
v -0.237576 0.227711 0.310945
v -0.237593 0.231067 0.300503
v -0.237615 0.230205 0.335319
v -0.237831 0.139750 0.197551
v -0.238253 -0.264684 0.231024
v -0.238402 0.245197 0.323723
v -0.238699 0.206392 0.299391
v -0.239038 0.010045 0.176187
v -0.239429 0.209012 0.305825
v -0.239456 0.179427 0.190910
v -0.239489 0.190066 0.394487
v -0.239599 0.210001 0.294488
v -0.239752 0.238852 0.373610
v -0.239837 0.223473 0.328737
v -0.239975 0.210452 0.257007
v -0.240016 -0.264664 0.210377
v -0.240102 0.186770 0.405516
v -0.240934 0.212410 0.302446
v -0.241124 -0.264639 0.195938
v -0.241140 0.218565 0.315010
v -0.241334 -0.125374 0.164907
v -0.241447 -0.264284 0.182591
v -0.241604 0.239089 0.365163
v -0.241645 0.210031 0.240070
v -0.241794 -0.191492 0.164888
v -0.241903 0.196424 0.200036
v -0.242301 0.241089 0.333093
v -0.242330 0.185699 0.239879
v -0.242424 0.207312 0.219116
v -0.242596 0.213900 0.309757
v -0.242625 0.185843 0.261448
v -0.242745 0.176519 0.405660
v -0.243194 0.225089 0.382635
v -0.243225 0.239355 0.354388
v -0.243313 0.236968 0.359686
v -0.243939 0.162283 0.187463
v -0.244438 0.239581 0.343433
v -0.244474 0.165143 0.405937
v -0.244535 0.217632 0.327028
v -0.244777 0.132327 0.195497
v -0.244842 0.180409 0.229695
v -0.245481 0.153891 0.407192
v -0.245702 0.172464 0.225790
v -0.245770 0.170204 0.236427
v -0.245843 0.177977 0.257486
v -0.245925 0.209798 0.328267
v -0.245958 0.238034 0.373647
v -0.246012 0.170431 0.248456
v -0.246119 0.141712 0.406189
v -0.246366 0.207635 0.310590
v -0.246732 0.132194 0.408852
v -0.246944 -0.264693 0.265187
v -0.246979 -0.181281 0.486617
v -0.247184 -0.261772 0.173423
v -0.247244 0.270560 0.370646
v -0.247336 0.268854 0.380884
v -0.247343 0.235594 0.346986
v -0.247435 0.188750 0.251599
v -0.247527 0.132049 0.418716
v -0.247589 0.224767 0.291751
v -0.247619 0.199349 0.316319
v -0.247668 0.205621 0.301126
v -0.247684 0.200949 0.328634
v -0.247717 0.270807 0.359886
v -0.247871 0.263288 0.389071
v -0.248013 0.216898 0.283858
v -0.248115 -0.220116 0.486621
v -0.248269 0.207064 0.292586
v -0.248387 0.270776 0.349485
v -0.248401 0.124866 0.424905
v -0.248879 0.233468 0.301358
v -0.248931 0.177773 0.188531
v -0.249054 0.131890 0.186533
v -0.249115 0.253876 0.391797
v -0.249146 0.229779 0.311739
v -0.249189 0.213597 0.299284
v -0.249284 0.113502 0.425178
v -0.249398 0.213754 0.272121
v -0.249407 0.101757 0.425204
v -0.249408 0.270375 0.338812
v -0.249713 0.093341 0.428953
v -0.249977 0.220743 0.315277
v -0.250357 0.214950 0.308137
v -0.250374 0.123352 0.183157
v -0.250493 0.093129 0.439223
v -0.250538 0.245199 0.388761
v -0.250637 0.266219 0.328845
v -0.250651 0.232942 0.336209
v -0.251081 0.211067 0.258407
v -0.251286 -0.171164 0.164882
v -0.251437 0.111885 0.183046
v -0.251463 0.093081 0.450390
v -0.251741 0.237652 0.362183
v -0.251900 0.185625 0.240150
v -0.252224 0.196696 0.199261
v -0.252287 0.093080 0.462059
v -0.252355 0.210453 0.240838
v -0.252664 0.257596 0.322305
v -0.252738 0.101173 0.182863
v -0.252835 0.191441 0.264463
v -0.252885 0.093093 0.473673
v -0.252970 0.207933 0.219521
v -0.253089 0.146210 0.189342
v -0.253130 0.226721 0.328941
v -0.253298 0.238175 0.377902
v -0.253445 0.093093 0.484826
v -0.253560 0.093439 0.178334
v -0.253642 0.093023 0.168508
v -0.253946 0.092905 0.495466
v -0.253988 0.092575 0.158444
v -0.254078 0.179859 0.228808
v -0.254335 0.085068 0.499458
v -0.254482 0.087041 0.150656
v -0.254715 0.073562 0.499586
v -0.254885 0.076707 0.150123
v -0.255000 -0.252063 0.165455
v -0.255058 0.171937 0.226391
v -0.255123 0.239071 0.367187
v -0.255286 0.066312 0.150065
v -0.255400 0.217832 0.326882
v -0.255439 0.062686 0.499613
v -0.255793 0.055841 0.150091
v -0.255993 0.246915 0.322824
v -0.256248 0.169617 0.236934
v -0.256349 0.045089 0.150414
v -0.256478 0.051492 0.499576
v -0.256759 0.036639 0.155475
v -0.257041 0.036163 0.166672
v -0.257249 0.208764 0.328380
v -0.257271 0.236229 0.350342
v -0.257401 0.031941 0.175972
v -0.257413 0.041424 0.499347
v -0.257710 0.212853 0.382957
v -0.257749 -0.239943 0.164943
v -0.257823 0.022825 0.176127
v -0.257865 0.035305 0.492371
v -0.257923 0.199759 0.327706
v -0.257941 0.026075 0.487337
v -0.258198 0.205562 0.292529
v -0.258234 0.213983 0.296070
v -0.258266 0.013489 0.486732
v -0.258289 0.171261 0.249933
v -0.258605 0.159117 0.187039
v -0.258713 0.223525 0.382853
v -0.258751 0.189265 0.252260
v -0.258946 0.215618 0.306084
v -0.259108 0.206976 0.302189
v -0.259222 -0.013825 0.176191
v -0.259227 -0.002841 0.486635
v -0.259272 0.237912 0.366645
v -0.259300 -0.228249 0.164896
v -0.259344 0.199523 0.317974
v -0.259571 0.241513 0.332376
v -0.259658 0.219410 0.314656
v -0.259767 -0.150964 0.164877
v -0.259985 0.207153 0.312488
v -0.260338 0.175953 0.188115
v -0.260677 0.181200 0.260799
v -0.260711 0.235095 0.381486
v -0.260783 0.228056 0.312832
v -0.260851 0.227256 0.292888
v -0.261271 0.216965 0.285011
v -0.261294 0.233288 0.304133
v -0.261380 -0.052488 0.176190
v -0.261604 0.202699 0.383092
v -0.262049 0.214390 0.272806
v -0.262118 0.185476 0.239706
v -0.262142 0.233536 0.339588
v -0.262530 0.239592 0.343936
v -0.262827 0.195880 0.198978
v -0.263055 0.212250 0.258999
v -0.263150 -0.131551 0.164873
v -0.263245 -0.214354 0.164887
v -0.263410 0.179642 0.228234
v -0.263529 -0.075048 0.176292
v -0.263690 0.210577 0.241370
v -0.264233 0.208220 0.219902
v -0.264377 0.172135 0.225923
v -0.264786 0.237888 0.372690
v -0.265415 0.239396 0.357218
v -0.265457 -0.115635 0.164889
v -0.265708 0.212405 0.295609
v -0.266200 -0.089931 0.165848
v -0.266239 0.227679 0.330472
v -0.266353 0.237027 0.355960
v -0.266629 0.204990 0.296158
v -0.266718 0.239002 0.372476
v -0.266725 0.169389 0.235996
v -0.266964 0.193096 0.384958
v -0.267013 -0.103753 0.164989
v -0.267110 0.214319 0.303832
v -0.267724 0.215929 0.312458
v -0.268599 0.217904 0.327003
v -0.268832 0.208565 0.302877
v -0.268998 -0.235660 0.486612
v -0.269107 0.188180 0.264564
v -0.269170 -0.246729 0.486588
v -0.269327 -0.257839 0.486455
v -0.269376 0.208093 0.328687
v -0.269650 -0.264536 0.481160
v -0.269845 0.199599 0.328683
v -0.270155 -0.264623 0.470667
v -0.270175 -0.196454 0.164875
v -0.270228 0.190442 0.258431
v -0.270356 0.238524 0.381516
v -0.270705 -0.264648 0.459684
v -0.270997 0.171772 0.225430
v -0.271315 0.199546 0.320998
v -0.271319 0.190055 0.395418
v -0.271380 0.208827 0.313954
v -0.271428 0.170845 0.250026
v -0.271910 0.223587 0.312859
v -0.272022 0.245740 0.390512
v -0.272095 0.227995 0.295439
v -0.272350 0.190083 0.251018
v -0.272543 0.175410 0.190755
v -0.272664 0.234756 0.345084
v -0.273038 0.255341 0.391609
v -0.273187 0.218393 0.286813
v -0.273344 0.195883 0.199716
v -0.273555 0.178870 0.224528
v -0.273730 0.237765 0.363421
v -0.273832 0.189452 0.261911
v -0.274024 0.209507 0.242137
v -0.274126 0.264329 0.387723
v -0.274209 0.212849 0.272633
v -0.274252 0.210621 0.258713
v -0.274350 0.186857 0.238038
v -0.274482 0.269461 0.379332
v -0.274572 0.228059 0.303220
v -0.274829 0.232328 0.382670
v -0.274874 0.270719 0.369316
v -0.275032 0.187026 0.405502
v -0.275107 0.189306 0.253485
v -0.275197 0.206209 0.221108
v -0.275403 0.190274 0.253303
v -0.275454 0.170828 0.218358
v -0.275528 0.195608 0.227542
v -0.275561 0.187625 0.210525
v -0.275973 0.172746 0.202465
v -0.276018 0.191430 0.255137
v -0.276078 0.270815 0.358901
v -0.276372 0.196229 0.245096
v -0.276386 0.190838 0.254700
v -0.276917 0.167142 0.231380
v -0.277251 0.189242 0.253447
v -0.277263 0.237953 0.373200
v -0.277309 0.270777 0.348296
v -0.277451 0.228383 0.337586
v -0.277747 0.270337 0.337768
v -0.278037 0.176826 0.405646
v -0.278057 0.265871 0.328380
v -0.278240 0.257363 0.322452
v -0.278272 0.222823 0.382918
v -0.278650 0.247365 0.322072
v -0.279023 0.186976 0.261280
v -0.279030 0.239048 0.366116
v -0.279106 -0.264686 0.234123
v -0.279405 0.200074 0.259031
v -0.279683 0.218467 0.335452
v -0.279810 0.199142 0.333124
v -0.279855 0.213076 0.291959
v -0.279914 0.213023 0.306533
v -0.280041 0.241488 0.331979
v -0.280371 0.208036 0.335018
v -0.280415 0.205059 0.273365
v -0.280706 0.156932 0.191370
v -0.281104 0.165270 0.405724
v -0.281171 -0.264664 0.213160
v -0.281533 0.212732 0.382976
v -0.281792 -0.041820 0.486605
v -0.281802 0.143354 0.194040
v -0.281985 0.239464 0.343604
v -0.282105 0.137577 0.201882
v -0.282802 -0.264606 0.198329
v -0.282874 0.198364 0.325099
v -0.283036 0.153728 0.405762
v -0.283104 0.168693 0.247519
v -0.283419 -0.175624 0.164640
v -0.283477 0.195692 0.274715
v -0.284289 0.236937 0.353110
v -0.284351 -0.264468 0.186648
v -0.284544 0.201079 0.315718
v -0.284565 0.202382 0.304944
v -0.284604 0.141616 0.405704
v -0.284889 0.201454 0.290854
v -0.285165 0.239425 0.354209
v -0.285515 0.202783 0.383084
v -0.285843 -0.119527 0.486586
v -0.285932 0.132702 0.408672
v -0.286108 0.238056 0.367688
v -0.286243 -0.262077 0.174137
v -0.286647 0.132303 0.194924
v -0.287156 0.158818 0.203381
v -0.287196 0.132202 0.419068
v -0.288265 0.125353 0.424999
v -0.288435 0.228053 0.343526
v -0.288647 0.239107 0.361505
v -0.288766 0.180245 0.260125
v -0.288771 -0.254853 0.165998
v -0.289037 0.131777 0.184113
v -0.289171 0.113937 0.425183
v -0.289333 0.194828 0.341850
v -0.290099 0.121065 0.183157
v -0.290110 0.217756 0.343173
v -0.290115 0.102272 0.425204
v -0.290221 0.193264 0.384821
v -0.290815 0.206571 0.343413
v -0.290892 0.093383 0.427916
v -0.291307 -0.123437 0.162813
v -0.291317 0.110613 0.183039
v -0.291320 0.093112 0.437682
v -0.291531 0.234032 0.382908
v -0.291665 0.093067 0.449022
v -0.291781 0.162774 0.215284
v -0.291869 0.241711 0.384578
v -0.291957 -0.243036 0.165036
v -0.292118 0.093067 0.460729
v -0.292201 0.100565 0.182691
v -0.292407 0.192145 0.273717
v -0.292691 0.093067 0.472439
v -0.292712 0.247503 0.391887
v -0.292737 0.093568 0.176910
v -0.292855 -0.157054 0.164529
v -0.292946 0.163421 0.229313
v -0.293170 0.092622 0.157094
v -0.293213 0.093009 0.167130
v -0.293219 0.087223 0.150278
v -0.293311 0.195204 0.330018
v -0.293398 0.093014 0.483839
v -0.293682 0.077277 0.150081
v -0.294102 0.092321 0.494637
v -0.294124 0.067037 0.150047
v -0.294234 0.199807 0.290602
v -0.294332 -0.231127 0.164941
v -0.294496 0.084022 0.499329
v -0.294570 0.056765 0.150078
v -0.294632 -0.264673 0.355279
v -0.294845 0.062186 0.499625
v -0.294849 0.051070 0.499691
v -0.294928 0.046149 0.150362
v -0.295209 0.037921 0.155218
v -0.295261 -0.137262 0.164755
v -0.295291 0.040837 0.498828
v -0.295298 0.200012 0.306518
v -0.295388 0.198994 0.319517
v -0.295582 0.036109 0.165390
v -0.295894 0.034347 0.174856
v -0.295939 0.256966 0.391448
v -0.296053 0.166115 0.243939
v -0.296081 0.011579 0.176147
v -0.296091 -0.001858 0.176164
v -0.296211 0.023459 0.176098
v -0.296259 0.036923 0.491643
v -0.296540 -0.020637 0.176168
v -0.296558 0.223818 0.382738
v -0.296630 0.190132 0.394099
v -0.297112 -0.218002 0.164927
v -0.297476 0.026330 0.486992
v -0.297653 0.238865 0.363146
v -0.297851 0.241291 0.332600
v -0.298012 -0.049845 0.176135
v -0.298231 0.239364 0.344154
v -0.298357 -0.117755 0.161531
v -0.298363 0.236816 0.351906
v -0.298416 0.265086 0.386847
v -0.298747 0.013392 0.486653
v -0.298943 0.239118 0.354500
v -0.299201 0.247224 0.322469
v -0.299749 0.177497 0.257394
v -0.299897 0.269769 0.378283
v -0.299997 -0.003145 0.486606
v -0.300565 -0.078295 0.171759
v -0.300758 0.213746 0.382624
v -0.300781 0.227875 0.344733
v -0.301058 0.270730 0.368560
v -0.301077 0.257252 0.322693
v -0.301866 -0.198351 0.164931
v -0.302035 0.265608 0.328164
v -0.302048 0.270809 0.358557
v -0.302242 -0.103180 0.164880
v -0.302391 0.270736 0.347701
v -0.302392 0.270233 0.337162
v -0.302497 0.238862 0.376301
v -0.302528 0.189185 0.404127
v -0.302857 0.191000 0.272466
v -0.303104 0.216853 0.344390
v -0.303636 0.203388 0.382425
v -0.304470 0.199771 0.291398
v -0.304900 0.204871 0.344314
v -0.305152 0.199809 0.309292
v -0.305383 0.237032 0.365887
v -0.305454 0.197999 0.322873
v -0.305735 0.243260 0.384549
v -0.305848 0.193139 0.332742
v -0.305876 0.178019 0.405571
v -0.306066 0.235266 0.354302
v -0.306264 0.194342 0.344580
v -0.306968 0.239199 0.366519
v -0.307801 -0.175927 0.161848
v -0.307902 0.194485 0.381461
v -0.308772 0.165845 0.405605
v -0.308857 0.248080 0.391303
v -0.309040 0.226727 0.378861
v -0.309142 -0.181921 0.486596
v -0.309817 0.239265 0.355353
v -0.309971 -0.132985 0.164630
v -0.309973 0.163134 0.225067
v -0.310233 0.239346 0.344661
v -0.310494 0.161985 0.210909
v -0.310716 0.164365 0.239779
v -0.310744 -0.236115 0.486603
v -0.310943 0.240273 0.334297
v -0.311090 0.153742 0.405616
v -0.311090 -0.247212 0.486573
v -0.311400 0.156902 0.198650
v -0.311447 -0.258174 0.486406
v -0.311698 0.227736 0.351684
v -0.311801 -0.264485 0.481300
v -0.312128 0.215171 0.376967
v -0.312134 -0.264620 0.470907
v -0.312234 0.175158 0.254800
v -0.312413 0.257355 0.391231
v -0.312421 0.148939 0.193713
v -0.312460 -0.264650 0.460069
v -0.312525 -0.155753 0.164580
v -0.312707 0.193725 0.373861
v -0.313042 0.203428 0.375170
v -0.313131 -0.264654 0.436709
v -0.313188 0.227256 0.365592
v -0.313364 0.141952 0.405639
v -0.313529 0.216124 0.351888
v -0.313552 0.194317 0.352864
v -0.313604 0.204355 0.352724
v -0.313670 0.193795 0.363811
v -0.313866 0.190358 0.271711
v -0.313991 0.203890 0.364008
v -0.314081 0.215471 0.364622
v -0.314330 0.199782 0.313256
v -0.314350 0.198517 0.325147
v -0.314684 0.199814 0.293116
v -0.314845 0.139399 0.198074
v -0.315063 0.265415 0.386171
v -0.315140 0.245323 0.324147
v -0.315507 0.132558 0.408688
v -0.316334 0.238140 0.375679
v -0.316633 0.269962 0.377489
v -0.316862 0.196729 0.334233
v -0.317062 0.240332 0.384017
v -0.317103 0.235869 0.366670
v -0.317110 0.257275 0.322502
v -0.317273 0.234835 0.355802
v -0.317284 0.233756 0.345341
v -0.317351 0.131562 0.418771
v -0.317365 0.197381 0.344119
v -0.317371 0.222859 0.355837
v -0.317378 0.197536 0.353692
v -0.317391 0.210037 0.355175
v -0.317397 0.224351 0.365977
v -0.317415 0.197870 0.364337
v -0.317417 0.211433 0.365300
v -0.317467 0.221813 0.345934
v -0.317475 0.209009 0.345521
v -0.317542 0.270745 0.367647
v -0.317562 0.200106 0.374686
v -0.317579 0.232935 0.335251
v -0.317605 0.213270 0.375536
v -0.317631 0.226444 0.375987
v -0.317794 0.208163 0.336084
v -0.317810 0.221096 0.336339
v -0.318146 0.270820 0.357539
v -0.318289 0.202695 0.384420
v -0.318325 0.265427 0.328005
v -0.318484 0.228972 0.385413
v -0.318520 0.215453 0.385768
v -0.318587 0.270749 0.347159
v -0.318677 0.270098 0.336836
v -0.318743 0.206460 0.327602
v -0.318776 0.132784 0.200768
v -0.319321 0.124268 0.424710
v -0.319508 0.220403 0.326832
v -0.319662 0.233386 0.325683
v -0.319799 -0.264657 0.216094
v -0.320180 0.191847 0.390194
v -0.320662 -0.264606 0.201464
v -0.321557 0.113907 0.425181
v -0.321573 -0.264405 0.190372
v -0.322291 0.132237 0.193921
v -0.322294 0.244493 0.391357
v -0.322985 0.189804 0.402664
v -0.323270 -0.263232 0.179391
v -0.323360 0.103449 0.425211
v -0.324129 -0.063688 0.486584
v -0.324144 0.203156 0.391560
v -0.324315 -0.222068 0.167403
v -0.324591 0.179629 0.405469
v -0.324638 0.126826 0.183757
v -0.324666 -0.246132 0.167845
v -0.324749 -0.256938 0.170560
v -0.324822 0.200308 0.296297
v -0.324921 0.172914 0.252288
v -0.324925 -0.234848 0.167669
v -0.324959 0.163642 0.235620
v -0.325146 0.201650 0.319916
v -0.325189 0.190091 0.271301
v -0.325323 -0.202141 0.167591
v -0.325328 0.231938 0.391464
v -0.325471 0.217466 0.391660
v -0.325622 -0.120037 0.167543
v -0.325637 0.093401 0.426982
v -0.326154 0.162993 0.219911
v -0.326301 0.117331 0.183185
v -0.326883 0.166345 0.405537
v -0.327016 -0.177903 0.168115
v -0.327050 0.107449 0.183031
v -0.327216 0.093148 0.436512
v -0.327273 0.219715 0.322258
v -0.327708 0.257620 0.390808
v -0.327801 -0.152900 0.169353
v -0.328131 0.093061 0.447530
v -0.328199 0.098178 0.182552
v -0.328409 0.160733 0.205372
v -0.328544 -0.081091 0.173230
v -0.328979 0.234583 0.322113
v -0.329180 0.153618 0.405513
v -0.329243 0.093046 0.459660
v -0.329360 0.247154 0.322039
v -0.329729 0.093357 0.176188
v -0.329903 0.266005 0.385512
v -0.330133 0.093026 0.471703
v -0.330347 0.257249 0.322510
v -0.330820 0.092926 0.483556
v -0.330884 0.092974 0.167346
v -0.331049 -0.044762 0.176096
v -0.331274 0.265286 0.327887
v -0.331278 0.270128 0.376970
v -0.331392 0.088126 0.150187
v -0.331425 0.092068 0.494686
v -0.331434 0.141777 0.405550
v -0.331604 -0.221000 0.486609
v -0.331617 0.078327 0.150053
v -0.331792 0.070999 0.499588
v -0.331863 0.092690 0.156561
v -0.331911 0.068158 0.150028
v -0.332028 0.082671 0.499320
v -0.332124 -0.017159 0.176119
v -0.332136 0.269965 0.336452
v -0.332229 0.057865 0.150073
v -0.332314 0.270774 0.367164
v -0.332557 0.047313 0.150333
v -0.332639 -0.000329 0.176116
v -0.332725 0.270715 0.346710
v -0.332796 0.037558 0.153701
v -0.332916 0.270803 0.357101
v -0.332991 0.036222 0.163386
v -0.333059 0.151501 0.194410
v -0.333134 0.012147 0.176089
v -0.333257 0.060070 0.499627
v -0.333281 0.033846 0.173000
v -0.333405 0.023605 0.175927
v -0.333868 0.049128 0.499576
v -0.334246 0.132600 0.408980
v -0.334696 0.039232 0.499175
v -0.335616 0.204944 0.321852
v -0.335804 0.035687 0.490369
v -0.335809 0.200300 0.299317
v -0.336488 0.190110 0.271283
v -0.336512 0.143703 0.194980
v -0.336963 0.171239 0.250357
v -0.336969 0.026424 0.486335
v -0.337022 0.203728 0.391556
v -0.337293 0.192407 0.394031
v -0.337900 0.163336 0.231916
v -0.337918 0.220412 0.322844
v -0.337932 -0.264674 0.277991
v -0.338244 0.013559 0.486549
v -0.338303 0.219407 0.391340
v -0.338532 0.132405 0.420942
v -0.338988 -0.264666 0.228486
v -0.339226 0.182265 0.404276
v -0.339416 0.138174 0.199034
v -0.339716 0.235695 0.323624
v -0.339992 0.234716 0.390986
v -0.340016 -0.003060 0.486582
v -0.340236 0.264220 0.328895
v -0.340250 0.166807 0.404882
v -0.340353 0.162751 0.215743
v -0.340406 0.189972 0.402304
v -0.341085 0.247441 0.390361
v -0.341448 0.153204 0.404676
v -0.341745 0.124111 0.425028
v -0.341844 0.247913 0.324032
v -0.341975 0.159748 0.203932
v -0.341995 0.266136 0.384767
v -0.342285 0.258253 0.326004
v -0.342981 0.141717 0.404752
v -0.343170 0.135257 0.201992
v -0.343374 0.205777 0.324535
v -0.343431 0.268056 0.335156
v -0.344011 0.258976 0.388199
v -0.344171 0.113990 0.425151
v -0.344713 0.268901 0.377568
v -0.345223 0.270065 0.345872
v -0.345642 0.270111 0.367484
v -0.345931 0.270147 0.356822
v -0.346077 0.220557 0.328919
v -0.346099 0.189910 0.396215
v -0.346276 0.104935 0.425159
v -0.346295 0.199603 0.302378
v -0.346489 0.132429 0.197787
v -0.347338 0.189077 0.271040
v -0.347401 0.203856 0.387557
v -0.347604 0.169274 0.248346
v -0.347864 0.132544 0.408530
v -0.347918 0.236183 0.331730
v -0.348508 0.162474 0.229569
v -0.348583 0.140952 0.401043
v -0.348692 0.220406 0.383557
v -0.348713 0.259486 0.334481
v -0.348725 -0.119861 0.486576
v -0.348743 0.096477 0.425803
v -0.348922 0.248815 0.333427
v -0.349092 0.122306 0.183438
v -0.349524 0.152290 0.399721
v -0.349855 0.132990 0.404425
v -0.350234 0.167441 0.399242
v -0.350522 0.235951 0.381499
v -0.350552 0.113273 0.183428
v -0.350769 0.260226 0.378809
v -0.350941 0.158893 0.214152
v -0.350995 0.201037 0.332652
v -0.351339 0.220224 0.339829
v -0.351377 0.249131 0.380291
v -0.351542 -0.181965 0.486595
v -0.351722 0.104669 0.183835
v -0.352047 0.201261 0.374229
v -0.352121 0.138557 0.394670
v -0.352130 0.093408 0.432430
v -0.352149 0.151481 0.201259
v -0.352154 0.219889 0.370342
v -0.352161 0.261087 0.344985
v -0.352242 0.137057 0.206440
v -0.352356 0.200245 0.357368
v -0.352363 0.219562 0.355677
v -0.352437 0.140901 0.204573
v -0.352461 0.192718 0.306513
v -0.352589 0.162540 0.248737
v -0.352605 0.145631 0.201972
v -0.352710 0.151116 0.389996
v -0.352714 0.261187 0.367873
v -0.352731 0.182888 0.381127
v -0.352738 0.155351 0.229285
v -0.352826 0.179909 0.274765
v -0.352834 0.261567 0.356541
v -0.352864 0.164924 0.385938
v -0.352901 0.179892 0.365109
v -0.352916 0.151329 0.214539
v -0.352925 0.180291 0.342845
v -0.352973 0.178331 0.312848
v -0.352988 0.163303 0.371092
v -0.352988 0.167318 0.280309
v -0.352993 0.153104 0.251739
v -0.353013 0.163277 0.349701
v -0.353018 0.162221 0.319634
v -0.353022 0.149522 0.375391
v -0.353026 0.154729 0.286464
v -0.353048 0.148867 0.353996
v -0.353059 0.147075 0.230346
v -0.353064 0.147668 0.323828
v -0.353107 0.144537 0.215357
v -0.353138 0.142816 0.254278
v -0.353188 0.142112 0.288194
v -0.353242 0.096946 0.183675
v -0.353247 0.135604 0.324667
v -0.353260 0.136186 0.356572
v -0.353293 0.138920 0.230644
v -0.353309 -0.236391 0.486608
v -0.353328 0.138613 0.215621
v -0.353388 0.133384 0.205845
v -0.353456 0.137752 0.378928
v -0.353494 0.135384 0.253822
v -0.353644 -0.247445 0.486583
v -0.353966 -0.258360 0.486369
v -0.354031 -0.208253 0.175915
v -0.354199 -0.264704 0.480964
v -0.354362 0.236420 0.342641
v -0.354383 -0.264667 0.470693
v -0.354617 -0.264666 0.460090
v -0.354724 -0.226285 0.175943
v -0.354895 0.250002 0.343911
v -0.355408 -0.184526 0.175959
v -0.355620 -0.238205 0.175975
v -0.355655 0.132590 0.229427
v -0.355772 0.133057 0.215118
v -0.356326 -0.154197 0.175966
v -0.356535 0.093065 0.442461
v -0.356710 0.250270 0.368542
v -0.356843 -0.248679 0.176052
v -0.356960 0.093132 0.177956
v -0.357145 0.236076 0.369356
v -0.357202 0.250478 0.356159
v -0.357444 0.132271 0.409231
v -0.357809 0.236022 0.355821
v -0.357882 -0.258523 0.176880
v -0.358112 0.132616 0.288007
v -0.358510 -0.264000 0.185216
v -0.358844 -0.264575 0.195711
v -0.359059 -0.264641 0.205881
v -0.359062 -0.119800 0.176018
v -0.360470 0.129614 0.422773
v -0.360956 0.121725 0.421489
v -0.361005 0.093013 0.458687
v -0.361095 0.113260 0.421064
v -0.361303 0.105008 0.420796
v -0.361646 0.097873 0.421195
v -0.361857 0.132224 0.252445
v -0.362953 0.132254 0.357852
v -0.363337 0.092998 0.472707
v -0.363436 0.132172 0.381921
v -0.363507 -0.079315 0.176044
v -0.363809 0.132110 0.228124
v -0.363996 0.132248 0.324635
v -0.364062 0.131290 0.212242
v -0.364111 0.130402 0.199630
v -0.364717 0.110720 0.191050
v -0.364856 0.132076 0.401469
v -0.364867 0.092881 0.485018
v -0.364892 0.102573 0.191508
v -0.364912 0.095566 0.191031
v -0.365050 0.118425 0.191665
v -0.365507 0.126275 0.195087
v -0.365648 0.093779 0.425802
v -0.366272 0.091253 0.496182
v -0.366481 0.092906 0.170500
v -0.367005 0.092742 0.157332
v -0.367290 0.131758 0.287321
v -0.367577 0.080952 0.499421
v -0.367647 -0.040736 0.176077
v -0.368121 0.088672 0.150258
v -0.368224 0.104113 0.408305
v -0.368416 0.125066 0.209609
v -0.368559 0.112785 0.406827
v -0.368673 -0.264672 0.421257
v -0.368697 0.079016 0.150060
v -0.368850 0.069626 0.499622
v -0.368947 0.121784 0.404667
v -0.369010 0.068986 0.150011
v -0.369104 0.100966 0.361054
v -0.369144 0.124526 0.358775
v -0.369154 0.123768 0.384078
v -0.369156 0.128900 0.251366
v -0.369186 0.112920 0.386477
v -0.369196 0.112538 0.359949
v -0.369235 0.100001 0.324227
v -0.369245 0.123525 0.324645
v -0.369253 0.100640 0.204991
v -0.369257 0.111372 0.324386
v -0.369267 0.127116 0.226565
v -0.369294 0.102286 0.388639
v -0.369298 0.121506 0.286623
v -0.369320 0.117209 0.207727
v -0.369325 0.059085 0.150034
v -0.369330 0.109391 0.206477
v -0.369367 0.110135 0.285934
v -0.369369 0.118135 0.225472
v -0.369374 0.119257 0.250560
v -0.369423 0.109165 0.249509
v -0.369455 0.098954 0.248409
v -0.369464 0.108982 0.224179
v -0.369481 0.096096 0.410931
v -0.369522 0.099113 0.285321
v -0.369555 0.099345 0.222542
v -0.369586 0.048836 0.150217
v -0.369680 0.039331 0.152497
v -0.369700 -0.014194 0.176083
v -0.370003 0.036266 0.161446
v -0.370018 0.058594 0.499645
v -0.370313 0.033696 0.170803
v -0.370364 0.001751 0.176069
v -0.370380 0.024918 0.175418
v -0.370431 0.013766 0.175988
v -0.370438 0.092951 0.186073
v -0.371322 0.048008 0.499578
v -0.371940 0.092909 0.203043
v -0.372799 0.037668 0.499462
v -0.373901 0.093622 0.390770
v -0.373975 0.036218 0.489164
v -0.374077 0.093018 0.220712
v -0.374243 0.093208 0.361609
v -0.374627 0.093020 0.324042
v -0.375150 0.093094 0.247494
v -0.375183 0.092878 0.284819
v -0.375614 0.026099 0.486405
v -0.376184 0.093222 0.415575
v -0.377432 0.013829 0.486556
v -0.378587 0.092892 0.200240
v -0.379120 0.092889 0.182932
v -0.379783 -0.002623 0.486581
v -0.381903 0.092972 0.437875
v -0.383281 -0.264691 0.357354
v -0.384399 0.092966 0.392436
v -0.384525 0.092886 0.218889
v -0.384687 -0.053346 0.486581
v -0.386434 0.092898 0.323661
v -0.386478 0.092917 0.361694
v -0.386582 0.092888 0.246622
v -0.386777 0.092875 0.284375
v -0.389546 0.092870 0.196658
v -0.390686 -0.150894 0.486591
v -0.391228 0.092937 0.420443
v -0.391931 0.092982 0.461112
v -0.393216 -0.221575 0.486608
v -0.393499 -0.236317 0.486605
v -0.393534 -0.264632 0.469925
v -0.393601 -0.247337 0.486574
v -0.393647 -0.264396 0.480308
v -0.393688 -0.258117 0.486364
v -0.394960 -0.229600 0.176019
v -0.395032 -0.213186 0.176010
v -0.395281 -0.240614 0.176047
v -0.395324 -0.189545 0.176005
v -0.395477 -0.251114 0.176156
v -0.395604 -0.260703 0.177152
v -0.395932 -0.264337 0.185985
v -0.396371 -0.264603 0.196511
v -0.396876 -0.264649 0.206787
v -0.396950 -0.137010 0.176021
v -0.397393 0.092968 0.476312
v -0.398059 0.092865 0.231127
v -0.398540 0.092905 0.394838
v -0.399422 0.092797 0.488225
v -0.399818 0.092880 0.303564
v -0.400241 0.092903 0.361534
v -0.401030 0.089668 0.498081
v -0.402816 -0.057740 0.176051
v -0.402865 0.078878 0.499568
v -0.403867 0.092775 0.157150
v -0.404047 0.092844 0.168173
v -0.404635 0.067813 0.499648
v -0.405340 0.088630 0.150319
v -0.405460 -0.011110 0.176067
v -0.405782 0.035576 0.169977
v -0.405812 0.092862 0.178549
v -0.405817 0.027515 0.175502
v -0.405830 0.004520 0.176057
v -0.405846 0.079111 0.150064
v -0.405916 0.016588 0.176006
v -0.405917 0.036482 0.160294
v -0.405956 0.049685 0.150216
v -0.405960 0.040246 0.152040
v -0.406099 0.059385 0.150013
v -0.406274 0.057235 0.499641
v -0.407478 -0.264665 0.458779
v -0.407690 0.047069 0.499476
v -0.408796 0.092864 0.192987
v -0.408928 0.038291 0.498120
v -0.410152 0.036293 0.489779
v -0.410233 -0.264672 0.221489
v -0.410250 -0.264684 0.285112
v -0.410956 0.027099 0.486493
v -0.411992 0.014801 0.486571
v -0.413492 -0.002243 0.486591
v -0.415619 -0.032234 0.486586
v -0.417024 0.092916 0.361386
v -0.418399 0.092922 0.397377
v -0.418973 -0.097654 0.486580
v -0.419185 0.092863 0.228705
v -0.419732 0.092947 0.428063
v -0.420878 0.092976 0.449030
v -0.421349 -0.164092 0.486579
v -0.422189 -0.210404 0.486588
v -0.422259 -0.235749 0.486582
v -0.422299 -0.264676 0.444421
v -0.422331 -0.247307 0.486526
v -0.422347 -0.264209 0.479359
v -0.422471 -0.257923 0.485960
v -0.424089 -0.264635 0.196948
v -0.424736 0.092876 0.283123
v -0.424794 -0.264489 0.186817
v -0.424920 -0.228773 0.176026
v -0.424944 -0.242152 0.176053
v -0.425041 -0.252708 0.176203
v -0.425162 -0.261964 0.178064
v -0.425269 0.092901 0.322573
v -0.426475 -0.192210 0.176012
v -0.427051 -0.157255 0.176015
v -0.427476 0.092991 0.468116
v -0.428245 -0.117413 0.176035
v -0.429828 -0.076581 0.176041
v -0.429939 0.092955 0.480750
v -0.431155 -0.036790 0.176067
v -0.431431 0.092769 0.492300
v -0.431736 -0.264670 0.207954
v -0.432224 -0.007803 0.176072
v -0.432414 0.007933 0.176065
v -0.432574 0.086802 0.499382
v -0.432692 0.019031 0.175977
v -0.433403 0.029220 0.175013
v -0.433563 0.076476 0.499629
v -0.434240 0.035486 0.168187
v -0.434436 0.066019 0.499667
v -0.434961 0.036473 0.158401
v -0.435425 0.055793 0.499630
v -0.435609 0.040182 0.151530
v -0.436128 0.045868 0.499396
v -0.436323 0.035959 0.488483
v -0.436543 0.027698 0.486440
v -0.436553 0.037859 0.498177
v -0.436772 0.049594 0.150136
v -0.436864 0.016188 0.486558
v -0.437125 -0.002159 0.486568
v -0.437460 0.059318 0.149998
v -0.437558 0.092759 0.156088
v -0.437810 -0.264665 0.456672
v -0.437818 -0.032799 0.486541
v -0.437868 0.088173 0.150221
v -0.438204 0.078753 0.150035
v -0.438434 0.092947 0.380271
v -0.438701 -0.075590 0.486528
v -0.438730 -0.264686 0.411659
v -0.438858 -0.264619 0.467906
v -0.439524 -0.119933 0.486524
v -0.440133 -0.163870 0.486520
v -0.440162 0.069412 0.149989
v -0.440267 -0.264679 0.222334
v -0.440371 -0.199369 0.486523
v -0.440453 -0.221008 0.486523
v -0.440641 -0.264187 0.478646
v -0.440705 -0.235800 0.486522
v -0.440773 -0.264691 0.321178
v -0.440863 -0.247792 0.486499
v -0.440983 -0.258197 0.485711
v -0.441165 -0.264641 0.198144
v -0.442945 -0.264442 0.187937
v -0.443938 0.092866 0.243524
v -0.444358 0.092988 0.431909
v -0.444474 -0.261884 0.179336
v -0.444838 -0.253612 0.176482
v -0.445001 -0.243587 0.176167
v -0.445191 -0.231518 0.176164
v -0.445254 -0.216389 0.176177
v -0.445371 -0.193569 0.176153
v -0.445836 -0.157917 0.176137
v -0.446202 0.092872 0.190233
v -0.446596 -0.117217 0.176253
v -0.447433 -0.076408 0.176208
v -0.447691 0.092861 0.176505
v -0.448105 0.093002 0.454966
v -0.448217 -0.036313 0.176240
v -0.449351 -0.006538 0.176192
v -0.449428 -0.264677 0.442671
v -0.449504 -0.264658 0.455402
v -0.450303 0.092989 0.471875
v -0.450386 0.010888 0.176216
v -0.450593 -0.264590 0.465846
v -0.451004 -0.264686 0.411750
v -0.451173 0.021510 0.176212
v -0.452011 -0.264685 0.335353
v -0.452220 -0.002397 0.486312
v -0.452350 0.030916 0.174937
v -0.452361 0.092900 0.484576
v -0.452469 -0.033139 0.486140
v -0.452794 0.016905 0.486333
v -0.453027 0.092886 0.282611
v -0.453068 -0.264667 0.209976
v -0.453097 -0.264613 0.199620
v -0.453142 -0.075766 0.486230
v -0.453303 -0.264081 0.476615
v -0.453386 -0.119905 0.486149
v -0.453440 0.028551 0.486543
v -0.453458 -0.163726 0.486254
v -0.453623 -0.199443 0.486090
v -0.453703 0.092208 0.495366
v -0.453981 -0.220910 0.486223
v -0.454339 0.084226 0.499496
v -0.454519 0.036029 0.489346
v -0.454540 0.074137 0.499649
v -0.454543 -0.235958 0.486273
v -0.454828 0.035767 0.167367
v -0.454857 0.064330 0.499653
v -0.454913 -0.248238 0.486097
v -0.454985 -0.258267 0.484902
v -0.455021 0.037073 0.496794
v -0.455349 0.054367 0.499603
v -0.455355 0.044416 0.499161
v -0.455444 0.092875 0.210335
v -0.455624 -0.264386 0.191101
v -0.456026 0.092946 0.370866
v -0.457635 -0.264646 0.454598
v -0.457921 0.036516 0.157766
v -0.457970 -0.264550 0.463777
v -0.458227 0.092828 0.164971
v -0.458472 -0.264667 0.442893
v -0.459207 -0.262223 0.183056
v -0.460098 0.040629 0.150592
v -0.460574 -0.264567 0.201371
v -0.460586 -0.264675 0.411720
v -0.461030 -0.254720 0.178737
v -0.461289 -0.194208 0.178099
v -0.461293 0.050191 0.150145
v -0.461330 -0.264638 0.313830
v -0.461478 -0.244375 0.177926
v -0.461499 -0.216547 0.177893
v -0.461563 -0.231861 0.177999
v -0.461639 -0.158354 0.178179
v -0.461731 -0.264663 0.356625
v -0.461755 -0.264626 0.208473
v -0.462013 0.092990 0.433951
v -0.462086 -0.264634 0.228631
v -0.462289 0.092713 0.154016
v -0.462300 0.060285 0.150027
v -0.462319 -0.117221 0.178719
v -0.462376 -0.263738 0.472986
v -0.462623 0.069841 0.150011
v -0.462784 0.079058 0.150084
v -0.462804 -0.035928 0.178092
v -0.462893 0.087873 0.150346
v -0.462896 -0.076276 0.178590
v -0.463473 -0.005997 0.178481
v -0.463790 0.012454 0.178946
v -0.463799 0.023559 0.179455
v -0.464162 -0.264497 0.461721
v -0.464182 0.092991 0.457054
v -0.464262 0.017435 0.482995
v -0.464532 0.032015 0.178351
v -0.464574 0.028643 0.482621
v -0.464749 -0.264192 0.196180
v -0.464758 -0.002347 0.482997
v -0.465040 -0.033448 0.482153
v -0.465344 -0.199359 0.482115
v -0.465493 -0.163572 0.482355
v -0.465550 -0.264594 0.454836
v -0.465670 -0.119882 0.482060
v -0.465697 -0.075896 0.481884
v -0.465748 -0.221064 0.482071
v -0.466104 0.092956 0.474656
v -0.466209 -0.258289 0.479177
v -0.466280 -0.236088 0.481724
v -0.466520 0.092891 0.302279
v -0.466686 -0.248605 0.480789
v -0.466963 0.035363 0.486064
v -0.467296 0.092929 0.361234
v -0.467801 -0.264617 0.443929
v -0.468436 0.092778 0.488348
v -0.468485 0.092867 0.242979
v -0.469340 -0.264608 0.426416
v -0.469570 0.092939 0.400284
v -0.469956 -0.261898 0.190687
v -0.470270 0.036107 0.171353
v -0.470453 -0.264316 0.205607
v -0.470513 -0.264636 0.396952
v -0.470520 -0.263769 0.466649
v -0.470595 0.089867 0.498350
v -0.470718 0.036952 0.494125
v -0.470890 -0.264372 0.313766
v -0.471093 -0.264440 0.273101
v -0.471429 -0.264296 0.219785
v -0.471582 0.081297 0.499391
v -0.471604 -0.264424 0.240026
v -0.471633 -0.264527 0.356431
v -0.471852 0.043544 0.498900
v -0.471909 0.092874 0.199195
v -0.472087 0.028653 0.475518
v -0.472226 0.072071 0.499519
v -0.472293 0.092961 0.434798
v -0.472459 0.017789 0.475083
v -0.472509 0.053271 0.499294
v -0.472672 0.062840 0.499372
v -0.472675 -0.254613 0.188268
v -0.473018 0.024961 0.187537
v -0.473151 0.033470 0.186165
v -0.473255 -0.002147 0.474405
v -0.473301 0.013310 0.188036
v -0.473336 -0.244733 0.187782
v -0.473467 -0.158780 0.187715
v -0.473529 -0.005434 0.188089
v -0.473536 -0.194666 0.187892
v -0.473568 -0.232219 0.187912
v -0.473702 -0.216912 0.187969
v -0.473741 -0.035662 0.188010
v -0.474069 -0.117464 0.188377
v -0.474157 -0.033684 0.473429
v -0.474247 -0.199269 0.473292
v -0.474296 -0.163539 0.473156
v -0.474326 -0.258283 0.471271
v -0.474368 -0.076015 0.188807
v -0.474393 0.092864 0.163613
v -0.474458 -0.264268 0.457857
v -0.474490 -0.221152 0.473003
v -0.474739 -0.119962 0.472828
v -0.474743 -0.075966 0.472784
v -0.474775 0.092947 0.458726
v -0.474908 -0.248808 0.471958
v -0.474919 -0.236215 0.472546
v -0.475592 0.092868 0.173329
v -0.475641 0.036497 0.479145
v -0.476325 0.092853 0.321928
v -0.476777 -0.264406 0.444748
v -0.476799 -0.261702 0.203231
v -0.476865 0.036913 0.161772
v -0.477345 0.092850 0.282530
v -0.477381 0.092876 0.361169
v -0.477643 0.092876 0.476906
v -0.477665 -0.264210 0.426592
v -0.478243 -0.261579 0.218954
v -0.478320 0.027752 0.467035
v -0.479034 -0.260917 0.313758
v -0.479046 0.017378 0.465824
v -0.479063 -0.260974 0.273102
v -0.479298 0.036344 0.180557
v -0.479337 0.092851 0.242897
v -0.479440 0.092864 0.400378
v -0.479589 -0.261313 0.239843
v -0.479601 -0.254413 0.202231
v -0.479660 -0.263789 0.397054
v -0.479753 -0.257911 0.459888
v -0.479787 -0.163576 0.461686
v -0.479824 -0.221128 0.461554
v -0.479854 -0.248588 0.460411
v -0.479880 -0.001930 0.464468
v -0.479933 -0.199102 0.461836
v -0.479950 -0.236312 0.461025
v -0.479952 -0.033777 0.462564
v -0.480050 -0.076018 0.461473
v -0.480089 -0.120031 0.461393
v -0.480125 -0.253607 0.218573
v -0.480140 0.032276 0.278388
v -0.480187 0.025240 0.198599
v -0.480208 -0.244831 0.201677
v -0.480237 -0.252147 0.272987
v -0.480245 -0.252644 0.239998
v -0.480256 -0.252211 0.313953
v -0.480322 -0.256305 0.426814
v -0.480328 0.022396 0.277511
v -0.480329 -0.257747 0.445466
v -0.480341 -0.261678 0.356419
v -0.480343 -0.254483 0.397297
v -0.480376 0.011265 0.318229
v -0.480386 -0.242557 0.314193
v -0.480392 -0.004453 0.318216
v -0.480393 -0.253233 0.356726
v -0.480395 0.024826 0.360572
v -0.480403 -0.242468 0.272948
v -0.480414 -0.247691 0.446220
v -0.480425 -0.244646 0.397709
v -0.480427 0.012840 0.360792
v -0.480430 -0.243571 0.357114
v -0.480432 -0.033389 0.317992
v -0.480432 -0.232656 0.314442
v -0.480437 -0.246036 0.427116
v -0.480444 -0.243051 0.239993
v -0.480445 -0.236130 0.446925
v -0.480448 0.010663 0.276493
v -0.480454 -0.220946 0.447600
v -0.480458 -0.198940 0.447888
v -0.480458 -0.233662 0.357538
v -0.480459 -0.075691 0.317443
v -0.480460 -0.004969 0.275392
v -0.480463 -0.003415 0.361185
v -0.480467 -0.234218 0.398299
v -0.480468 -0.163669 0.448050
v -0.480468 -0.218526 0.314804
v -0.480471 0.022799 0.318389
v -0.480482 -0.119530 0.316784
v -0.480485 -0.033800 0.274286
v -0.480486 -0.235183 0.427656
v -0.480491 -0.196980 0.315322
v -0.480495 -0.219293 0.378587
v -0.480496 -0.001857 0.451300
v -0.480497 -0.032976 0.361609
v -0.480497 -0.162775 0.316038
v -0.480497 0.016871 0.453242
v -0.480508 -0.075806 0.361689
v -0.480508 -0.076041 0.448318
v -0.480510 -0.120088 0.448154
v -0.480513 -0.119943 0.361144
v -0.480520 -0.197955 0.379413
v -0.480521 -0.220473 0.428491
v -0.480521 -0.033699 0.449338
v -0.480534 -0.163713 0.380468
v -0.480535 0.013901 0.401658
v -0.480542 -0.002755 0.402179
v -0.480548 -0.198736 0.429592
v -0.480554 -0.098020 0.402082
v -0.480560 -0.032942 0.402569
v -0.480568 -0.141979 0.431180
v -0.480576 0.027278 0.454453
v -0.480577 -0.076017 0.431843
v -0.480584 -0.017686 0.432924
v -0.480585 0.015776 0.433806
v -0.480615 -0.232667 0.272790
v -0.480616 -0.244243 0.218266
v -0.480623 0.092924 0.157399
v -0.480634 -0.161650 0.272459
v -0.480642 0.025536 0.401309
v -0.480679 -0.118956 0.272696
v -0.480689 -0.075685 0.273285
v -0.480705 -0.218131 0.272565
v -0.480706 0.032927 0.197290
v -0.480716 0.026989 0.434165
v -0.480721 -0.196413 0.272381
v -0.480839 -0.159242 0.200902
v -0.480874 -0.005061 0.200549
v -0.480898 0.013236 0.199708
v -0.480961 -0.035364 0.200909
v -0.481012 0.035413 0.469725
v -0.481104 -0.194995 0.201640
v -0.481283 0.041405 0.153994
v -0.481379 -0.117889 0.201674
v -0.481483 -0.233066 0.201368
v -0.481678 0.035137 0.360551
v -0.481826 0.092540 0.489637
v -0.481913 0.032616 0.240106
v -0.481926 0.092865 0.435282
v -0.481970 0.092846 0.209407
v -0.482051 -0.004120 0.238938
v -0.482113 -0.004395 0.216554
v -0.482142 0.032123 0.318794
v -0.482189 -0.035050 0.217334
v -0.482235 -0.159817 0.217453
v -0.482275 -0.034431 0.238773
v -0.482315 -0.160582 0.238421
v -0.482323 0.034587 0.401122
v -0.482436 -0.195237 0.217718
v -0.482466 -0.195952 0.238917
v -0.482502 -0.075786 0.201848
v -0.482508 -0.118493 0.238716
v -0.482523 -0.118211 0.217856
v -0.482663 -0.217383 0.201201
v -0.482740 0.032609 0.214237
v -0.482871 -0.232993 0.239759
v -0.482882 -0.233414 0.217983
v -0.482900 0.035023 0.455890
v -0.482961 0.051708 0.151917
v -0.483013 0.036799 0.486866
v -0.483051 0.023355 0.239904
v -0.483121 0.036162 0.434598
v -0.483448 0.011384 0.239416
v -0.483467 0.061712 0.152056
v -0.483589 0.024488 0.215115
v -0.483614 0.080315 0.152676
v -0.483624 0.071211 0.152251
v -0.483896 -0.075713 0.218148
v -0.484038 -0.218033 0.239331
v -0.484078 -0.217848 0.217743
v -0.484082 -0.075589 0.239100
v -0.484147 0.088066 0.152696
v -0.484149 0.012449 0.215892
v -0.484369 0.092785 0.459935
v -0.485649 0.036601 0.194529
v -0.485678 0.087622 0.495674
v -0.485789 0.092709 0.475838
v -0.485793 0.092802 0.187031
v -0.486386 0.092550 0.321828
v -0.487083 0.079190 0.495893
v -0.487273 0.092876 0.169920
v -0.487622 0.092597 0.361141
v -0.487642 0.070539 0.495455
v -0.487754 0.092715 0.282558
v -0.487802 0.036457 0.279025
v -0.488043 0.043122 0.492756
v -0.488092 0.036612 0.213146
v -0.488117 0.061618 0.494974
v -0.488290 0.036577 0.241104
v -0.488679 0.052450 0.494210
v -0.488930 0.036444 0.319077
v -0.489256 0.092309 0.400389
v -0.489380 0.037087 0.173975
v -0.489461 0.036960 0.473758
v -0.489470 0.036503 0.360234
v -0.489983 0.092749 0.242795
v -0.490433 0.036311 0.400905
v -0.490677 0.036858 0.457279
v -0.490919 0.036409 0.435108
v -0.491102 0.092443 0.435463
v -0.492208 0.092666 0.209257
v -0.492269 0.092073 0.480893
v -0.492599 0.091958 0.461155
v -0.493901 0.038775 0.191712
v -0.494550 0.091990 0.186262
v -0.494712 0.040695 0.212188
v -0.494923 0.089187 0.321592
v -0.495411 0.090204 0.166815
v -0.495497 0.041314 0.241649
v -0.495637 0.042122 0.279477
v -0.495645 0.043922 0.169882
v -0.495718 0.042461 0.319271
v -0.495729 0.087944 0.361141
v -0.495858 0.053487 0.167611
v -0.495920 0.082019 0.166811
v -0.495957 0.042332 0.458296
v -0.496018 0.063123 0.166683
v -0.496120 0.087122 0.400496
v -0.496181 0.072612 0.166608
v -0.496224 0.041270 0.360106
v -0.496230 0.042887 0.476544
v -0.496325 0.069532 0.481044
v -0.496482 0.085776 0.481707
v -0.496504 0.041008 0.435420
v -0.496554 0.085590 0.461348
v -0.496599 0.060847 0.479986
v -0.496607 0.077664 0.481303
v -0.496620 0.051896 0.478741
v -0.496652 0.048947 0.211401
v -0.496666 0.086411 0.435570
v -0.496670 0.090205 0.282685
v -0.496670 0.089131 0.242638
v -0.496685 0.046614 0.189946
v -0.496751 0.050392 0.241779
v -0.496829 0.079729 0.321373
v -0.496837 0.040647 0.400768
v -0.496845 0.086748 0.209371
v -0.496871 0.051523 0.279791
v -0.496872 0.051710 0.319973
v -0.496886 0.050036 0.435572
v -0.496900 0.055842 0.187729
v -0.496901 0.050414 0.360506
v -0.496901 0.078838 0.361184
v -0.496903 0.051300 0.459025
v -0.496913 0.077906 0.400730
v -0.496925 0.084334 0.185807
v -0.496935 0.058064 0.210795
v -0.496938 0.077334 0.435498
v -0.496939 0.065159 0.186517
v -0.496939 0.077245 0.461199
v -0.496943 0.074555 0.185958
v -0.496951 0.059822 0.241806
v -0.496954 0.080041 0.281667
v -0.496958 0.079229 0.242280
v -0.496969 0.049398 0.400809
v -0.496974 0.059190 0.435541
v -0.496976 0.076956 0.209710
v -0.496979 0.060770 0.320563
v -0.496979 0.060910 0.280345
v -0.496980 0.060211 0.459927
v -0.496981 0.070178 0.321041
v -0.496983 0.059740 0.360958
v -0.496984 0.069230 0.361156
v -0.496985 0.068837 0.460379
v -0.496987 0.068287 0.435496
v -0.496987 0.069457 0.241958
v -0.496989 0.067437 0.210247
v -0.496993 0.070370 0.280991
v -0.496996 0.068265 0.400888
v -0.497002 0.058747 0.400922
vt 0.315282 0.681168
vt 0.308353 0.694909
vt 0.315018 0.679999
vt 0.324543 0.666793
vt 0.320926 0.664542
vt 0.305824 0.675381
vt 0.316667 0.715704
vt 0.323632 0.724756
vt 0.321969 0.729594
vt 0.309598 0.719424
vt 0.332266 0.731654
vt 0.334172 0.738708
vt 0.331523 0.717085
vt 0.324736 0.710634
vt 0.329720 0.708116
vt 0.333833 0.725382
vt 0.326588 0.720941
vt 0.337137 0.706835
vt 0.338391 0.717548
vt 0.327542 0.681831
vt 0.336066 0.674250
vt 0.340064 0.679753
vt 0.326633 0.694223
vt 0.323406 0.680545
vt 0.649777 0.379574
vt 0.644973 0.386640
vt 0.645839 0.377136
vt 0.654170 0.376187
vt 0.658151 0.382982
vt 0.651514 0.385136
vt 0.663375 0.367081
vt 0.669135 0.375144
vt 0.662651 0.371901
vt 0.664390 0.379665
vt 0.659528 0.373794
vt 0.655103 0.368260
vt 0.667890 0.385572
vt 0.671789 0.387067
vt 0.662641 0.394127
vt 0.660974 0.388984
vt 0.655125 0.390480
vt 0.652161 0.393717
vt 0.679591 0.338998
vt 0.686900 0.333129
vt 0.692209 0.338041
vt 0.680439 0.348843
vt 0.696780 0.320953
vt 0.678221 0.332286
vt 0.688906 0.321166
vt 0.058626 0.402549
vt 0.050403 0.396548
vt 0.058672 0.392620
vt 0.070026 0.401701
vt 0.069538 0.409041
vt 0.053941 0.407907
vt 0.093710 0.404953
vt 0.085668 0.409672
vt 0.084029 0.403298
vt 0.103204 0.397694
vt 0.098257 0.409483
vt 0.103194 0.418627
vt 0.113139 0.405660
vt 0.117064 0.408799
vt 0.088063 0.419627
vt 0.090046 0.425540
vt 0.106715 0.424019
vt 0.051567 0.414044
vt 0.067725 0.420746
vt 0.047849 0.416393
vt 0.042189 0.402269
vt 0.046927 0.427904
vt 0.141462 0.521756
vt 0.142757 0.515117
vt 0.148332 0.515010
vt 0.145404 0.508802
vt 0.149416 0.505256
vt 0.156004 0.503645
vt 0.144482 0.524086
vt 0.151036 0.517865
vt 0.141745 0.510628
vt 0.138768 0.513109
vt 0.140572 0.506422
vt 0.662130 0.405338
vt 0.684628 0.394840
vt 0.664606 0.411019
vt 0.689412 0.407878
vt 0.638335 0.407378
vt 0.629048 0.386204
vt 0.640879 0.402282
vt 0.620329 0.409599
vt 0.628267 0.385958
vt 0.630870 0.428617
vt 0.629734 0.360436
vt 0.616878 0.348183
vt 0.630121 0.345696
vt 0.641799 0.355768
vt 0.631955 0.365550
vt 0.641150 0.349283
vt 0.681236 0.366586
vt 0.685545 0.363493
vt 0.696152 0.370718
vt 0.694794 0.352804
vt 0.255130 0.652746
vt 0.263648 0.650486
vt 0.258251 0.655158
vt 0.260394 0.658147
vt 0.254923 0.657789
vt 0.226890 0.638321
vt 0.229360 0.642134
vt 0.219956 0.647812
vt 0.227692 0.648138
vt 0.221783 0.654085
vt 0.218741 0.639564
vt 0.228934 0.658171
vt 0.224852 0.659368
vt 0.228435 0.653996
vt 0.233578 0.658499
vt 0.228365 0.662417
vt 0.495199 0.530666
vt 0.501998 0.534535
vt 0.496512 0.534612
vt 0.490792 0.534984
vt 0.491066 0.529162
vt 0.493703 0.524558
vt 0.498930 0.529324
vt 0.504064 0.659685
vt 0.497994 0.654826
vt 0.504510 0.656309
vt 0.510500 0.657015
vt 0.508060 0.661635
vt 0.502885 0.665470
vt 0.500001 0.661158
vt 0.822057 0.335362
vt 0.824884 0.332823
vt 0.824273 0.335690
vt 0.823167 0.338094
vt 0.820688 0.337098
vt 0.818935 0.335069
vt 0.821410 0.333067
vt 0.272839 0.289637
vt 0.276615 0.282189
vt 0.279403 0.290175
vt 0.268440 0.298859
vt 0.262896 0.295523
vt 0.713058 0.933861
vt 0.710293 0.928619
vt 0.714651 0.931274
vt 0.710366 0.934537
vt 0.705100 0.932701
vt 0.716046 0.938098
vt 0.710480 0.939929
vt 0.929343 0.833066
vt 0.929773 0.825463
vt 0.932439 0.829239
vt 0.931428 0.834672
vt 0.930731 0.837844
vt 0.926691 0.834378
vt 0.934097 0.834807
vt 0.936031 0.826003
vt 0.934045 0.817076
vt 0.939112 0.819587
vt 0.947018 0.801112
vt 0.937502 0.797898
vt 0.945033 0.794467
vt 0.949430 0.807963
vt 0.943878 0.805965
vt 0.405237 0.946079
vt 0.408445 0.951957
vt 0.402868 0.950548
vt 0.957941 0.818616
vt 0.953904 0.819507
vt 0.403103 0.955826
vt 0.946792 0.823719
vt 0.943672 0.813289
vt 0.363405 0.990221
vt 0.356133 0.999126
vt 0.358406 0.984196
vt 0.352056 0.978465
vt 0.357715 0.973485
vt 0.353443 0.986911
vt 0.228123 0.040374
vt 0.233415 0.030482
vt 0.233496 0.041608
vt 0.235113 0.039168
vt 0.230118 0.048330
vt 0.941740 0.836051
vt 0.944003 0.823051
vt 0.945989 0.830856
vt 0.240767 0.043119
vt 0.411598 0.942500
vt 0.409997 0.947235
vt 0.409598 0.942002
vt 0.409135 0.938948
vt 0.950929 0.797846
vt 0.951411 0.788595
vt 0.935758 0.783543
vt 0.989294 0.771182
vt 0.983537 0.766518
vt 0.990662 0.767148
vt 0.938573 0.803722
vt 0.992097 0.776053
vt 0.992629 0.770268
vt 0.241845 0.033140
vt 0.243026 0.038572
vt 0.247823 0.033552
vt 0.249810 0.036939
vt 0.248939 0.039190
vt 0.264967 0.031922
vt 0.259566 0.033873
vt 0.259730 0.031246
vt 0.263780 0.022987
vt 0.987618 0.789505
vt 0.982213 0.786014
vt 0.987808 0.786297
vt 0.253628 0.045185
vt 0.249150 0.045836
vt 0.251072 0.042670
vt 0.244904 0.044011
vt 0.253545 0.032058
vt 0.992688 0.781656
vt 0.993066 0.787119
vt 0.255113 0.025776
vt 0.252091 0.029276
vt 0.251168 0.025693
vt 0.251926 0.021973
vt 0.257100 0.022356
vt 0.258174 0.027708
vt 0.977871 0.785155
vt 0.982641 0.781350
vt 0.257716 0.019009
vt 0.973205 0.782639
vt 0.977504 0.781604
vt 0.984597 0.557745
vt 0.988299 0.553838
vt 0.991574 0.556182
vt 0.981741 0.548476
vt 0.985851 0.552902
vt 0.897456 0.752137
vt 0.908831 0.758631
vt 0.899744 0.757246
vt 0.988365 0.547005
vt 0.929037 0.773476
vt 0.925383 0.768468
vt 0.935381 0.771446
vt 0.978368 0.771163
vt 0.973390 0.766541
vt 0.977891 0.765632
vt 0.925408 0.763877
vt 0.938225 0.765371
vt 0.236115 0.020950
vt 0.235061 0.014855
vt 0.237785 0.017288
vt 0.943493 0.774106
vt 0.226152 0.014703
vt 0.227587 0.007068
vt 0.235106 0.031496
vt 0.240906 0.028626
vt 0.234723 0.024683
vt 0.230397 0.024144
vt 0.947772 0.781998
vt 0.949828 0.775068
vt 0.943683 0.784143
vt 0.835344 0.728357
vt 0.820700 0.721254
vt 0.840370 0.723223
vt 0.858823 0.719131
vt 0.847451 0.731441
vt 0.841603 0.732950
vt 0.857600 0.516371
vt 0.848250 0.504862
vt 0.858906 0.501773
vt 0.847938 0.498789
vt 0.854272 0.495071
vt 0.865172 0.488656
vt 0.840858 0.545091
vt 0.836811 0.553964
vt 0.834153 0.546683
vt 0.827440 0.549928
vt 0.830813 0.545318
vt 0.830049 0.535551
vt 0.834374 0.533908
vt 0.768024 0.945217
vt 0.766848 0.939998
vt 0.769754 0.941752
vt 0.773511 0.941472
vt 0.775826 0.935573
vt 0.778534 0.937692
vt 0.993902 0.531474
vt 0.991144 0.538046
vt 0.991345 0.529779
vt 0.984122 0.531699
vt 0.945585 0.760073
vt 0.956792 0.750519
vt 0.950270 0.763898
vt 0.965579 0.735182
vt 0.974551 0.722758
vt 0.974983 0.723517
vt 0.969138 0.734318
vt 0.795007 0.917216
vt 0.791179 0.924732
vt 0.789877 0.922650
vt 0.785587 0.928865
vt 0.794202 0.926916
vt 0.783261 0.927515
vt 0.722884 0.925606
vt 0.727259 0.931344
vt 0.720620 0.928173
vt 0.720306 0.924291
vt 0.723967 0.919535
vt 0.727853 0.926540
vt 0.716156 0.923888
vt 0.750540 0.943402
vt 0.759440 0.941320
vt 0.750622 0.945557
vt 0.757297 0.950155
vt 0.750163 0.952021
vt 0.744509 0.947904
vt 0.747418 0.938663
vt 0.752898 0.940188
vt 0.744172 0.942004
vt 0.763794 0.945886
vt 0.758158 0.937974
vt 0.771331 0.934497
vt 0.767662 0.932852
vt 0.405145 0.931452
vt 0.403984 0.935830
vt 0.337873 0.954213
vt 0.350115 0.956081
vt 0.341999 0.963100
vt 0.354818 0.964312
vt 0.348372 0.970300
vt 0.199046 0.067354
vt 0.202554 0.073650
vt 0.196805 0.076178
vt 0.334534 0.962671
vt 0.745891 0.988056
vt 0.752974 0.995592
vt 0.745465 0.998017
vt 0.742360 0.961108
vt 0.736246 0.950991
vt 0.741481 0.949745
vt 0.429229 0.819236
vt 0.422935 0.821133
vt 0.426608 0.815461
vt 0.415661 0.810632
vt 0.419346 0.808902
vt 0.326055 0.959039
vt 0.331269 0.955858
vt 0.753899 0.988748
vt 0.760623 0.996948
vt 0.177340 0.219332
vt 0.164948 0.220287
vt 0.168675 0.211084
vt 0.177968 0.202046
vt 0.187329 0.202659
vt 0.191180 0.220434
vt 0.146183 0.204805
vt 0.146777 0.213270
vt 0.140926 0.209977
vt 0.138113 0.201184
vt 0.151285 0.194242
vt 0.151265 0.205719
vt 0.144465 0.193220
vt 0.049977 0.020406
vt 0.064071 0.018935
vt 0.057024 0.031084
vt 0.671089 0.037955
vt 0.692906 0.025287
vt 0.700118 0.043602
vt 0.040526 0.030416
vt 0.722495 0.062385
vt 0.714897 0.077278
vt 0.711312 0.066582
vt 0.676064 0.049364
vt 0.644235 0.038265
vt 0.631943 0.044531
vt 0.621906 0.032905
vt 0.068291 0.204774
vt 0.072606 0.216544
vt 0.058462 0.212257
vt 0.638071 0.026169
vt 0.058606 0.278805
vt 0.048437 0.270468
vt 0.061457 0.272707
vt 0.049456 0.289462
vt 0.048071 0.279689
vt 0.070851 0.279695
vt 0.061968 0.285894
vt 0.008889 0.053353
vt 0.000101 0.059602
vt 0.000544 0.049566
vt 0.020356 0.058852
vt 0.011252 0.060246
vt 0.011204 0.044207
vt 0.016396 0.050812
vt 0.728562 0.115292
vt 0.730246 0.122546
vt 0.722473 0.119623
vt 0.723351 0.109224
vt 0.733744 0.109408
vt 0.736308 0.116864
vt 0.708069 0.102635
vt 0.711342 0.112984
vt 0.698538 0.113322
vt 0.709849 0.124648
vt 0.720683 0.127379
vt 0.099378 0.918559
vt 0.110451 0.917357
vt 0.101277 0.924488
vt 0.090273 0.931997
vt 0.090597 0.925482
vt 0.645766 0.120954
vt 0.655370 0.121191
vt 0.646747 0.129940
vt 0.953420 0.973463
vt 0.942478 0.971011
vt 0.951952 0.964025
vt 0.640011 0.117348
vt 0.645726 0.108821
vt 0.947778 0.958658
vt 0.654656 0.108696
vt 0.661388 0.101528
vt 0.655055 0.094028
vt 0.658715 0.092435
vt 0.667915 0.096862
vt 0.658148 0.084450
vt 0.637804 0.057813
vt 0.651875 0.048514
vt 0.656303 0.057827
vt 0.646295 0.068353
vt 0.941405 0.924113
vt 0.932720 0.935039
vt 0.927297 0.924501
vt 0.624240 0.052644
vt 0.937974 0.914823
vt 0.703284 0.063848
vt 0.702877 0.072635
vt 0.696142 0.064771
vt 0.677406 0.058122
vt 0.694307 0.059252
vt 0.683548 0.069279
vt 0.704169 0.066177
vt 0.705766 0.065416
vt 0.702747 0.080241
vt 0.688437 0.080144
vt 0.040677 0.115744
vt 0.052675 0.113027
vt 0.047368 0.117814
vt 0.036970 0.974607
vt 0.047539 0.989877
vt 0.033187 0.990853
vt 0.026411 0.986746
vt 0.934897 0.891651
vt 0.942786 0.900792
vt 0.933089 0.901216
vt 0.019485 0.975302
vt 0.019095 0.961280
vt 0.026599 0.971837
vt 0.027403 0.955420
vt 0.036993 0.959325
vt 0.709716 0.145023
vt 0.699266 0.135332
vt 0.709794 0.134775
vt 0.720342 0.145231
vt 0.035719 0.100282
vt 0.030786 0.092332
vt 0.039930 0.095868
vt 0.050639 0.099309
vt 0.045782 0.103833
vt 0.708935 0.159201
vt 0.700057 0.145655
vt 0.058211 0.107885
vt 0.044414 0.109390
vt 0.058451 0.987624
vt 0.049116 0.975809
vt 0.059160 0.976179
vt 0.023139 0.082669
vt 0.029215 0.076073
vt 0.031760 0.083092
vt 0.030688 0.088161
vt 0.022416 0.087757
vt 0.008687 0.084784
vt 0.016445 0.077451
vt 0.042141 0.091339
vt 0.898396 0.362600
vt 0.910461 0.363765
vt 0.904798 0.374453
vt 0.914847 0.373307
vt 0.912121 0.381101
vt 0.072114 0.925923
vt 0.063728 0.932608
vt 0.063671 0.924928
vt 0.898248 0.372372
vt 0.088336 0.315641
vt 0.077447 0.310152
vt 0.086045 0.307194
vt 0.921773 0.368073
vt 0.922927 0.380459
vt 0.894898 0.371897
vt 0.892705 0.362142
vt 0.872717 0.330377
vt 0.881024 0.315460
vt 0.885238 0.328808
vt 0.892171 0.337654
vt 0.879055 0.340933
vt 0.897207 0.331338
vt 0.893670 0.323593
vt 0.066271 0.097453
vt 0.084642 0.099029
vt 0.080474 0.107177
vt 0.069302 0.109376
vt 0.073798 0.119934
vt 0.082712 0.082670
vt 0.067003 0.089329
vt 0.063869 0.078844
vt 0.113453 0.083014
vt 0.111889 0.097636
vt 0.397976 0.075078
vt 0.401133 0.078664
vt 0.390908 0.085410
vt 0.395855 0.062135
vt 0.403933 0.071016
vt 0.391496 0.075569
vt 0.961725 0.910536
vt 0.954446 0.922944
vt 0.949488 0.913679
vt 0.396525 0.092018
vt 0.402572 0.088613
vt 0.859886 0.330102
vt 0.867565 0.316629
vt 0.390830 0.098064
vt 0.407747 0.099369
vt 0.402059 0.110266
vt 0.409870 0.089361
vt 0.415172 0.080175
vt 0.419782 0.065405
vt 0.400936 0.040176
vt 0.394389 0.039038
vt 0.396648 0.033485
vt 0.400359 0.049701
vt 0.388194 0.038913
vt 0.093206 0.170107
vt 0.102099 0.164854
vt 0.104002 0.173077
vt 0.100184 0.182154
vt 0.092901 0.179421
vt 0.418108 0.053826
vt 0.405171 0.059868
vt 0.390974 0.049099
vt 0.408282 0.036123
vt 0.411441 0.044380
vt 0.899960 0.399595
vt 0.888686 0.396538
vt 0.887222 0.391760
vt 0.903476 0.396513
vt 0.882652 0.409307
vt 0.875206 0.412357
vt 0.890542 0.440124
vt 0.898851 0.429531
vt 0.904648 0.432204
vt 0.881748 0.426381
vt 0.891118 0.430962
vt 0.876217 0.428091
vt 0.519620 0.029247
vt 0.511221 0.040753
vt 0.512202 0.023461
vt 0.505532 0.026433
vt 0.902766 0.442772
vt 0.886696 0.410673
vt 0.887062 0.422675
vt 0.890220 0.402966
vt 0.895498 0.401783
vt 0.891683 0.406436
vt 0.868607 0.391145
vt 0.866513 0.412845
vt 0.924350 0.081315
vt 0.927958 0.073731
vt 0.928061 0.085922
vt 0.928234 0.095314
vt 0.900747 0.388304
vt 0.890042 0.387408
vt 0.916925 0.305170
vt 0.925928 0.315259
vt 0.917019 0.317614
vt 0.907944 0.312461
vt 0.906100 0.301987
vt 0.914404 0.296786
vt 0.200070 0.970829
vt 0.187794 0.978629
vt 0.188418 0.967884
vt 0.481157 0.071773
vt 0.472726 0.068618
vt 0.481345 0.062610
vt 0.198130 0.953652
vt 0.486843 0.045271
vt 0.492785 0.061984
vt 0.491062 0.071515
vt 0.511754 0.071400
vt 0.528936 0.081417
vt 0.505233 0.080724
vt 0.528325 0.090718
vt 0.506637 0.087711
vt 0.495086 0.090389
vt 0.494816 0.080141
vt 0.620532 0.210580
vt 0.628200 0.224937
vt 0.617717 0.218979
vt 0.499706 0.071543
vt 0.655969 0.172991
vt 0.645778 0.199028
vt 0.632488 0.188927
vt 0.608222 0.176547
vt 0.635355 0.165336
vt 0.635890 0.207264
vt 0.624480 0.202491
vt 0.607882 0.190785
vt 0.930080 0.437677
vt 0.928392 0.422634
vt 0.943355 0.426672
vt 0.921754 0.454345
vt 0.922055 0.437749
vt 0.933367 0.450090
vt 0.902399 0.291910
vt 0.910799 0.283240
vt 0.920700 0.280397
vt 0.905333 0.273479
vt 0.919430 0.268344
vt 0.897235 0.280415
vt 0.933349 0.077584
vt 0.943051 0.075143
vt 0.936044 0.083966
vt 0.938151 0.067970
vt 0.052508 0.365866
vt 0.042557 0.355489
vt 0.054605 0.356207
vt 0.043306 0.343633
vt 0.056496 0.341463
vt 0.919190 0.336614
vt 0.930295 0.340146
vt 0.926350 0.344758
vt 0.912126 0.343837
vt 0.928775 0.272905
vt 0.922960 0.288621
vt 0.646304 0.237997
vt 0.661868 0.251098
vt 0.650179 0.247135
vt 0.109952 0.990120
vt 0.104011 0.999871
vt 0.101015 0.995789
vt 0.633194 0.240757
vt 0.099445 0.989385
vt 0.666647 0.262175
vt 0.659484 0.262864
vt 0.665449 0.240210
vt 0.657430 0.242386
vt 0.658678 0.235282
vt 0.663774 0.230755
vt 0.671029 0.239073
vt 0.675408 0.245659
vt 0.666851 0.245527
vt 0.159952 0.950713
vt 0.149851 0.962137
vt 0.145277 0.949095
vt 0.137315 0.965906
vt 0.131663 0.953903
vt 0.151080 0.935318
vt 0.134440 0.938709
vt 0.139824 0.928710
vt 0.940789 0.114252
vt 0.927865 0.114351
vt 0.934178 0.105054
vt 0.935424 0.331907
vt 0.926214 0.333690
vt 0.938357 0.105127
vt 0.926942 0.324096
vt 0.932541 0.096793
vt 0.152348 0.969493
vt 0.162869 0.961322
vt 0.163463 0.971998
vt 0.159332 0.980508
vt 0.146718 0.974647
vt 0.996345 0.008214
vt 0.999809 0.019592
vt 0.992738 0.025048
vt 0.991439 0.000313
vt 0.999171 0.000301
vt 0.987865 0.010936
vt 0.020416 0.206863
vt 0.035573 0.205853
vt 0.030254 0.221179
vt 0.052307 0.219644
vt 0.049640 0.230028
vt 0.962914 0.134604
vt 0.962410 0.124921
vt 0.974365 0.131688
vt 0.032074 0.238089
vt 0.951331 0.137905
vt 0.956227 0.128199
vt 0.947935 0.030352
vt 0.948590 0.039499
vt 0.941018 0.036571
vt 0.120327 0.933475
vt 0.116592 0.939534
vt 0.108022 0.927454
vt 0.764481 0.211961
vt 0.776518 0.227860
vt 0.759846 0.220287
vt 0.125870 0.928396
vt 0.126509 0.943107
vt 0.942625 0.045187
vt 0.958104 0.043724
vt 0.951544 0.053896
vt 0.973388 0.110717
vt 0.973466 0.099526
vt 0.979680 0.109181
vt 0.927509 0.151377
vt 0.922952 0.145381
vt 0.931994 0.143973
vt 0.023109 0.243507
vt 0.010768 0.260323
vt 0.006780 0.250637
vt 0.969794 0.121173
vt 0.986862 0.130168
vt 0.959351 0.119681
vt 0.970251 0.116041
vt 0.936418 0.138540
vt 0.937591 0.128936
vt 0.941412 0.137400
vt 0.931605 0.135043
vt 0.030781 0.251527
vt 0.925563 0.129912
vt 0.910269 0.146826
vt 0.906540 0.136844
vt 0.110274 0.949477
vt 0.110596 0.967506
vt 0.097667 0.957112
vt 0.125236 0.951057
vt 0.121018 0.962624
vt 0.127157 0.971115
vt 0.129421 0.960277
vt 0.126307 0.978936
vt 0.141836 0.978450
vt 0.135253 0.975078
vt 0.743056 0.193721
vt 0.747075 0.201909
vt 0.737476 0.197667
vt 0.153147 0.985204
vt 0.957324 0.001890
vt 0.968359 0.012607
vt 0.957811 0.013747
vt 0.706559 0.215910
vt 0.697010 0.211476
vt 0.706085 0.207434
vt 0.709942 0.228393
vt 0.701240 0.220708
vt 0.715953 0.218049
vt 0.728284 0.187059
vt 0.733097 0.202972
vt 0.722596 0.193150
vt 0.718021 0.181937
vt 0.729835 0.211172
vt 0.719170 0.206722
vt 0.705644 0.184409
vt 0.707595 0.195674
vt 0.048370 0.252392
vt 0.030948 0.262607
vt 0.048530 0.241613
vt 0.603592 0.908346
vt 0.606526 0.901721
vt 0.610425 0.906328
vt 0.610308 0.912218
vt 0.614048 0.912023
vt 0.601677 0.914674
vt 0.592425 0.910652
vt 0.598750 0.907937
vt 0.600620 0.905241
vt 0.598852 0.902211
vt 0.580333 0.886847
vt 0.579183 0.892212
vt 0.576603 0.885410
vt 0.580998 0.884604
vt 0.573887 0.879688
vt 0.572362 0.887968
vt 0.585451 0.887833
vt 0.582663 0.890136
vt 0.550201 0.862282
vt 0.554610 0.871983
vt 0.546641 0.871407
vt 0.561672 0.856779
vt 0.559326 0.866031
vt 0.557424 0.849476
vt 0.429010 0.197227
vt 0.427957 0.193504
vt 0.431002 0.195547
vt 0.433212 0.198996
vt 0.429360 0.200443
vt 0.425547 0.199929
vt 0.426383 0.196254
vt 0.496697 0.851737
vt 0.493878 0.857813
vt 0.493207 0.849331
vt 0.500680 0.851248
vt 0.498454 0.858819
vt 0.497748 0.845802
vt 0.501359 0.945776
vt 0.497075 0.952176
vt 0.494987 0.946662
vt 0.507089 0.943024
vt 0.507106 0.938078
vt 0.499191 0.936376
vt 0.341416 0.141302
vt 0.345905 0.140550
vt 0.343579 0.143197
vt 0.340787 0.145563
vt 0.338778 0.141638
vt 0.338965 0.137456
vt 0.342385 0.138384
vt 0.844767 0.049254
vt 0.855376 0.053890
vt 0.837313 0.051593
vt 0.839855 0.057067
vt 0.997680 0.833116
vt 0.998574 0.835509
vt 0.996537 0.835118
vt 0.969314 0.848101
vt 0.970006 0.848101
vt 0.969348 0.848416
vt 0.443495 0.014061
vt 0.437180 0.005064
vt 0.442177 0.006709
vt 0.838638 0.047100
vt 0.837673 0.048636
vt 0.839483 0.046318
vt 0.847431 0.046198
vt 0.449243 0.009397
vt 0.441273 0.005399
vt 0.441600 0.005837
vt 0.441556 0.005699
vt 0.441616 0.005754
vt 0.862610 0.018771
vt 0.862125 0.020778
vt 0.861699 0.018848
vt 0.862630 0.014877
vt 0.004518 0.824168
vt 0.001162 0.819861
vt 0.006984 0.822296
vt 0.003329 0.829279
vt 0.000455 0.824986
vt 0.999979 0.834670
vt 0.999539 0.837861
vt 0.995979 0.839207
vt 0.005947 0.820352
vt 0.000358 0.816071
vt 0.005221 0.818180
vt 0.988340 0.824310
vt 0.991066 0.824802
vt 0.988392 0.826137
vt 0.986422 0.822751
vt 0.989462 0.822712
vt 0.986356 0.825147
vt 0.983322 0.822852
vt 0.984698 0.827918
vt 0.992551 0.821686
vt 0.990317 0.821021
vt 0.987600 0.820767
vt 0.988807 0.819426
vt 0.990896 0.818829
vt 0.994022 0.815707
vt 0.988801 0.815859
vt 0.863559 0.027514
vt 0.865158 0.031122
vt 0.858497 0.028688
vt 0.855939 0.034393
vt 0.849680 0.032301
vt 0.850990 0.025322
vt 0.857482 0.023048
vt 0.862036 0.024578
vt 0.874068 0.034607
vt 0.863690 0.036375
vt 0.915443 0.054564
vt 0.906912 0.058848
vt 0.906098 0.053900
vt 0.878993 0.734807
vt 0.872320 0.741870
vt 0.872674 0.733155
vt 0.870910 0.732943
vt 0.873454 0.714724
vt 0.875787 0.714338
vt 0.866268 0.742303
vt 0.852867 0.737161
vt 0.868107 0.729656
vt 0.979611 0.756554
vt 0.976149 0.756061
vt 0.977660 0.754704
vt 0.976659 0.751639
vt 0.978626 0.753919
vt 0.884194 0.758437
vt 0.887082 0.748178
vt 0.893073 0.757811
vt 0.919033 0.032398
vt 0.904926 0.039288
vt 0.904129 0.028346
vt 0.253662 0.972644
vt 0.252701 0.975113
vt 0.250747 0.972768
vt 0.981683 0.760441
vt 0.985663 0.758580
vt 0.984267 0.761177
vt 0.250455 0.967916
vt 0.256967 0.971257
vt 0.262161 0.976657
vt 0.262546 0.980314
vt 0.260379 0.977959
vt 0.980476 0.823672
vt 0.984781 0.817066
vt 0.263033 0.969030
vt 0.256310 0.963689
vt 0.268746 0.953753
vt 0.851938 0.019391
vt 0.859338 0.016164
vt 0.861067 0.021036
vt 0.861680 0.018783
vt 0.863836 0.020583
vt 0.866234 0.021306
vt 0.980788 0.754518
vt 0.982819 0.751380
vt 0.256091 0.979399
vt 0.255970 0.973365
vt 0.969707 0.753320
vt 0.982450 0.746993
vt 0.988190 0.750681
vt 0.989362 0.752438
vt 0.987527 0.752379
vt 0.985726 0.748505
vt 0.985111 0.755108
vt 0.978816 0.794705
vt 0.983845 0.794993
vt 0.984774 0.799021
vt 0.241762 0.964521
vt 0.248799 0.959707
vt 0.244940 0.970823
vt 0.999828 0.584438
vt 0.989869 0.588607
vt 0.992178 0.578333
vt 0.239407 0.956940
vt 0.248314 0.949066
vt 0.880890 0.768348
vt 0.892996 0.769650
vt 0.888867 0.779789
vt 0.926756 0.013379
vt 0.917911 0.019461
vt 0.918136 0.009147
vt 0.930048 0.007475
vt 0.901255 0.779362
vt 0.894752 0.792557
vt 0.986688 0.565462
vt 0.995805 0.565122
vt 0.988752 0.571300
vt 0.985843 0.568487
vt 0.984964 0.571266
vt 0.986223 0.570087
vt 0.230269 0.957205
vt 0.233365 0.942630
vt 0.238640 0.948532
vt 0.988534 0.316577
vt 0.985121 0.309696
vt 0.991504 0.312540
vt 0.989633 0.796183
vt 0.993680 0.319306
vt 0.983662 0.573570
vt 0.979420 0.570044
vt 0.982287 0.569454
vt 0.981028 0.577758
vt 0.983657 0.569969
vt 0.989241 0.798164
vt 0.995571 0.798669
vt 0.991554 0.803170
vt 0.995958 0.807655
vt 0.991940 0.806750
vt 0.961681 0.340725
vt 0.964457 0.329456
vt 0.967847 0.332457
vt 0.958206 0.347563
vt 0.958136 0.340470
vt 0.988026 0.802285
vt 0.984463 0.804852
vt 0.979006 0.802697
vt 0.975390 0.797246
vt 0.963464 0.354729
vt 0.963729 0.345874
vt 0.969088 0.350766
vt 0.982301 0.326793
vt 0.975807 0.325161
vt 0.982804 0.321939
vt 0.987682 0.328257
vt 0.984882 0.334588
vt 0.978138 0.330048
vt 0.984019 0.316793
vt 0.973649 0.315729
vt 0.988987 0.321532
vt 0.959031 0.358017
vt 0.950440 0.347310
vt 0.946442 0.358411
vt 0.941025 0.335765
vt 0.953340 0.336532
vt 0.768013 0.905654
vt 0.782054 0.893519
vt 0.774340 0.907598
vt 0.766251 0.914364
vt 0.784115 0.903857
vt 0.775703 0.914526
vt 0.812467 0.845685
vt 0.793296 0.861617
vt 0.805260 0.838722
vt 0.792806 0.840688
vt 0.829745 0.833446
vt 0.805120 0.831286
vt 0.824729 0.827348
vt 0.794481 0.834228
vt 0.796326 0.584540
vt 0.804313 0.578555
vt 0.798565 0.584769
vt 0.791712 0.591029
vt 0.800045 0.588058
vt 0.804783 0.583645
vt 0.185681 0.850374
vt 0.184529 0.859571
vt 0.180658 0.858703
vt 0.175462 0.847467
vt 0.866367 0.579450
vt 0.874976 0.570858
vt 0.875960 0.578296
vt 0.888780 0.577413
vt 0.879333 0.581158
vt 0.959170 0.714805
vt 0.952837 0.715446
vt 0.951105 0.712579
vt 0.960453 0.712788
vt 0.941225 0.719114
vt 0.938789 0.715754
vt 0.963245 0.705181
vt 0.963997 0.710236
vt 0.128167 0.482801
vt 0.134433 0.481854
vt 0.130114 0.486467
vt 0.125494 0.488193
vt 0.124489 0.483064
vt 0.125201 0.476613
vt 0.130562 0.478479
vt 0.759146 0.620883
vt 0.766385 0.625671
vt 0.758306 0.627760
vt 0.774413 0.610965
vt 0.774982 0.623934
vt 0.770525 0.612423
vt 0.781338 0.612533
vt 0.778424 0.622752
vt 0.780889 0.606985
vt 0.314423 0.137285
vt 0.313586 0.133584
vt 0.316238 0.135595
vt 0.786315 0.603255
vt 0.786141 0.607331
vt 0.775758 0.689319
vt 0.771336 0.691856
vt 0.771248 0.685263
vt 0.461681 0.938404
vt 0.459715 0.944729
vt 0.457098 0.937168
vt 0.459009 0.931273
vt 0.462995 0.934350
vt 0.767108 0.690234
vt 0.765748 0.684383
vt 0.770224 0.674154
vt 0.452537 0.941579
vt 0.462157 0.954841
vt 0.457920 0.954873
vt 0.447230 0.941910
vt 0.112594 0.136858
vt 0.119898 0.150067
vt 0.106917 0.144724
vt 0.105382 0.121444
vt 0.120567 0.137322
vt 0.099975 0.128454
vt 0.125975 0.161730
vt 0.133564 0.153889
vt 0.112110 0.170763
vt 0.114118 0.158958
vt 0.733966 0.637589
vt 0.736842 0.645683
vt 0.732184 0.641700
vt 0.142093 0.125461
vt 0.132675 0.137560
vt 0.117901 0.117217
vt 0.141205 0.112717
vt 0.751111 0.642387
vt 0.744478 0.657417
vt 0.742075 0.642488
vt 0.742389 0.631244
vt 0.740478 0.657833
vt 0.876464 0.297472
vt 0.865502 0.303413
vt 0.866063 0.294753
vt 0.872760 0.285663
vt 0.883018 0.292944
vt 0.887655 0.302302
vt 0.878054 0.305132
vt 0.851780 0.302436
vt 0.848388 0.292062
vt 0.861556 0.280393
vt 0.736232 0.658735
vt 0.734407 0.672347
vt 0.732705 0.663152
vt 0.290459 0.974282
vt 0.286422 0.970652
vt 0.288666 0.968500
vt 0.290238 0.981658
vt 0.287884 0.977018
vt 0.292492 0.972990
vt 0.290582 0.977597
vt 0.292669 0.969498
vt 0.734706 0.686034
vt 0.739671 0.679849
vt 0.739860 0.684968
vt 0.431885 0.033224
vt 0.425386 0.044606
vt 0.424338 0.035571
vt 0.432817 0.046179
vt 0.891884 0.266146
vt 0.892144 0.252766
vt 0.901816 0.260082
vt 0.291417 0.982073
vt 0.295172 0.981099
vt 0.292140 0.986716
vt 0.880879 0.277478
vt 0.873119 0.269970
vt 0.882928 0.260532
vt 0.457134 0.867689
vt 0.458638 0.864780
vt 0.458755 0.867589
vt 0.459842 0.870892
vt 0.284654 0.956439
vt 0.288383 0.961357
vt 0.284465 0.961806
vt 0.292791 0.964260
vt 0.285785 0.953663
vt 0.291704 0.958975
vt 0.891797 0.425166
vt 0.892258 0.419285
vt 0.895456 0.425850
vt 0.897492 0.420158
vt 0.897935 0.411060
vt 0.892560 0.412819
vt 0.931616 0.472285
vt 0.918508 0.466977
vt 0.938903 0.464040
vt 0.902387 0.460328
vt 0.277091 0.943937
vt 0.285627 0.943471
vt 0.284080 0.947791
vt 0.455474 0.869545
vt 0.452656 0.861776
vt 0.456662 0.861184
vt 0.454087 0.878905
vt 0.450732 0.872824
vt 0.286948 0.951472
vt 0.289031 0.951842
vt 0.451292 0.890981
vt 0.454266 0.891492
vt 0.451910 0.895585
vt 0.452995 0.885585
vt 0.449494 0.889411
vt 0.449266 0.899150
vt 0.757346 0.695945
vt 0.753734 0.689855
vt 0.761141 0.692626
vt 0.759570 0.684171
vt 0.767233 0.697013
vt 0.759348 0.699373
vt 0.763462 0.699481
vt 0.795299 0.792076
vt 0.804810 0.789832
vt 0.803741 0.793952
vt 0.794374 0.800715
vt 0.819574 0.788942
vt 0.785963 0.802532
vt 0.786842 0.796702
vt 0.769371 0.694721
vt 0.769961 0.701228
vt 0.772405 0.697026
vt 0.444148 0.915135
vt 0.449901 0.907666
vt 0.453603 0.914199
vt 0.439100 0.920775
vt 0.426340 0.910819
vt 0.453246 0.924682
vt 0.804763 0.771253
vt 0.812933 0.775011
vt 0.801400 0.779177
vt 0.704922 0.057546
vt 0.053178 0.121137
vt 0.059038 0.118101
vt 0.060788 0.126499
vt 0.054855 0.128566
vt 0.049246 0.130053
vt 0.047533 0.122684
vt 0.944897 0.876884
vt 0.954144 0.882837
vt 0.947126 0.887313
vt 0.937798 0.880371
vt 0.957972 0.891910
vt 0.951783 0.898068
vt 0.939660 0.890878
vt 0.963858 0.899743
vt 0.965140 0.886389
vt 0.068168 0.133753
vt 0.076301 0.141909
vt 0.068888 0.143809
vt 0.382289 0.068971
vt 0.085063 0.133394
vt 0.083366 0.148108
vt 0.384484 0.059376
vt 0.094793 0.139218
vt 0.093908 0.153544
vt 0.381520 0.039354
vt 0.382478 0.049191
vt 0.102798 0.154061
vt 0.090353 0.161044
vt 0.075237 0.130897
vt 0.084609 0.120967
vt 0.066865 0.123553
vt 0.064473 0.114184
vt 0.809804 0.781986
vt 0.800081 0.782801
vt 0.794466 0.776820
vt 0.796523 0.771911
vt 0.801057 0.765219
vt 0.789014 0.763990
vt 0.795406 0.756842
vt 0.806840 0.756432
vt 0.811769 0.764941
vt 0.799051 0.748845
vt 0.812784 0.747085
vt 0.819948 0.755709
vt 0.825094 0.765505
vt 0.433488 0.894129
vt 0.441279 0.900962
vt 0.430949 0.901078
vt 0.441894 0.907815
vt 0.427947 0.906653
vt 0.444105 0.893767
vt 0.441424 0.884788
vt 0.446357 0.882824
vt 0.450344 0.880829
vt 0.587245 0.061386
vt 0.573587 0.073478
vt 0.570719 0.061294
vt 0.447560 0.874795
vt 0.552439 0.071695
vt 0.552063 0.061333
vt 0.568978 0.050397
vt 0.532351 0.061766
vt 0.533818 0.051905
vt 0.551503 0.051488
vt 0.518836 0.052218
vt 0.521571 0.041223
vt 0.534093 0.042360
vt 0.549593 0.043065
vt 0.515548 0.062224
vt 0.506753 0.052188
vt 0.502743 0.062307
vt 0.497042 0.049278
vt 0.502480 0.038574
vt 0.530980 0.071725
vt 0.553913 0.082522
vt 0.577508 0.086010
vt 0.555015 0.093075
vt 0.581184 0.096793
vt 0.556170 0.102918
vt 0.557365 0.195748
vt 0.579469 0.191258
vt 0.578439 0.199404
vt 0.604760 0.200030
vt 0.775595 0.756719
vt 0.759373 0.743822
vt 0.764206 0.739503
vt 0.577766 0.181594
vt 0.771257 0.762004
vt 0.749013 0.751449
vt 0.578793 0.167503
vt 0.609169 0.159289
vt 0.577978 0.154219
vt 0.607658 0.145558
vt 0.635682 0.147278
vt 0.633737 0.133219
vt 0.655252 0.138355
vt 0.601985 0.135896
vt 0.625251 0.127320
vt 0.628406 0.120960
vt 0.575509 0.899195
vt 0.582710 0.897763
vt 0.578597 0.903750
vt 0.569974 0.906557
vt 0.571388 0.896098
vt 0.565577 0.904883
vt 0.567207 0.893739
vt 0.567384 0.884094
vt 0.562692 0.889983
vt 0.564205 0.880324
vt 0.571062 0.876923
vt 0.567921 0.873934
vt 0.561245 0.877037
vt 0.564853 0.870893
vt 0.571281 0.866751
vt 0.574686 0.869977
vt 0.578697 0.873477
vt 0.584889 0.865800
vt 0.588498 0.869618
vt 0.582480 0.876775
vt 0.591709 0.873261
vt 0.586953 0.881277
vt 0.594980 0.877153
vt 0.590357 0.884801
vt 0.598248 0.880881
vt 0.594388 0.889020
vt 0.589415 0.892037
vt 0.585929 0.894372
vt 0.594118 0.896574
vt 0.590670 0.899821
vt 0.587107 0.903076
vt 0.585583 0.908447
vt 0.656057 0.153662
vt 0.673117 0.164811
vt 0.598707 0.893348
vt 0.602143 0.885237
vt 0.606233 0.889542
vt 0.603324 0.897887
vt 0.610382 0.893722
vt 0.617918 0.884118
vt 0.621983 0.888333
vt 0.614484 0.897469
vt 0.625897 0.891317
vt 0.618937 0.900178
vt 0.629819 0.894527
vt 0.641236 0.884967
vt 0.644121 0.889320
vt 0.998331 0.067185
vt 0.988174 0.044963
vt 0.997640 0.044957
vt 0.623826 0.902517
vt 0.989689 0.067158
vt 0.978251 0.048670
vt 0.983393 0.027223
vt 0.041108 0.192857
vt 0.039017 0.202747
vt 0.071427 0.191904
vt 0.637891 0.881253
vt 0.042890 0.182450
vt 0.075053 0.182748
vt 0.045166 0.172356
vt 0.078982 0.172513
vt 0.595007 0.936914
vt 0.564368 0.928864
vt 0.595788 0.926902
vt 0.594660 0.918785
vt 0.562349 0.939818
vt 0.540577 0.926502
vt 0.542189 0.915743
vt 0.565267 0.919597
vt 0.523684 0.914298
vt 0.537928 0.938158
vt 0.522868 0.926127
vt 0.520731 0.938518
vt 0.508181 0.926077
vt 0.127072 0.188905
vt 0.131435 0.176967
vt 0.133464 0.190649
vt 0.127184 0.197508
vt 0.133446 0.198900
vt 0.125439 0.205277
vt 0.139251 0.191523
vt 0.131280 0.206300
vt 0.125718 0.214020
vt 0.120213 0.212604
vt 0.118189 0.204034
vt 0.091836 0.030816
vt 0.073701 0.030937
vt 0.083079 0.018062
vt 0.072501 0.007082
vt 0.082151 0.046501
vt 0.062645 0.044226
vt 0.069993 0.060090
vt 0.050269 0.051518
vt 0.044479 0.039865
vt 0.056905 0.064374
vt 0.039110 0.055311
vt 0.033307 0.044639
vt 0.027927 0.035245
vt 0.023922 0.047436
vt 0.018322 0.038923
vt 0.719402 0.100408
vt 0.727687 0.089027
vt 0.729923 0.100872
vt 0.716890 0.089686
vt 0.724749 0.075169
vt 0.704873 0.091589
vt 0.696566 0.103981
vt 0.692684 0.092764
vt 0.684721 0.106372
vt 0.679849 0.094590
vt 0.673250 0.081911
vt 0.664954 0.069928
vt 0.673437 0.109072
vt 0.686033 0.116246
vt 0.675183 0.120025
vt 0.664100 0.113817
vt 0.664773 0.123989
vt 0.675026 0.130742
vt 0.663993 0.134690
vt 0.656427 0.130450
vt 0.080785 0.933034
vt 0.073211 0.941868
vt 0.071820 0.933018
vt 0.080550 0.925861
vt 0.075079 0.300748
vt 0.083547 0.298457
vt 0.090382 0.919519
vt 0.066256 0.305046
vt 0.064707 0.295366
vt 0.073692 0.289424
vt 0.050955 0.298932
vt 0.053330 0.308764
vt 0.067366 0.315307
vt 0.054508 0.318869
vt 0.037712 0.311516
vt 0.035665 0.301522
vt 0.034165 0.291224
vt 0.017817 0.307713
vt 0.016464 0.297246
vt 0.002299 0.295843
vt 0.015493 0.287233
vt 0.004444 0.308837
vt 0.002649 0.326094
vt 0.021405 0.317139
vt 0.004177 0.334138
vt 0.707573 0.279521
vt 0.711495 0.260807
vt 0.722737 0.275523
vt 0.721771 0.253012
vt 0.734288 0.265598
vt 0.729958 0.240719
vt 0.712458 0.245015
vt 0.720036 0.235050
vt 0.726108 0.222418
vt 0.702726 0.235820
vt 0.702850 0.250720
vt 0.693082 0.240458
vt 0.693680 0.227148
vt 0.679810 0.222641
vt 0.688593 0.217050
vt 0.673430 0.213316
vt 0.683897 0.207355
vt 0.695008 0.200591
vt 0.679778 0.194882
vt 0.692677 0.188442
vt 0.676203 0.180599
vt 0.690310 0.174979
vt 0.704959 0.173290
vt 0.608313 0.920574
vt 0.605586 0.913626
vt 0.707131 0.163929
vt 0.713243 0.171088
vt 0.724430 0.179008
vt 0.434133 0.081278
vt 0.439207 0.087695
vt 0.431561 0.091323
vt 0.445353 0.095194
vt 0.436354 0.096743
vt 0.442538 0.078499
vt 0.448462 0.086262
vt 0.451671 0.077167
vt 0.457532 0.084760
vt 0.444636 0.071655
vt 0.452974 0.071169
vt 0.461356 0.074285
vt 0.462423 0.070209
vt 0.470684 0.072841
vt 0.192637 0.996284
vt 0.184230 0.986988
vt 0.194647 0.989849
vt 0.198484 0.981337
vt 0.180963 0.994123
vt 0.171428 0.984066
vt 0.175452 0.975544
vt 0.174962 0.964070
vt 0.172929 0.952531
vt 0.185573 0.954541
vt 0.172279 0.941560
vt 0.184822 0.944096
vt 0.187760 0.935067
vt 0.195460 0.942480
vt 0.499078 0.025464
vt 0.495427 0.034014
vt 0.936093 0.050829
vt 0.925437 0.057692
vt 0.930148 0.046235
vt 0.875265 0.440088
vt 0.883283 0.440708
vt 0.932384 0.061832
vt 0.924082 0.068568
vt 0.869686 0.427770
vt 0.944383 0.056978
vt 0.170566 0.928468
vt 0.179970 0.931218
vt 0.950735 0.065694
vt 0.957680 0.061846
vt 0.955598 0.076484
vt 0.948179 0.084371
vt 0.960682 0.088016
vt 0.952918 0.094743
vt 0.945350 0.101008
vt 0.940274 0.093267
vt 0.951974 0.110516
vt 0.944600 0.113947
vt 0.959162 0.106352
vt 0.951231 0.121337
vt 0.948263 0.130621
vt 0.945159 0.121928
vt 0.933332 0.121164
vt 0.965682 0.101274
vt 0.969482 0.087897
vt 0.143536 0.919375
vt 0.166946 0.990430
vt 0.981178 0.000000
vt 0.978445 0.011414
vt 0.970199 0.000900
vt 0.973581 0.028455
vt 0.963691 0.028290
vt 0.967127 0.048700
vt 0.954412 0.028313
vt 0.462696 0.092286
vt 0.454006 0.093949
vt 0.467260 0.082565
vt 0.459508 0.102553
vt 0.450484 0.102636
vt 0.137696 0.985056
vt 0.735413 0.186813
vt 0.441927 0.102625
vt 0.132624 0.982029
vt 0.119681 0.990622
vt 0.127394 0.984920
vt 0.469329 0.097966
vt 0.471917 0.090008
vt 0.477455 0.097604
vt 0.477218 0.080485
vt 0.480198 0.089297
vt 0.486969 0.080974
vt 0.487686 0.089917
vt 0.117039 0.977203
vt 0.118015 0.984540
vt 0.112916 0.994893
vt 0.106972 0.983278
vt 0.011481 0.368328
vt 0.025867 0.368170
vt 0.012007 0.378033
vt 0.100333 0.976048
vt 0.090207 0.982098
vt 0.027286 0.357988
vt 0.041231 0.365443
vt 0.039438 0.374780
vt 0.022818 0.378814
vt 0.026203 0.347598
vt 0.010529 0.360079
vt 0.008969 0.351509
vt 0.679148 0.278481
vt 0.685441 0.277254
vt 0.686708 0.262856
vt 0.674758 0.262015
vt 0.670228 0.252779
vt 0.692113 0.252728
vt 0.680257 0.253341
vt 0.683374 0.244291
vt 0.677727 0.234978
vt 0.685873 0.231142
vt 0.670313 0.226936
vt 0.662492 0.218803
vt 0.654683 0.224227
vt 0.654993 0.209096
vt 0.667398 0.202130
vt 0.661095 0.188495
vt 0.644602 0.215512
vt 0.649107 0.231554
vt 0.639810 0.223723
vt 0.637201 0.232975
vt 0.630745 0.215199
vt 0.699918 0.262060
vt 0.023343 0.327452
vt 0.006739 0.342821
vt 0.025789 0.338273
vt 0.696101 0.276369
vt 0.040083 0.322126
vt 0.042401 0.332570
vt 0.056311 0.329340
vt 0.069038 0.325064
vt 0.070278 0.336406
vt 0.688080 0.160364
vt 0.740399 0.217681
vt 0.750343 0.238748
vt 0.736172 0.228054
vt 0.743461 0.251818
vt 0.755335 0.228086
vt 0.770448 0.246055
vt 0.765864 0.257064
vt 0.014405 0.277479
vt 0.032509 0.271942
vt 0.032374 0.281463
vt 0.048273 0.261543
vt 0.744438 0.209988
vt 0.774891 0.236930
vt 0.081087 0.319587
vt 0.082929 0.941714
vt 0.075045 0.952488
vt 0.065930 0.952093
vt 0.064580 0.941310
vt 0.057143 0.951226
vt 0.056204 0.940102
vt 0.047096 0.948963
vt 0.047126 0.937416
vt 0.055365 0.931249
vt 0.037180 0.945118
vt 0.038419 0.933459
vt 0.047456 0.928936
vt 0.953061 0.949526
vt 0.958645 0.940002
vt 0.962617 0.948740
vt 0.037563 0.924823
vt 0.040332 0.920200
vt 0.957001 0.956813
vt 0.948460 0.940779
vt 0.955682 0.930575
vt 0.886908 0.367403
vt 0.889165 0.355535
vt 0.883075 0.359670
vt 0.888173 0.346371
vt 0.895830 0.349993
vt 0.900675 0.340363
vt 0.906217 0.352674
vt 0.907432 0.334403
vt 0.903871 0.325887
vt 0.915299 0.329245
vt 0.921527 0.326181
vt 0.900623 0.318157
vt 0.911021 0.321256
vt 0.890082 0.312517
vt 0.898235 0.307811
vt 0.896044 0.297630
vt 0.890507 0.286719
vt 0.943922 0.931325
vt 0.938163 0.942906
vt 0.943218 0.951493
vt 0.933268 0.956454
vt 0.938199 0.964282
vt 0.069836 0.224574
vt 0.927177 0.940375
vt 0.928838 0.948790
vt 0.065284 0.235775
vt 0.031177 0.937310
vt 0.029804 0.928423
vt 0.058245 0.963690
vt 0.047734 0.962206
vt 0.066771 0.963973
vt 0.074843 0.964455
vt 0.068011 0.976519
vt 0.686507 0.127263
vt 0.686762 0.138721
vt 0.698725 0.124431
vt 0.029400 0.057607
vt 0.045001 0.066077
vt 0.034458 0.067560
vt 0.024363 0.067691
vt 0.038653 0.076157
vt 0.013828 0.068172
vt 0.003703 0.069514
vt 0.730402 0.137151
vt 0.730057 0.130107
vt 0.049797 0.077188
vt 0.041733 0.084532
vt 0.052952 0.085981
vt 0.053231 0.093803
vt 0.092276 0.066513
vt 0.102419 0.049245
vt 0.111139 0.035193
vt 0.129707 0.054783
vt 0.120532 0.068474
vt 0.156822 0.073493
vt 0.148860 0.083826
vt 0.735321 0.602381
vt 0.752835 0.611641
vt 0.736120 0.609558
vt 0.751870 0.615865
vt 0.737568 0.617657
vt 0.142779 0.097306
vt 0.763787 0.616244
vt 0.751504 0.621413
vt 0.741504 0.623327
vt 0.750809 0.630128
vt 0.766946 0.614090
vt 0.754247 0.606932
vt 0.771048 0.625030
vt 0.774846 0.637919
vt 0.769914 0.639249
vt 0.764623 0.640680
vt 0.769559 0.657730
vt 0.763935 0.658114
vt 0.758131 0.641425
vt 0.757627 0.658210
vt 0.759269 0.673408
vt 0.753054 0.672265
vt 0.751403 0.658073
vt 0.754033 0.682459
vt 0.748956 0.681357
vt 0.747452 0.671562
vt 0.743837 0.681441
vt 0.743281 0.672237
vt 0.738750 0.671558
vt 0.748161 0.688820
vt 0.752132 0.694585
vt 0.745918 0.694631
vt 0.743020 0.688450
vt 0.460514 0.879114
vt 0.455772 0.884721
vt 0.457294 0.879382
vt 0.282587 0.968297
vt 0.283043 0.974393
vt 0.453265 0.889195
vt 0.756002 0.700096
vt 0.751320 0.699583
vt 0.455259 0.888961
vt 0.757620 0.701490
vt 0.760441 0.704383
vt 0.300038 0.959220
vt 0.294933 0.955425
vt 0.300412 0.954443
vt 0.297283 0.960973
vt 0.297519 0.948824
vt 0.457425 0.897341
vt 0.457471 0.893889
vt 0.459714 0.909137
vt 0.454464 0.902731
vt 0.310556 0.937443
vt 0.301896 0.935808
vt 0.314034 0.931078
vt 0.303083 0.930254
vt 0.301109 0.942403
vt 0.291114 0.938777
vt 0.290963 0.933332
vt 0.281733 0.932867
vt 0.290795 0.927938
vt 0.768000 0.716318
vt 0.775291 0.713696
vt 0.769400 0.720998
vt 0.763781 0.714581
vt 0.768198 0.710201
vt 0.772926 0.710290
vt 0.772232 0.704448
vt 0.776320 0.700514
vt 0.764065 0.710200
vt 0.767127 0.706275
vt 0.762854 0.707278
vt 0.765454 0.703227
vt 0.761263 0.712861
vt 0.760318 0.708718
vt 0.761889 0.703364
vt 0.298328 0.970275
vt 0.297763 0.966198
vt 0.761180 0.702513
vt 0.290438 0.922773
vt 0.282998 0.916788
vt 0.289624 0.919141
vt 0.466650 0.928779
vt 0.461858 0.925002
vt 0.457351 0.919719
vt 0.467696 0.919840
vt 0.774399 0.693378
vt 0.281844 0.921344
vt 0.910562 0.240514
vt 0.920974 0.242485
vt 0.912387 0.252399
vt 0.904612 0.247325
vt 0.923829 0.251279
vt 0.914683 0.261945
vt 0.917174 0.231870
vt 0.925631 0.233143
vt 0.935016 0.244079
vt 0.282086 0.938382
vt 0.949029 0.474226
vt 0.463238 0.914592
vt 0.764974 0.673880
vt 0.774017 0.657470
vt 0.778914 0.656040
vt 0.775623 0.672933
vt 0.778639 0.636488
vt 0.782323 0.654944
vt 0.781938 0.635344
vt 0.785710 0.653303
vt 0.783005 0.671668
vt 0.779520 0.671626
vt 0.325869 0.121434
vt 0.332984 0.107306
vt 0.335992 0.109753
vt 0.785308 0.634613
vt 0.782513 0.621662
vt 0.786511 0.621025
vt 0.317845 0.129012
vt 0.322964 0.119095
vt 0.315291 0.127237
vt 0.319240 0.116354
vt 0.311719 0.126079
vt 0.310414 0.131917
vt 0.308082 0.123090
vt 0.791255 0.599303
vt 0.787686 0.598806
vt 0.792547 0.595101
vt 0.784336 0.592687
vt 0.789852 0.589951
vt 0.788923 0.594561
vt 0.783179 0.597386
vt 0.775865 0.595071
vt 0.781616 0.602302
vt 0.774601 0.600332
vt 0.761611 0.590217
vt 0.773866 0.604674
vt 0.757827 0.598519
vt 0.759033 0.594834
vt 0.741451 0.586071
vt 0.755827 0.602885
vt 0.738912 0.591147
vt 0.736461 0.596157
vt 0.175134 0.058301
vt 0.154342 0.030897
vt 0.182376 0.051898
vt 0.743665 0.581955
vt 0.165420 0.066066
vt 0.147299 0.037021
vt 0.119397 0.025107
vt 0.139471 0.044020
vt 0.130345 0.215627
vt 0.126548 0.229227
vt 0.122228 0.227105
vt 0.127600 0.015482
vt 0.139837 0.220479
vt 0.130871 0.232670
vt 0.113785 0.243444
vt 0.118545 0.247859
vt 0.135528 0.236539
vt 0.121078 0.251306
vt 0.102815 0.262734
vt 0.163772 0.023619
vt 0.748612 0.571791
vt 0.763873 0.584948
vt 0.746391 0.576758
vt 0.766016 0.580416
vt 0.777704 0.589883
vt 0.779802 0.585311
vt 0.768805 0.574977
vt 0.781976 0.579760
vt 0.789276 0.583064
vt 0.786341 0.587978
vt 0.785205 0.573462
vt 0.789893 0.574909
vt 0.796887 0.577823
vt 0.793412 0.584159
vt 0.800677 0.578102
vt 0.798750 0.569375
vt 0.804875 0.569787
vt 0.808158 0.569174
vt 0.812462 0.558392
vt 0.816468 0.557326
vt 0.810851 0.569334
vt 0.809795 0.576479
vt 0.819832 0.556985
vt 0.816812 0.568001
vt 0.824034 0.555088
vt 0.819900 0.568472
vt 0.164616 0.912140
vt 0.164117 0.895036
vt 0.168404 0.895651
vt 0.168572 0.913076
vt 0.172813 0.896033
vt 0.173025 0.914029
vt 0.172341 0.879257
vt 0.177384 0.880900
vt 0.179662 0.891141
vt 0.181768 0.868254
vt 0.187022 0.868941
vt 0.192505 0.869769
vt 0.190539 0.859527
vt 0.194422 0.860484
vt 0.196966 0.871021
vt 0.197814 0.862476
vt 0.201224 0.871359
vt 0.878703 0.594875
vt 0.881596 0.589373
vt 0.882427 0.593030
vt 0.955891 0.722186
vt 0.958801 0.719625
vt 0.961941 0.722753
vt 0.889871 0.597641
vt 0.881705 0.599602
vt 0.881377 0.596091
vt 0.953815 0.718331
vt 0.958903 0.717130
vt 0.889881 0.593817
vt 0.903829 0.595895
vt 0.889466 0.589695
vt 0.903542 0.591515
vt 0.919080 0.601180
vt 0.888676 0.585526
vt 0.903683 0.587085
vt 0.919498 0.597134
vt 0.866184 0.993322
vt 0.874396 0.975727
vt 0.871232 0.993179
vt 0.920018 0.593163
vt 0.904043 0.582888
vt 0.920857 0.588212
vt 0.861374 0.993106
vt 0.869116 0.976134
vt 0.864071 0.976291
vt 0.866895 0.957069
vt 0.856329 0.993670
vt 0.859457 0.976748
vt 0.862577 0.956906
vt 0.857554 0.957421
vt 0.857746 0.938238
vt 0.853114 0.976432
vt 0.851527 0.958760
vt 0.852714 0.939197
vt 0.844562 0.930216
vt 0.849167 0.921045
vt 0.838196 0.914262
vt 0.844328 0.905177
vt 0.834090 0.942220
vt 0.831482 0.914672
vt 0.838032 0.887739
vt 0.714407 0.348349
vt 0.706617 0.356103
vt 0.704842 0.338338
vt 0.716183 0.320672
vt 0.707414 0.320463
vt 0.713961 0.304317
vt 0.700755 0.301290
vt 0.004034 0.441457
vt 0.026199 0.449172
vt 0.001654 0.459524
vt 0.694136 0.301777
vt 0.027687 0.430256
vt 0.027390 0.438522
vt 0.003676 0.430768
vt 0.027050 0.418867
vt 0.003901 0.419613
vt 0.022434 0.402249
vt 0.035036 0.401624
vt 0.000147 0.389569
vt 0.019065 0.385312
vt 0.030558 0.385096
vt 0.039165 0.384077
vt 0.358859 0.740010
vt 0.347819 0.751346
vt 0.346384 0.741770
vt 0.358527 0.731436
vt 0.345063 0.733682
vt 0.361085 0.722405
vt 0.345951 0.726385
vt 0.048434 0.381208
vt 0.360693 0.713832
vt 0.347163 0.705158
vt 0.347723 0.715773
vt 0.361215 0.699869
vt 0.359420 0.686078
vt 0.073725 0.376284
vt 0.086640 0.391553
vt 0.071202 0.391339
vt 0.060082 0.378297
vt 0.100157 0.377077
vt 0.096455 0.394286
vt 0.352622 0.667293
vt 0.356762 0.674557
vt 0.107072 0.381179
vt 0.344672 0.691495
vt 0.350089 0.660769
vt 0.112370 0.383407
vt 0.108587 0.401871
vt 0.117310 0.387122
vt 0.103085 0.417277
vt 0.100262 0.413621
vt 0.087032 0.415225
vt 0.068581 0.415327
vt 0.327682 0.669065
vt 0.342191 0.654127
vt 0.345245 0.657694
vt 0.121335 0.389269
vt 0.332418 0.670908
vt 0.338279 0.649990
vt 0.126715 0.409075
vt 0.141423 0.387907
vt 0.135114 0.411808
vt 0.120325 0.426371
vt 0.104128 0.447044
vt 0.086100 0.451182
vt 0.087003 0.438222
vt 0.065814 0.449104
vt 0.066789 0.436961
vt 0.046431 0.448026
vt 0.047235 0.436679
vt 0.067372 0.427966
vt 0.045376 0.460690
vt 0.025453 0.461889
vt 0.024349 0.472417
vt 0.002052 0.476372
vt 0.024208 0.480603
vt 0.002033 0.484285
vt 0.841266 0.870253
vt 0.835782 0.870285
vt 0.727272 0.302850
vt 0.843753 0.887620
vt 0.848342 0.869802
vt 0.849052 0.887460
vt 0.850402 0.904865
vt 0.852885 0.887231
vt 0.854623 0.904723
vt 0.860799 0.913289
vt 0.854743 0.921404
vt 0.863601 0.938075
vt 0.867609 0.921420
vt 0.869407 0.938271
vt 0.871787 0.956918
vt 0.874786 0.938209
vt 0.876648 0.956586
vt 0.879674 0.975583
vt 0.881806 0.955997
vt 0.884935 0.975195
vt 0.881403 0.992584
vt 0.876091 0.993111
vt 0.885922 0.992297
vt 0.919064 0.608595
vt 0.904094 0.600034
vt 0.919687 0.604840
vt 0.926304 0.727089
vt 0.909696 0.729082
vt 0.923973 0.723191
vt 0.889811 0.601247
vt 0.904381 0.603745
vt 0.908477 0.725691
vt 0.922319 0.719106
vt 0.936130 0.711720
vt 0.919946 0.713617
vt 0.933856 0.707297
vt 0.946155 0.706533
vt 0.944559 0.702195
vt 0.953050 0.703253
vt 0.955348 0.707690
vt 0.952379 0.698803
vt 0.962931 0.700554
vt 0.230457 0.875639
vt 0.224480 0.877980
vt 0.227457 0.872530
vt 0.222813 0.871799
vt 0.222274 0.884749
vt 0.220791 0.877170
vt 0.216826 0.876369
vt 0.217634 0.873599
vt 0.218887 0.884614
vt 0.210250 0.873306
vt 0.214845 0.883340
vt 0.207224 0.872166
vt 0.967039 0.719302
vt 0.210952 0.883485
vt 0.203878 0.870266
vt 0.964906 0.720670
vt 0.207526 0.883926
vt 0.964800 0.722510
vt 0.200465 0.884148
vt 0.203008 0.901362
vt 0.195349 0.901521
vt 0.191690 0.892244
vt 0.186565 0.919200
vt 0.181239 0.917172
vt 0.253728 0.134543
vt 0.257870 0.122160
vt 0.267480 0.119643
vt 0.257181 0.136692
vt 0.176839 0.918213
vt 0.266937 0.126862
vt 0.277338 0.118433
vt 0.270641 0.129819
vt 0.260426 0.137972
vt 0.280550 0.122407
vt 0.288608 0.110139
vt 0.292156 0.113984
vt 0.812452 0.576677
vt 0.809724 0.582821
vt 0.305295 0.104871
vt 0.295628 0.117499
vt 0.308852 0.108251
vt 0.299775 0.120557
vt 0.319112 0.094741
vt 0.322618 0.098026
vt 0.311847 0.111593
vt 0.315414 0.113723
vt 0.304094 0.121672
vt 0.327308 0.098809
vt 0.329371 0.104020
vt 0.343511 0.095183
vt 0.352922 0.080664
vt 0.355900 0.083008
vt 0.346077 0.098960
vt 0.366542 0.068956
vt 0.442664 0.944007
vt 0.431023 0.926923
vt 0.454555 0.958737
vt 0.426224 0.930408
vt 0.412495 0.919249
vt 0.417302 0.916340
vt 0.436104 0.924849
vt 0.421057 0.915381
vt 0.450854 0.931897
vt 0.822611 0.805660
vt 0.807665 0.807053
vt 0.821502 0.797756
vt 0.373941 0.060859
vt 0.362751 0.066155
vt 0.372047 0.058101
vt 0.806849 0.813466
vt 0.795982 0.811486
vt 0.795408 0.805304
vt 0.784225 0.814801
vt 0.785081 0.808680
vt 0.772328 0.809446
vt 0.773804 0.802698
vt 0.775437 0.796302
vt 0.757601 0.793038
vt 0.760463 0.785754
vt 0.777172 0.790484
vt 0.762486 0.780239
vt 0.779342 0.784724
vt 0.787976 0.790488
vt 0.789709 0.785998
vt 0.795983 0.789410
vt 0.781296 0.779915
vt 0.791822 0.781958
vt 0.797706 0.786548
vt 0.807174 0.786239
vt 0.823877 0.778529
vt 0.820271 0.784040
vt 0.783910 0.775100
vt 0.786251 0.769431
vt 0.766829 0.769230
vt 0.764895 0.773999
vt 0.743791 0.758771
vt 0.740208 0.765555
vt 0.572976 0.145360
vt 0.734261 0.771881
vt 0.596026 0.125511
vt 0.576151 0.105142
vt 0.597743 0.116340
vt 0.622886 0.116404
vt 0.733555 0.778588
vt 0.708067 0.774232
vt 0.711608 0.766283
vt 0.590090 0.108110
vt 0.617997 0.109322
vt 0.560956 0.901760
vt 0.557708 0.912832
vt 0.556438 0.899001
vt 0.558568 0.886645
vt 0.552755 0.897218
vt 0.554796 0.884056
vt 0.558104 0.874129
vt 0.550237 0.882861
vt 0.562367 0.868434
vt 0.547713 0.896291
vt 0.541506 0.896227
vt 0.543048 0.882491
vt 0.532515 0.895989
vt 0.532965 0.882170
vt 0.532399 0.869920
vt 0.522135 0.890224
vt 0.519609 0.869255
vt 0.530423 0.860234
vt 0.516602 0.859346
vt 0.525424 0.851840
vt 0.510434 0.869954
vt 0.508817 0.859513
vt 0.514189 0.851731
vt 0.506419 0.851607
vt 0.511875 0.846028
vt 0.503448 0.859244
vt 0.503960 0.845573
vt 0.509955 0.841141
vt 0.520660 0.840661
vt 0.522926 0.846006
vt 0.536009 0.839496
vt 0.538662 0.845174
vt 0.552031 0.836771
vt 0.554476 0.842722
vt 0.542964 0.851985
vt 0.567028 0.831803
vt 0.569124 0.837623
vt 0.571320 0.843509
vt 0.585523 0.830379
vt 0.587693 0.836043
vt 0.573706 0.849207
vt 0.589932 0.841518
vt 0.575887 0.854197
vt 0.565171 0.860927
vt 0.592133 0.846687
vt 0.578498 0.857974
vt 0.568085 0.863632
vt 0.581604 0.861926
vt 0.594079 0.851067
vt 0.596532 0.854842
vt 0.599564 0.859572
vt 0.614947 0.846088
vt 0.617656 0.851125
vt 0.602671 0.864104
vt 0.620685 0.855724
vt 0.605314 0.867610
vt 0.623589 0.859240
vt 0.608447 0.871553
vt 0.628126 0.862444
vt 0.611100 0.875074
vt 0.628843 0.867741
vt 0.614506 0.879854
vt 0.631535 0.872751
vt 0.997634 0.383349
vt 0.997634 0.419243
vt 0.987604 0.416622
vt 0.647300 0.877945
vt 0.632535 0.878186
vt 0.593994 0.958799
vt 0.561142 0.950571
vt 0.594323 0.947513
vt 0.560529 0.961063
vt 0.535599 0.950289
vt 0.137143 0.177770
vt 0.139928 0.155505
vt 0.142343 0.177836
vt 0.145524 0.155260
vt 0.148349 0.177518
vt 0.151399 0.154831
vt 0.153751 0.177721
vt 0.162370 0.196903
vt 0.156349 0.206268
vt 0.156753 0.195296
vt 0.160073 0.179257
vt 0.166011 0.180746
vt 0.157515 0.154801
vt 0.163960 0.156404
vt 0.169588 0.156170
vt 0.159467 0.134107
vt 0.164970 0.134378
vt 0.176173 0.156511
vt 0.630114 0.833394
vt 0.612863 0.842018
vt 0.627668 0.828317
vt 0.610462 0.837544
vt 0.624936 0.823504
vt 0.607978 0.832451
vt 0.176576 0.133763
vt 0.189315 0.155376
vt 0.182873 0.156438
vt 0.170602 0.134116
vt 0.622683 0.818142
vt 0.605478 0.827065
vt 0.620268 0.812948
vt 0.603135 0.821540
vt 0.197974 0.137163
vt 0.202734 0.154332
vt 0.195930 0.154842
vt 0.633857 0.809037
vt 0.617643 0.807715
vt 0.600867 0.816166
vt 0.615471 0.802839
vt 0.583318 0.824856
vt 0.598751 0.810975
vt 0.565059 0.824940
vt 0.579549 0.813898
vt 0.581375 0.819001
vt 0.596733 0.806091
vt 0.611152 0.792342
vt 0.613554 0.798083
vt 0.593608 0.800161
vt 0.564279 0.810285
vt 0.590074 0.793289
vt 0.542640 0.815892
vt 0.556622 0.803634
vt 0.559628 0.808021
vt 0.570898 0.792003
vt 0.574301 0.798146
vt 0.545719 0.820916
vt 0.528437 0.824578
vt 0.548614 0.826236
vt 0.531251 0.829636
vt 0.516631 0.831561
vt 0.533815 0.834607
vt 0.518757 0.836344
vt 0.508425 0.837000
vt 0.497571 0.833469
vt 0.504362 0.828187
vt 0.506485 0.832410
vt 0.514311 0.826832
vt 0.500252 0.837260
vt 0.492107 0.839241
vt 0.501940 0.841024
vt 0.495070 0.842275
vt 0.489582 0.847728
vt 0.485323 0.854306
vt 0.483000 0.842191
vt 0.486399 0.845777
vt 0.489168 0.835860
vt 0.489682 0.857077
vt 0.490523 0.867355
vt 0.485642 0.865527
vt 0.483517 0.878462
vt 0.478497 0.875818
vt 0.480925 0.862650
vt 0.481442 0.851958
vt 0.476623 0.858881
vt 0.477642 0.848434
vt 0.473377 0.842954
vt 0.477213 0.834797
vt 0.479988 0.838631
vt 0.484275 0.828947
vt 0.486790 0.832332
vt 0.493244 0.825935
vt 0.495250 0.829709
vt 0.491304 0.822092
vt 0.499509 0.820022
vt 0.501928 0.824089
vt 0.508959 0.818284
vt 0.511683 0.822431
vt 0.522680 0.815534
vt 0.525593 0.819865
vt 0.520069 0.811825
vt 0.536977 0.806690
vt 0.539929 0.810975
vt 0.534171 0.802388
vt 0.551126 0.795807
vt 0.553772 0.799763
vt 0.566412 0.784378
vt 0.568281 0.788154
vt 0.586112 0.778599
vt 0.587751 0.782735
vt 0.589123 0.786844
vt 0.605164 0.776004
vt 0.606784 0.781224
vt 0.608719 0.786785
vt 0.622373 0.773262
vt 0.624171 0.778498
vt 0.221442 0.152444
vt 0.229703 0.176057
vt 0.223096 0.176462
vt 0.214900 0.153148
vt 0.626222 0.783795
vt 0.216393 0.177050
vt 0.208996 0.153808
vt 0.627940 0.789178
vt 0.210403 0.177769
vt 0.630114 0.793282
vt 0.208854 0.200472
vt 0.204365 0.178575
vt 0.202206 0.200802
vt 0.197813 0.179398
vt 0.195331 0.201731
vt 0.191226 0.180633
vt 0.184434 0.181574
vt 0.177506 0.181811
vt 0.172086 0.199834
vt 0.171404 0.181983
vt 0.199889 0.220391
vt 0.017244 0.908024
vt 0.026948 0.894445
vt 0.021423 0.908203
vt 0.032002 0.894138
vt 0.026794 0.909981
vt 0.419727 0.897404
vt 0.414605 0.883617
vt 0.417825 0.882091
vt 0.044663 0.873052
vt 0.039580 0.894446
vt 0.048212 0.892580
vt 0.044861 0.909245
vt 0.035207 0.912675
vt 0.053652 0.871598
vt 0.060770 0.890495
vt 0.056727 0.905572
vt 0.080551 0.902491
vt 0.157752 0.239045
vt 0.133909 0.256250
vt 0.155153 0.233668
vt 0.168611 0.228196
vt 0.140729 0.242809
vt 0.153627 0.228329
vt 0.161935 0.217734
vt 0.150348 0.225957
vt 0.158107 0.215858
vt 0.165702 0.209362
vt 0.152882 0.215023
vt 0.161548 0.207935
vt 0.145227 0.224259
vt 0.138929 0.239000
vt 0.123769 0.253091
vt 0.125547 0.257087
vt 0.107102 0.266368
vt 0.105878 0.265858
vt 0.759107 0.562278
vt 0.751011 0.566767
vt 0.766236 0.551675
vt 0.784404 0.551780
vt 0.799889 0.557863
vt 0.144134 0.909875
vt 0.132565 0.891280
vt 0.147959 0.893280
vt 0.151308 0.910622
vt 0.807496 0.558731
vt 0.156657 0.886233
vt 0.155736 0.911196
vt 0.163746 0.878374
vt 0.159750 0.894847
vt 0.160199 0.911796
vt 0.168025 0.878783
vt 0.167006 0.865185
vt 0.172000 0.866140
vt 0.177331 0.867197
vt 0.173787 0.856591
vt 0.160097 0.852411
vt 0.166453 0.843519
vt 0.167389 0.854703
vt 0.161174 0.863866
vt 0.153580 0.861982
vt 0.151892 0.876498
vt 0.143984 0.848043
vt 0.150366 0.837858
vt 0.151937 0.850147
vt 0.157921 0.840501
vt 0.145382 0.859685
vt 0.134650 0.856294
vt 0.143512 0.874505
vt 0.131335 0.871532
vt 0.116552 0.867587
vt 0.102256 0.888054
vt 0.100649 0.866126
vt 0.121820 0.907331
vt 0.107943 0.910038
vt 0.076814 0.888264
vt 0.979235 0.486190
vt 0.979235 0.450842
vt 0.990031 0.485409
vt 0.104750 0.278556
vt 0.089275 0.848705
vt 0.105448 0.849351
vt 0.083641 0.867018
vt 0.106838 0.839103
vt 0.121378 0.852133
vt 0.125203 0.831612
vt 0.123912 0.842874
vt 0.136382 0.832649
vt 0.135310 0.846123
vt 0.126617 0.815059
vt 0.138171 0.818949
vt 0.144935 0.821120
vt 0.144385 0.835478
vt 0.146377 0.808421
vt 0.150873 0.812030
vt 0.151236 0.824033
vt 0.156962 0.813062
vt 0.156886 0.828299
vt 0.163941 0.822091
vt 0.164804 0.831930
vt 0.853188 0.566710
vt 0.861052 0.558848
vt 0.863513 0.569820
vt 0.174380 0.836426
vt 0.875049 0.561764
vt 0.849881 0.556247
vt 0.849225 0.548784
vt 0.874064 0.550994
vt 0.890810 0.547129
vt 0.873515 0.527661
vt 0.891701 0.523821
vt 0.911435 0.527114
vt 0.910075 0.544585
vt 0.937039 0.545661
vt 0.913112 0.503609
vt 0.931279 0.526617
vt 0.933508 0.487850
vt 0.935011 0.509057
vt 0.891976 0.501194
vt 0.914587 0.480239
vt 0.825559 0.257788
vt 0.808406 0.250246
vt 0.823408 0.242514
vt 0.839717 0.256942
vt 0.834483 0.278801
vt 0.849875 0.270242
vt 0.848888 0.242696
vt 0.603522 0.426138
vt 0.591478 0.408118
vt 0.603608 0.413607
vt 0.579419 0.351956
vt 0.577383 0.387714
vt 0.571310 0.381034
vt 0.574151 0.351653
vt 0.578301 0.334784
vt 0.568434 0.370688
vt 0.569153 0.351258
vt 0.572787 0.333859
vt 0.575369 0.316314
vt 0.568013 0.333250
vt 0.570149 0.315567
vt 0.572011 0.304188
vt 0.565069 0.314669
vt 0.263028 0.791525
vt 0.257546 0.775704
vt 0.264727 0.775570
vt 0.257101 0.757235
vt 0.256047 0.791211
vt 0.250070 0.770875
vt 0.249440 0.756421
vt 0.255711 0.738680
vt 0.242234 0.755497
vt 0.248828 0.737718
vt 0.242116 0.736181
vt 0.246710 0.718185
vt 0.235133 0.753979
vt 0.235163 0.734164
vt 0.240170 0.716645
vt 0.233444 0.714917
vt 0.237275 0.696630
vt 0.228706 0.732306
vt 0.227603 0.713124
vt 0.231154 0.694687
vt 0.226462 0.692846
vt 0.229707 0.678916
vt 0.221594 0.710967
vt 0.220627 0.690547
vt 0.225116 0.677201
vt 0.220683 0.675442
vt 0.223776 0.666277
vt 0.215987 0.688505
vt 0.216506 0.673323
vt 0.220014 0.663690
vt 0.216483 0.660862
vt 0.211298 0.659443
vt 0.213420 0.647955
vt 0.210691 0.671291
vt 0.203158 0.657531
vt 0.204683 0.647446
vt 0.208777 0.637571
vt 0.189688 0.653220
vt 0.190526 0.642859
vt 0.194351 0.634413
vt 0.173600 0.634667
vt 0.178785 0.625134
vt 0.199567 0.624661
vt 0.215091 0.628942
vt 0.207645 0.612831
vt 0.224731 0.616600
vt 0.234194 0.617938
vt 0.224561 0.631220
vt 0.240919 0.618951
vt 0.231146 0.631229
vt 0.247312 0.619651
vt 0.238325 0.630780
vt 0.254337 0.620569
vt 0.244459 0.630565
vt 0.233495 0.637181
vt 0.239534 0.636864
vt 0.251736 0.631210
vt 0.245896 0.637237
vt 0.235220 0.641890
vt 0.241284 0.642256
vt 0.233968 0.646959
vt 0.253352 0.638040
vt 0.248705 0.643287
vt 0.240003 0.647389
vt 0.245677 0.648759
vt 0.239191 0.653407
vt 0.254778 0.645140
vt 0.250766 0.650469
vt 0.244688 0.654695
vt 0.250017 0.656179
vt 0.244410 0.660562
vt 0.250164 0.661490
vt 0.255757 0.662281
vt 0.262106 0.662430
vt 0.256892 0.668005
vt 0.250850 0.667576
vt 0.252585 0.674991
vt 0.245962 0.674250
vt 0.244827 0.666636
vt 0.239853 0.672726
vt 0.238950 0.665379
vt 0.238926 0.659193
vt 0.233432 0.664017
vt 0.233877 0.670948
vt 0.235455 0.680968
vt 0.228431 0.668791
vt 0.241661 0.682736
vt 0.243826 0.698398
vt 0.248140 0.684162
vt 0.250486 0.700023
vt 0.253363 0.719714
vt 0.257191 0.701185
vt 0.259724 0.720540
vt 0.261853 0.739108
vt 0.265800 0.721303
vt 0.268594 0.739398
vt 0.264241 0.757145
vt 0.270966 0.756767
vt 0.276140 0.739115
vt 0.278680 0.755804
vt 0.279494 0.774625
vt 0.271832 0.775186
vt 0.286901 0.774053
vt 0.589326 0.299715
vt 0.587251 0.318166
vt 0.581378 0.316783
vt 0.279975 0.791189
vt 0.594551 0.299016
vt 0.593232 0.318266
vt 0.589008 0.336474
vt 0.583575 0.335666
vt 0.599176 0.320148
vt 0.595483 0.337407
vt 0.592964 0.350009
vt 0.585327 0.351375
vt 0.603828 0.348899
vt 0.602636 0.365576
vt 0.589696 0.369188
vt 0.615841 0.362851
vt 0.616423 0.387327
vt 0.603457 0.389953
vt 0.605331 0.337920
vt 0.618092 0.322831
vt 0.630410 0.335693
vt 0.617428 0.337910
vt 0.606748 0.321920
vt 0.623862 0.300689
vt 0.613136 0.299248
vt 0.300853 0.752223
vt 0.311784 0.772082
vt 0.301894 0.772823
vt 0.604963 0.298642
vt 0.600071 0.298695
vt 0.293273 0.753455
vt 0.300935 0.737810
vt 0.294403 0.773845
vt 0.286008 0.754646
vt 0.292185 0.738639
vt 0.283608 0.738660
vt 0.290068 0.721980
vt 0.280659 0.721922
vt 0.273159 0.721706
vt 0.277688 0.702749
vt 0.270405 0.702574
vt 0.263007 0.702094
vt 0.267403 0.685258
vt 0.260639 0.685543
vt 0.254876 0.685039
vt 0.258494 0.675187
vt 0.270888 0.668212
vt 0.274407 0.684500
vt 0.264764 0.675083
vt 0.279815 0.671696
vt 0.282763 0.682920
vt 0.286967 0.701848
vt 0.293490 0.679764
vt 0.297895 0.699871
vt 0.300474 0.722072
vt 0.310564 0.734259
vt 0.302548 0.662024
vt 0.289611 0.668022
vt 0.305797 0.649669
vt 0.326161 0.648232
vt 0.323784 0.626584
vt 0.327732 0.634396
vt 0.161517 0.403668
vt 0.143211 0.415389
vt 0.153821 0.401784
vt 0.342300 0.626729
vt 0.151036 0.417727
vt 0.138697 0.432952
vt 0.123672 0.435966
vt 0.145686 0.435932
vt 0.133857 0.449798
vt 0.126579 0.446863
vt 0.139819 0.453163
vt 0.129540 0.461843
vt 0.123309 0.459334
vt 0.120860 0.468289
vt 0.112712 0.466872
vt 0.114582 0.456922
vt 0.111862 0.474261
vt 0.101090 0.473228
vt 0.101493 0.465336
vt 0.084621 0.472873
vt 0.084849 0.463632
vt 0.064882 0.472461
vt 0.065128 0.462132
vt 0.064923 0.480174
vt 0.044061 0.478493
vt 0.044690 0.470982
vt 0.043858 0.485746
vt 0.024603 0.488770
vt 0.025219 0.494873
vt 0.004183 0.497536
vt 0.003825 0.491873
vt 0.004075 0.504360
vt 0.852057 0.869490
vt 0.857568 0.887081
vt 0.859984 0.869022
vt 0.862474 0.886608
vt 0.865108 0.904042
vt 0.867236 0.886271
vt 0.870483 0.903476
vt 0.873109 0.920790
vt 0.875768 0.903123
vt 0.878650 0.920211
vt 0.880058 0.937907
vt 0.883428 0.919944
vt 0.885041 0.937694
vt 0.886782 0.955678
vt 0.890554 0.937399
vt 0.891287 0.955564
vt 0.889055 0.974746
vt 0.893362 0.975320
vt 0.895987 0.955583
vt 0.898374 0.975174
vt 0.903273 0.988091
vt 0.901545 0.955352
vt 0.902616 0.975093
vt 0.908240 0.988632
vt 0.907159 0.720080
vt 0.899359 0.731911
vt 0.907400 0.708744
vt 0.891212 0.691503
vt 0.912417 0.689335
vt 0.932922 0.701642
vt 0.931526 0.690899
vt 0.942966 0.695896
vt 0.941117 0.686037
vt 0.951322 0.692409
vt 0.950394 0.682704
vt 0.961186 0.689344
vt 0.961867 0.695845
vt 0.243281 0.878048
vt 0.237112 0.883436
vt 0.237467 0.877873
vt 0.231306 0.881696
vt 0.245485 0.884968
vt 0.241023 0.892508
vt 0.229997 0.891560
vt 0.226411 0.907651
vt 0.222105 0.905908
vt 0.226194 0.888400
vt 0.212167 0.925761
vt 0.207513 0.924830
vt 0.218476 0.904518
vt 0.215148 0.903620
vt 0.202353 0.924937
vt 0.211864 0.902916
vt 0.198704 0.924115
vt 0.206665 0.902802
vt 0.194013 0.921991
vt 0.240440 0.123067
vt 0.247141 0.113100
vt 0.250633 0.115685
vt 0.194052 0.928615
vt 0.190218 0.920576
vt 0.254017 0.118572
vt 0.260742 0.104546
vt 0.264319 0.107912
vt 0.191460 0.927127
vt 0.279371 0.101079
vt 0.268204 0.111377
vt 0.289354 0.100432
vt 0.298384 0.098118
vt 0.308368 0.084794
vt 0.312004 0.088144
vt 0.302063 0.101942
vt 0.322590 0.074510
vt 0.325738 0.077562
vt 0.315060 0.091002
vt 0.336295 0.064287
vt 0.339863 0.067496
vt 0.329553 0.081322
vt 0.343210 0.070498
vt 0.332960 0.084585
vt 0.346106 0.073406
vt 0.335789 0.087200
vt 0.356820 0.059455
vt 0.359532 0.063227
vt 0.349325 0.077057
vt 0.369002 0.055838
vt 0.820634 0.819226
vt 0.805275 0.820446
vt 0.821471 0.813141
vt 0.804576 0.826041
vt 0.794098 0.823095
vt 0.795790 0.816923
vt 0.793683 0.828254
vt 0.783194 0.821544
vt 0.769704 0.822568
vt 0.770768 0.816648
vt 0.751629 0.813513
vt 0.753471 0.807572
vt 0.732102 0.786479
vt 0.755774 0.800371
vt 0.729223 0.793685
vt 0.704818 0.782750
vt 0.727070 0.800028
vt 0.702023 0.789410
vt 0.688414 0.772709
vt 0.699416 0.800333
vt 0.550415 0.911113
vt 0.724416 0.808760
vt 0.708159 0.813420
vt 0.542431 0.908699
vt 0.687612 0.825891
vt 0.674820 0.799821
vt 0.512043 0.896710
vt 0.502339 0.898654
vt 0.505124 0.883795
vt 0.505225 0.869685
vt 0.499424 0.882963
vt 0.500154 0.869189
vt 0.493756 0.881888
vt 0.495074 0.868317
vt 0.492352 0.896337
vt 0.486896 0.895023
vt 0.488845 0.880380
vt 0.480478 0.905758
vt 0.475219 0.905134
vt 0.481718 0.893366
vt 0.470291 0.903535
vt 0.476591 0.891123
vt 0.471681 0.889619
vt 0.057618 0.651587
vt 0.043286 0.640538
vt 0.045722 0.637698
vt 0.469413 0.868699
vt 0.473824 0.872367
vt 0.472365 0.853944
vt 0.028721 0.629726
vt 0.030951 0.626769
vt 0.468205 0.847836
vt 0.469415 0.837088
vt 0.017767 0.619532
vt 0.019577 0.617419
vt 0.464503 0.833508
vt 0.010483 0.614035
vt 0.012108 0.611403
vt 0.472471 0.821020
vt 0.472445 0.826323
vt 0.474841 0.830506
vt 0.480902 0.821491
vt 0.482535 0.825515
vt 0.480696 0.817117
vt 0.489285 0.819363
vt 0.488230 0.816241
vt 0.497315 0.817181
vt 0.495437 0.814536
vt 0.506767 0.815042
vt 0.504112 0.811367
vt 0.493763 0.811614
vt 0.501666 0.808268
vt 0.514625 0.804659
vt 0.517333 0.808419
vt 0.511217 0.800225
vt 0.527637 0.793265
vt 0.530975 0.798116
vt 0.545799 0.786144
vt 0.548719 0.791562
vt 0.562124 0.774192
vt 0.564143 0.779992
vt 0.582514 0.767749
vt 0.584681 0.773810
vt 0.599416 0.760939
vt 0.601879 0.767581
vt 0.603671 0.772283
vt 0.617497 0.759344
vt 0.619225 0.763883
vt 0.240028 0.150480
vt 0.248054 0.173856
vt 0.242303 0.174619
vt 0.234487 0.151194
vt 0.620813 0.768727
vt 0.236123 0.175775
vt 0.246246 0.197195
vt 0.239673 0.197447
vt 0.233363 0.198356
vt 0.228161 0.151698
vt 0.241752 0.217447
vt 0.236085 0.218098
vt 0.229979 0.218425
vt 0.227061 0.198756
vt 0.223895 0.218822
vt 0.220534 0.199120
vt 0.218183 0.219131
vt 0.214962 0.199468
vt 0.410585 0.910778
vt 0.409666 0.898641
vt 0.412113 0.909880
vt 0.411498 0.898332
vt 0.415970 0.909753
vt 0.212900 0.219502
vt 0.413796 0.897775
vt 0.417883 0.908836
vt 0.206525 0.220361
vt 0.407865 0.885564
vt 0.409644 0.885082
vt 0.412105 0.884498
vt 0.406393 0.873889
vt 0.409764 0.872746
vt 0.416261 0.898035
vt 0.412548 0.872125
vt 0.408132 0.862130
vt 0.411142 0.861521
vt 0.415988 0.871154
vt 0.415065 0.860913
vt 0.420652 0.870481
vt 0.421278 0.882704
vt 0.419913 0.859678
vt 0.425953 0.867790
vt 0.429757 0.878050
vt 0.425539 0.858589
vt 0.432706 0.864923
vt 0.434887 0.877132
vt 0.432138 0.856790
vt 0.441378 0.861473
vt 0.074376 0.850435
vt 0.066929 0.868817
vt 0.425808 0.848082
vt 0.430985 0.848602
vt 0.438465 0.848872
vt 0.441828 0.853290
vt 0.436921 0.836421
vt 0.447292 0.835583
vt 0.449907 0.845412
vt 0.108490 0.829063
vt 0.090066 0.836821
vt 0.091487 0.827681
vt 0.445634 0.824248
vt 0.457149 0.830768
vt 0.112726 0.813744
vt 0.455327 0.819253
vt 0.444619 0.815583
vt 0.453998 0.812922
vt 0.134048 0.802550
vt 0.141111 0.794814
vt 0.140792 0.805899
vt 0.825184 0.545557
vt 0.815584 0.539719
vt 0.824288 0.537208
vt 0.145378 0.798019
vt 0.814618 0.527839
vt 0.823005 0.523913
vt 0.318603 0.937404
vt 0.332604 0.945358
vt 0.326146 0.948584
vt 0.829393 0.508615
vt 0.834241 0.518979
vt 0.829058 0.521317
vt 0.834754 0.507879
vt 0.840070 0.517125
vt 0.840021 0.532306
vt 0.841125 0.506909
vt 0.847462 0.516025
vt 0.847651 0.535517
vt 0.835879 0.501342
vt 0.842051 0.500597
vt 0.320805 0.962108
vt 0.327682 0.964019
vt 0.322871 0.965547
vt 0.842512 0.495730
vt 0.847540 0.494430
vt 0.842340 0.490891
vt 0.846580 0.489703
vt 0.852731 0.491067
vt 0.850897 0.486568
vt 0.857591 0.484420
vt 0.860647 0.486676
vt 0.854694 0.481926
vt 0.858730 0.476789
vt 0.861838 0.477619
vt 0.866108 0.477951
vt 0.859683 0.471002
vt 0.862776 0.469491
vt 0.200245 0.015266
vt 0.205326 0.007779
vt 0.204999 0.016590
vt 0.199317 0.024438
vt 0.195321 0.022311
vt 0.196683 0.014018
vt 0.204055 0.026003
vt 0.199132 0.037031
vt 0.194008 0.036923
vt 0.204056 0.037302
vt 0.210579 0.027155
vt 0.210427 0.038392
vt 0.204919 0.049083
vt 0.200484 0.049703
vt 0.210804 0.057637
vt 0.204763 0.057630
vt 0.210205 0.065444
vt 0.204143 0.065875
vt 0.200378 0.058469
vt 0.217388 0.058012
vt 0.217301 0.065771
vt 0.213531 0.073681
vt 0.208138 0.073373
vt 0.744650 0.980029
vt 0.751969 0.970317
vt 0.753373 0.979852
vt 0.759162 0.968502
vt 0.760292 0.979122
vt 0.766241 0.977569
vt 0.766438 0.987518
vt 0.760513 0.988553
vt 0.838958 0.479556
vt 0.844970 0.484205
vt 0.841194 0.485565
vt 0.842223 0.477906
vt 0.848575 0.481451
vt 0.845117 0.475121
vt 0.851286 0.476984
vt 0.847746 0.471347
vt 0.852385 0.471037
vt 0.855321 0.473702
vt 0.219926 0.011401
vt 0.211532 0.017837
vt 0.211999 0.009271
vt 0.218961 0.019759
vt 0.217433 0.028737
vt 0.225131 0.021923
vt 0.222857 0.030334
vt 0.216714 0.038965
vt 0.222598 0.039726
vt 0.217176 0.048837
vt 0.210838 0.048578
vt 0.223348 0.049104
vt 0.228316 0.030739
vt 0.232369 0.018832
vt 0.842320 0.470107
vt 0.845027 0.466646
vt 0.839641 0.472697
vt 0.837184 0.468993
vt 0.839312 0.463563
vt 0.836616 0.474275
vt 0.834793 0.471161
vt 0.765399 0.966073
vt 0.757925 0.958691
vt 0.764220 0.955606
vt 0.751180 0.960931
vt 0.743305 0.970975
vt 0.216903 0.074388
vt 0.962503 0.825452
vt 0.875515 0.473561
vt 0.874615 0.498286
vt 0.893134 0.479402
vt 0.893273 0.465890
vt 0.766348 0.995468
vt 0.321932 0.952146
vt 0.345714 0.949010
vt 0.322898 0.932404
vt 0.339815 0.939085
vt 0.359132 0.938591
vt 0.331200 0.923937
vt 0.352857 0.927299
vt 0.345670 0.911400
vt 0.367146 0.912488
vt 0.443263 0.799180
vt 0.454586 0.805144
vt 0.444600 0.808461
vt 0.431928 0.802910
vt 0.433421 0.812343
vt 0.424132 0.806660
vt 0.434356 0.817658
vt 0.434818 0.824539
vt 0.145716 0.255554
vt 0.170890 0.259514
vt 0.155829 0.270640
vt 0.373686 0.925153
vt 0.421843 0.793687
vt 0.429425 0.790765
vt 0.163804 0.278819
vt 0.379373 0.934031
vt 0.363244 0.946804
vt 0.385118 0.943984
vt 0.367695 0.955463
vt 0.373099 0.963555
vt 0.390628 0.971054
vt 0.373691 0.972574
vt 0.377247 0.979135
vt 0.195037 0.315572
vt 0.176629 0.338370
vt 0.168760 0.330697
vt 0.784826 0.730737
vt 0.799950 0.718147
vt 0.801129 0.725379
vt 0.819744 0.713628
vt 0.782944 0.723116
vt 0.799001 0.710678
vt 0.818397 0.703793
vt 0.839097 0.711942
vt 0.838362 0.697856
vt 0.867993 0.700086
vt 0.838554 0.703523
vt 0.817286 0.695269
vt 0.837400 0.692380
vt 0.857063 0.694217
vt 0.856627 0.687319
vt 0.876229 0.694074
vt 0.836713 0.687462
vt 0.856010 0.683098
vt 0.875778 0.688793
vt 0.786919 0.217969
vt 0.807465 0.212136
vt 0.788534 0.221087
vt 0.874938 0.684456
vt 0.855490 0.678163
vt 0.874853 0.679169
vt 0.784738 0.214069
vt 0.804926 0.208897
vt 0.809329 0.198963
vt 0.819611 0.198037
vt 0.782346 0.210186
vt 0.798378 0.199550
vt 0.828915 0.179599
vt 0.812385 0.189644
vt 0.795715 0.194493
vt 0.809789 0.185164
vt 0.540081 0.382842
vt 0.536961 0.396019
vt 0.533367 0.395495
vt 0.822992 0.172052
vt 0.826215 0.175656
vt 0.535340 0.381696
vt 0.540049 0.365904
vt 0.528205 0.396266
vt 0.531194 0.380959
vt 0.535333 0.364889
vt 0.540390 0.347301
vt 0.531042 0.364352
vt 0.535942 0.346334
vt 0.538123 0.329071
vt 0.530636 0.345665
vt 0.532933 0.328072
vt 0.535587 0.312790
vt 0.526952 0.326888
vt 0.529290 0.309462
vt 0.210371 0.767997
vt 0.208729 0.787363
vt 0.203512 0.786312
vt 0.520220 0.316677
vt 0.200611 0.764247
vt 0.210194 0.747732
vt 0.167728 0.782526
vt 0.176208 0.765441
vt 0.200640 0.745413
vt 0.177082 0.742218
vt 0.199917 0.723853
vt 0.526695 0.699935
vt 0.561596 0.699100
vt 0.553378 0.707505
vt 0.527613 0.690180
vt 0.548780 0.686109
vt 0.543549 0.693684
vt 0.507289 0.692228
vt 0.517965 0.686285
vt 0.534168 0.683115
vt 0.524363 0.680456
vt 0.538205 0.674656
vt 0.510195 0.682362
vt 0.516768 0.676281
vt 0.522273 0.669467
vt 0.529528 0.672271
vt 0.516591 0.667081
vt 0.519304 0.660009
vt 0.525388 0.661214
vt 0.532081 0.663722
vt 0.526697 0.652268
vt 0.533406 0.654166
vt 0.542284 0.655966
vt 0.540494 0.665704
vt 0.555880 0.658661
vt 0.554222 0.668717
vt 0.551910 0.677751
vt 0.571294 0.672900
vt 0.568338 0.681843
vt 0.565762 0.690686
vt 0.584643 0.682734
vt 0.582180 0.692309
vt 0.170414 0.653066
vt 0.188578 0.662979
vt 0.170463 0.664092
vt 0.579383 0.702026
vt 0.186463 0.677366
vt 0.201773 0.668153
vt 0.200595 0.682516
vt 0.189046 0.704065
vt 0.583274 0.725965
vt 0.538190 0.717074
vt 0.572766 0.712903
vt 0.209415 0.686065
vt 0.208798 0.705588
vt 0.208663 0.726676
vt 0.216164 0.708918
vt 0.216318 0.728960
vt 0.217920 0.749713
vt 0.223161 0.730787
vt 0.224538 0.751301
vt 0.218596 0.771484
vt 0.224949 0.772650
vt 0.229765 0.752805
vt 0.230209 0.773223
vt 0.537378 0.300435
vt 0.544771 0.312326
vt 0.540181 0.311447
vt 0.216804 0.788353
vt 0.546472 0.301709
vt 0.549160 0.313942
vt 0.547043 0.330434
vt 0.542940 0.329798
vt 0.552526 0.331242
vt 0.550087 0.348608
vt 0.544832 0.348070
vt 0.555082 0.349358
vt 0.549348 0.367820
vt 0.544774 0.367132
vt 0.553825 0.369233
vt 0.549281 0.384757
vt 0.544511 0.383956
vt 0.553995 0.385287
vt 0.546222 0.398930
vt 0.541476 0.396647
vt 0.549193 0.398484
vt 0.834927 0.186881
vt 0.822517 0.200903
vt 0.832062 0.183217
vt 0.837546 0.189944
vt 0.826012 0.204129
vt 0.810610 0.215728
vt 0.838368 0.203654
vt 0.813447 0.219230
vt 0.790448 0.225007
vt 0.789818 0.234027
vt 0.827200 0.219167
vt 0.792007 0.241331
vt 0.804833 0.241176
vt 0.791199 0.250851
vt 0.868665 0.706833
vt 0.822095 0.229441
vt 0.563333 0.387929
vt 0.558714 0.408302
vt 0.554798 0.399072
vt 0.558328 0.386280
vt 0.562321 0.371178
vt 0.558564 0.370359
vt 0.565143 0.350710
vt 0.560135 0.350126
vt 0.562994 0.332653
vt 0.557614 0.331945
vt 0.559724 0.315351
vt 0.554369 0.313727
vt 0.557672 0.299914
vt 0.240045 0.790835
vt 0.235779 0.774399
vt 0.173507 0.643260
vt 0.586199 0.672907
vt 0.572238 0.661353
vt 0.587389 0.662500
vt 0.581729 0.647351
vt 0.574704 0.626481
vt 0.583457 0.607358
vt 0.200116 0.567117
vt 0.180280 0.599878
vt 0.181686 0.616814
vt 0.228437 0.584696
vt 0.263341 0.571904
vt 0.248765 0.601496
vt 0.237922 0.599462
vt 0.268337 0.585242
vt 0.256198 0.603190
vt 0.275470 0.588288
vt 0.262319 0.605150
vt 0.281634 0.590742
vt 0.269411 0.606963
vt 0.287356 0.593362
vt 0.275977 0.609246
vt 0.261386 0.622307
vt 0.268890 0.624104
vt 0.259573 0.632354
vt 0.266093 0.634789
vt 0.260046 0.640191
vt 0.271908 0.638650
vt 0.265684 0.643868
vt 0.269420 0.647821
vt 0.259581 0.648103
vt 0.275819 0.643205
vt 0.272483 0.652367
vt 0.266283 0.655470
vt 0.279473 0.648181
vt 0.275103 0.657987
vt 0.268369 0.660736
vt 0.263334 0.667867
vt 0.277187 0.664093
vt 0.282996 0.653890
vt 0.285976 0.660174
vt 0.290311 0.640533
vt 0.294413 0.646585
vt 0.303466 0.629812
vt 0.308697 0.637235
vt 0.299219 0.624217
vt 0.314495 0.614149
vt 0.319094 0.619999
vt 0.173825 0.410727
vt 0.158044 0.421187
vt 0.168518 0.406417
vt 0.163728 0.425165
vt 0.151695 0.439850
vt 0.156090 0.443093
vt 0.144670 0.456596
vt 0.149165 0.460564
vt 0.140374 0.467942
vt 0.135188 0.464651
vt 0.144956 0.471829
vt 0.137891 0.475545
vt 0.132833 0.472402
vt 0.127023 0.469997
vt 0.141437 0.480197
vt 0.137516 0.486622
vt 0.144620 0.485391
vt 0.140560 0.491870
vt 0.133073 0.490962
vt 0.130121 0.498304
vt 0.127442 0.493287
vt 0.123122 0.499811
vt 0.120935 0.494395
vt 0.119692 0.488397
vt 0.112751 0.493841
vt 0.112022 0.487535
vt 0.118985 0.482306
vt 0.111615 0.481255
vt 0.119513 0.475342
vt 0.101699 0.486609
vt 0.101142 0.480218
vt 0.085711 0.487298
vt 0.084848 0.480435
vt 0.086689 0.492743
vt 0.065740 0.492537
vt 0.065468 0.487271
vt 0.067379 0.499236
vt 0.036600 0.501403
vt 0.045218 0.492377
vt 0.038347 0.510098
vt 0.006615 0.518438
vt 0.005412 0.511475
vt 0.031414 0.525821
vt 0.008531 0.526904
vt 0.870420 0.868531
vt 0.864760 0.868807
vt 0.872182 0.885945
vt 0.874828 0.868418
vt 0.876811 0.885546
vt 0.880690 0.902606
vt 0.881455 0.885019
vt 0.885364 0.902137
vt 0.888284 0.918869
vt 0.890318 0.901673
vt 0.892831 0.918658
vt 0.894726 0.937297
vt 0.898382 0.918910
vt 0.900212 0.936946
vt 0.904007 0.918048
vt 0.906852 0.945699
vt 0.919815 0.925231
vt 0.922348 0.953776
vt 0.908418 0.974880
vt 0.620156 0.431590
vt 0.642118 0.439624
vt 0.608602 0.445731
vt 0.917589 0.974414
vt 0.930170 0.994186
vt 0.895198 0.665866
vt 0.927619 0.674718
vt 0.924386 0.657811
vt 0.938738 0.671875
vt 0.935462 0.654455
vt 0.948359 0.668991
vt 0.945196 0.651734
vt 0.957779 0.666280
vt 0.959969 0.679720
vt 0.954706 0.649125
vt 0.965343 0.661637
vt 0.258059 0.881845
vt 0.850810 0.810447
vt 0.866743 0.821609
vt 0.855525 0.828156
vt 0.257279 0.891147
vt 0.859271 0.794109
vt 0.882495 0.813344
vt 0.886444 0.826940
vt 0.870792 0.841106
vt 0.901497 0.817018
vt 0.905197 0.828251
vt 0.889274 0.836881
vt 0.918130 0.818694
vt 0.915508 0.831391
vt 0.219766 0.089323
vt 0.239773 0.085998
vt 0.221782 0.100680
vt 0.231702 0.100768
vt 0.246055 0.092266
vt 0.235867 0.104438
vt 0.212725 0.937643
vt 0.218135 0.937096
vt 0.239792 0.107725
vt 0.249934 0.095686
vt 0.243212 0.110257
vt 0.208956 0.934536
vt 0.253071 0.097958
vt 0.203418 0.932900
vt 0.256870 0.101104
vt 0.264464 0.086918
vt 0.268177 0.090278
vt 0.271710 0.093577
vt 0.283029 0.082421
vt 0.286252 0.085685
vt 0.275208 0.096978
vt 0.296874 0.072852
vt 0.300796 0.077017
vt 0.290185 0.089965
vt 0.311458 0.063994
vt 0.315163 0.067595
vt 0.304511 0.080854
vt 0.325736 0.054289
vt 0.329376 0.057739
vt 0.318924 0.071195
vt 0.340315 0.044740
vt 0.343708 0.048090
vt 0.332977 0.061139
vt 0.353546 0.036093
vt 0.346923 0.050730
vt 0.360014 0.041700
vt 0.350313 0.053820
vt 0.362186 0.044662
vt 0.353851 0.056739
vt 0.839921 0.841060
vt 0.816922 0.850211
vt 0.834313 0.836900
vt 0.822312 0.854554
vt 0.805025 0.871500
vt 0.800059 0.866680
vt 0.810997 0.876124
vt 0.798448 0.893797
vt 0.793680 0.888751
vt 0.785601 0.859348
vt 0.764847 0.880881
vt 0.775298 0.885447
vt 0.775874 0.855311
vt 0.754540 0.835238
vt 0.780445 0.841456
vt 0.767368 0.830306
vt 0.782281 0.833299
vt 0.782212 0.827910
vt 0.748135 0.821509
vt 0.710328 0.835788
vt 0.729417 0.861511
vt 0.702593 0.858487
vt 0.650907 0.839858
vt 0.686217 0.864251
vt 0.489812 0.907486
vt 0.487896 0.913287
vt 0.695150 0.879520
vt 0.671694 0.882255
vt 0.675383 0.876289
vt 0.484623 0.907001
vt 0.497639 0.897415
vt 0.693056 0.887881
vt 0.720520 0.888005
vt 0.718203 0.895619
vt 0.689978 0.895214
vt 0.669323 0.889676
vt 0.716689 0.901020
vt 0.688699 0.902226
vt 0.666387 0.896133
vt 0.714968 0.907959
vt 0.687038 0.908666
vt 0.663762 0.901955
vt 0.083945 0.674514
vt 0.070359 0.664579
vt 0.072553 0.661383
vt 0.661725 0.909123
vt 0.081673 0.677712
vt 0.068181 0.667771
vt 0.055375 0.654672
vt 0.079528 0.680906
vt 0.065623 0.670817
vt 0.052946 0.657849
vt 0.040851 0.643409
vt 0.050247 0.660756
vt 0.038535 0.645854
vt 0.036139 0.648144
vt 0.026478 0.632204
vt 0.015736 0.621740
vt 0.024052 0.634897
vt 0.033229 0.651448
vt 0.021006 0.637656
vt 0.013502 0.624434
vt 0.010860 0.627671
vt 0.006999 0.619291
vt 0.008988 0.616594
vt 0.366839 0.304111
vt 0.407782 0.310527
vt 0.408481 0.314662
vt 0.366548 0.307389
vt 0.422256 0.310565
vt 0.424073 0.314522
vt 0.480330 0.814427
vt 0.471772 0.817039
vt 0.427898 0.312982
vt 0.485012 0.810265
vt 0.487482 0.813517
vt 0.531905 0.259469
vt 0.522774 0.259424
vt 0.525580 0.255061
vt 0.535126 0.253964
vt 0.492096 0.806685
vt 0.518554 0.243584
vt 0.528940 0.250044
vt 0.523567 0.236254
vt 0.534048 0.242091
vt 0.523237 0.221256
vt 0.541247 0.230690
vt 0.540069 0.245310
vt 0.532944 0.198663
vt 0.549744 0.217242
vt 0.542330 0.779371
vt 0.523348 0.787060
vt 0.562818 0.748193
vt 0.559497 0.767764
vt 0.579363 0.760217
vt 0.600225 0.721766
vt 0.596270 0.752952
vt 0.612378 0.744696
vt 0.258277 0.146847
vt 0.269579 0.166709
vt 0.261136 0.171069
vt 0.250795 0.148370
vt 0.615218 0.752809
vt 0.254212 0.172695
vt 0.267451 0.201013
vt 0.258581 0.197493
vt 0.245553 0.149584
vt 0.251482 0.197027
vt 0.259591 0.215692
vt 0.253283 0.216333
vt 0.397746 0.912734
vt 0.389853 0.903885
vt 0.393718 0.902977
vt 0.401914 0.912512
vt 0.247733 0.217048
vt 0.397520 0.901726
vt 0.391364 0.891416
vt 0.394475 0.890356
vt 0.401364 0.900814
vt 0.404752 0.911981
vt 0.394979 0.879761
vt 0.404390 0.899675
vt 0.407654 0.911389
vt 0.401766 0.887926
vt 0.406956 0.898841
vt 0.405537 0.885868
vt 0.397890 0.876902
vt 0.401143 0.876059
vt 0.404048 0.875004
vt 0.398025 0.865515
vt 0.400943 0.864237
vt 0.404206 0.862951
vt 0.399839 0.852756
vt 0.403071 0.851892
vt 0.406531 0.851133
vt 0.400937 0.839982
vt 0.405491 0.838886
vt 0.410338 0.850426
vt 0.410127 0.837809
vt 0.415364 0.849546
vt 0.415420 0.836984
vt 0.420605 0.848467
vt 0.420407 0.836079
vt 0.424737 0.835491
vt 0.418492 0.822678
vt 0.427972 0.824105
vt 0.430042 0.835753
vt 0.414521 0.823963
vt 0.406761 0.813128
vt 0.411457 0.811764
vt 0.409060 0.825266
vt 0.404001 0.800051
vt 0.408979 0.798781
vt 0.410820 0.784910
vt 0.413179 0.797582
vt 0.416797 0.796129
vt 0.414637 0.785488
vt 0.417203 0.779855
vt 0.179236 0.252010
vt 0.182599 0.270801
vt 0.203172 0.257714
vt 0.210879 0.274824
vt 0.193323 0.265327
vt 0.194969 0.279183
vt 0.205177 0.288892
vt 0.181295 0.296581
vt 0.172951 0.287255
vt 0.225239 0.284784
vt 0.213543 0.298034
vt 0.187091 0.305612
vt 0.235544 0.291334
vt 0.220852 0.306253
vt 0.242615 0.297500
vt 0.223683 0.319525
vt 0.202163 0.324428
vt 0.184033 0.346322
vt 0.190313 0.353266
vt 0.797404 0.704621
vt 0.782281 0.715247
vt 0.782009 0.708687
vt 0.213602 0.338329
vt 0.195702 0.359370
vt 0.797208 0.697736
vt 0.781716 0.703171
vt 0.796975 0.692318
vt 0.816768 0.690268
vt 0.816261 0.685289
vt 0.836177 0.682852
vt 0.815839 0.679679
vt 0.835597 0.677353
vt 0.854960 0.672907
vt 0.835080 0.671895
vt 0.854551 0.667618
vt 0.874432 0.673871
vt 0.779880 0.206315
vt 0.874058 0.668554
vt 0.854321 0.662200
vt 0.873693 0.663137
vt 0.777049 0.202450
vt 0.807009 0.181424
vt 0.792208 0.190521
vt 0.788949 0.187468
vt 0.804856 0.178405
vt 0.821237 0.169152
vt 0.802570 0.175332
vt 0.818131 0.166033
vt 0.526243 0.380522
vt 0.524391 0.394121
vt 0.520466 0.393577
vt 0.800127 0.171561
vt 0.816196 0.162316
vt 0.516685 0.394652
vt 0.526159 0.363330
vt 0.521757 0.379982
vt 0.511537 0.392087
vt 0.516203 0.377927
vt 0.520255 0.362360
vt 0.524927 0.344489
vt 0.513129 0.360635
vt 0.517643 0.343327
vt 0.506206 0.341648
vt 0.498469 0.322600
vt 0.499522 0.306311
vt 0.469645 0.302546
vt 0.440519 0.770731
vt 0.483240 0.786679
vt 0.455551 0.794262
vt 0.455206 0.755966
vt 0.493492 0.771625
vt 0.476692 0.745391
vt 0.436041 0.736371
vt 0.471467 0.725034
vt 0.510590 0.735218
vt 0.463130 0.717216
vt 0.501745 0.705659
vt 0.492177 0.700375
vt 0.457707 0.710800
vt 0.486360 0.695263
vt 0.500132 0.688323
vt 0.482113 0.690714
vt 0.495882 0.683776
vt 0.504909 0.677737
vt 0.492064 0.679226
vt 0.500999 0.673343
vt 0.511105 0.672495
vt 0.506957 0.668726
vt 0.511102 0.664049
vt 0.497858 0.669798
vt 0.489289 0.674881
vt 0.494695 0.665199
vt 0.486635 0.669383
vt 0.492460 0.659612
vt 0.481305 0.657223
vt 0.490697 0.651935
vt 0.489387 0.636608
vt 0.496940 0.634866
vt 0.504264 0.642387
vt 0.504816 0.650963
vt 0.509726 0.641655
vt 0.502935 0.627492
vt 0.508859 0.626912
vt 0.515269 0.641474
vt 0.501452 0.606003
vt 0.506988 0.606404
vt 0.514591 0.626340
vt 0.512164 0.606034
vt 0.509026 0.583158
vt 0.513685 0.583108
vt 0.518773 0.605067
vt 0.520399 0.625816
vt 0.521040 0.641297
vt 0.525399 0.614853
vt 0.527909 0.644083
vt 0.533618 0.625979
vt 0.543238 0.643870
vt 0.551004 0.627743
vt 0.557575 0.644778
vt 0.551006 0.603121
vt 0.211974 0.534781
vt 0.225043 0.524162
vt 0.188249 0.499987
vt 0.207514 0.467292
vt 0.237224 0.467825
vt 0.183663 0.491024
vt 0.196271 0.469839
vt 0.179493 0.485975
vt 0.190834 0.462675
vt 0.207141 0.449599
vt 0.176563 0.478980
vt 0.187426 0.457058
vt 0.203187 0.442782
vt 0.174121 0.473198
vt 0.183922 0.451759
vt 0.195429 0.434538
vt 0.198853 0.438998
vt 0.171029 0.467344
vt 0.180862 0.445941
vt 0.167886 0.460444
vt 0.177147 0.440086
vt 0.191958 0.429432
vt 0.282524 0.611786
vt 0.293470 0.596200
vt 0.299705 0.599462
vt 0.188359 0.423745
vt 0.173154 0.434138
vt 0.184113 0.418709
vt 0.288949 0.615215
vt 0.275603 0.627071
vt 0.305472 0.603585
vt 0.294675 0.619598
vt 0.281861 0.631191
vt 0.286175 0.635658
vt 0.310672 0.608493
vt 0.168521 0.429075
vt 0.178897 0.414573
vt 0.160825 0.448391
vt 0.164726 0.454156
vt 0.153643 0.465848
vt 0.156956 0.471922
vt 0.148658 0.477511
vt 0.150938 0.483608
vt 0.146773 0.491726
vt 0.153049 0.489489
vt 0.148658 0.498608
vt 0.143322 0.498186
vt 0.138554 0.501243
vt 0.135801 0.508492
vt 0.132916 0.503469
vt 0.135522 0.496002
vt 0.129988 0.510486
vt 0.126458 0.505314
vt 0.122218 0.512236
vt 0.118065 0.506570
vt 0.113242 0.500960
vt 0.091409 0.506654
vt 0.088910 0.499702
vt 0.102557 0.492702
vt 0.107743 0.508217
vt 0.094306 0.513125
vt 0.073029 0.513439
vt 0.070071 0.506654
vt 0.076044 0.519996
vt 0.053835 0.522983
vt 0.051304 0.516441
vt 0.055870 0.528259
vt 0.033303 0.531181
vt 0.035565 0.537527
vt 0.012011 0.539199
vt 0.009938 0.532902
vt 0.012741 0.543604
vt 0.879380 0.867711
vt 0.886014 0.884383
vt 0.883438 0.867220
vt 0.891442 0.883564
vt 0.898900 0.889843
vt 0.895824 0.901294
vt 0.914271 0.896959
vt 0.674726 0.438958
vt 0.696623 0.468031
vt 0.653142 0.469470
vt 0.675482 0.491062
vt 0.631435 0.492470
vt 0.599051 0.521039
vt 0.597533 0.493585
vt 0.585657 0.471939
vt 0.888400 0.645673
vt 0.898806 0.627843
vt 0.906410 0.645157
vt 0.912413 0.627056
vt 0.921143 0.639360
vt 0.513969 0.997016
vt 0.509368 0.982294
vt 0.519894 0.992544
vt 0.515357 0.978399
vt 0.525289 0.988102
vt 0.932092 0.636561
vt 0.520946 0.974693
vt 0.530624 0.984235
vt 0.942096 0.634321
vt 0.527187 0.970881
vt 0.536649 0.980452
vt 0.951176 0.631940
vt 0.961464 0.643022
vt 0.844797 0.796395
vt 0.867381 0.770515
vt 0.874474 0.783916
vt 0.880126 0.798502
vt 0.861870 0.760051
vt 0.874544 0.758740
vt 0.844705 0.764878
vt 0.858080 0.752363
vt 0.869942 0.749600
vt 0.878107 0.749149
vt 0.855414 0.746246
vt 0.836279 0.748058
vt 0.854145 0.740884
vt 0.840832 0.757404
vt 0.837943 0.752409
vt 0.824542 0.742542
vt 0.836246 0.743630
vt 0.517613 0.947512
vt 0.513638 0.956002
vt 0.511510 0.953405
vt 0.508051 0.959787
vt 0.520806 0.951387
vt 0.516759 0.958993
vt 0.510702 0.963164
vt 0.505601 0.966525
vt 0.514841 0.967582
vt 0.509294 0.971219
vt 0.503348 0.975024
vt 0.490444 0.972186
vt 0.496873 0.966764
vt 0.499586 0.970144
vt 0.503122 0.962831
vt 0.496612 0.979565
vt 0.486216 0.985545
vt 0.502479 0.987004
vt 0.492168 0.992514
vt 0.470124 0.988648
vt 0.478637 0.977792
vt 0.481690 0.980762
vt 0.477464 0.997920
vt 0.629624 0.518655
vt 0.600289 0.536624
vt 0.633251 0.536060
vt 0.611844 0.542413
vt 0.665293 0.519351
vt 0.687066 0.518849
vt 0.708677 0.518230
vt 0.707978 0.489786
vt 0.740277 0.488147
vt 0.706595 0.438005
vt 0.728254 0.455546
vt 0.928701 0.886285
vt 0.903008 0.876471
vt 0.012957 0.606770
vt 0.034231 0.568992
vt 0.030236 0.598188
vt 0.003384 0.577121
vt 0.018287 0.560181
vt 0.067205 0.551825
vt 0.042488 0.556621
vt 0.039356 0.549391
vt 0.063683 0.544978
vt 0.087890 0.540780
vt 0.060677 0.538771
vt 0.084417 0.534818
vt 0.106306 0.532564
vt 0.081678 0.530484
vt 0.103423 0.528520
vt 0.121069 0.527649
vt 0.100376 0.523407
vt 0.117912 0.523458
vt 0.133007 0.525620
vt 0.115207 0.519870
vt 0.126321 0.517602
vt 0.129015 0.521384
vt 0.133760 0.515412
vt 0.137368 0.518850
vt 0.097529 0.519042
vt 0.111963 0.514812
vt 0.135163 0.528397
vt 0.146674 0.526783
vt 0.137544 0.531622
vt 0.123527 0.530975
vt 0.125947 0.534882
vt 0.139678 0.536793
vt 0.128958 0.540389
vt 0.109628 0.537724
vt 0.113413 0.544907
vt 0.085264 0.558991
vt 0.091979 0.547580
vt 0.096935 0.580748
vt 0.064538 0.612919
vt 0.412659 0.444784
vt 0.433873 0.473278
vt 0.410488 0.471368
vt 0.419093 0.414660
vt 0.441183 0.420115
vt 0.730408 0.517360
vt 0.741929 0.533487
vt 0.709001 0.534319
vt 0.676556 0.535253
vt 0.709142 0.540669
vt 0.687498 0.541145
vt 0.666025 0.546475
vt 0.665867 0.541205
vt 0.644813 0.546916
vt 0.644487 0.541643
vt 0.645127 0.552063
vt 0.623619 0.552604
vt 0.623223 0.547516
vt 0.601849 0.552915
vt 0.601372 0.547774
vt 0.463432 0.980820
vt 0.473349 0.972653
vt 0.475814 0.975202
vt 0.460349 0.989530
vt 0.485135 0.966819
vt 0.487318 0.969171
vt 0.493278 0.961612
vt 0.495058 0.964028
vt 0.499482 0.958149
vt 0.501154 0.960354
vt 0.504346 0.954999
vt 0.505930 0.957259
vt 0.503219 0.953272
vt 0.508332 0.948960
vt 0.509588 0.950989
vt 0.502548 0.951380
vt 0.507435 0.946356
vt 0.513354 0.940549
vt 0.357675 0.317292
vt 0.337367 0.316385
vt 0.357207 0.312512
vt 0.355031 0.310469
vt 0.338894 0.321166
vt 0.320603 0.318855
vt 0.319706 0.314805
vt 0.336059 0.311600
vt 0.304951 0.323283
vt 0.304135 0.318938
vt 0.905366 0.069865
vt 0.887718 0.069668
vt 0.887560 0.065199
vt 0.906018 0.065883
vt 0.887692 0.060991
vt 0.906138 0.062254
vt 0.871875 0.061301
vt 0.871838 0.057157
vt 0.887849 0.057098
vt 0.872352 0.053517
vt 0.888400 0.052912
vt 0.857153 0.050689
vt 0.858999 0.047466
vt 0.872565 0.049665
vt 0.861033 0.044185
vt 0.849051 0.042842
vt 0.873493 0.045257
vt 0.888559 0.042789
vt 0.888569 0.048187
vt 0.862798 0.040467
vt 0.874309 0.040837
vt 0.853357 0.038967
vt 0.844437 0.039934
vt 0.905290 0.046817
vt 0.918169 0.039352
vt 0.917901 0.046178
vt 0.888609 0.035451
vt 0.888007 0.025158
vt 0.855386 0.057825
vt 0.871849 0.065830
vt 0.855573 0.062667
vt 0.856388 0.068859
vt 0.841294 0.068306
vt 0.840532 0.061998
vt 0.826919 0.068090
vt 0.826622 0.062624
vt 0.811049 0.068449
vt 0.810578 0.062483
vt 0.826488 0.057618
vt 0.810099 0.058420
vt 0.824261 0.054598
vt 0.795552 0.063900
vt 0.794361 0.059808
vt 0.807547 0.054663
vt 0.793482 0.056380
vt 0.803933 0.050729
vt 0.780476 0.059304
vt 0.779512 0.056240
vt 0.792211 0.053319
vt 0.778036 0.053911
vt 0.766005 0.055930
vt 0.764446 0.053569
vt 0.764148 0.051418
vt 0.346537 0.113900
vt 0.337620 0.122214
vt 0.343300 0.111819
vt 0.027436 0.828506
vt 0.023553 0.817271
vt 0.030836 0.825348
vt 0.020269 0.821023
vt 0.016555 0.810792
vt 0.020553 0.807444
vt 0.027944 0.813109
vt 0.041737 0.819471
vt 0.035502 0.834141
vt 0.035322 0.822880
vt 0.030321 0.839310
vt 0.032378 0.795184
vt 0.038679 0.800990
vt 0.048791 0.810027
vt 0.049427 0.788672
vt 0.064553 0.791119
vt 0.062292 0.820620
vt 0.054252 0.828386
vt 0.953837 0.367506
vt 0.963894 0.364721
vt 0.960222 0.375755
vt 0.765226 0.040346
vt 0.779241 0.039780
vt 0.773370 0.044895
vt 0.968615 0.370678
vt 0.969193 0.359599
vt 0.975445 0.364138
vt 0.978225 0.372733
vt 0.972541 0.378821
vt 0.785438 0.045837
vt 0.798307 0.044594
vt 0.787395 0.048202
vt 0.775413 0.049091
vt 0.790310 0.050655
vt 0.776371 0.051422
vt 0.473566 0.021720
vt 0.456692 0.026015
vt 0.456944 0.020024
vt 0.473074 0.015295
vt 0.801876 0.048795
vt 0.445408 0.019386
vt 0.455203 0.014275
vt 0.842778 0.026994
vt 0.842350 0.035666
vt 0.839633 0.039592
vt 0.457494 0.033357
vt 0.444737 0.042647
vt 0.444084 0.029339
vt 0.474060 0.028331
vt 0.474370 0.035724
vt 0.458792 0.042879
vt 0.845302 0.018849
vt 0.855252 0.012786
vt 0.446571 0.053323
vt 0.991388 0.335361
vt 0.994347 0.328644
vt 0.438233 0.066087
vt 0.437310 0.056790
vt 0.972259 0.336480
vt 0.977896 0.341069
vt 0.975983 0.353361
vt 0.239685 0.977150
vt 0.244279 0.978090
vt 0.081233 0.797004
vt 0.071329 0.809361
vt 0.060685 0.774171
vt 0.086099 0.761348
vt 0.091874 0.780883
vt 0.102469 0.766099
vt 0.112481 0.778088
vt 0.101697 0.791767
vt 0.130683 0.779232
vt 0.120373 0.789679
vt 0.120941 0.767995
vt 0.110045 0.756156
vt 0.126366 0.762223
vt 0.099641 0.744355
vt 0.115025 0.750649
vt 0.104524 0.739104
vt 0.092481 0.734645
vt 0.097467 0.729425
vt 0.108407 0.735319
vt 0.118930 0.746827
vt 0.134115 0.754545
vt 0.130406 0.758121
vt 0.122693 0.743465
vt 0.112049 0.732254
vt 0.101072 0.725843
vt 0.104472 0.722999
vt 0.115390 0.729646
vt 0.126127 0.740712
vt 0.141459 0.748866
vt 0.137814 0.751432
vt 0.129777 0.738207
vt 0.119129 0.727367
vt 0.107878 0.720591
vt 0.111960 0.718547
vt 0.122768 0.725459
vt 0.133404 0.735959
vt 0.137152 0.733622
vt 0.148531 0.743570
vt 0.144796 0.746165
vt 0.996677 0.594011
vt 0.991314 0.620931
vt 0.989423 0.594393
vt 0.982571 0.595015
vt 0.326688 0.031340
vt 0.311630 0.040171
vt 0.323555 0.028123
vt 0.320436 0.025070
vt 1.000000 0.610401
vt 1.000000 0.637648
vt 0.993223 0.636006
vt 0.308176 0.036790
vt 0.317200 0.021810
vt 0.979400 0.632666
vt 0.979400 0.605351
vt 0.986872 0.630740
vt 0.934068 0.287660
vt 0.926839 0.301370
vt 0.923710 0.298368
vt 0.145711 0.765083
vt 0.942501 0.287431
vt 0.930486 0.305245
vt 0.141867 0.768785
vt 0.944105 0.299221
vt 0.934841 0.310962
vt 0.137219 0.773126
vt 0.958640 0.281499
vt 0.968851 0.299114
vt 0.953222 0.311102
vt 0.941828 0.319209
vt 0.970040 0.309175
vt 0.957885 0.318414
vt 0.961626 0.324764
vt 0.948101 0.328241
vt 0.975071 0.320187
vt 0.981185 0.300675
vt 0.976422 0.292856
vt 0.991002 0.289614
vt 0.994511 0.297601
vt 0.985518 0.281718
vt 0.999639 0.275794
vt 0.228860 0.935713
vt 0.243000 0.925782
vt 0.238455 0.920797
vt 0.254053 0.910826
vt 0.248135 0.929537
vt 0.260900 0.914599
vt 0.255661 0.932003
vt 0.269133 0.919032
vt 0.267053 0.935272
vt 0.258154 0.951027
vt 0.904153 0.015742
vt 0.255592 0.896002
vt 0.263447 0.900343
vt 0.912813 0.808379
vt 0.898673 0.804150
vt 0.911804 0.799361
vt 0.908325 0.789119
vt 0.248537 0.907139
vt 0.234809 0.913845
vt 0.243562 0.900404
vt 0.246096 0.070144
vt 0.228946 0.077892
vt 0.236687 0.062082
vt 0.255086 0.056749
vt 0.257459 0.069231
vt 0.969463 0.283782
vt 0.979206 0.272685
vt 0.279092 0.043683
vt 0.278818 0.054422
vt 0.295480 0.035829
vt 0.293853 0.046143
vt 0.305124 0.033707
vt 0.286483 0.062373
vt 0.272047 0.071542
vt 0.282812 0.058550
vt 0.267732 0.067254
vt 0.297386 0.049939
vt 0.300610 0.053196
vt 0.289919 0.066051
vt 0.304346 0.056868
vt 0.293653 0.069663
vt 0.279357 0.078798
vt 0.275824 0.075174
vt 0.315307 0.043813
vt 0.318593 0.047105
vt 0.307608 0.060147
vt 0.329886 0.034516
vt 0.333423 0.038067
vt 0.322151 0.050732
vt 0.343597 0.026045
vt 0.346962 0.029401
vt 0.336861 0.041484
vt 0.851197 0.850408
vt 0.827818 0.858952
vt 0.845513 0.845723
vt 0.350423 0.032745
vt 0.833451 0.862471
vt 0.808537 0.902047
vt 0.127862 0.712013
vt 0.119147 0.706493
vt 0.123097 0.704571
vt 0.132062 0.710580
vt 0.126231 0.702357
vt 0.117811 0.696312
vt 0.120429 0.693488
vt 0.128533 0.699222
vt 0.786409 0.907978
vt 0.803685 0.899147
vt 0.791363 0.911846
vt 0.122620 0.690752
vt 0.113722 0.687855
vt 0.115838 0.685153
vt 0.766138 0.920881
vt 0.778210 0.919711
vt 0.751844 0.919705
vt 0.753622 0.914185
vt 0.755581 0.908020
vt 0.739220 0.907051
vt 0.741625 0.899747
vt 0.750752 0.895342
vt 0.722711 0.880199
vt 0.748019 0.880102
vt 0.737552 0.912444
vt 0.105631 0.684157
vt 0.095211 0.681612
vt 0.098799 0.679567
vt 0.103233 0.687249
vt 0.092826 0.684574
vt 0.086160 0.671344
vt 0.100428 0.690282
vt 0.090507 0.687647
vt 0.094858 0.696361
vt 0.088207 0.690760
vt 0.092552 0.698954
vt 0.085975 0.693481
vt 0.089731 0.701510
vt 0.083683 0.695955
vt 0.077118 0.683854
vt 0.074854 0.686790
vt 0.081494 0.697910
vt 0.073049 0.689493
vt 0.060617 0.677029
vt 0.063074 0.674055
vt 0.047938 0.663448
vt 0.057897 0.680450
vt 0.045178 0.666681
vt 0.041428 0.670464
vt 0.029285 0.654988
vt 0.024075 0.660124
vt 0.017298 0.641533
vt 0.004321 0.633060
vt 0.011902 0.646762
vt 0.014777 0.669633
vt 0.005037 0.653560
vt 0.364657 0.273897
vt 0.382819 0.263797
vt 0.372706 0.284840
vt 0.399561 0.270756
vt 0.396037 0.287348
vt 0.372514 0.294554
vt 0.407997 0.289992
vt 0.407656 0.302767
vt 0.367256 0.299936
vt 0.362654 0.293658
vt 0.417077 0.290799
vt 0.418913 0.303308
vt 0.455743 0.287458
vt 0.446451 0.273246
vt 0.500868 0.239345
vt 0.515255 0.248431
vt 0.489074 0.225124
vt 0.504066 0.234534
vt 0.462423 0.249101
vt 0.449210 0.236633
vt 0.440815 0.256562
vt 0.416287 0.273877
vt 0.416413 0.256254
vt 0.432104 0.240630
vt 0.438876 0.225584
vt 0.413678 0.238319
vt 0.425885 0.226863
vt 0.435458 0.217519
vt 0.412164 0.223186
vt 0.425355 0.218055
vt 0.414752 0.214763
vt 0.425063 0.211976
vt 0.403618 0.219241
vt 0.407010 0.211216
vt 0.416592 0.208963
vt 0.410957 0.201760
vt 0.409307 0.205785
vt 0.388967 0.202792
vt 0.398560 0.201118
vt 0.401755 0.193479
vt 0.400182 0.197092
vt 0.383836 0.194198
vt 0.385456 0.190344
vt 0.388541 0.183297
vt 0.387096 0.186354
vt 0.369920 0.183105
vt 0.371786 0.178807
vt 0.375537 0.171448
vt 0.391720 0.177654
vt 0.359565 0.166801
vt 0.361743 0.162928
vt 0.363556 0.159962
vt 0.377397 0.168438
vt 0.379418 0.165190
vt 0.352226 0.153187
vt 0.348561 0.159509
vt 0.350365 0.156066
vt 0.341559 0.153785
vt 0.343568 0.151194
vt 0.345394 0.148875
vt 0.350350 0.147545
vt 0.338537 0.147394
vt 0.336431 0.149731
vt 0.335706 0.142349
vt 0.332510 0.142865
vt 0.335380 0.136997
vt 0.334053 0.129549
vt 0.337163 0.131141
vt 0.340542 0.132467
vt 0.340783 0.124263
vt 0.343957 0.126041
vt 0.344379 0.134005
vt 0.347542 0.127930
vt 0.349678 0.132850
vt 0.358765 0.128361
vt 0.352774 0.138781
vt 0.386209 0.159722
vt 0.388669 0.166533
vt 0.393856 0.174318
vt 0.412791 0.185503
vt 0.405704 0.185784
vt 0.415946 0.191578
vt 0.414264 0.194458
vt 0.403496 0.189608
vt 0.420614 0.197966
vt 0.412645 0.198011
vt 0.419560 0.200812
vt 0.425103 0.203312
vt 0.418149 0.204595
vt 0.425026 0.207052
vt 0.430438 0.203511
vt 0.431507 0.207169
vt 0.433176 0.211932
vt 0.437029 0.205524
vt 0.440121 0.209479
vt 0.443923 0.214135
vt 0.446481 0.204764
vt 0.451449 0.208148
vt 0.449498 0.220786
vt 0.458198 0.213436
vt 0.454804 0.203905
vt 0.462228 0.208315
vt 0.462423 0.228556
vt 0.474038 0.216146
vt 0.462617 0.199541
vt 0.478271 0.209375
vt 0.500983 0.223090
vt 0.508828 0.194643
vt 0.522634 0.173620
vt 0.549457 0.189236
vt 0.540294 0.145908
vt 0.563695 0.155192
vt 0.292200 0.188028
vt 0.267175 0.144372
vt 0.296361 0.130749
vt 0.273541 0.193382
vt 0.310007 0.209483
vt 0.993879 0.356096
vt 0.996882 0.378030
vt 0.990940 0.372849
vt 0.988795 0.355360
vt 0.266703 0.215015
vt 0.386403 0.904838
vt 0.380819 0.893996
vt 0.384962 0.893068
vt 0.985857 0.372142
vt 0.984363 0.354707
vt 0.388269 0.892293
vt 0.382711 0.881156
vt 0.386129 0.880427
vt 0.388523 0.879889
vt 0.383435 0.869068
vt 0.385838 0.868544
vt 0.391524 0.879000
vt 0.388879 0.867810
vt 0.391938 0.866905
vt 0.395093 0.866070
vt 0.390198 0.855015
vt 0.393603 0.854273
vt 0.396995 0.853564
vt 0.391443 0.842379
vt 0.394365 0.842023
vt 0.397205 0.841024
vt 0.392603 0.828747
vt 0.395726 0.828176
vt 0.399802 0.827156
vt 0.393368 0.815629
vt 0.397572 0.815035
vt 0.402982 0.819977
vt 0.394634 0.802742
vt 0.398945 0.801475
vt 0.395193 0.790482
vt 0.397756 0.784198
vt 0.403572 0.780589
vt 0.405816 0.788289
vt 0.408615 0.768880
vt 0.212055 0.251535
vt 0.223086 0.270451
vt 0.407847 0.778951
vt 0.241227 0.269561
vt 0.239432 0.279618
vt 0.248966 0.285549
vt 0.259259 0.280531
vt 0.256581 0.291313
vt 0.268109 0.285504
vt 0.250589 0.305323
vt 0.267226 0.276503
vt 0.256862 0.270132
vt 0.273958 0.273174
vt 0.263076 0.266141
vt 0.268221 0.262824
vt 0.247636 0.254623
vt 0.253616 0.250550
vt 0.258890 0.246936
vt 0.388778 0.770517
vt 0.388227 0.780791
vt 0.385240 0.771411
vt 0.384779 0.781305
vt 0.382128 0.771808
vt 0.381749 0.781855
vt 0.387189 0.791941
vt 0.384202 0.792552
vt 0.380787 0.793078
vt 0.387273 0.804465
vt 0.383922 0.805151
vt 0.380391 0.805889
vt 0.386572 0.817118
vt 0.382893 0.818075
vt 0.379021 0.818778
vt 0.388837 0.829678
vt 0.385602 0.830397
vt 0.382337 0.831212
vt 0.378758 0.831858
vt 0.388251 0.842909
vt 0.384864 0.843620
vt 0.381394 0.844116
vt 0.378718 0.844657
vt 0.386831 0.855675
vt 0.383621 0.856418
vt 0.378193 0.857589
vt 0.381155 0.857007
vt 0.380312 0.869823
vt 0.374107 0.858412
vt 0.376190 0.870774
vt 0.378462 0.882292
vt 0.371906 0.878184
vt 0.376604 0.904094
vt 0.363624 0.892470
vt 0.305488 0.567382
vt 0.337588 0.540838
vt 0.339354 0.566600
vt 0.315185 0.534805
vt 0.335811 0.514435
vt 0.537091 0.105875
vt 0.523860 0.126485
vt 0.896370 0.168728
vt 0.914189 0.177050
vt 0.890155 0.181909
vt 0.509838 0.146699
vt 0.517568 0.108114
vt 0.496358 0.138082
vt 0.504229 0.114379
vt 0.486720 0.141942
vt 0.491481 0.125211
vt 0.495629 0.128064
vt 0.478617 0.166377
vt 0.477821 0.155784
vt 0.482913 0.139299
vt 0.474004 0.153506
vt 0.479171 0.136818
vt 0.468832 0.170244
vt 0.465041 0.167977
vt 0.470270 0.151124
vt 0.461339 0.165598
vt 0.467503 0.149376
vt 0.456579 0.181537
vt 0.452965 0.179102
vt 0.458526 0.163766
vt 0.450058 0.177083
vt 0.455002 0.161671
vt 0.446909 0.188896
vt 0.443738 0.186673
vt 0.446558 0.174862
vt 0.436398 0.189896
vt 0.439861 0.177276
vt 0.432805 0.187179
vt 0.431891 0.179314
vt 0.433246 0.193466
vt 0.429930 0.190900
vt 0.425626 0.188199
vt 0.417339 0.178035
vt 0.423810 0.191331
vt 0.414804 0.182240
vt 0.422212 0.194730
vt 0.435240 0.156158
vt 0.451355 0.159523
vt 0.452093 0.140462
vt 0.460160 0.145141
vt 0.463906 0.147307
vt 0.468758 0.130819
vt 0.472600 0.132939
vt 0.476267 0.134971
vt 0.480821 0.118667
vt 0.484620 0.120716
vt 0.487817 0.122742
vt 0.493405 0.107495
vt 0.496797 0.109610
vt 0.509797 0.100663
vt 0.921022 0.186055
vt 0.917857 0.164254
vt 0.919681 0.218328
vt 0.908371 0.218636
vt 0.323676 0.499388
vt 0.332524 0.484213
vt 0.337695 0.493117
vt 0.351463 0.489264
vt 0.348453 0.517348
vt 0.329640 0.904163
vt 0.313626 0.890395
vt 0.342755 0.889766
vt 0.351390 0.905543
vt 0.327584 0.880781
vt 0.355036 0.875444
vt 0.353455 0.862857
vt 0.369086 0.859590
vt 0.351407 0.850067
vt 0.366620 0.847085
vt 0.368824 0.833727
vt 0.371627 0.846003
vt 0.373055 0.832924
vt 0.375731 0.845264
vt 0.369863 0.820452
vt 0.372875 0.819880
vt 0.376052 0.832314
vt 0.370466 0.807278
vt 0.373411 0.806829
vt 0.375602 0.819445
vt 0.370675 0.795040
vt 0.374055 0.794419
vt 0.377002 0.806444
vt 0.371808 0.783678
vt 0.375048 0.782990
vt 0.377443 0.793750
vt 0.373148 0.772916
vt 0.376061 0.772812
vt 0.378350 0.782327
vt 0.287615 0.237556
vt 0.286360 0.256045
vt 0.281101 0.238178
vt 0.378967 0.765326
vt 0.379311 0.771915
vt 0.291030 0.269265
vt 0.278935 0.256857
vt 0.284380 0.269272
vt 0.272900 0.259525
vt 0.267972 0.241639
vt 0.292604 0.281060
vt 0.287450 0.280292
vt 0.278778 0.270746
vt 0.287761 0.293775
vt 0.283187 0.291876
vt 0.282434 0.280722
vt 0.272488 0.302047
vt 0.275936 0.304983
vt 0.261406 0.316139
vt 0.279832 0.308471
vt 0.264829 0.319593
vt 0.244032 0.332977
vt 0.268954 0.323708
vt 0.248127 0.337885
vt 0.226915 0.353886
vt 0.252281 0.342682
vt 0.231773 0.359186
vt 0.210699 0.376109
vt 0.236752 0.364282
vt 0.215726 0.381800
vt 0.193598 0.398217
vt 0.220174 0.387025
vt 0.197952 0.403923
vt 0.815209 0.668634
vt 0.796008 0.675407
vt 0.795897 0.669845
vt 0.203041 0.410281
vt 0.814619 0.663220
vt 0.833778 0.661474
vt 0.795186 0.658499
vt 0.814357 0.658107
vt 0.833679 0.656687
vt 0.853865 0.658023
vt 0.833393 0.651432
vt 0.853740 0.653161
vt 0.853896 0.648312
vt 0.873427 0.653871
vt 0.853024 0.642403
vt 0.757856 0.196519
vt 0.765736 0.188551
vt 0.769834 0.192318
vt 0.780864 0.176708
vt 0.751898 0.188996
vt 0.761615 0.182922
vt 0.777155 0.171261
vt 0.793606 0.161229
vt 0.765526 0.156362
vt 0.783040 0.143763
vt 0.803916 0.141302
vt 0.794903 0.125119
vt 0.488323 0.373584
vt 0.492025 0.389553
vt 0.473290 0.387207
vt 0.785424 0.107849
vt 0.458867 0.370623
vt 0.484714 0.356763
vt 0.652756 0.779501
vt 0.630955 0.758455
vt 0.651723 0.757612
vt 0.673418 0.778765
vt 0.693983 0.756600
vt 0.672886 0.756976
vt 0.683143 0.740621
vt 0.725419 0.755898
vt 0.672295 0.726453
vt 0.693636 0.729339
vt 0.725208 0.739072
vt 0.400280 0.723107
vt 0.429126 0.727297
vt 0.399966 0.734289
vt 0.381810 0.722670
vt 0.398872 0.718746
vt 0.423865 0.720647
vt 0.420777 0.715620
vt 0.398132 0.713513
vt 0.418703 0.709711
vt 0.443359 0.708960
vt 0.440284 0.703717
vt 0.463244 0.701329
vt 0.416474 0.704553
vt 0.438091 0.698777
vt 0.460847 0.695856
vt 0.457893 0.690275
vt 0.478557 0.685670
vt 0.435451 0.692042
vt 0.454750 0.683695
vt 0.476008 0.681006
vt 0.473258 0.675604
vt 0.441885 0.681197
vt 0.477888 0.666879
vt 0.438932 0.657606
vt 0.458410 0.665558
vt 0.478915 0.638409
vt 0.473565 0.598479
vt 0.489209 0.605696
vt 0.495528 0.605792
vt 0.486809 0.570719
vt 0.495795 0.584183
vt 0.502752 0.583840
vt 0.500442 0.563889
vt 0.506141 0.563226
vt 0.499212 0.548311
vt 0.504483 0.547876
vt 0.510799 0.562692
vt 0.509150 0.546525
vt 0.516582 0.561929
vt 0.519279 0.582822
vt 0.514932 0.545653
vt 0.522012 0.560991
vt 0.524821 0.582433
vt 0.536630 0.570193
vt 0.533608 0.603839
vt 0.538754 0.536757
vt 0.578878 0.558163
vt 0.558370 0.529602
vt 0.540652 0.521873
vt 0.554254 0.516973
vt 0.572366 0.522430
vt 0.584479 0.539572
vt 0.190511 0.561975
vt 0.185482 0.533222
vt 0.198976 0.551619
vt 0.177651 0.542095
vt 0.171026 0.508950
vt 0.202794 0.525954
vt 0.162773 0.519018
vt 0.167945 0.502406
vt 0.159131 0.512771
vt 0.165881 0.497570
vt 0.157234 0.508284
vt 0.163862 0.491605
vt 0.155385 0.496472
vt 0.162262 0.484535
vt 0.159255 0.478609
vt 0.156365 0.527026
vt 0.153113 0.521745
vt 0.148945 0.532516
vt 0.153390 0.541119
vt 0.152424 0.558467
vt 0.144135 0.545423
vt 0.142013 0.562254
vt 0.133613 0.548874
vt 0.154514 0.581614
vt 0.142495 0.585307
vt 0.127687 0.566704
vt 0.545182 0.472889
vt 0.517330 0.472672
vt 0.531496 0.463485
vt 0.126155 0.601406
vt 0.487453 0.476258
vt 0.506709 0.456359
vt 0.437382 0.486004
vt 0.468443 0.464799
vt 0.389358 0.486122
vt 0.386680 0.492495
vt 0.382884 0.498137
vt 0.368120 0.474559
vt 0.371268 0.468093
vt 0.709284 0.546017
vt 0.731377 0.550446
vt 0.709434 0.551135
vt 0.687539 0.546454
vt 0.687777 0.555838
vt 0.687585 0.551583
vt 0.666384 0.556338
vt 0.666213 0.551617
vt 0.666570 0.561655
vt 0.645674 0.562083
vt 0.645395 0.556813
vt 0.624365 0.562512
vt 0.623986 0.557186
vt 0.445387 0.976637
vt 0.469216 0.969903
vt 0.459158 0.975850
vt 0.602345 0.557566
vt 0.471875 0.971218
vt 0.460334 0.977069
vt 0.481270 0.962648
vt 0.483350 0.964899
vt 0.490364 0.957399
vt 0.491845 0.959434
vt 0.497792 0.954379
vt 0.498420 0.956256
vt 0.501900 0.949198
vt 0.479026 0.960386
vt 0.485672 0.952456
vt 0.488758 0.955222
vt 0.471847 0.959146
vt 0.484813 0.941884
vt 0.838699 0.440271
vt 0.865307 0.435899
vt 0.851872 0.450355
vt 0.395691 0.354322
vt 0.380723 0.327741
vt 0.393994 0.325692
vt 0.371795 0.350627
vt 0.349927 0.328682
vt 0.359337 0.323451
vt 0.333547 0.340084
vt 0.323120 0.328882
vt 0.308450 0.339247
vt 0.306207 0.329053
vt 0.321929 0.323606
vt 0.905215 0.079602
vt 0.880317 0.082698
vt 0.888007 0.075472
vt 0.905338 0.074065
vt 0.871841 0.071716
vt 0.869262 0.094914
vt 0.849595 0.077824
vt 0.823141 0.090458
vt 0.827290 0.076658
vt 0.811354 0.076876
vt 0.788567 0.074055
vt 0.796327 0.069076
vt 0.779823 0.065349
vt 0.780252 0.062888
vt 0.767830 0.065930
vt 0.767102 0.061131
vt 0.349707 0.116023
vt 0.360762 0.105419
vt 0.353188 0.118385
vt 0.356569 0.120717
vt 0.393052 0.115574
vt 0.380351 0.141734
vt 0.410502 0.147715
vt 0.476494 0.107141
vt 0.964164 0.159724
vt 0.961036 0.165306
vt 0.953124 0.166901
vt 0.960517 0.155555
vt 0.476961 0.116566
vt 0.948306 0.165878
vt 0.945558 0.185877
vt 0.942112 0.178776
vt 0.944905 0.165472
vt 0.489024 0.104946
vt 0.936115 0.176536
vt 0.938681 0.193568
vt 0.934210 0.193108
vt 0.931687 0.175868
vt 0.941491 0.165505
vt 0.930516 0.192685
vt 0.930309 0.210849
vt 0.927217 0.210616
vt 0.925578 0.193276
vt 0.926803 0.171311
vt 0.321187 0.469241
vt 0.338835 0.464060
vt 0.341931 0.468834
vt 0.336481 0.473983
vt 0.923080 0.210359
vt 0.360906 0.467832
vt 0.357429 0.476934
vt 0.308329 0.908271
vt 0.299002 0.904252
vt 0.303455 0.891513
vt 0.304289 0.872842
vt 0.325521 0.868608
vt 0.316471 0.857017
vt 0.330503 0.854380
vt 0.328192 0.841440
vt 0.342128 0.838710
vt 0.352621 0.823507
vt 0.355582 0.836064
vt 0.360883 0.822068
vt 0.363772 0.834661
vt 0.358290 0.809454
vt 0.363200 0.808424
vt 0.365861 0.821208
vt 0.360514 0.796580
vt 0.364447 0.796028
vt 0.367187 0.807793
vt 0.362648 0.784757
vt 0.365973 0.784442
vt 0.367681 0.795459
vt 0.364747 0.774117
vt 0.367176 0.774351
vt 0.368690 0.784020
vt 0.623218 0.921156
vt 0.621424 0.928110
vt 0.620793 0.920411
vt 0.618974 0.927079
vt 0.618716 0.920009
vt 0.370110 0.773389
vt 0.618376 0.931786
vt 0.616197 0.930775
vt 0.616527 0.925910
vt 0.614343 0.934501
vt 0.303735 0.269569
vt 0.303299 0.282654
vt 0.297501 0.269587
vt 0.293778 0.255801
vt 0.298111 0.294516
vt 0.297904 0.282216
vt 0.309266 0.282411
vt 0.303576 0.294968
vt 0.302087 0.306444
vt 0.289066 0.314516
vt 0.614422 0.939890
vt 0.616841 0.935582
vt 0.617140 0.940399
vt 0.615567 0.945238
vt 0.280758 0.336038
vt 0.293520 0.318290
vt 0.294157 0.326813
vt 0.617994 0.945827
vt 0.619760 0.940898
vt 0.620324 0.946219
vt 0.284625 0.340420
vt 0.264666 0.355997
vt 0.619965 0.952448
vt 0.622515 0.946653
vt 0.622126 0.953152
vt 0.268766 0.360029
vt 0.249813 0.377914
vt 0.285992 0.346770
vt 0.272556 0.364376
vt 0.254334 0.382296
vt 0.233178 0.401153
vt 0.260350 0.387526
vt 0.238818 0.407025
vt 0.218407 0.426126
vt 0.246150 0.414699
vt 0.225656 0.433720
vt 0.812065 0.639133
vt 0.793747 0.647425
vt 0.792165 0.639659
vt 0.251802 0.482079
vt 0.819221 0.621247
vt 0.849080 0.613377
vt 0.826574 0.596366
vt 0.728284 0.373270
vt 0.734280 0.390745
vt 0.713067 0.380621
vt 0.722554 0.398974
vt 0.733149 0.404755
vt 0.725385 0.414705
vt 0.742731 0.409563
vt 0.738177 0.421375
vt 0.727676 0.428899
vt 0.732040 0.437885
vt 0.725941 0.440279
vt 0.741515 0.430221
vt 0.650885 0.726770
vt 0.629910 0.730692
vt 0.619266 0.726614
vt 0.733701 0.445672
vt 0.650621 0.716860
vt 0.672119 0.716489
vt 0.629387 0.717066
vt 0.650477 0.710930
vt 0.671908 0.710573
vt 0.693367 0.715886
vt 0.671801 0.705879
vt 0.693512 0.705549
vt 0.693301 0.710111
vt 0.714565 0.708852
vt 0.693251 0.700323
vt 0.714084 0.699331
vt 0.714355 0.704542
vt 0.376634 0.705493
vt 0.397114 0.707698
vt 0.378027 0.708615
vt 0.713799 0.693853
vt 0.403671 0.692459
vt 0.395707 0.701192
vt 0.375377 0.698788
vt 0.414477 0.678661
vt 0.389568 0.643331
vt 0.420592 0.627455
vt 0.453554 0.636625
vt 0.451385 0.612009
vt 0.492869 0.550811
vt 0.493935 0.564531
vt 0.497785 0.539395
vt 0.503346 0.539632
vt 0.507520 0.538641
vt 0.504635 0.532768
vt 0.511984 0.536285
vt 0.508592 0.530249
vt 0.516504 0.533601
vt 0.513174 0.526803
vt 0.522614 0.530603
vt 0.529302 0.526882
vt 0.519120 0.522501
vt 0.525332 0.517909
vt 0.536918 0.512136
vt 0.519892 0.511071
vt 0.530939 0.503809
vt 0.550050 0.507253
vt 0.545259 0.498785
vt 0.563306 0.501523
vt 0.567943 0.510623
vt 0.174278 0.571143
vt 0.169606 0.549055
vt 0.182589 0.565430
vt 0.162067 0.554007
vt 0.161546 0.535453
vt 0.168611 0.527989
vt 0.556251 0.492616
vt 0.539291 0.490715
vt 0.551100 0.486005
vt 0.165289 0.575962
vt 0.523878 0.497143
vt 0.517211 0.488965
vt 0.531071 0.480929
vt 0.506457 0.496678
vt 0.489820 0.494682
vt 0.505174 0.482863
vt 0.473696 0.489609
vt 0.465618 0.498792
vt 0.446863 0.491816
vt 0.442235 0.503930
vt 0.443814 0.498362
vt 0.418574 0.499652
vt 0.421095 0.494902
vt 0.417027 0.505591
vt 0.394565 0.504179
vt 0.394694 0.509915
vt 0.372339 0.513225
vt 0.372767 0.506438
vt 0.384150 0.518317
vt 0.731555 0.554504
vt 0.709843 0.560617
vt 0.709608 0.555198
vt 0.363317 0.530141
vt 0.354549 0.525471
vt 0.688383 0.566501
vt 0.688083 0.561222
vt 0.720853 0.565936
vt 0.688726 0.573369
vt 0.635875 0.574308
vt 0.666767 0.566907
vt 0.645949 0.567286
vt 0.624744 0.567783
vt 0.593249 0.568701
vt 0.463942 0.968516
vt 0.819468 0.500552
vt 0.811320 0.476663
vt 0.827634 0.473699
vt 0.804033 0.444459
vt 0.821862 0.462365
vt 0.834632 0.451373
vt 0.818781 0.435814
vt 0.813354 0.417588
vt 0.831095 0.414971
vt 0.845345 0.430134
vt 0.852902 0.419987
vt 0.820870 0.392256
vt 0.844259 0.391576
vt 0.861555 0.405773
vt 0.428088 0.372932
vt 0.405936 0.404049
vt 0.382037 0.388890
vt 0.364994 0.412851
vt 0.317323 0.393321
vt 0.320571 0.364916
vt 0.915532 0.115957
vt 0.898844 0.134806
vt 0.905131 0.087967
vt 0.863780 0.123314
vt 0.834231 0.120026
vt 0.802717 0.125192
vt 0.787045 0.094304
vt 0.821942 0.153338
vt 0.854840 0.153688
vt 0.830501 0.169308
vt 0.948891 0.207439
vt 0.938153 0.212618
vt 0.315968 0.456137
vt 0.343494 0.449632
vt 0.335800 0.455734
vt 0.318800 0.460764
vt 0.934974 0.212013
vt 0.337473 0.460409
vt 0.355139 0.453773
vt 0.356666 0.458674
vt 0.318421 0.464500
vt 0.358337 0.462912
vt 0.374207 0.454193
vt 0.374557 0.457830
vt 0.293240 0.900839
vt 0.289098 0.888242
vt 0.292727 0.887806
vt 0.362914 0.480769
vt 0.296054 0.880810
vt 0.294381 0.861760
vt 0.299345 0.860591
vt 0.305341 0.859337
vt 0.296734 0.847345
vt 0.302795 0.846140
vt 0.311047 0.830910
vt 0.314183 0.843941
vt 0.324959 0.828441
vt 0.322121 0.815342
vt 0.336243 0.813120
vt 0.339076 0.826034
vt 0.333459 0.800152
vt 0.346865 0.798351
vt 0.349666 0.810920
vt 0.344433 0.786168
vt 0.353215 0.785449
vt 0.355484 0.797165
vt 0.350102 0.778077
vt 0.358074 0.775742
vt 0.358383 0.785078
vt 0.633364 0.922066
vt 0.629096 0.928714
vt 0.629195 0.921591
vt 0.626114 0.928782
vt 0.625770 0.921511
vt 0.361537 0.775164
vt 0.628307 0.933587
vt 0.625502 0.933602
vt 0.623673 0.928579
vt 0.622601 0.937410
vt 0.620913 0.932869
vt 0.623145 0.933391
vt 0.625014 0.937633
vt 0.622496 0.941663
vt 0.627748 0.937879
vt 0.624831 0.942146
vt 0.627585 0.942233
vt 0.624884 0.947071
vt 0.632664 0.938167
vt 0.632560 0.942721
vt 0.627646 0.947374
vt 0.632315 0.947913
vt 0.627788 0.953930
vt 0.641670 0.944048
vt 0.641370 0.948932
vt 0.632239 0.954209
vt 0.639868 0.964484
vt 0.640954 0.954798
vt 0.653452 0.949822
vt 0.653426 0.955474
vt 0.652868 0.965326
vt 0.651363 0.977733
vt 0.666165 0.956739
vt 0.665960 0.966577
vt 0.665194 0.979114
vt 0.664233 0.991729
vt 0.679558 0.968239
vt 0.679225 0.981191
vt 0.759310 0.360720
vt 0.754877 0.341733
vt 0.766251 0.349715
vt 0.772879 0.338735
vt 0.775239 0.355563
vt 0.764430 0.371667
vt 0.774621 0.370403
vt 0.767166 0.387583
vt 0.757950 0.389160
vt 0.776910 0.379129
vt 0.758512 0.404225
vt 0.769234 0.395804
vt 0.761509 0.405902
vt 0.755041 0.417307
vt 0.764447 0.407581
vt 0.758026 0.419132
vt 0.751528 0.429215
vt 0.760397 0.420571
vt 0.754214 0.430853
vt 0.745989 0.439888
vt 0.757027 0.432638
vt 0.749127 0.441729
vt 0.741394 0.451601
vt 0.748587 0.449162
vt 0.618218 0.695896
vt 0.650225 0.700883
vt 0.628897 0.701437
vt 0.618038 0.689335
vt 0.660779 0.694892
vt 0.702159 0.678085
vt 0.660627 0.688200
vt 0.671041 0.678228
vt 0.623091 0.679254
vt 0.680583 0.664173
vt 0.728588 0.670447
vt 0.711783 0.631608
vt 0.354527 0.612942
vt 0.377457 0.657502
vt 0.384198 0.576679
vt 0.375355 0.609533
vt 0.384060 0.552451
vt 0.421968 0.551131
vt 0.466291 0.536655
vt 0.437989 0.534258
vt 0.402921 0.535600
vt 0.438517 0.524805
vt 0.459299 0.527947
vt 0.474095 0.529756
vt 0.459544 0.522820
vt 0.475033 0.523334
vt 0.483885 0.526194
vt 0.476110 0.517615
vt 0.485790 0.521315
vt 0.478027 0.512231
vt 0.487908 0.516791
vt 0.496536 0.521358
vt 0.501199 0.527349
vt 0.499027 0.518122
vt 0.504933 0.524037
vt 0.508665 0.520166
vt 0.502536 0.514040
vt 0.514141 0.516354
vt 0.506829 0.509890
vt 0.494972 0.506562
vt 0.499667 0.500560
vt 0.512500 0.504701
vt 0.490798 0.512330
vt 0.479956 0.506750
vt 0.482189 0.501337
vt 0.461896 0.510633
vt 0.463319 0.504558
vt 0.460926 0.515989
vt 0.439781 0.513780
vt 0.440754 0.509283
vt 0.438487 0.518932
vt 0.415443 0.517898
vt 0.415710 0.510508
vt 0.403473 0.525757
vt 0.361679 0.543614
vt 0.689384 0.591488
vt 0.721084 0.573141
vt 0.710763 0.591091
vt 0.652775 0.600217
vt 0.652209 0.584592
vt 0.594689 0.593165
vt 0.590487 0.634220
vt 0.637481 0.622165
vt 0.632831 0.644441
vt 0.792645 0.459155
vt 0.761707 0.466645
vt 0.781240 0.440491
vt 0.773477 0.435871
vt 0.792277 0.425741
vt 0.793301 0.408077
vt 0.802496 0.410256
vt 0.813718 0.373480
vt 0.830913 0.374859
vt 0.855279 0.369393
vt 0.256100 0.827476
vt 0.267074 0.844397
vt 0.256202 0.843143
vt 0.864197 0.377323
vt 0.269445 0.865169
vt 0.271620 0.885583
vt 0.259290 0.872804
vt 0.348858 0.436218
vt 0.393068 0.425306
vt 0.314406 0.418945
vt 0.895152 0.157654
vt 0.875508 0.172078
vt 0.314526 0.451284
vt 0.302399 0.439792
vt 0.370143 0.443749
vt 0.284006 0.900787
vt 0.279776 0.889820
vt 0.282904 0.889111
vt 0.287050 0.900893
vt 0.373750 0.449807
vt 0.286142 0.888661
vt 0.281444 0.877252
vt 0.284663 0.877092
vt 0.289496 0.899321
vt 0.287890 0.876342
vt 0.284155 0.863572
vt 0.287071 0.863183
vt 0.291804 0.875414
vt 0.290697 0.862520
vt 0.284453 0.849835
vt 0.288131 0.849104
vt 0.288285 0.835072
vt 0.291808 0.848348
vt 0.293138 0.834204
vt 0.290219 0.820947
vt 0.296969 0.819714
vt 0.299566 0.832988
vt 0.294482 0.806607
vt 0.305752 0.804567
vt 0.308203 0.817688
vt 0.292326 0.794145
vt 0.304079 0.791960
vt 0.319624 0.802099
vt 0.668814 0.915182
vt 0.681165 0.924888
vt 0.667733 0.924673
vt 0.654604 0.924150
vt 0.655436 0.914705
vt 0.331497 0.787453
vt 0.317932 0.789398
vt 0.654328 0.930190
vt 0.642166 0.929784
vt 0.642066 0.923765
vt 0.642015 0.934686
vt 0.632954 0.928831
vt 0.632739 0.933562
vt 0.641849 0.939244
vt 0.654023 0.935247
vt 0.653757 0.939981
vt 0.653513 0.944741
vt 0.666705 0.940765
vt 0.666445 0.945707
vt 0.666384 0.951067
vt 0.679259 0.946850
vt 0.679015 0.952200
vt 0.679277 0.958167
vt 0.690166 0.953552
vt 0.690503 0.959356
vt 0.690794 0.969775
vt 0.697721 0.960506
vt 0.697567 0.970940
vt 0.789461 0.334973
vt 0.787936 0.348083
vt 0.782141 0.344620
vt 0.780863 0.359109
vt 0.796641 0.339773
vt 0.792164 0.351153
vt 0.784854 0.361645
vt 0.787711 0.363293
vt 0.783059 0.374967
vt 0.776762 0.386244
vt 0.786418 0.376509
vt 0.780155 0.388323
vt 0.772334 0.397816
vt 0.783142 0.389839
vt 0.775114 0.399304
vt 0.767074 0.409374
vt 0.778543 0.401251
vt 0.770088 0.411336
vt 0.763559 0.422019
vt 0.773926 0.413308
vt 0.763928 0.429831
vt 0.768022 0.432383
vt 0.752855 0.450831
vt 0.755742 0.457241
vt 0.680079 0.643352
vt 0.633334 0.665126
vt 0.679524 0.621136
vt 0.787944 0.403445
vt 0.795409 0.381425
vt 0.801308 0.378428
vt 0.804326 0.388424
vt 0.803464 0.365389
vt 0.817893 0.353092
vt 0.828691 0.355001
vt 0.833649 0.346060
vt 0.843512 0.362849
vt 0.853794 0.357088
vt 0.839750 0.344908
vt 0.851399 0.349932
vt 0.267683 0.810181
vt 0.273189 0.824197
vt 0.269765 0.824577
vt 0.276260 0.840400
vt 0.264644 0.818599
vt 0.278404 0.851096
vt 0.276207 0.858324
vt 0.277939 0.877785
vt 0.280666 0.864357
vt 0.281669 0.850412
vt 0.278617 0.836850
vt 0.281276 0.836134
vt 0.276224 0.822719
vt 0.279191 0.821618
vt 0.282484 0.821720
vt 0.284732 0.835701
vt 0.279899 0.808204
vt 0.283301 0.807464
vt 0.285663 0.821420
vt 0.272966 0.801530
vt 0.285554 0.794877
vt 0.287774 0.807454
vt 0.845112 0.329417
vt 0.834736 0.320837
vt 0.844284 0.325559
vt 0.700577 0.917401
vt 0.692040 0.925534
vt 0.693828 0.915618
vt 0.699576 0.925428
vt 0.691459 0.932531
vt 0.682327 0.915247
vt 0.679855 0.935914
vt 0.680243 0.930611
vt 0.667361 0.930666
vt 0.667115 0.935825
vt 0.679190 0.941226
vt 0.690094 0.942982
vt 0.690632 0.937563
vt 0.690305 0.948173
vt 0.698644 0.942962
vt 0.698183 0.949702
vt 0.698005 0.953903
vt 0.806507 0.327788
vt 0.813498 0.328006
vt 0.809679 0.331016
vt 0.805443 0.335054
vt 0.802205 0.332117
vt 0.800022 0.342020
vt 0.808159 0.337290
vt 0.802828 0.343905
vt 0.794842 0.352761
vt 0.805735 0.345936
vt 0.797752 0.354485
vt 0.790490 0.364708
vt 0.800261 0.356245
vt 0.793199 0.365886
vt 0.789285 0.377691
vt 0.797371 0.368006
vt 0.792539 0.378636
vt 0.786056 0.390849
vt 0.786459 0.397940
vt 0.803760 0.358234
vt 0.808322 0.347783
vt 0.811251 0.349609
vt 0.815632 0.342961
vt 0.818317 0.345001
vt 0.814059 0.351500
vt 0.818707 0.339290
vt 0.821367 0.340850
vt 0.824715 0.342492
vt 0.826499 0.339248
vt 0.832728 0.338164
vt 0.831540 0.340887
vt 0.840784 0.341650
vt 0.834175 0.335114
vt 0.842814 0.338845
vt 0.852084 0.346318
vt 0.274471 0.809929
vt 0.267456 0.803920
vt 0.276701 0.808906
vt 0.270215 0.810665
vt 0.834846 0.332190
vt 0.845986 0.336934
vt 0.835548 0.329159
vt 0.845498 0.332053
vt 0.851765 0.328288
vt 0.828811 0.326968
vt 0.827875 0.323642
vt 0.835248 0.325557
vt 0.822194 0.323728
vt 0.820794 0.320258
vt 0.827395 0.320100
vt 0.814305 0.320775
vt 0.698663 0.939306
vt 0.698864 0.934051
vt 0.819419 0.327710
vt 0.817040 0.324969
vt 0.811120 0.325201
vt 0.823833 0.326996
vt 0.816016 0.330526
vt 0.820614 0.330409
vt 0.817594 0.332773
vt 0.812316 0.333119
vt 0.810780 0.339337
vt 0.814510 0.335498
vt 0.816189 0.337380
vt 0.812937 0.341070
vt 0.824449 0.329845
vt 0.829283 0.330785
vt 0.827723 0.336386
vt 0.828754 0.333385
vt 0.386983 0.437882
vt 0.483924 0.539146
vt 0.483930 0.532101
vt 0.465568 0.556696
vt 0.428845 0.588728
vt 0.398398 0.618704
vt 0.702395 0.688013
vt 0.692936 0.694690
vt 0.671681 0.700546
vt 0.650356 0.706174
vt 0.629037 0.706724
vt 0.629195 0.711365
vt 0.739380 0.449125
vt 0.743505 0.438445
vt 0.736107 0.448252
vt 0.740636 0.436709
vt 0.748324 0.427362
vt 0.750039 0.414500
vt 0.751915 0.400239
vt 0.748433 0.376618
vt 0.747857 0.353323
vt 0.742192 0.335573
vt 0.736086 0.354814
vt 0.733404 0.331551
vt 0.649813 0.990203
vt 0.638095 0.976526
vt 0.636004 0.988362
vt 0.629406 0.976075
vt 0.631568 0.964290
vt 0.626799 0.964256
vt 0.624861 0.953679
vt 0.619719 0.936598
vt 0.415021 0.697897
vt 0.379885 0.713170
vt 0.714350 0.714507
vt 0.703987 0.720757
vt 0.651276 0.741269
vt 0.630325 0.741221
vt 0.720128 0.437744
vt 0.718116 0.424220
vt 0.779539 0.096393
vt 0.769626 0.121280
vt 0.762715 0.106052
vt 0.714454 0.408497
vt 0.753297 0.133018
vt 0.746660 0.156486
vt 0.736060 0.144245
vt 0.756103 0.170685
vt 0.745333 0.181805
vt 0.736343 0.168881
vt 0.831902 0.637347
vt 0.852143 0.634799
vt 0.832908 0.644894
vt 0.813366 0.646855
vt 0.814122 0.653416
vt 0.794428 0.653735
vt 0.212763 0.420054
vt 0.228873 0.396581
vt 0.208396 0.415529
vt 0.224437 0.392035
vt 0.245600 0.373527
vt 0.241591 0.369215
vt 0.261002 0.351940
vt 0.256470 0.347222
vt 0.276852 0.332110
vt 0.272889 0.327923
vt 0.284094 0.311967
vt 0.292738 0.294083
vt 0.374997 0.318538
vt 0.407671 0.747812
vt 0.417421 0.758268
vt 0.449416 0.310244
vt 0.468839 0.319088
vt 0.478231 0.335937
vt 0.450600 0.335920
vt 0.465494 0.357245
vt 0.502149 0.359261
vt 0.509020 0.376591
vt 0.813739 0.158243
vt 0.796990 0.167146
vt 0.784016 0.180871
vt 0.786552 0.184318
vt 0.771731 0.195877
vt 0.774424 0.199107
vt 0.873529 0.658315
vt 0.834503 0.666249
vt 0.815524 0.674355
vt 0.795802 0.681051
vt 0.795727 0.687067
vt 0.189187 0.392506
vt 0.205515 0.370391
vt 0.183779 0.386021
vt 0.200212 0.364554
vt 0.222355 0.348846
vt 0.218473 0.344224
vt 0.240842 0.329275
vt 0.236660 0.324485
vt 0.257434 0.312083
vt 0.439672 0.192762
vt 0.436337 0.196655
vt 0.442653 0.194955
vt 0.439181 0.199609
vt 0.434887 0.202227
vt 0.442447 0.201974
vt 0.446114 0.197272
vt 0.450097 0.199928
vt 0.450439 0.191251
vt 0.454260 0.193838
vt 0.465244 0.187078
vt 0.489344 0.201962
vt 0.487462 0.182032
vt 0.496767 0.167854
vt 0.460305 0.183873
vt 0.390068 0.816362
vt 0.390596 0.803696
vt 0.391047 0.791146
vt 0.391885 0.780216
vt 0.392301 0.770321
vt 0.006359 0.807195
vt 0.004392 0.799250
vt 0.010246 0.804806
vt 0.012008 0.812227
vt 0.009152 0.796203
vt 0.015205 0.802158
vt 0.014289 0.791956
vt 0.019937 0.797207
vt 0.021532 0.784761
vt 0.027028 0.789903
vt 0.025226 0.802520
vt 0.032657 0.772964
vt 0.038006 0.777842
vt 0.054973 0.768242
vt 0.043288 0.782773
vt 0.049932 0.763027
vt 0.066648 0.753377
vt 0.072140 0.759164
vt 0.061653 0.748277
vt 0.078584 0.739229
vt 0.083801 0.744889
vt 0.087557 0.728718
vt 0.074076 0.734325
vt 0.083166 0.723944
vt 0.092795 0.722721
vt 0.088942 0.717814
vt 0.096004 0.719092
vt 0.092553 0.714199
vt 0.099338 0.716466
vt 0.095646 0.711940
vt 0.102658 0.714160
vt 0.098974 0.709160
vt 0.106995 0.712152
vt 0.103350 0.706686
vt 0.110708 0.710685
vt 0.115510 0.717201
vt 0.107640 0.704586
vt 0.114860 0.708832
vt 0.119204 0.715427
vt 0.123675 0.713934
vt 0.130970 0.722022
vt 0.126827 0.723705
vt 0.111447 0.701994
vt 0.114823 0.699056
vt 0.105713 0.696723
vt 0.108630 0.693843
vt 0.111204 0.690764
vt 0.102313 0.699418
vt 0.097797 0.693230
vt 0.099049 0.702081
vt 0.095149 0.705308
vt 0.092033 0.707605
vt 0.084661 0.705446
vt 0.087384 0.703293
vt 0.088930 0.709823
vt 0.085013 0.713275
vt 0.074198 0.714590
vt 0.074729 0.703852
vt 0.080422 0.708865
vt 0.078822 0.700323
vt 0.078861 0.719277
vt 0.064605 0.724711
vt 0.069362 0.729516
vt 0.051740 0.738293
vt 0.059272 0.719313
vt 0.056727 0.743260
vt 0.039596 0.753677
vt 0.044802 0.758348
vt 0.027306 0.768187
vt 0.034025 0.748513
vt 0.021515 0.762669
vt 0.026859 0.741875
vt 0.046373 0.733029
vt 0.039614 0.726197
vt 0.015293 0.731238
vt 0.028038 0.715257
vt 0.052361 0.712118
vt 0.040916 0.700309
vt 0.061712 0.701786
vt 0.069032 0.709205
vt 0.049773 0.690090
vt 0.066640 0.696580
vt 0.054402 0.684514
vt 0.070288 0.692568
vt 0.027364 0.685652
vt 0.036325 0.675600
vt 0.001866 0.683569
vt 0.013525 0.700695
vt 0.376196 0.250550
vt 0.350097 0.266476
vt 0.357849 0.251519
vt 0.341724 0.243502
vt 0.365309 0.235506
vt 0.349280 0.227667
vt 0.379835 0.223089
vt 0.000904 0.717668
vt 0.340870 0.204678
vt 0.356643 0.212001
vt 0.346975 0.192178
vt 0.013767 0.756295
vt 0.001294 0.745610
vt 0.334919 0.186400
vt 0.338819 0.179101
vt 0.010052 0.773935
vt 0.002731 0.768177
vt 0.331131 0.175218
vt 0.336535 0.164138
vt 0.008240 0.786572
vt 0.002128 0.780668
vt 0.330624 0.156040
vt 0.333835 0.152565
vt 0.002787 0.790698
vt 0.000000 0.795250
vt 0.339321 0.158577
vt 0.346160 0.164265
vt 0.355334 0.175403
vt 0.353312 0.179626
vt 0.341368 0.173987
vt 0.368224 0.186977
vt 0.350642 0.185249
vt 0.365843 0.192549
vt 0.362421 0.199588
vt 0.385498 0.210602
vt 0.394519 0.240065
vt 0.408447 0.236813
vt 0.403818 0.253638
vt 0.411422 0.255614
vt 0.409333 0.273119
vt 0.016067 0.779510
vt 0.141409 0.731720
vt 0.839543 0.864831
vt 0.260834 0.083779
vt 0.256921 0.079868
vt 0.818874 0.050482
vt 0.078620 0.524820
vt 0.058544 0.534216
vt 0.037426 0.542873
vt 0.014638 0.550606
vt 0.888309 0.866096
vt 0.894254 0.864544
vt 0.520930 0.963736
vt 0.833046 0.769982
vt 0.837941 0.780691
vt 0.144461 0.503370
vt 0.516155 0.650872
vt 0.521267 0.651106
vt 0.511136 0.650837
vt 0.514831 0.658564
vt 0.820935 0.823426
vt 0.841849 0.817670
vt 0.310868 0.749434
vt 0.322596 0.747670
vt 0.336644 0.749842
vt 0.324475 0.770245
vt 0.338618 0.770249
vt 0.350093 0.769807
vt 0.637359 0.301520
vt 0.642943 0.320496
vt 0.631898 0.321731
vt 0.647174 0.301567
vt 0.654414 0.319602
vt 0.642318 0.333251
vt 0.652995 0.339046
vt 0.641295 0.340988
vt 0.653816 0.331427
vt 0.665736 0.339031
vt 0.652396 0.345407
vt 0.665934 0.345142
vt 0.652989 0.352236
vt 0.666936 0.357058
vt 0.652578 0.355631
vt 0.641771 0.359511
vt 0.652046 0.359083
vt 0.643979 0.363084
vt 0.634574 0.368989
vt 0.638256 0.371962
vt 0.632816 0.386491
vt 0.636759 0.387205
vt 0.643084 0.400445
vt 0.646745 0.398731
vt 0.660109 0.403263
vt 0.663235 0.399641
vt 0.680526 0.393931
vt 0.678291 0.391526
vt 0.679405 0.367986
vt 0.682512 0.394893
vt 0.675839 0.369870
vt 0.663998 0.359978
vt 0.662858 0.363352
vt 0.653372 0.363772
vt 0.647020 0.366499
vt 0.649696 0.370711
vt 0.642010 0.374844
vt 0.640858 0.387291
vt 0.649384 0.396565
vt 0.662604 0.397523
vt 0.675005 0.389534
vt 0.672426 0.371853
vt 0.668439 0.353220
vt 0.666753 0.331262
vt 0.679561 0.319780
vt 0.668239 0.319828
vt 0.682896 0.301895
vt 0.671978 0.302415
vt 0.359758 0.750837
vt 0.362183 0.768396
vt 0.233627 0.652754
vt 0.817493 0.983642
vt 0.834590 0.968344
vt 0.831165 1.000000
vt 0.917691 0.557566
vt 0.908917 0.567121
vt 0.922247 0.580169
vt 0.906343 0.573314
vt 0.890405 0.564401
vt 0.921379 0.585744
vt 0.904649 0.578796
vt 0.889295 0.571540
vt 0.851345 0.993541
vt 0.846612 0.985629
vt 0.842890 0.950444
vt 0.823206 0.950527
vt 0.705953 0.383704
vt 0.701156 0.427386
vt 0.660737 0.430613
vt 0.679083 0.433887
vt 0.842771 0.554904
vt 0.134966 0.908747
vt 0.167672 0.197733
vt 0.550469 0.831240
vt 0.563802 0.819049
vt 0.632499 0.837638
vt 0.981621 0.415894
vt 0.981621 0.379675
vt 0.990640 0.381895
vt 0.635166 0.842183
vt 0.564314 0.987146
vt 0.596752 0.976788
vt 0.599630 0.984307
vt 0.637907 0.846664
vt 0.562407 0.978504
vt 0.594316 0.968605
vt 0.640512 0.850874
vt 0.640303 0.869062
vt 0.318089 0.680573
vt 0.321387 0.680480
vt 0.322447 0.695116
vt 0.317965 0.696049
vt 0.320097 0.713540
vt 0.314071 0.696751
vt 0.333319 0.694218
vt 0.889224 0.581437
vt 0.880870 0.586607
vt 0.877548 0.592592
vt 0.876707 0.589615
vt 0.134835 0.217281
vt 0.136324 0.207826
vt 0.117197 0.224134
vt 0.307299 0.130209
vt 0.785988 0.612219
vt 0.509087 0.913038
vt 0.778228 0.753350
vt 0.785832 0.748760
vt 0.789108 0.740525
vt 0.804201 0.741379
vt 0.825114 0.772566
vt 0.902968 0.421373
vt 0.903863 0.410313
vt 0.909925 0.420297
vt 0.911385 0.408762
vt 0.913151 0.432260
vt 0.918432 0.420790
vt 0.921019 0.408150
vt 0.735517 0.679863
vt 0.730997 0.685011
vt 0.731508 0.679696
vt 0.293934 0.977316
vt 0.969450 0.827812
vt 0.982052 0.833719
vt 0.969754 0.842800
vt 0.106915 0.179183
vt 0.104746 0.191467
vt 0.093894 0.186730
vt 0.856675 0.316213
vt 0.990188 0.735687
vt 0.989070 0.743131
vt 0.987746 0.739990
vt 0.984728 0.743355
vt 0.985765 0.738413
vt 0.986520 0.588954
vt 0.990688 0.745342
vt 0.985610 0.746234
vt 0.978588 0.808500
vt 0.988601 0.805840
vt 0.984518 0.810189
vt 0.989951 0.811486
vt 0.984510 0.561993
vt 0.989944 0.749473
vt 0.981322 0.742883
vt 0.975402 0.746806
vt 0.259747 0.981047
vt 0.262373 0.986201
vt 0.260019 0.984450
vt 0.261429 0.988130
vt 0.993165 0.827857
vt 0.995548 0.822374
vt 0.261848 0.981901
vt 0.880886 0.741293
vt 0.864276 0.017157
vt 0.865621 0.019624
vt 0.998064 0.817116
vt 0.998772 0.824250
vt 0.998485 0.841292
vt 0.995383 0.841359
vt 0.992688 0.835458
vt 0.996274 0.833086
vt 0.994714 0.835995
vt 0.065755 0.254137
vt 0.064412 0.264367
vt 0.065755 0.245024
vt 0.950846 0.010945
vt 0.051442 0.374327
vt 0.919095 0.124144
vt 0.130497 0.921153
vt 0.917223 0.355161
vt 0.929440 0.362979
vt 0.933777 0.410187
vt 0.928620 0.257884
vt 0.528160 0.098509
vt 0.383070 0.101520
vt 0.382849 0.086456
vt 0.385785 0.081510
vt 0.720390 0.136330
vt 0.021367 0.985648
vt 0.924439 0.912728
vt 0.666765 0.025823
vt 0.781281 0.926220
vt 0.736538 0.935281
vt 0.737435 0.930809
vt 0.408255 0.932835
vt 0.415333 0.939146
vt 0.416976 0.933097
vt 0.425835 0.938924
vt 0.410866 0.958633
vt 0.413861 0.954855
vt 0.725605 0.941796
vt 0.720544 0.936110
vt 0.730525 0.941022
vt 0.717607 0.929745
vt 0.724785 0.934080
vt 0.735643 0.939215
vt 0.712582 0.925854
vt 0.714247 0.919470
vt 0.708077 0.924323
vt 0.417370 0.946051
vt 0.424868 0.944686
vt 0.423328 0.949275
vt 0.415353 0.950492
vt 0.413828 0.944439
vt 0.421738 0.953509
vt 0.416673 0.942799
vt 0.985157 0.539133
vt 0.909292 0.754419
vt 0.925224 0.759751
vt 0.240674 0.024667
vt 0.241264 0.021194
vt 0.246473 0.021668
vt 0.246259 0.025160
vt 0.246493 0.029277
vt 0.974339 0.771257
vt 0.977885 0.776653
vt 0.973656 0.776812
vt 0.982967 0.776452
vt 0.983332 0.771475
vt 0.987902 0.776052
vt 0.987896 0.781013
vt 0.979357 0.539324
vt 0.254676 0.034843
vt 0.934031 0.846342
vt 0.937123 0.832282
vt 0.938259 0.839873
vt 0.940530 0.828024
vt 0.939078 0.810758
vt 0.440668 0.004621
vt 0.456078 0.865475
vt 0.935774 0.804043
vt 0.927393 0.024620
vt 0.007140 0.817565
vt 0.008424 0.821049
vt 0.837260 0.047329
vt 0.286246 0.949556
vt 0.995687 0.846450
vt 0.995473 0.846237
vt 0.995754 0.846408
vt 0.733722 0.945328
vt 0.731712 0.946361
vt 0.995768 0.575563
vt 0.855026 0.274879
vt 0.841089 0.288382
vt 0.109958 0.178187
vt 0.108888 0.173289
vt 0.832508 0.295015
vt 0.118121 0.188243
vt 0.110902 0.191980
vt 0.420850 0.022132
vt 0.836460 0.048195
vt 0.439101 0.001099
vt 0.287447 0.948741
vt 0.292115 0.946435
vt 0.287692 0.950648
vt 0.438778 0.004075
vt 0.973512 0.740541
vt 0.976720 0.737596
vt 0.287127 0.950893
vt 0.001568 0.847010
vt 0.001319 0.846832
vt 0.001526 0.846800
vt 0.001755 0.846764
vt 0.001619 0.847146
vt 0.001504 0.847099
vt 0.001397 0.847241
vt 0.001448 0.847066
vt 0.001709 0.847016
vt 0.002036 0.846811
vt 0.001996 0.847010
vt 0.001870 0.846905
vt 0.001871 0.847090
vt 0.002184 0.846569
vt 0.001947 0.846663
vt 0.001669 0.846513
vt 0.001904 0.846467
vt 0.002053 0.846429
vt 0.002430 0.846319
vt 0.001882 0.845969
vt 0.002472 0.846174
vt 0.002269 0.846694
vt 0.002168 0.846931
vt 0.002361 0.846823
vt 0.002258 0.847035
vt 0.002071 0.847095
vt 0.001787 0.847223
vt 0.001652 0.846508
vt 0.990675 0.846657
vt 0.990741 0.846784
vt 0.990605 0.846749
vt 0.990724 0.846050
vt 0.990536 0.846253
vt 0.990543 0.846067
vt 0.955503 0.812026
vt 0.406444 0.956435
vt 0.224344 0.058345
vt 0.820478 0.725764
vt 0.980804 0.790426
vt 0.907928 0.762750
vt 0.993328 0.547278
vt 0.400481 0.928508
vt 0.874515 0.460870
vt 0.150917 0.799366
vt 0.939216 0.761510
vt 0.950114 0.746431
vt 0.965733 0.731798
vt 0.753444 0.935456
vt 0.964082 0.821268
vt 0.706234 0.024522
vt 0.621280 0.043006
vt 0.610075 0.019349
vt 0.098527 0.932969
vt 0.944491 0.979156
vt 0.016120 0.956028
vt 0.020263 0.951468
vt 0.709272 0.061649
vt 0.023398 0.093294
vt 0.062976 0.102586
vt 0.050180 0.923822
vt 0.962562 0.917615
vt 0.915698 0.395430
vt 0.162253 0.937322
vt 0.936118 0.341956
vt 0.617745 0.908051
vt 0.969863 0.061616
vt 0.779036 0.217724
vt 0.934520 0.039517
vt 0.105987 0.935273
vt 0.012332 0.268796
vt 0.432547 0.076735
vt 0.672840 0.147487
vt 0.995485 0.847271
vt 0.441394 0.005540
vt 0.969594 0.746172
vt 0.007588 0.825536
vt 0.988674 0.829643
vt 0.873600 0.025210
vt 0.882158 0.723908
vt 0.919311 0.056725
vt 0.988372 0.758615
vt 0.984014 0.741478
vt 0.238284 0.968815
vt 0.999086 0.589741
vt 0.271512 0.906688
vt 0.231520 0.959075
vt 0.978334 0.813524
vt 0.999377 0.568866
vt 0.873158 0.588000
vt 0.790229 0.603312
vt 0.775659 0.683764
vt 0.465199 0.955474
vt 0.124056 0.174418
vt 0.735345 0.630146
vt 0.011719 0.831134
vt 0.011719 0.844315
vt 0.005049 0.839059
vt 0.983845 0.843623
vt 0.278547 0.915152
vt 0.930059 0.479394
vt 0.276704 0.940889
vt 0.061728 0.136057
vt 0.817980 0.736547
vt 0.590404 0.075034
vt 0.785550 0.735506
vt 0.581304 0.912465
vt 0.574107 0.908542
vt 0.029518 0.192697
vt 0.046060 0.161921
vt 0.119998 0.196012
vt 0.100133 0.018112
vt 0.751694 0.275402
vt 0.738802 0.289799
vt 0.612451 0.918123
vt 0.197344 0.935874
vt 0.155165 0.926436
vt 0.963786 0.074020
vt 0.432754 0.102175
vt 0.484969 0.097652
vt 0.671641 0.278845
vt 0.675039 0.141093
vt 0.890594 0.371441
vt 0.879369 0.353751
vt 0.456127 0.889166
vt 0.776697 0.717202
vt 0.281183 0.926493
vt 0.302550 0.924763
vt 0.281673 0.913468
vt 0.277244 0.934334
vt 0.786083 0.671239
vt 0.736932 0.562015
vt 0.191353 0.045061
vt 0.826009 0.555434
vt 0.201041 0.864137
vt 0.723600 0.320384
vt 0.001412 0.404597
vt 0.087707 0.376350
vt 0.126668 0.388681
vt 0.353758 0.641026
vt 0.911750 0.733142
vt 0.218902 0.872003
vt 0.213986 0.870815
vt 0.209945 0.869713
vt 0.185021 0.925066
vt 0.407532 0.921464
vt 0.732622 0.751466
vt 0.612716 0.100444
vt 0.584066 0.101616
vt 0.645182 0.871469
vt 0.081696 0.162752
vt 0.533740 0.961181
vt 0.559774 0.970110
vt 0.153952 0.133087
vt 0.636830 0.814966
vt 0.631647 0.797983
vt 0.189613 0.137204
vt 0.076220 0.911099
vt 0.742484 0.550387
vt 0.740156 0.556433
vt 0.755716 0.532068
vt 0.840618 0.562595
vt 0.592453 0.434147
vt 0.271192 0.791277
vt 0.566119 0.303594
vt 0.578066 0.304682
vt 0.855242 0.869315
vt 0.901196 0.740977
vt 0.902831 0.747061
vt 0.898814 0.734837
vt 0.915197 0.988313
vt 0.891495 0.842723
vt 0.218517 0.931038
vt 0.199682 0.930114
vt 0.244749 0.126710
vt 0.248950 0.130468
vt 0.841205 0.811832
vt 0.684176 0.786231
vt 0.525044 0.909551
vt 0.465849 0.902084
vt 0.464781 0.828306
vt 0.499082 0.803990
vt 0.128193 0.792019
vt 0.133725 0.791983
vt 0.459835 0.809935
vt 0.200310 0.007060
vt 0.849605 0.466232
vt 0.235292 0.008487
vt 0.325310 0.911090
vt 0.419661 0.784304
vt 0.390922 0.950909
vt 0.156902 0.313543
vt 0.519458 0.297212
vt 0.184527 0.791268
vt 0.145704 0.728113
vt 0.545149 0.763217
vt 0.150684 0.688486
vt 0.227270 0.789868
vt 0.532040 0.299572
vt 0.840621 0.193388
vt 0.856881 0.197509
vt 0.030048 0.518520
vt 0.889270 0.704194
vt 0.846610 0.817196
vt 0.227348 0.112649
vt 0.231725 0.115946
vt 0.235852 0.119742
vt 0.356461 0.038152
vt 0.748421 0.850585
vt 0.529482 0.263593
vt 0.535673 0.262207
vt 0.505085 0.796735
vt 0.973108 0.822201
vt 0.969207 0.822201
vt 0.969721 0.805090
vt 0.185962 0.245502
vt 0.781596 0.698580
vt 0.561163 0.575734
vt 0.868467 0.638239
vt 0.880748 0.625396
vt 0.958272 0.627665
vt 0.515149 0.944296
vt 0.826503 0.748427
vt 0.829393 0.763068
vt 0.918940 0.860053
vt 0.507061 0.438418
vt 0.460198 0.438274
vt 0.386870 0.468319
vt 0.374691 0.315765
vt 0.357479 0.299420
vt 0.303852 0.315717
vt 0.886057 0.728627
vt 0.272039 0.969925
vt 0.765860 0.057973
vt 0.759719 0.044098
vt 0.762359 0.045409
vt 0.486960 0.034200
vt 0.474736 0.045937
vt 0.461111 0.054384
vt 0.239400 0.985063
vt 0.985580 0.345583
vt 0.092801 0.805209
vt 0.340003 0.022562
vt 0.331524 0.017976
vt 0.327794 0.014492
vt 0.994040 0.269265
vt 0.210807 0.082244
vt 0.734847 0.918110
vt 0.359085 0.284616
vt 0.331856 0.136873
vt 0.004655 0.810775
vt 0.573713 0.111468
vt 0.328209 0.189193
vt 0.996797 0.339283
vt 0.383561 0.905849
vt 0.392492 0.913199
vt 0.211935 0.237711
vt 0.240960 0.259155
vt 0.379364 0.920691
vt 0.866360 0.202892
vt 0.892046 0.213120
vt 0.853375 0.177460
vt 0.947686 0.155891
vt 0.912986 0.155929
vt 0.382172 0.764790
vt 0.782644 0.680648
vt 0.795228 0.663910
vt 0.863803 0.636773
vt 0.863543 0.628427
vt 0.453467 0.389191
vt 0.631840 0.780341
vt 0.725063 0.728095
vt 0.387413 0.746423
vt 0.735587 0.719448
vt 0.742348 0.545020
vt 0.742155 0.539726
vt 0.360398 0.498302
vt 0.584071 0.563599
vt 0.376032 0.105533
vt 0.364167 0.107629
vt 0.428329 0.117044
vt 0.459297 0.108944
vt 0.954471 0.155969
vt 0.294211 0.237241
vt 0.611867 0.932977
vt 0.611886 0.938813
vt 0.296739 0.331310
vt 0.289751 0.351471
vt 0.277168 0.370326
vt 0.268298 0.394476
vt 0.727598 0.328232
vt 0.796502 0.603902
vt 0.719800 0.358601
vt 0.365182 0.687163
vt 0.447937 0.966929
vt 0.832302 0.484586
vt 0.244938 0.857050
vt 0.426678 0.349936
vt 0.285824 0.908244
vt 0.642169 0.914475
vt 0.627378 0.914740
vt 0.351724 0.565934
vt 0.232720 0.848037
vt 0.852584 0.324496
vt 0.852272 0.320648
vt 0.853362 0.343842
vt 0.270731 0.801628
vt 0.258368 0.427652
vt 0.711662 0.432970
vt 0.782055 0.688088
vt 0.002178 0.803079
vt 0.329465 0.145395
vt 0.857186 0.853294
vt 0.365543 0.052255
vt 0.658127 0.301593
vt 0.930372 0.571313
vt 0.142593 0.136307
vt 0.981180 0.422741
vt 0.990082 0.422741
vt 0.988244 0.458107
vt 0.979533 0.490621
vt 0.988735 0.490621
vt 0.986996 0.525670
vt 0.304269 0.131013
vt 0.427404 0.078908
vt 0.733249 0.650065
vt 0.096326 0.197553
vt 0.975304 0.806048
vt 0.984819 0.584381
vt 0.024556 0.223048
vt 0.507674 0.094458
vt 0.923271 0.898029
vt 0.419669 0.958585
vt 0.440669 0.004010
vt 0.990396 0.846260
vt 0.001332 0.845079
vt 0.002459 0.846964
vt 0.001875 0.847170
vt 0.990583 0.846312
vt 0.991247 0.840240
vt 0.990469 0.847348
vt 0.989954 0.847458
vt 0.989974 0.847300
vt 0.989862 0.846072
vt 0.990176 0.846182
vt 0.001576 0.847425
vt 0.988507 0.846714
s 1
usemtl tripo_mat_5af232ef-825b-47db-9b4e-54c231291bc1
f 1564/1 1642/2 1568/3
f 1400/4 1568/3 1422/5
f 1568/3 1634/6 1422/5
f 1589/7 1555/8 1552/9
f 1552/9 1669/10 1589/7
f 1552/9 1432/11 1402/12
f 1503/13 1567/14 1510/15
f 1503/13 1439/16 1547/17
f 1503/13 1426/18 1423/19
f 1496/20 1362/21 1349/22
f 1496/20 1528/23 1524/24
f 1274/25 1292/26 1301/27
f 1301/27 1213/28 1274/25
f 1274/25 1184/29 1235/30
f 1143/31 1105/32 1152/33
f 1152/33 1150/34 1168/35
f 1152/33 1183/36 1143/31
f 1129/37 1105/32 1095/38
f 1129/37 1184/29 1150/34
f 1129/37 1151/39 1159/40
f 1194/41 1292/26 1235/30
f 1194/41 1184/29 1159/40
f 1194/41 1151/39 1202/42
f 1006/43 954/44 934/45
f 934/45 988/46 1006/43
f 954/44 925/47 934/45
f 1019/48 952/49 954/44
f 1040/50 1066/51 1077/52
f 1077/52 1042/53 1040/50
f 1040/50 1002/54 1029/55
f 1036/56 1003/57 1038/58
f 1036/56 1065/59 1016/60
f 1012/61 1056/62 1054/63
f 994/64 1012/61 956/65
f 1012/61 974/66 956/65
f 1005/67 977/68 1018/69
f 1018/69 1067/70 1005/67
f 977/68 947/71 1018/69
f 464/72 428/73 671/74
f 671/74 451/75 685/76
f 685/76 790/77 671/74
f 671/74 656/78 464/72
f 790/77 707/79 671/74
f 400/80 428/73 392/81
f 405/82 451/75 400/80
f 392/81 405/82 400/80
f 1122/83 1035/84 1092/85
f 1035/84 963/86 1092/85
f 1289/87 1122/83 1092/85
f 1289/87 1396/88 1251/89
f 1499/90 1403/91 1289/87
f 1370/92 1499/90 1289/87
f 1092/85 1370/92 1289/87
f 1378/93 1561/94 1375/95
f 1378/93 1243/96 1369/97
f 1375/95 1254/98 1378/93
f 1035/84 1046/99 1010/100
f 930/101 1035/84 1010/100
f 1010/100 927/102 930/101
f 2327/103 1983/104 2353/105
f 1983/104 2342/106 2353/105
f 2353/105 2376/107 2327/103
f 1858/108 1952/109 1953/110
f 1953/110 2039/111 2050/112
f 1953/110 1863/113 1858/108
f 2432/114 2375/115 2373/116
f 2435/117 2448/118 2432/114
f 2373/116 2435/117 2432/114
f 795/119 810/120 819/121
f 795/119 821/122 777/123
f 795/119 721/124 767/125
f 1889/126 1830/127 1836/128
f 1889/126 1845/129 1923/130
f 1889/126 1969/131 1897/132
f 1901/133 1887/134 1851/135
f 1901/133 1839/136 1907/137
f 1901/133 1981/138 1951/139
f 2035/140 1993/141 2338/142
f 2035/140 2322/143 2013/144
f 1443/145 1436/146 1390/147
f 1485/148 1467/149 1436/146
f 1485/148 1450/150 1494/151
f 1627/152 1602/153 1617/154
f 1617/154 1670/155 1627/152
f 1627/152 1663/156 1622/157
f 1674/158 1663/156 1670/155
f 1609/159 1602/153 1583/160
f 1583/160 1597/161 1609/159
f 1487/162 1495/163 1492/164
f 1500/165 1512/166 1487/162
f 1487/167 1483/168 1500/169
f 1500/165 1455/170 1556/171
f 1483/168 1448/172 1500/169
f 1556/171 1635/173 1500/165
f 1635/173 1578/174 1500/165
f 1735/175 1698/176 1646/177
f 1646/177 1542/178 1560/179
f 1698/176 1636/180 1646/177
f 1681/181 1613/182 1626/183
f 1613/182 1606/184 1626/183
f 1626/183 1635/185 1681/181
f 1630/186 1629/187 1626/188
f 1606/184 1630/189 1626/183
f 1415/190 1472/191 1425/192
f 1425/192 1487/167 1440/193
f 1440/194 1492/164 1453/195
f 1489/196 1492/164 1495/163
f 1505/197 1489/198 1495/199
f 1512/166 1493/200 1495/163
f 1575/201 1505/197 1545/202
f 1606/184 1595/203 1545/204
f 1545/204 1604/205 1575/206
f 1583/207 1630/189 1545/204
f 1548/208 1594/209 1611/210
f 1611/210 1585/211 1548/208
f 1548/212 1532/213 1522/214
f 1622/215 1657/216 1602/217
f 1602/217 1649/218 1583/207
f 1594/209 1608/219 1611/210
f 1522/214 1582/220 1594/221
f 1633/222 1621/223 1628/224
f 1633/222 1588/225 1596/226
f 1596/226 1625/227 1633/222
f 1559/228 1519/229 1532/213
f 1559/230 1585/211 1596/226
f 1559/228 1588/231 1535/232
f 1441/233 1445/234 1393/235
f 1441/233 1480/236 1475/237
f 1393/238 1427/239 1441/240
f 1449/241 1393/235 1445/234
f 1475/237 1449/241 1445/234
f 1468/242 1476/243 1479/244
f 1516/245 1538/246 1479/247
f 1479/244 1416/248 1398/249
f 1538/250 1468/251 1479/252
f 1489/198 1516/245 1479/247
f 1437/253 1489/196 1479/244
f 1398/249 1437/253 1479/244
f 1468/251 1530/254 1433/255
f 1600/256 1605/257 1595/203
f 1590/258 1605/257 1613/182
f 1613/182 1616/259 1590/258
f 1474/260 1437/253 1401/261
f 1453/195 1477/262 1474/260
f 1401/261 1453/195 1474/260
f 1659/263 1741/264 1725/265
f 1745/266 1620/267 1725/265
f 1725/265 1598/268 1659/263
f 1059/269 1160/270 1175/271
f 1175/271 1201/272 1232/273
f 1232/273 1335/274 1175/271
f 902/275 818/276 903/277
f 903/277 825/278 907/279
f 903/277 955/280 960/281
f 960/281 902/275 903/277
f 1305/282 1282/283 1345/284
f 1345/284 1379/285 1305/282
f 1345/284 1264/286 1333/287
f 1398/288 1380/289 1379/290
f 1380/289 1468/291 1379/290
f 1345/292 1347/293 1358/294
f 1358/294 1437/253 1345/292
f 1313/295 1219/296 1271/297
f 1271/297 1321/298 1313/295
f 1271/299 1216/300 1273/301
f 1231/302 1216/300 1219/303
f 1244/304 1273/301 1216/300
f 1357/305 1339/306 1341/307
f 1341/307 1394/308 1357/305
f 1357/305 1421/309 1361/310
f 1391/311 1421/309 1394/308
f 1343/312 1327/313 1337/314
f 1337/314 1266/315 1316/316
f 1316/316 1389/317 1337/314
f 1343/312 1359/318 1360/319
f 1337/314 1348/320 1343/312
f 1327/313 1265/321 1266/315
f 1360/319 1358/322 1327/313
f 1294/323 1282/283 1327/313
f 1327/313 1347/324 1294/323
f 1360/325 1440/193 1453/326
f 1214/327 1329/328 1328/329
f 1328/329 1429/330 1431/331
f 1431/332 1351/333 1328/334
f 1296/335 1214/327 1328/329
f 1351/336 1296/337 1328/338
f 1356/339 1448/340 1382/341
f 1316/316 1356/339 1382/341
f 899/342 900/343 932/344
f 900/343 991/345 1009/346
f 1009/346 932/344 900/343
f 1296/335 1199/347 1207/348
f 1300/349 1260/350 1296/337
f 2677/351 2691/352 2744/353
f 2744/353 2830/354 2677/351
f 2677/351 2806/355 2662/356
f 2757/357 2728/358 2751/359
f 2751/359 2841/360 2757/357
f 2757/357 2883/361 2747/362
f 2841/360 2892/363 2757/357
f 2916/364 2858/365 2852/366
f 3045/367 2927/368 2916/369
f 2852/366 2894/370 2916/364
f 2916/371 2918/372 2928/373
f 2916/369 3030/374 3045/367
f 3172/375 3303/376 3387/377
f 3387/378 3362/379 3436/380
f 3387/377 3193/381 3172/375
f 3391/382 3450/383 3375/384
f 3391/382 3455/385 3452/386
f 3391/382 3353/387 3379/388
f 2838/389 2873/390 2870/391
f 2838/389 2813/392 2827/393
f 2838/389 2878/394 2831/395
f 2897/396 2873/397 2908/398
f 2908/398 2909/399 2897/396
f 2897/396 2878/400 2870/401
f 2940/402 2909/399 2926/403
f 2974/404 2940/402 2926/403
f 2932/405 2974/404 2926/403
f 2926/403 2914/406 2932/405
f 3353/407 3370/408 3314/409
f 3314/409 3238/410 3304/411
f 3304/411 3353/407 3314/409
f 3301/412 3203/413 3314/414
f 3314/415 3371/416 3301/417
f 3301/412 3320/418 3254/419
f 3371/416 3346/420 3301/417
f 3254/419 3183/421 3301/412
f 3123/422 3128/423 3120/424
f 3085/425 3120/424 3111/426
f 3128/423 3111/426 3120/424
f 3265/427 3135/428 3113/429
f 3113/429 3190/430 3265/427
f 3302/431 3348/432 3265/433
f 3348/434 3303/376 3265/427
f 3265/433 3266/435 3302/431
f 2969/436 2955/437 2956/438
f 3033/439 2928/440 2956/438
f 2956/438 3017/441 3033/439
f 2965/442 2943/443 2955/437
f 2955/437 2918/372 2947/444
f 2955/437 2998/445 3017/441
f 2950/446 2931/447 2943/448
f 3020/449 2938/450 2950/451
f 2965/452 3020/449 2950/451
f 3098/453 3150/454 3149/455
f 3042/456 3098/457 3055/458
f 3098/457 3128/459 3055/458
f 3089/460 3055/458 3128/459
f 2936/461 2980/462 2935/463
f 2935/463 2907/464 2936/461
f 2936/465 2895/466 2904/467
f 2936/465 2910/468 2944/469
f 2944/470 2984/471 2936/461
f 2910/468 2924/472 2944/469
f 2924/472 2938/473 2944/469
f 2944/474 3001/475 2990/476
f 2837/477 2811/478 2825/479
f 2837/477 2865/480 2869/481
f 2837/477 2880/482 2828/483
f 2895/466 2867/484 2904/467
f 2895/466 2869/481 2865/480
f 3326/485 3366/486 3321/487
f 3321/487 3369/488 3358/489
f 3313/490 3267/491 3321/492
f 3321/487 3280/493 3326/485
f 3321/494 3349/495 3313/496
f 3366/486 3414/497 3369/488
f 3369/488 3399/498 3358/489
f 3326/485 3299/499 3337/500
f 3328/501 3364/502 3360/503
f 3363/504 3272/505 3360/503
f 3360/503 3394/506 3363/504
f 3364/502 3397/507 3360/503
f 2890/508 2868/509 2903/510
f 2922/511 2890/508 2903/510
f 2903/510 2967/512 2922/511
f 2815/513 2845/514 2816/515
f 2815/513 2780/516 2840/517
f 2840/517 2868/509 2815/513
f 3171/518 3159/519 3202/520
f 3117/521 3201/522 3171/518
f 3171/518 3160/523 3117/521
f 3272/524 3329/525 3264/526
f 3209/527 3159/519 3144/528
f 3287/529 3331/530 3328/501
f 3287/531 3195/532 3292/533
f 3287/531 3202/520 3209/527
f 3133/534 3159/519 3164/535
f 3164/535 3201/522 3269/536
f 3164/537 3101/538 3133/539
f 3110/540 3068/541 3101/538
f 3101/542 3072/543 3107/544
f 3177/545 3133/546 3101/542
f 3110/540 3189/547 3155/548
f 3110/540 3117/521 3079/549
f 3110/540 3185/550 3115/551
f 3686/552 3665/553 3654/554
f 3654/554 3676/555 3686/552
f 3654/554 3706/556 3717/557
f 3866/558 3847/559 3848/560
f 3812/561 3850/562 3866/558
f 3866/558 3808/563 3812/561
f 3919/564 3939/565 3866/566
f 3939/565 3864/567 3866/566
f 3848/560 3919/568 3866/558
f 3665/553 3718/569 3706/556
f 3706/556 3803/570 3812/561
f 3812/561 3717/557 3706/556
f 3663/571 3674/572 3668/573
f 3668/573 3718/569 3663/571
f 3656/574 3717/557 3719/575
f 3656/576 3702/577 3633/578
f 3633/578 3594/579 3656/576
f 3599/580 3676/555 3606/581
f 3606/582 3656/583 3555/584
f 3555/584 3508/585 3606/582
f 3606/582 3512/586 3599/587
f 4054/588 4090/589 4046/590
f 4111/591 4089/592 4054/593
f 4046/590 3959/594 4054/588
f 3959/595 4051/596 4054/593
f 4054/593 4104/597 4111/591
f 4095/598 4156/599 4160/600
f 4160/600 4222/601 4220/602
f 4173/603 4134/604 4160/600
f 4220/605 4173/606 4160/607
f 4160/600 4096/608 4095/598
f 4299/609 4288/610 4287/611
f 4287/611 4315/612 4314/613
f 4287/611 4262/614 4254/615
f 4254/615 4302/616 4287/611
f 3870/617 3819/618 3817/619
f 3870/617 3918/620 3886/621
f 3817/619 3875/622 3870/617
f 3599/587 3517/623 3613/624
f 3658/625 3599/587 3613/624
f 3628/626 3716/627 3613/624
f 3716/627 3658/625 3613/624
f 3613/624 3543/628 3628/626
f 3695/629 3760/630 3670/631
f 3702/577 3776/632 3695/629
f 3695/629 3633/578 3702/577
f 3602/633 3662/634 3554/635
f 3554/635 3624/636 3504/637
f 3516/638 3602/639 3554/640
f 3554/640 3437/641 3516/638
f 3727/642 3657/643 3658/625
f 4183/644 4107/645 4100/646
f 4069/647 4138/648 4100/649
f 4138/650 4183/644 4100/646
f 4025/651 4069/647 4100/649
f 4100/646 4033/652 4025/653
f 4241/654 4187/655 4251/656
f 4241/654 4275/657 4255/658
f 4241/654 4203/659 4191/660
f 3953/661 4021/662 3937/663
f 3937/663 4016/664 3947/665
f 3873/666 3953/661 3937/663
f 3947/665 3878/667 3937/663
f 3937/663 3841/668 3873/666
f 3596/669 3610/670 3593/671
f 3593/672 3602/639 3581/673
f 3614/674 3596/669 3593/671
f 3581/673 3594/675 3593/672
f 3593/671 3615/676 3614/674
f 4053/677 4031/678 4074/679
f 4053/677 4016/664 4021/662
f 4053/677 4086/680 4048/681
f 4057/682 4013/683 3963/684
f 4057/682 4084/685 4083/686
f 3963/684 4044/687 4057/682
f 3789/688 3645/689 3631/690
f 3631/690 3466/691 3470/692
f 3631/693 3611/694 3689/695
f 3470/692 3566/696 3631/690
f 3566/697 3598/698 3631/693
f 3861/699 3815/700 3835/701
f 3861/702 3843/703 3761/704
f 3861/705 3742/706 3869/707
f 3835/708 3903/709 3861/702
f 3761/710 3800/711 3689/712
f 3761/710 3835/701 3815/700
f 3703/713 3806/714 3761/715
f 3761/716 3774/717 3703/718
f 3640/719 3742/720 3761/721
f 3689/695 3640/722 3761/723
f 3640/722 3617/724 3669/725
f 3669/726 3623/727 3640/728
f 3703/718 3679/729 3669/726
f 3640/719 3566/696 3590/730
f 3690/731 3774/717 3836/732
f 3825/733 3690/731 3836/732
f 3836/734 3929/735 3825/736
f 3836/734 3843/703 3913/737
f 3913/737 3943/738 3836/734
f 4024/739 3954/740 4016/664
f 4016/664 4062/741 4024/739
f 4016/664 4040/742 4055/743
f 3954/740 3947/665 4016/664
f 4040/744 3972/745 4050/746
f 4048/681 4060/747 4040/742
f 4040/748 4012/749 3969/750
f 4250/751 4285/752 4256/753
f 4250/751 4192/754 4258/755
f 4256/753 4185/756 4250/751
f 4105/757 4059/758 4145/759
f 4163/760 4105/757 4145/759
f 4145/759 4079/761 4174/762
f 4145/759 4239/763 4163/760
f 4174/762 4245/764 4145/759
f 3459/765 3588/766 3590/730
f 3590/730 3464/767 3459/765
f 3588/766 3742/720 3590/730
f 4228/768 4146/769 4140/770
f 4150/771 4228/768 4140/770
f 4140/770 4128/772 4150/771
f 4268/773 4307/774 4263/775
f 4263/775 4244/776 4228/768
f 4228/768 4268/773 4263/775
f 4236/777 4146/769 4244/776
f 4281/778 4293/779 4358/780
f 4270/781 4358/780 4366/782
f 4358/780 4382/783 4366/782
f 4281/778 4252/784 4273/785
f 4455/786 4450/787 4466/788
f 4352/789 4388/790 4455/786
f 4455/786 4368/791 4352/789
f 4678/792 4645/793 4647/794
f 4678/792 4669/795 4708/796
f 4678/792 4744/797 4688/798
f 4908/799 4934/800 4933/801
f 4759/802 4905/803 4908/799
f 4908/799 4868/804 4759/802
f 419/805 651/806 754/807
f 221/808 419/805 231/809
f 419/805 695/810 231/809
f 4652/811 4621/812 4663/813
f 4652/811 4706/814 4683/815
f 4652/811 4643/816 4622/817
f 3381/818 3146/819 3487/820
f 3146/819 3423/821 3487/820
f 3426/822 3428/823 3444/824
f 3574/825 3584/826 3569/827
f 3620/828 3498/829 3573/830
f 3509/831 3381/818 3513/832
f 3498/833 3359/834 3509/831
f 3710/835 3620/828 3573/830
f 3553/836 3563/837 3573/830
f 3573/830 3568/838 3564/839
f 3354/840 3319/841 3325/842
f 3325/842 3273/843 3354/840
f 3497/844 3448/845 3435/846
f 3497/844 3561/847 3515/848
f 3402/849 3442/850 3428/823
f 3428/823 3503/851 3444/824
f 3406/852 3442/853 3395/854
f 3218/855 3248/856 3188/857
f 3237/858 3268/859 3218/855
f 3218/855 3184/860 3237/858
f 3184/860 3228/861 3237/858
f 3188/857 3162/862 3184/860
f 3296/863 3268/859 3298/864
f 3298/864 3279/865 3305/866
f 3298/864 3345/867 3296/863
f 3357/868 3296/863 3345/867
f 3345/867 3322/869 3357/868
f 3192/870 3129/871 3291/872
f 3297/873 3420/874 3291/872
f 3291/872 3457/875 3350/876
f 3129/871 3297/873 3291/872
f 3291/872 3289/877 3192/870
f 3129/871 2988/878 3118/879
f 2566/880 2621/881 2628/882
f 2566/883 24/884 22/885
f 27/886 2617/887 2620/888
f 2620/888 22/885 27/886
f 27/886 24/884 37/889
f 27/886 83/890 20/891
f 3100/892 3105/893 3087/894
f 3087/894 3132/895 3097/896
f 8/897 2576/898 2595/899
f 2595/900 2640/901 2667/902
f 3231/903 3274/904 3275/905
f 3143/906 3231/907 3166/908
f 3231/903 3186/909 3166/910
f 3192/911 3162/912 3141/913
f 3192/914 3282/915 3228/861
f 3141/913 3166/910 3192/911
f 3166/910 3065/916 3192/911
f 3078/917 2887/918 3065/916
f 3350/876 3507/919 3389/920
f 3350/876 3274/921 3289/877
f 3389/920 3275/922 3350/876
f 3289/877 3319/841 3335/923
f 3335/923 3282/924 3289/877
f 3143/906 3102/925 3147/926
f 3141/913 3105/927 3143/928
f 3147/926 3097/896 3132/895
f 3105/893 3173/929 3132/895
f 3132/895 3223/930 3147/926
f 3256/931 3285/932 3257/933
f 3187/934 3257/933 3219/935
f 3285/932 3219/935 3257/933
f 3245/936 3327/937 3317/938
f 3245/939 3096/940 3186/909
f 3186/909 3307/941 3245/939
f 3245/942 3124/943 3122/944
f 3142/945 3006/946 3096/940
f 34/947 8/897 2563/948
f 2563/948 26/949 34/947
f 2579/950 2622/951 2636/952
f 2636/952 2588/953 2579/950
f 2579/954 25/955 26/949
f 3119/956 3180/957 3116/958
f 3116/958 3086/959 3119/956
f 3116/958 3083/960 3082/961
f 3283/962 3074/963 3077/964
f 3142/945 3283/962 3077/964
f 3365/965 3324/966 3283/967
f 3283/968 3317/938 3327/937
f 3327/969 3365/965 3283/967
f 3125/970 3241/971 3127/972
f 3122/944 3232/973 3125/970
f 3125/970 3088/974 3083/960
f 3276/975 3180/976 3311/977
f 3311/977 3222/978 3308/979
f 3966/980 3846/981 3837/982
f 3966/980 4063/983 4020/984
f 3355/985 3276/975 3311/977
f 3355/985 3312/986 3317/938
f 3317/938 3293/987 3245/936
f 3293/987 3252/988 3245/936
f 4082/989 3999/990 3980/991
f 3565/992 3655/993 3491/994
f 3491/994 3499/995 3565/992
f 3565/992 3642/996 3677/997
f 3412/998 3540/999 3324/966
f 3398/1000 3412/998 3365/965
f 4063/983 4175/1001 4165/1002
f 4175/1001 4365/1003 4165/1002
f 4179/1004 4037/1005 4165/1002
f 4165/1002 4020/984 4063/983
f 4751/1006 4648/1007 4743/1008
f 4743/1008 4912/1009 4751/1006
f 4743/1008 4666/1010 4849/1011
f 4391/1012 4494/1013 4390/1014
f 4494/1013 4453/1015 4390/1014
f 4390/1014 4199/1016 4391/1012
f 4355/1017 4189/1018 4390/1014
f 4390/1014 4438/1019 4355/1017
f 2698/1020 2688/1021 2734/1022
f 2745/1023 2734/1022 2863/1024
f 2734/1022 2851/1025 2863/1024
f 358/1026 210/1027 209/1028
f 209/1028 348/1029 358/1026
f 348/1030 636/1031 358/1032
f 406/1033 308/1034 358/1032
f 636/1031 406/1033 358/1032
f 222/1035 328/1036 387/1037
f 387/1037 227/1038 222/1035
f 387/1037 350/1039 409/1040
f 227/1038 251/1041 223/1042
f 415/1043 465/1044 402/1045
f 415/1043 369/1046 411/1047
f 415/1043 635/1048 624/1049
f 2866/1050 2898/1051 2919/1052
f 2767/1053 2906/1054 2788/1055
f 2808/1056 2905/1057 2767/1053
f 2767/1053 2739/1058 2808/1056
f 2738/1059 2762/1060 2785/1061
f 2739/1058 2741/1062 2738/1063
f 2738/1063 2808/1056 2739/1058
f 3603/1064 3621/1065 3571/1066
f 3603/1067 3558/1068 3653/1069
f 3603/1067 3692/1070 3632/1071
f 3571/1066 3627/1072 3547/1073
f 3547/1073 3408/1074 3571/1066
f 3660/1075 3653/1069 3558/1068
f 3558/1068 3421/1076 3660/1075
f 3660/1075 3434/1077 3696/1078
f 2949/1079 3005/1080 2999/1081
f 2949/1079 2921/1082 2934/1083
f 2999/1081 2942/1084 2949/1079
f 3058/1085 3005/1080 3010/1086
f 3058/1085 3095/1087 3062/1088
f 3010/1089 3070/1090 3058/1091
f 2891/1092 2945/1093 2901/1094
f 2901/1094 2934/1083 2921/1082
f 2901/1094 2832/1095 2891/1092
f 3057/1096 3198/1097 3054/1098
f 3010/1089 2953/1099 3054/1098
f 2953/1099 3057/1096 3054/1098
f 3054/1098 3197/1100 3070/1090
f 3378/1101 3342/1102 3361/1103
f 3378/1101 3403/1104 3418/1105
f 3378/1101 3410/1106 3367/1107
f 3361/1103 3284/1108 3286/1109
f 3384/1110 3361/1103 3286/1109
f 3220/1111 3380/1112 3259/1113
f 3612/1114 3701/1115 3687/1116
f 3612/1114 3502/1117 3619/1118
f 3612/1114 3608/1119 3597/1120
f 3687/1116 3652/1121 3612/1114
f 3597/1122 3493/1123 3612/1124
f 3182/1125 3206/1126 3137/1127
f 3206/1126 3115/551 3137/1127
f 3277/1128 3189/547 3206/1126
f 3578/1129 3628/626 3543/628
f 3618/1130 3650/1131 3578/1129
f 3587/1132 3618/1133 3578/1134
f 3543/628 3477/1135 3578/1129
f 3578/1129 3475/1136 3587/1137
f 3879/1138 3860/1139 3852/1140
f 3814/1141 3879/1138 3852/1140
f 3852/1142 3756/1143 3814/1144
f 3756/1143 3701/1115 3814/1144
f 3756/1143 3714/1145 3687/1116
f 3860/1146 3801/1147 3756/1143
f 3842/1148 3803/570 3795/1149
f 3838/1150 3850/562 3842/1148
f 3795/1149 3838/1150 3842/1148
f 3796/1151 3847/559 3838/1150
f 3668/573 3732/1152 3724/1153
f 3919/568 3886/621 3918/620
f 3922/1154 3942/1155 3918/620
f 3918/620 3882/1156 3922/1154
f 3918/620 3940/1157 3919/568
f 3936/1158 3915/1159 3912/1160
f 3912/1161 3976/1162 3936/1163
f 3867/1164 3955/1165 3912/1161
f 3814/1141 3867/1164 3912/1161
f 3890/1166 3871/1167 3860/1146
f 3863/1168 3830/1169 3877/1170
f 3844/1171 3863/1168 3901/1172
f 3863/1168 3893/1173 3901/1172
f 3699/1174 3644/1175 3646/1176
f 3644/1175 3520/1177 3646/1176
f 3646/1176 3547/1073 3627/1072
f 3627/1072 3638/1178 3646/1176
f 3646/1176 3697/1179 3699/1174
f 3638/1178 3649/1180 3646/1176
f 4335/1181 4253/1182 4266/1183
f 4266/1183 4380/1184 4335/1181
f 4253/1182 4144/1185 4266/1183
f 4380/1184 4397/1186 4379/1187
f 3634/1188 3641/1189 3638/1178
f 3634/1188 3621/1065 3636/1190
f 3923/1191 3896/1192 3872/1193
f 3928/1194 4080/1195 3923/1191
f 3872/1193 3799/1196 3923/1191
f 3799/1196 3928/1194 3923/1191
f 4249/1197 4212/1198 4295/1199
f 2943/1200 2969/436 2956/438
f 2966/1201 2931/447 2962/1202
f 2966/1201 3016/1203 3031/1204
f 2966/1201 3042/1205 2969/1206
f 3031/1207 3069/1208 3080/1209
f 3080/1209 3042/1210 3031/1207
f 3080/1209 3109/1211 3138/1212
f 3080/1209 3150/454 3091/1213
f 3138/1212 3179/1214 3272/524
f 3138/1212 3264/526 3150/454
f 3069/1208 3093/1215 3109/1211
f 3093/1215 3179/1214 3109/1211
f 3056/1216 3075/1217 3093/1218
f 3093/1219 3117/521 3160/523
f 3075/1217 3000/1220 3051/1221
f 3075/1222 3079/549 3117/521
f 3051/1221 2982/1223 3026/1224
f 3026/1225 3079/549 3051/1226
f 2982/1223 3060/1227 3026/1224
f 3026/1224 3072/543 3068/1228
f 2999/1081 3062/1088 3060/1227
f 3062/1088 3072/543 3060/1227
f 3028/1229 2958/1230 3000/1220
f 2958/1230 2982/1223 3000/1220
f 3028/1229 2995/1231 2967/512
f 2995/1231 2962/1202 2954/1232
f 2954/1232 2967/512 2995/1231
f 3056/1216 3016/1203 2995/1231
f 2954/1232 2931/447 2924/472
f 2924/472 2922/511 2954/1232
f 4295/1199 4224/1233 4304/1234
f 4295/1199 4313/1235 4286/1236
f 4286/1236 4249/1197 4295/1199
f 4243/1237 4272/1238 4229/1239
f 4229/1239 4167/1240 4243/1237
f 4243/1237 4178/1241 4249/1197
f 4159/1242 4064/1243 4167/1240
f 4167/1240 4066/1244 4178/1241
f 4072/1245 4178/1241 4066/1244
f 4064/1246 3971/1247 4066/1248
f 4066/1248 3950/1249 4072/1250
f 3981/1251 3893/1173 3971/1247
f 3893/1173 3950/1249 3971/1247
f 3981/1251 4067/1252 4006/1253
f 3981/1251 3934/1254 3901/1172
f 4006/1255 4078/1256 4026/1257
f 4026/1258 3934/1254 4006/1253
f 4026/1257 4092/1259 4042/1260
f 4042/1260 3955/1261 4026/1257
f 4092/1259 4045/1262 4042/1260
f 4042/1260 3990/1263 3976/1264
f 4045/1262 4001/1265 3990/1263
f 3990/1263 3940/1266 3942/1267
f 3990/1263 3936/1268 3976/1264
f 4001/1265 3939/565 3940/1266
f 4047/1269 4002/1270 4001/1265
f 4049/1271 3985/1272 4002/1270
f 4049/1271 4095/598 4096/608
f 4096/608 4051/596 4049/1271
f 4002/1270 3932/1273 3939/565
f 4047/1269 4097/1274 4095/598
f 4078/1256 4161/1275 4092/1259
f 4161/1275 4097/1274 4092/1259
f 4157/1276 4223/1277 4161/1275
f 4223/1277 4156/599 4161/1275
f 4225/1278 4267/1279 4223/1277
f 4267/1279 4222/601 4223/1277
f 4269/1280 4309/1281 4267/1282
f 4309/1281 4265/1283 4267/1282
f 4303/1284 4317/1285 4309/1286
f 4317/1287 4302/616 4309/1281
f 4318/1288 4322/1289 4317/1285
f 4322/1290 4315/612 4317/1287
f 4320/1291 4314/613 4315/612
f 4320/1291 4328/1292 4325/1293
f 4325/1293 4319/1294 4320/1291
f 4323/1295 4316/1296 4319/1294
f 4323/1295 4330/1297 4331/1298
f 4331/1298 4321/1299 4323/1295
f 4336/1300 4305/1301 4321/1302
f 4336/1300 4373/1303 4375/1304
f 4375/1304 4293/779 4336/1300
f 4375/1304 4405/1305 4406/1306
f 4406/1306 4382/783 4375/1304
f 4402/1307 4366/782 4382/783
f 4402/1307 4408/1308 4398/1309
f 4398/1309 4367/1310 4402/1307
f 4369/1311 4396/1312 4370/1313
f 4369/1311 4264/1314 4257/1315
f 4257/1315 4367/1310 4369/1311
f 4247/1316 4142/1317 4136/1318
f 4136/1318 4234/1319 4247/1316
f 4247/1316 4366/782 4367/1310
f 4110/1320 4218/1321 4234/1319
f 4234/1319 4270/781 4366/782
f 4101/1322 4195/1323 4218/1321
f 4218/1321 4252/784 4270/781
f 4087/1324 4181/1325 4195/1323
f 4195/1323 4246/1326 4252/784
f 4280/1327 4252/784 4246/1326
f 4181/1325 4242/1328 4246/1326
f 4246/1326 4282/1329 4280/1327
f 4282/1329 4236/777 4263/775
f 4282/1329 4307/774 4311/1330
f 4282/1329 4305/1301 4280/1327
f 4307/774 4316/1331 4311/1330
f 4311/1330 4321/1302 4305/1301
f 4312/1332 4292/1333 4299/609
f 4299/609 4314/613 4312/1332
f 4312/1332 4319/1294 4316/1296
f 4169/1334 4236/777 4242/1328
f 4169/1334 4070/1335 4058/1336
f 4058/1336 4152/1337 4169/1334
f 4052/1338 3924/1339 3907/1340
f 3907/1340 4041/1341 4052/1338
f 4052/1338 4146/769 4152/1337
f 3889/1342 4013/1343 4041/1341
f 4041/1341 4140/770 4146/769
f 3865/1344 3673/1345 3667/1346
f 3667/1347 3845/1348 3865/1349
f 3865/1344 3963/1350 4013/1343
f 3648/1351 3821/1352 3845/1348
f 3845/1348 3944/1353 3963/684
f 3667/1354 3436/380 3648/1355
f 3648/1355 3466/691 3645/689
f 3667/1354 3400/1356 3387/378
f 3889/1342 3688/1357 3673/1345
f 3673/1358 3407/1359 3400/1356
f 3688/1360 3409/1361 3407/1359
f 3409/1362 3178/1363 3407/1364
f 3178/1363 3400/1365 3407/1364
f 3167/1366 3040/1367 3178/1363
f 3178/1363 3049/1368 3193/1369
f 3040/1367 2927/1370 3049/1368
f 3022/1371 2923/1372 3040/1367
f 2920/1373 2850/1374 2923/1372
f 2920/1375 3013/1376 2911/1377
f 2911/1377 2849/1378 2920/1375
f 2847/1379 2789/1380 2849/1378
f 2847/1379 2902/1381 2841/360
f 2841/360 2792/1382 2847/1379
f 2789/1380 2777/1383 2775/1384
f 2775/1384 2781/1385 2789/1380
f 2781/1385 2849/1378 2789/1380
f 2774/1386 2782/1387 2781/1388
f 2781/1388 2858/365 2850/1389
f 2776/1390 2787/1391 2782/1387
f 2782/1387 2852/366 2858/365
f 2786/1392 2800/1393 2787/1391
f 2787/1391 2835/1394 2852/366
f 2798/1395 2812/1396 2800/1393
f 2800/1393 2833/1397 2835/1394
f 2889/1398 2835/1394 2833/1397
f 2812/1396 2834/1399 2833/1397
f 2833/1397 2886/1400 2889/1398
f 2915/1401 2889/1402 2886/1403
f 2834/1399 2878/394 2886/1400
f 2886/1403 2909/399 2915/1401
f 2917/1404 2947/444 2918/372
f 2917/1404 2894/1405 2889/1402
f 2917/1404 2940/402 2939/1406
f 2939/1406 2977/1407 2985/1408
f 2985/1408 2947/444 2939/1406
f 2985/1408 3044/1409 3050/1410
f 3050/1410 2998/445 2985/1408
f 3067/1411 3085/425 3111/426
f 3111/426 3090/1412 3067/1411
f 3067/1411 3017/441 2998/445
f 3050/1410 3081/1413 3085/425
f 3081/1413 3046/1414 3084/1415
f 3084/1415 3130/1416 3081/1413
f 3081/1413 3123/422 3085/425
f 3130/1416 3183/421 3123/422
f 3139/1417 3203/413 3130/1416
f 3139/1417 3092/1418 3154/1419
f 3154/1419 3238/1420 3139/1417
f 3249/1421 3168/1422 3255/1423
f 3255/1423 3310/1424 3249/1421
f 3249/1421 3304/411 3238/410
f 3313/496 3344/1425 3310/1426
f 3310/1424 3339/1427 3304/411
f 3349/495 3382/1428 3344/1425
f 3344/1425 3377/1429 3339/1430
f 3377/1429 3455/385 3379/388
f 3379/388 3339/1430 3377/1429
f 3382/1428 3456/1431 3377/1429
f 3465/1432 3390/1433 3473/1434
f 3473/1434 3592/1435 3465/1432
f 3465/1432 3586/1436 3456/1431
f 3583/1437 3456/1431 3586/1436
f 3592/1435 3720/1438 3586/1436
f 3586/1436 3711/1439 3583/1437
f 3711/1439 3885/1440 3712/1441
f 3712/1441 3583/1437 3711/1439
f 3720/1438 3888/1442 3711/1439
f 3898/1443 3725/1444 3904/1445
f 3904/1446 4036/1447 3898/1448
f 3898/1448 4032/1449 3888/1450
f 4027/1451 3888/1450 4032/1449
f 4036/1447 4120/1452 4032/1449
f 4032/1449 4103/1453 4027/1451
f 4099/1454 4027/1451 4103/1453
f 4120/1452 4192/754 4103/1453
f 4103/1453 4185/756 4099/1454
f 4205/1455 4127/1456 4210/1457
f 4210/1457 4260/1458 4205/1455
f 4205/1455 4258/755 4192/754
f 4260/1458 4310/1459 4306/1460
f 4306/1460 4258/755 4260/1458
f 4306/1460 4357/1461 4353/1462
f 4353/1462 4285/752 4306/1460
f 4289/1463 4256/753 4285/752
f 4289/1463 4356/1464 4283/1465
f 4283/1465 4245/764 4289/1463
f 4283/1465 4296/1466 4274/1467
f 4274/1467 4239/763 4283/1465
f 4233/1468 4163/760 4239/763
f 4233/1469 4268/773 4227/1470
f 4227/1471 4164/1472 4233/1468
f 4164/1472 4130/1473 4163/760
f 4150/1474 4131/1475 4164/1476
f 4131/1475 4124/1477 4130/1478
f 4128/1479 4123/1480 4131/1475
f 4121/1481 4117/1482 4123/1480
f 4121/1481 4057/1483 4083/1484
f 4083/1484 4116/1485 4121/1481
f 4091/1486 4113/1487 4116/1485
f 4083/1488 4093/1489 4091/1490
f 4093/1489 4089/1491 4091/1490
f 4084/1492 4094/1493 4093/1489
f 4094/1493 4090/589 4093/1489
f 4088/1494 4046/590 4090/589
f 4088/1494 4086/680 4074/679
f 4074/679 4043/1495 4088/1494
f 4031/678 3961/1496 4043/1495
f 4043/1495 3964/1497 4046/590
f 3953/661 3916/1498 3961/1496
f 3961/1496 3921/1499 3964/1497
f 3916/1498 3855/1500 3921/1499
f 3855/1500 3917/1501 3921/1499
f 3917/1501 3964/1497 3921/1499
f 3857/1502 3932/1273 3917/1503
f 3917/1503 3985/1272 3959/595
f 3855/1504 3793/1505 3857/1506
f 3857/1507 3808/563 3864/1508
f 3785/1509 3719/1510 3793/1505
f 3793/1511 3717/557 3808/563
f 3849/1512 3785/1509 3855/1504
f 3916/1498 3840/1513 3849/1514
f 3840/1515 3776/632 3849/1512
f 3905/1516 3824/1517 3840/1515
f 3824/1517 3760/630 3840/1515
f 3744/1518 3786/1519 3713/1520
f 3744/1518 3651/1521 3659/1522
f 3744/1518 3670/631 3760/630
f 3659/1522 3614/674 3615/676
f 3615/676 3670/631 3659/1522
f 3713/1520 3643/1523 3651/1521
f 3651/1521 3607/1524 3614/674
f 3691/1525 3617/724 3643/1523
f 3643/1523 3604/1526 3607/1524
f 3604/1526 3611/694 3598/698
f 3604/1526 3591/1527 3595/1528
f 3595/1528 3607/1524 3604/1526
f 3591/1527 3623/727 3595/1528
f 3595/1528 3616/1529 3596/669
f 3691/1525 3703/713 3669/725
f 3713/1520 3749/1530 3691/1525
f 3841/1531 3749/1530 3786/1519
f 3786/1532 3873/666 3841/668
f 4076/1533 4086/680 4094/1493
f 4076/1534 4044/687 4030/1535
f 4030/1535 4060/1536 4076/1534
f 4030/1535 3944/1353 3926/1537
f 3926/1537 4012/749 4030/1535
f 3910/1538 3789/1539 3800/711
f 3800/711 3887/1540 3910/1538
f 3910/1538 3969/750 4012/749
f 3926/1537 3821/1352 3789/1539
f 4117/1482 4112/1541 4115/1542
f 4115/1542 4123/1480 4117/1482
f 4116/1485 4114/1543 4117/1482
f 4115/1542 4108/1544 4106/1545
f 4106/1545 4124/1477 4115/1542
f 4102/1546 4055/743 4040/742
f 4102/1547 4050/746 4105/757
f 4102/1548 4130/1478 4124/1477
f 4106/1549 4062/741 4055/743
f 4109/1550 4062/741 4108/1551
f 4112/1541 4109/1552 4108/1544
f 4118/1553 4122/1554 4109/1552
f 4118/1553 4114/1543 4119/1555
f 4119/1555 4126/1556 4118/1553
f 4125/1557 4137/1558 4126/1556
f 4125/1557 4111/591 4104/597
f 4104/597 4134/604 4125/1557
f 4119/1555 4113/1487 4111/591
f 4137/1558 4122/1554 4126/1556
f 4069/647 4019/1559 4065/1560
f 4065/1560 4024/739 4062/741
f 4065/1560 4122/1561 4069/647
f 4017/1562 3929/735 4019/1559
f 4019/1559 3943/738 4024/739
f 3911/1563 3809/1564 3920/1565
f 3920/1566 3825/736 3929/735
f 3920/1566 4025/651 3911/1567
f 3779/1568 3683/1569 3809/1564
f 3809/1564 3693/1570 3825/1571
f 3754/1572 3662/634 3779/1568
f 3779/1568 3909/1573 3754/1572
f 3908/1574 3754/1572 3909/1573
f 3909/1575 4025/653 4033/652
f 4033/652 3908/1576 3909/1575
f 4039/1577 3908/1576 4035/1578
f 4035/1578 4107/645 4129/1579
f 4129/1579 4039/1577 4035/1578
f 4132/1580 4039/1577 4133/1581
f 4133/1581 4191/660 4203/659
f 4133/1581 4208/1582 4132/1580
f 4210/1457 4132/1580 4208/1582
f 4208/1582 4255/658 4259/1583
f 4208/1582 4261/1584 4210/1457
f 4255/658 4297/1585 4259/1583
f 4259/1583 4310/1459 4261/1584
f 4275/657 4346/1586 4297/1585
f 4297/1585 4357/1461 4310/1459
f 4278/1587 4342/1588 4346/1586
f 4346/1586 4359/1589 4357/1461
f 4359/1589 4353/1462 4357/1461
f 4342/1588 4300/1590 4359/1589
f 4300/1590 4356/1464 4359/1589
f 4271/1591 4288/610 4342/1588
f 4271/1591 4248/1592 4238/1593
f 4238/1593 4262/614 4271/1591
f 4238/1593 4183/644 4180/1594
f 4180/1594 4230/1595 4238/1593
f 4278/1587 4251/656 4248/1592
f 4248/1592 4187/655 4183/644
f 4127/1456 4038/1596 4132/1580
f 4129/1579 4187/655 4191/660
f 3904/1445 3736/1597 3906/1598
f 3906/1598 3743/1599 3908/1574
f 3906/1600 4038/1596 3904/1446
f 3725/1444 3600/1601 3736/1597
f 3736/1597 3605/1602 3743/1599
f 3600/1601 3488/1603 3605/1602
f 3605/1602 3504/637 3624/636
f 3624/636 3743/1599 3605/1602
f 3473/1434 3399/1604 3488/1603
f 3488/1603 3414/1605 3504/637
f 4274/1467 4292/1333 4268/1606
f 4296/1466 4299/609 4292/1333
f 4005/1607 3881/1608 4022/1609
f 4022/1609 3885/1610 4027/1451
f 4022/1609 4079/761 4005/1607
f 3874/1611 3721/1612 3881/1608
f 3881/1608 3712/1613 3885/1610
f 3721/1614 3588/766 3582/1615
f 3721/1614 3579/1616 3712/1441
f 3582/1615 3453/1617 3450/383
f 3582/1615 3452/386 3579/1616
f 3874/1611 3978/1618 3869/707
f 3869/707 3730/1619 3874/1611
f 3978/1618 4050/746 3972/745
f 3972/745 3869/707 3978/1618
f 4005/1607 4059/758 3978/1618
f 4099/1454 4174/762 4079/761
f 3579/1616 3455/385 3583/1437
f 3390/1433 3358/1620 3399/1604
f 3154/1621 3099/1622 3168/1422
f 3168/1422 3103/1623 3176/1624
f 3176/1624 3255/1423 3168/1422
f 3176/1624 3112/1625 3196/1626
f 3196/1626 3267/491 3176/1624
f 3196/1626 3134/1627 3242/1628
f 3242/1628 3280/1629 3196/1626
f 3242/1628 3174/1630 3281/1631
f 3281/1631 3299/1632 3242/1628
f 3336/1633 3340/1634 3333/1635
f 3333/1636 3337/1637 3299/1632
f 3333/1635 3320/1638 3336/1633
f 3341/1639 3338/1640 3340/1634
f 3340/1641 3347/1642 3337/500
f 3338/1643 3343/1644 3347/1642
f 3343/1644 3356/1645 3347/1642
f 3356/1645 3337/500 3347/1642
f 3363/504 3386/1646 3356/1645
f 3356/1645 3372/1647 3326/485
f 3394/506 3439/1648 3386/1646
f 3386/1646 3437/641 3372/1647
f 3441/1649 3510/1650 3439/1648
f 3439/1648 3516/638 3437/641
f 3510/1650 3555/584 3570/1651
f 3510/1650 3581/673 3516/638
f 3441/1649 3397/507 3445/1652
f 3445/1652 3505/1653 3441/1649
f 3445/1652 3401/1654 3460/1655
f 3460/1655 3508/585 3445/1652
f 3460/1655 3410/1106 3474/1656
f 3474/1656 3512/586 3460/1655
f 3474/1656 3418/1105 3484/1657
f 3484/1657 3517/623 3474/1656
f 3334/1658 3329/525 3338/1640
f 3352/1659 3334/1658 3341/1639
f 3341/1639 3351/1660 3352/1659
f 3373/1661 3352/1659 3351/1660
f 3336/1633 3346/420 3351/1660
f 3351/1660 3374/1662 3373/1661
f 3368/1663 3436/380 3362/379
f 3362/1664 3352/1659 3368/1665
f 3368/1663 3470/692 3466/691
f 3373/1666 3464/767 3470/692
f 3281/1631 3254/1667 3320/1668
f 3134/1627 3089/460 3174/1630
f 3174/1630 3128/459 3254/1667
f 3061/1669 3001/475 3073/1670
f 3073/1670 3020/449 3089/460
f 3073/1670 3112/1625 3061/1669
f 3059/1671 2990/476 3061/1669
f 3061/1669 3103/1623 3059/1671
f 3052/1672 2984/1673 3059/1671
f 3059/1671 3099/1622 3052/1672
f 3048/1674 2980/462 3052/1675
f 3052/1675 3092/1418 3048/1674
f 3048/1674 3084/1415 3046/1414
f 3046/1414 2975/1676 3048/1674
f 3044/1409 2974/404 3046/1414
f 2810/1677 2831/395 2834/1399
f 2810/1677 2801/1678 2803/1679
f 2803/1679 2813/392 2810/1677
f 2805/1680 2807/1681 2811/478
f 2811/478 2824/1682 2805/1680
f 2805/1680 2827/393 2813/392
f 2828/483 2879/1683 2824/1682
f 2824/1682 2873/390 2827/393
f 2880/1684 2914/406 2879/1685
f 2879/1685 2908/398 2873/397
f 2803/1679 2809/1686 2807/1681
f 2809/1686 2829/1687 2807/1681
f 2829/1687 2811/478 2807/1681
f 2836/1688 2867/484 2829/1687
f 2867/484 2825/479 2829/1687
f 2882/1689 2845/514 2890/508
f 2890/508 2910/468 2882/1689
f 2882/1689 2904/467 2867/484
f 2836/1688 2816/515 2845/514
f 2809/1686 2798/1395 2816/515
f 2786/1392 2816/515 2798/1395
f 2786/1392 2778/1690 2815/513
f 2776/1390 2772/1691 2778/1690
f 2774/1386 2771/1692 2772/1691
f 2772/1691 2768/1693 2773/1694
f 2773/1694 2778/1690 2772/1691
f 2773/1694 2765/1695 2769/1696
f 2769/1696 2780/516 2773/1694
f 2769/1697 2783/1698 2779/1699
f 2779/1699 2822/1700 2832/1701
f 2779/1702 2840/517 2780/516
f 2783/1698 2802/1703 2822/1700
f 2822/1700 2866/1050 2877/1704
f 2822/1700 2891/1705 2832/1701
f 2877/1704 2919/1052 2941/1706
f 2941/1706 2891/1705 2877/1704
f 2794/1707 2766/1708 2788/1055
f 2788/1055 2900/1709 2794/1707
f 2794/1707 2898/1051 2802/1703
f 2900/1709 3029/1710 3035/1711
f 3035/1711 2898/1051 2900/1709
f 3041/1712 3229/1713 3213/1714
f 3213/1714 3047/1715 3041/1712
f 3041/1712 2919/1052 2898/1051
f 3211/1716 3057/1096 3047/1715
f 3047/1715 2941/1706 2919/1052
f 3213/1714 3405/1717 3211/1716
f 3211/1716 3392/1718 3215/1719
f 3405/1717 3511/1720 3392/1718
f 3392/1718 3506/1721 3385/1722
f 3385/1722 3215/1719 3392/1718
f 3385/1722 3502/1723 3388/1724
f 3388/1724 3198/1097 3385/1722
f 3388/1724 3493/1123 3376/1725
f 3376/1725 3197/1100 3388/1724
f 3511/1720 3629/1726 3506/1721
f 3629/1726 3502/1723 3506/1721
f 3629/1726 3700/1727 3704/1728
f 3704/1728 3619/1729 3629/1726
f 3704/1730 3780/1731 3798/1732
f 3798/1733 3701/1115 3704/1734
f 3780/1731 3834/1735 3844/1171
f 3844/1171 3798/1732 3780/1731
f 3700/1727 3773/1736 3780/1737
f 3773/1738 3830/1169 3834/1735
f 3699/1174 3767/1739 3773/1736
f 3697/1179 3750/1740 3767/1739
f 3767/1741 3823/1742 3830/1743
f 3750/1744 3801/1147 3823/1742
f 3823/1742 3871/1167 3884/1745
f 3884/1745 3830/1743 3823/1742
f 3894/1746 3877/1170 3884/1747
f 3876/1748 3896/1192 3895/1749
f 3895/1749 3893/1173 3877/1170
f 3895/1750 3891/1751 3876/1752
f 3833/1753 3876/1752 3891/1751
f 3894/1754 3880/1755 3891/1751
f 3891/1751 3832/1756 3833/1753
f 3880/1755 3827/1757 3832/1756
f 3827/1757 3753/1758 3832/1756
f 3753/1758 3833/1753 3832/1756
f 3758/1759 3826/1760 3833/1761
f 3758/1759 3680/1762 3685/1763
f 3685/1763 3751/1764 3758/1759
f 3682/1765 3636/1190 3666/1766
f 3666/1766 3751/1764 3682/1765
f 3685/1763 3641/1189 3682/1765
f 3685/1763 3635/1767 3639/1768
f 3639/1768 3626/1769 3637/1770
f 3637/1770 3641/1189 3639/1768
f 3635/1767 3609/1771 3626/1769
f 3626/1769 3608/1772 3630/1773
f 3630/1773 3637/1770 3626/1769
f 3630/1774 3652/1121 3684/1775
f 3684/1776 3649/1180 3630/1773
f 3680/1777 3618/1778 3635/1779
f 3666/1780 3692/1070 3728/1781
f 3728/1781 3799/1196 3813/1782
f 3813/1782 3751/1783 3728/1781
f 3636/1190 3632/1784 3666/1766
f 3753/1758 3671/1785 3680/1777
f 3745/1786 3822/1787 3734/1788
f 3734/1788 3671/1789 3745/1786
f 3734/1788 3818/1790 3722/1791
f 3722/1791 3650/1131 3734/1788
f 3827/1792 3882/1793 3822/1787
f 3822/1787 3875/1794 3818/1790
f 3880/1755 3915/1159 3883/1795
f 3883/1796 3922/1154 3882/1156
f 3826/1797 3872/1193 3876/1748
f 3684/1775 3714/1145 3750/1744
f 3411/1798 3520/1177 3405/1717
f 3229/1713 3411/1798 3213/1714
f 3234/1799 3408/1074 3229/1713
f 3035/1711 3234/1799 3229/1713
f 3239/1800 3415/1801 3234/1799
f 3029/1710 3239/1800 3234/1799
f 3025/1802 3236/1803 3239/1800
f 3025/1802 2906/1054 2905/1057
f 2905/1057 3023/1804 3025/1802
f 3225/1805 3434/1806 3236/1803
f 3236/1803 3421/1807 3239/1800
f 3023/1804 3225/1805 3236/1803
f 3021/1808 3214/1809 3225/1810
f 3021/1811 2899/1812 2896/1813
f 2896/1814 3018/1815 3021/1808
f 2893/1816 3012/1817 3018/1815
f 2893/1816 2785/1061 2762/1060
f 2762/1060 2888/1818 2893/1816
f 2759/1819 2876/1820 2888/1818
f 2759/1821 2741/1062 2737/1822
f 2737/1822 2753/1823 2759/1821
f 2726/1824 2732/1825 2736/1826
f 2736/1826 2745/1023 2753/1823
f 2736/1826 2727/1827 2726/1824
f 2720/1828 2726/1824 2727/1827
f 2737/1822 2730/1829 2727/1827
f 2727/1827 2718/1830 2720/1828
f 2718/1830 2713/1831 2720/1828
f 2730/1829 2740/1832 2718/1830
f 2718/1830 2748/1833 2714/1834
f 2748/1833 2721/1835 2714/1834
f 2740/1832 2763/1836 2748/1833
f 2763/1836 2761/1837 2748/1833
f 2763/1836 2788/1055 2766/1708
f 2766/1708 2765/1838 2763/1836
f 2721/1839 2731/1840 2715/1841
f 2715/1842 2714/1834 2721/1835
f 2761/1843 2749/1844 2721/1839
f 2770/1845 2749/1844 2764/1846
f 2764/1846 2765/1695 2768/1693
f 2764/1846 2771/1692 2770/1845
f 2784/1847 2710/1848 2758/1849
f 2758/1850 2731/1840 2749/1844
f 2758/1849 2777/1383 2784/1847
f 2710/1848 2725/1851 2712/1852
f 2712/1852 2731/1853 2710/1848
f 2719/1854 2722/1855 2707/1856
f 2707/1856 2717/1857 2719/1854
f 2719/1858 2715/1841 2731/1840
f 2709/1859 2723/1860 2717/1861
f 2717/1861 2713/1831 2715/1842
f 2704/1862 2724/1863 2723/1860
f 2723/1860 2720/1828 2713/1831
f 2702/1864 2687/1865 2686/1866
f 2702/1864 2689/1867 2705/1868
f 2705/1868 2724/1863 2702/1864
f 2689/1867 2645/1869 2644/1870
f 2689/1867 2664/1871 2694/1872
f 2694/1872 2705/1868 2689/1867
f 2694/1872 2670/1873 2698/1020
f 2698/1020 2732/1825 2694/1872
f 2664/1871 2632/1874 2631/1875
f 2631/1875 2670/1873 2664/1871
f 2630/1876 2573/1877 2570/1878
f 2570/1878 2627/1879 2630/1876
f 2627/1879 2670/1873 2630/1876
f 2627/1879 2685/1880 2688/1021
f 2567/1881 2626/1882 2627/1879
f 2564/1883 2625/1884 2626/1882
f 2564/1885 53/1886 56/1887
f 56/1887 2562/1888 2564/1885
f 58/1889 2561/1890 2562/1888
f 58/1889 112/1891 115/1892
f 115/1892 85/1893 58/1889
f 85/1893 160/1894 167/1895
f 167/1895 171/1896 85/1893
f 171/1896 214/1897 215/1898
f 215/1898 178/1899 171/1896
f 217/1900 179/1901 178/1899
f 217/1902 264/1903 265/1904
f 265/1905 219/1906 217/1907
f 316/1908 328/1909 274/1910
f 274/1911 220/1912 219/1906
f 274/1910 284/1913 316/1908
f 283/1914 316/1908 284/1913
f 265/1904 282/1915 284/1913
f 284/1913 290/1916 283/1914
f 290/1916 299/1917 283/1914
f 290/1916 303/1918 327/1919
f 327/1919 294/1920 290/1916
f 322/1921 298/1922 294/1923
f 322/1924 364/1925 360/1926
f 360/1927 332/1928 322/1921
f 361/1929 319/1930 332/1928
f 361/1929 416/1931 413/1932
f 413/1932 347/1933 361/1929
f 407/1934 333/1935 347/1933
f 407/1934 641/1936 631/1937
f 631/1937 401/1938 407/1934
f 462/1939 397/1940 401/1938
f 683/1941 454/1942 462/1939
f 683/1941 775/1943 771/1944
f 771/1944 686/1945 683/1941
f 771/1946 840/1947 846/1948
f 846/1948 774/1949 771/1946
f 844/1950 822/1951 774/1949
f 846/1948 925/47 844/1950
f 844/1950 920/1952 822/1951
f 920/1953 849/1954 822/1955
f 925/47 948/1956 920/1952
f 920/1953 939/1957 917/1958
f 947/71 917/1958 939/1957
f 948/1959 997/1960 939/1957
f 997/1960 947/71 939/1957
f 1014/1961 1078/1962 997/1960
f 997/1960 1082/1963 1018/69
f 1078/1962 1169/1964 1179/1965
f 1078/1962 1178/1966 1082/1963
f 1174/1967 1082/1963 1178/1966
f 1178/1968 1285/1969 1290/1970
f 1290/1970 1174/1971 1178/1968
f 1308/1972 1167/1973 1174/1971
f 1308/1972 1402/12 1432/11
f 1432/11 1323/1974 1308/1972
f 1167/1975 1077/52 1066/51
f 1167/1975 1067/70 1174/1967
f 1323/1974 1170/1976 1167/1973
f 1423/19 1325/1977 1324/1978
f 1324/1978 1172/1979 1170/1976
f 1323/1974 1423/19 1324/1978
f 1325/1977 1177/1980 1172/1979
f 1172/1981 1091/1982 1090/1983
f 1090/1983 1170/1984 1172/1981
f 1091/1982 1182/1985 1076/1986
f 1076/1986 1038/58 1091/1982
f 1091/1982 1042/53 1090/1983
f 1349/22 1185/1987 1182/1988
f 1185/1989 1076/1986 1182/1985
f 1182/1988 1330/1990 1349/22
f 1362/21 1187/1991 1185/1987
f 1187/1992 1065/59 1185/1989
f 1057/1993 1190/1994 1056/62
f 1057/1993 1013/1995 1008/1996
f 1057/1993 1016/60 1065/59
f 1008/1996 994/64 998/1997
f 998/1997 1016/60 1008/1996
f 998/1997 977/68 996/1998
f 996/1998 1003/57 998/1997
f 1383/1999 1191/2000 1190/2001
f 1191/2002 1056/62 1190/1994
f 1190/2001 1373/2003 1383/1999
f 1400/4 1192/2004 1191/2000
f 1191/2002 1062/2005 1054/63
f 1062/2005 1303/2006 1070/2007
f 1070/2007 976/2008 1062/2005
f 976/2008 1054/63 1062/2005
f 976/2008 854/2009 974/66
f 854/2009 830/2010 912/2011
f 912/2011 974/66 854/2009
f 912/2011 843/2012 919/2013
f 919/2013 956/65 912/2011
f 919/2013 847/2014 922/2015
f 922/2015 950/2016 919/2013
f 843/2012 772/2017 847/2014
f 847/2014 776/2018 849/1954
f 849/1954 922/2015 847/2014
f 772/2017 692/2019 776/2018
f 692/2019 822/1955 776/2018
f 776/2018 822/1955 849/1954
f 690/2020 457/2021 458/2022
f 458/2023 686/1945 690/2024
f 690/2025 774/1949 822/1951
f 456/2026 396/2027 395/2028
f 395/2028 454/1942 456/2026
f 456/2026 683/1941 686/1945
f 393/2029 335/2030 330/2031
f 330/2031 397/1940 393/2029
f 393/2029 462/1939 454/1942
f 300/2032 333/1935 331/2033
f 331/2033 401/1938 397/1940
f 304/2034 288/2035 289/2036
f 289/2036 319/1930 304/2034
f 304/2034 347/1933 333/1935
f 295/2037 296/2038 297/2039
f 297/2039 298/1922 295/2037
f 295/2037 332/1928 319/1930
f 302/2040 336/2041 337/2042
f 302/2040 339/2043 299/2044
f 302/2040 294/1923 298/1922
f 337/2042 379/2045 339/2043
f 379/2046 293/2047 339/2048
f 339/2048 283/1914 299/1917
f 367/2049 432/2050 421/2051
f 367/2049 409/1040 350/1039
f 350/2052 293/2047 367/2053
f 421/2051 480/2054 577/2055
f 421/2051 519/2056 409/1040
f 519/2056 575/2057 568/2058
f 568/2058 476/2059 519/2056
f 476/2059 409/1040 519/2056
f 496/2060 455/2061 476/2059
f 476/2059 410/2062 387/1037
f 453/2063 354/2064 455/2061
f 354/2064 410/2062 455/2061
f 346/2065 195/2066 354/2067
f 195/2066 251/2068 354/2067
f 195/2066 129/2069 193/2070
f 129/2069 190/2071 193/2070
f 193/2070 223/2072 251/2068
f 127/2073 187/2074 190/2071
f 187/2074 223/2072 190/2071
f 126/2075 184/2076 187/2074
f 187/2077 222/1035 227/1038
f 124/2078 181/2079 184/2076
f 184/2080 220/1912 222/1035
f 123/2081 179/1901 181/2079
f 181/2082 219/1906 220/1912
f 122/2083 62/2084 61/2085
f 61/2085 93/2086 122/2083
f 122/2083 178/1899 179/1901
f 93/2086 5/2087 4/2088
f 4/2088 171/1896 93/2086
f 2/2089 2619/2090 2641/2091
f 2641/2091 2561/2092 2/2089
f 2/2093 85/1893 171/1896
f 2624/2094 2641/2091 2683/2095
f 2683/2095 2625/2096 2624/2094
f 2624/2094 2562/2097 2561/2092
f 2684/2098 2855/2099 2853/2100
f 2684/2101 2846/2102 2685/1880
f 2684/2101 2626/1882 2625/1884
f 2853/2100 3011/2103 2846/2104
f 2846/2104 3008/2105 2851/2106
f 2846/2102 2688/1021 2685/1880
f 3011/2103 3226/2107 3008/2105
f 3008/2105 3221/2108 3004/2109
f 3004/2109 2851/2106 3008/2105
f 3221/2108 3007/2110 3004/2109
f 3004/2109 2876/1820 2863/2111
f 3261/2112 3012/1817 3007/2110
f 3007/2110 2888/1818 2876/1820
f 3216/2113 3447/2114 3214/1809
f 3216/2113 3018/1815 3012/1817
f 3261/2112 3740/2115 3447/2114
f 3447/2114 3729/2116 3440/2117
f 3440/2117 3214/1809 3447/2114
f 3740/2115 3957/2118 3729/2116
f 3729/2119 3949/2120 3696/1078
f 3696/1078 3440/2121 3729/2119
f 3957/2122 4144/2123 3949/2120
f 3949/2120 4135/2124 3930/2125
f 3930/2125 3696/1078 3949/2120
f 3930/2125 4098/2126 3928/1194
f 3930/2125 3759/2127 3660/1075
f 4168/2128 4279/2129 4153/2130
f 4153/2130 4266/1183 4144/1185
f 4153/2131 3960/2132 4168/2133
f 4284/2134 4386/2135 4279/2129
f 4279/2129 4387/2136 4266/1183
f 4386/2135 4419/2137 4417/2138
f 4417/2138 4387/2136 4386/2135
f 4417/2138 4425/2139 4421/2140
f 4421/2140 4397/1186 4417/2138
f 4414/2141 4422/2142 4407/2143
f 4407/2143 4377/2144 4414/2141
f 4414/2141 4379/1187 4397/1186
f 4372/2145 4349/2146 4377/2144
f 4377/2144 4350/2147 4379/1187
f 4335/1181 4379/1187 4350/2147
f 4349/2146 4334/2148 4350/2147
f 4350/2147 4298/2149 4335/1181
f 4332/2150 4326/2151 4334/2148
f 4326/2151 4298/2149 4334/2148
f 4301/2152 4253/1182 4298/2149
f 4326/2151 4304/1234 4301/2152
f 4304/1234 4237/2153 4301/2152
f 4224/1233 4098/2154 4237/2153
f 4237/2153 4135/2155 4253/1182
f 4324/2156 4313/1235 4326/2151
f 4308/2157 4318/1288 4303/1284
f 4303/1284 4272/1238 4308/2157
f 4308/2157 4286/1236 4313/1235
f 4324/2156 4327/2158 4318/1288
f 4332/2150 4337/2159 4327/2158
f 4328/2160 4327/2158 4337/2159
f 4337/2159 4361/2161 4328/2160
f 4330/1297 4328/1292 4361/2162
f 4372/2145 4392/2163 4361/2161
f 4361/2162 4378/2164 4330/1297
f 4378/2164 4331/1298 4330/1297
f 4392/2165 4411/2166 4378/2164
f 4411/2166 4373/2167 4378/2164
f 4416/2168 4413/2169 4411/2170
f 4413/2171 4405/2172 4411/2166
f 4409/2173 4406/1306 4405/1305
f 4409/2173 4410/2174 4404/2175
f 4404/2175 4408/1308 4409/2173
f 4415/2176 4398/1309 4408/1308
f 4415/2176 4445/2177 4442/2178
f 4442/2178 4396/1312 4415/2176
f 4426/2179 4370/1313 4396/1312
f 4426/2179 4457/2180 4450/787
f 4426/2179 4388/790 4371/2181
f 4442/2178 4461/2182 4457/2180
f 4457/2180 4489/2183 4486/2184
f 4457/2180 4466/788 4450/787
f 4486/2184 4520/2185 4521/2186
f 4521/2186 4466/788 4486/2184
f 4524/2187 4455/786 4466/788
f 4524/2187 4574/2188 4592/2189
f 4592/2189 4525/2190 4524/2187
f 4604/2191 4543/2192 4525/2190
f 4604/2191 4664/2193 4679/2194
f 4679/2194 4609/2195 4604/2191
f 4692/2196 4617/2197 4609/2195
f 4692/2196 4748/2198 4759/802
f 4759/802 4700/2199 4692/2196
f 4700/2199 4629/2200 4617/2197
f 4617/2197 4548/2201 4546/2202
f 4546/2202 4609/2195 4617/2197
f 4546/2202 4487/2203 4484/2204
f 4484/2204 4543/2192 4546/2202
f 4484/2204 4383/2205 4374/2206
f 4374/2206 4467/2207 4484/2204
f 4374/2206 4188/2208 4186/2209
f 4186/2209 4368/791 4374/2206
f 4182/2210 3977/2211 3974/2212
f 3974/2212 4176/2213 4182/2210
f 4182/2210 4352/789 4368/791
f 3970/2214 4172/2215 4176/2213
f 4176/2213 4294/2216 4352/789
f 3968/2217 4166/2218 4172/2215
f 4172/2215 4277/2219 4294/2216
f 4371/2181 4294/2216 4277/2219
f 4166/2218 4264/1314 4277/2219
f 4277/2219 4370/1313 4371/2181
f 4148/2220 3965/2221 3962/2222
f 3962/2222 4142/1317 4148/2220
f 4148/2220 4257/1315 4264/1314
f 3958/2223 3735/2224 3733/2225
f 3733/2225 3952/2226 3958/2223
f 3958/2223 4136/1318 4142/1317
f 3726/2227 3951/2228 3952/2226
f 3952/2226 4110/1320 4136/1318
f 3715/2229 3946/2230 3951/2228
f 3951/2228 4101/1322 4110/1320
f 3707/2231 3941/2232 3946/2230
f 3946/2230 4087/1324 4101/1322
f 3705/2233 3933/2234 3941/2232
f 3941/2232 4070/1335 4087/1324
f 3698/2235 3924/1339 3933/2234
f 3933/2234 4058/1336 4070/1335
f 3698/2236 3416/2237 3413/2238
f 3413/2239 3694/2240 3698/2235
f 3416/2241 3163/2242 3413/2243
f 3413/2243 3167/1366 3409/1362
f 3163/2242 3022/1371 3167/1366
f 3158/2244 3013/2245 3163/2242
f 3002/2246 2911/1377 3013/1376
f 3002/2246 3151/2247 2994/2248
f 2994/2248 2902/1381 3002/2246
f 2994/2248 3152/2249 2987/2250
f 2987/2250 2892/363 2994/2248
f 2987/2250 3153/2251 2979/2252
f 2979/2252 2883/361 2987/2250
f 2872/2253 2752/2254 2875/2255
f 2875/2255 2747/362 2883/361
f 2875/2255 2976/2256 2872/2253
f 2972/2257 2872/2253 2976/2256
f 2979/2252 3157/2258 2976/2256
f 2976/2256 3156/2259 2972/2257
f 3165/2260 2972/2257 3156/2259
f 3157/2258 3425/2261 3156/2259
f 3425/2261 3165/2260 3156/2259
f 3430/2262 3169/2263 3165/2260
f 3430/2264 3735/2224 3737/2265
f 3737/2265 3432/2266 3430/2264
f 3741/2267 3438/2268 3432/2266
f 3741/2267 3965/2221 3968/2217
f 3968/2217 3748/2269 3741/2267
f 3438/2270 3175/2271 3170/2272
f 3170/2272 3432/2273 3438/2270
f 3748/2269 3446/2274 3438/2268
f 3752/2275 3449/2276 3446/2274
f 3752/2275 3970/2214 3974/2212
f 3974/2212 3757/2277 3752/2275
f 3449/2278 3191/2279 3181/2280
f 3181/2281 3446/2274 3449/2276
f 3757/2277 3451/2282 3449/2276
f 3762/2283 3454/2284 3451/2282
f 3762/2283 3977/2211 3986/2285
f 3986/2285 3765/2286 3762/2283
f 4194/2287 3992/2288 3988/2289
f 3988/2289 3768/2290 3765/2286
f 3988/2289 4188/2208 4194/2287
f 3768/2290 3468/2291 3462/2292
f 3462/2292 3765/2286 3768/2290
f 3992/2288 3770/2293 3768/2290
f 4198/2294 3777/2295 3770/2293
f 4433/2296 4217/2297 4214/2298
f 4214/2298 3996/2299 3995/2300
f 4214/2298 4401/2301 4433/2296
f 4495/2302 4433/2296 4401/2301
f 4198/2294 4393/2303 4401/2301
f 4401/2301 4492/2304 4495/2302
f 4555/2305 4495/2302 4492/2304
f 4393/2303 4490/2306 4492/2304
f 4492/2304 4552/2307 4555/2305
f 4631/2308 4555/2305 4552/2307
f 4490/2306 4548/2201 4552/2307
f 4552/2307 4629/2200 4631/2308
f 4720/2309 4636/2310 4633/2311
f 4633/2311 4557/2312 4555/2305
f 4633/2311 4714/2313 4720/2309
f 4911/2314 4720/2309 4714/2313
f 4631/2308 4709/2315 4714/2313
f 4714/2313 4907/2316 4911/2314
f 4954/2317 4911/2314 4907/2316
f 4709/2315 4868/804 4907/2316
f 4907/2316 4933/801 4954/2317
f 4981/2318 4953/2319 4958/2320
f 4958/2320 4914/2321 4911/2314
f 4958/2320 4956/2322 4981/2318
f 4956/2322 4933/801 4934/800
f 4934/800 4961/2323 4956/2322
f 4956/2322 4979/2324 4981/2318
f 4961/2323 4976/2325 4979/2324
f 4979/2324 5000/2326 4996/2327
f 4979/2324 4995/2328 4981/2318
f 5000/2326 4987/2329 4996/2327
f 4996/2327 4991/2330 4995/2328
f 4987/2329 4975/2331 4991/2330
f 4991/2330 4959/2332 4957/2333
f 4957/2333 4995/2328 4991/2330
f 4957/2333 4921/2334 4919/2335
f 4919/2335 4953/2319 4957/2333
f 4919/2335 4723/2336 4724/2337
f 4724/2337 4914/2321 4919/2335
f 4921/2334 4717/2338 4723/2336
f 4723/2336 4641/2339 4640/2340
f 4640/2340 4724/2337 4723/2336
f 4640/2340 4561/2341 4559/2342
f 4559/2342 4636/2310 4640/2340
f 4559/2342 4510/2343 4508/2344
f 4508/2344 4557/2312 4559/2342
f 4561/2341 4512/2345 4510/2343
f 4510/2343 4441/2346 4439/2347
f 4439/2347 4508/2344 4510/2343
f 4512/2345 4443/2348 4441/2346
f 4441/2346 4221/2349 4219/2350
f 4219/2350 4439/2347 4441/2346
f 4219/2350 4010/2351 4000/2352
f 4000/2352 4217/2297 4219/2350
f 4000/2352 3792/2353 3788/2354
f 3788/2354 3996/2299 4000/2352
f 3782/2355 3481/2356 3476/2357
f 3476/2357 3777/2295 3782/2355
f 3782/2355 3995/2300 3996/2299
f 3471/2358 3208/2359 3212/2360
f 3212/2360 3468/2291 3471/2358
f 3471/2358 3770/2293 3777/2295
f 3204/2361 2993/2362 2992/2363
f 2992/2363 3200/2364 3204/2361
f 3204/2365 3462/2292 3468/2291
f 2989/2366 3194/2367 3200/2364
f 3200/2368 3454/2284 3462/2292
f 2986/2369 3191/2279 3194/2367
f 3194/2370 3451/2282 3454/2284
f 2986/2369 2793/2371 2981/2372
f 2981/2372 2791/2373 2978/2374
f 2981/2372 3181/2280 3191/2279
f 2978/2374 2790/2375 2973/2376
f 2978/2374 3175/2271 3181/2280
f 2973/2376 2806/355 2971/2377
f 2973/2376 3170/2272 3175/2271
f 2971/2377 2830/354 2970/2378
f 2971/2377 3169/2263 3170/2272
f 2970/2378 2864/2379 2968/2380
f 2970/2378 3165/2260 3169/2263
f 2791/2373 2656/2381 2790/2375
f 2790/2375 2662/356 2806/355
f 2649/2382 2577/2383 2656/2384
f 2656/2384 2580/2385 2662/2386
f 2580/2387 52/2388 54/2389
f 2580/2385 57/2390 2589/2391
f 2589/2391 2662/2386 2580/2385
f 57/2390 2574/2392 2589/2391
f 2589/2391 2642/2393 2677/2394
f 59/2395 2565/2396 2574/2392
f 2574/2392 2629/2397 2642/2393
f 2565/2396 2607/2398 2629/2397
f 2629/2399 2637/2400 2660/2401
f 2660/2401 2642/2402 2629/2399
f 2660/2401 2672/2403 2692/2404
f 2692/2404 2691/352 2660/2401
f 2703/2405 2744/353 2691/352
f 2703/2405 2711/2406 2733/2407
f 2733/2407 2754/2408 2703/2405
f 2711/2406 2729/2409 2733/2407
f 2729/2409 2755/2410 2733/2407
f 2716/2411 2728/358 2729/2409
f 2729/2409 2747/362 2752/2254
f 2711/2406 2722/1855 2716/2411
f 2716/2411 2712/1852 2725/1851
f 2700/2412 2692/2404 2672/2403
f 2672/2403 2693/2413 2700/2412
f 2700/2412 2707/1856 2722/1855
f 2663/2414 2690/2415 2693/2413
f 2693/2413 2709/2416 2707/1856
f 2659/2417 2687/1865 2690/2418
f 2690/2418 2704/1862 2709/1859
f 2611/2419 2645/1869 2659/2417
f 2659/2417 2686/1866 2687/1865
f 2644/1870 2596/2420 2585/2421
f 2585/2421 2632/1874 2644/1870
f 2575/2422 36/2423 44/2424
f 44/2424 2573/2425 2575/2422
f 2575/2426 2631/1875 2632/1874
f 67/2427 2570/2428 2573/2425
f 106/2429 53/1886 50/2430
f 50/2430 2567/2431 2570/2428
f 109/2432 150/2433 153/2434
f 153/2434 112/1891 109/2432
f 109/2432 56/1887 53/1886
f 157/2435 207/2436 209/1028
f 209/1028 160/1894 157/2435
f 157/2435 115/1892 112/1891
f 150/2433 207/2436 153/2434
f 204/2437 355/2438 205/2439
f 205/2439 348/1029 207/2436
f 205/2439 145/2440 204/2437
f 142/2441 204/2437 145/2440
f 145/2440 106/2429 67/2427
f 145/2440 99/2442 142/2441
f 192/2443 349/2444 200/2445
f 200/2445 357/2446 204/2437
f 200/2445 138/2447 192/2443
f 139/2448 192/2443 138/2447
f 142/2441 97/2449 138/2447
f 138/2447 94/2450 139/2448
f 95/2451 139/2448 94/2450
f 36/2423 95/2451 94/2450
f 23/2452 92/2453 95/2451
f 23/2452 2596/2454 2611/2455
f 2607/2398 6/2456 23/2452
f 2607/2457 2611/2458 2637/2459
f 2637/2400 2659/2460 2663/2414
f 92/2453 136/2461 144/2462
f 144/2462 95/2451 92/2453
f 23/2452 82/2463 92/2453
f 136/2461 186/2464 144/2462
f 186/2464 143/2465 144/2462
f 186/2464 228/2466 185/2467
f 185/2467 240/2468 183/2469
f 183/2469 143/2465 185/2467
f 240/2468 676/2470 687/2471
f 240/2468 688/2472 261/2473
f 261/2473 183/2469 240/2468
f 687/2471 825/2474 688/2472
f 688/2472 818/2475 684/2476
f 684/2476 261/2473 688/2472
f 684/2476 815/2477 673/2478
f 673/2478 349/2444 684/2476
f 673/2478 807/2479 660/2480
f 660/2480 357/2446 673/2478
f 660/2481 787/2482 648/2483
f 648/2484 355/2438 660/2480
f 769/2485 648/2483 787/2482
f 807/2486 856/2487 787/2482
f 787/2482 855/2488 769/2485
f 898/2489 769/2485 855/2488
f 856/2487 1028/2490 855/2488
f 1028/2490 1045/2491 898/2489
f 898/2489 1034/2492 926/2493
s 0
f 1034/2492 905/2494 926/2493
s 1
f 1045/2491 1186/2495 1034/2492
f 1186/2495 1030/2496 1034/2492
f 1186/2495 1370/2497 1123/2498
f 1197/2499 1482/2500 1186/2495
f 1482/2501 1684/2502 1696/2503
f 1482/2501 1700/2504 1370/2505
f 1703/2506 1370/2505 1700/2504
f 1696/2503 1810/2507 1700/2504
f 1700/2508 1810/2509 1703/2510
f 1959/2511 1904/2512 1985/2513
f 1985/2513 2057/2514 1959/2511
f 2018/2515 1959/2511 2057/2514
f 2275/2516 2377/2517 2057/2514
f 2057/2514 2366/2518 2018/2515
f 2329/2519 2018/2515 2366/2518
f 2377/2517 2441/2520 2366/2518
f 2366/2518 2425/2521 2329/2519
f 2414/2522 2329/2519 2425/2521
f 2441/2520 2476/2523 2425/2521
f 2425/2524 2487/2525 2414/2526
f 2482/2527 2414/2526 2487/2525
f 2476/2528 2532/2529 2487/2525
f 2532/2529 2482/2527 2487/2525
f 2534/2530 2511/2531 2482/2527
f 2534/2530 2532/2529 2544/2532
f 2544/2532 2541/2533 2534/2530
f 2545/2534 2547/2535 2541/2533
f 2545/2534 2557/2536 2546/2537
f 2546/2537 2537/2538 2545/2534
f 2449/2539 2555/2540 2537/2538
f 2449/2539 2413/2541 2400/2542
f 2400/2542 2558/2543 2449/2539
f 2411/2544 2447/2545 2558/2543
f 2411/2544 2291/2546 2303/2547
f 2303/2547 2393/2548 2411/2544
f 2328/2549 2382/2550 2393/2548
f 2328/2549 2235/2551 2248/2552
f 2248/2552 2313/2553 2328/2549
f 2051/2554 2050/112 2313/2553
f 2248/2552 2043/2555 2051/2554
f 2051/2554 1957/2556 1953/110
f 2208/2557 2045/2558 2043/2555
f 2043/2555 1965/2559 1957/2556
f 1868/2560 1957/2556 1965/2559
f 1965/2559 2044/2561 1968/2562
f 1965/2559 1872/2563 1868/2560
f 1872/2563 1972/2564 1873/2565
f 1873/2565 1769/2566 1872/2563
f 1872/2563 1770/2567 1868/2560
f 1770/2567 1683/2568 1678/2569
f 1770/2567 1673/2570 1771/2571
f 1771/2571 1868/2560 1770/2567
f 1771/2571 1671/2572 1768/2573
f 1768/2573 1863/113 1771/2571
f 1768/2573 1665/2574 1773/2575
f 1773/2575 1858/108 1768/2573
f 1773/2575 1664/2576 1772/2577
f 1772/2577 1860/2578 1773/2575
f 1862/2579 1952/109 1860/2578
f 1862/2579 1766/2580 1877/2581
f 1877/2581 1956/2582 1862/2579
f 1966/2583 2119/2584 1956/2582
f 1966/2583 1884/2585 1977/2586
f 1977/2586 2272/2587 1966/2583
f 2281/2588 2379/2589 2272/2587
f 2281/2588 1979/2590 2288/2591
f 2288/2591 2381/2592 2281/2588
f 2383/2593 2433/2594 2381/2592
f 2383/2593 2327/103 2376/107
f 2376/107 2427/2595 2383/2593
f 2402/2596 2342/106 2321/2597
f 2321/2597 2417/2598 2402/2596
f 2402/2596 2453/2599 2427/2595
f 2417/2598 2470/2600 2453/2599
f 2453/2599 2550/2601 2496/2602
f 2496/2602 2427/2595 2453/2599
f 2496/2602 2552/2603 2529/2604
f 2529/2604 2433/2594 2496/2602
f 2434/2605 2527/2606 2435/117
f 2435/117 2379/2589 2434/2605
f 2434/2605 2381/2592 2433/2594
f 2529/2604 2517/2607 2527/2606
f 2552/2603 2530/2608 2517/2607
f 2517/2607 2447/2545 2438/2609
f 2438/2609 2527/2606 2517/2607
f 2438/2609 2393/2548 2382/2550
f 2382/2550 2448/118 2438/2609
f 2553/2610 2555/2540 2530/2608
f 2530/2608 2558/2543 2447/2545
f 2554/2611 2551/2612 2549/2613
f 2549/2613 2547/2535 2554/2611
f 2554/2611 2537/2538 2555/2540
f 2535/2614 2548/2615 2474/2616
f 2474/2616 2511/2531 2535/2614
f 2535/2614 2541/2533 2547/2535
f 2444/2617 2368/2618 2359/2619
f 2359/2619 2421/2620 2444/2617
f 2444/2617 2482/2527 2511/2531
f 2319/2621 2010/2622 1986/2623
f 2319/2621 1974/2624 2289/2625
f 2289/2625 2421/2620 2319/2621
f 1986/2623 1888/2626 1974/2624
f 1974/2627 1891/2628 1987/2629
f 1987/2630 2289/2625 1974/2624
f 1888/2631 1825/2632 1891/2628
f 1891/2628 1841/2633 1927/2634
f 1927/2634 1987/2629 1891/2628
f 1841/2633 1755/2635 1793/2636
f 1841/2633 1798/2637 1885/2638
f 1885/2638 1927/2634 1841/2633
f 1793/2636 1709/2639 1798/2637
f 1798/2637 1719/2640 1804/2641
f 1804/2641 1885/2638 1798/2637
f 1709/2639 1569/2642 1719/2640
f 1719/2640 1573/2643 1717/2644
f 1717/2644 1804/2641 1719/2640
f 1718/2645 1561/94 1709/2639
f 1584/2646 1384/2647 1577/2648
f 1577/2648 1375/95 1561/94
f 1718/2645 1584/2646 1577/2648
f 1716/2649 1581/2650 1584/2646
f 1716/2649 1793/2636 1755/2635
f 1755/2635 1707/2651 1716/2649
f 1753/2652 1707/2653 1750/2654
f 1750/2655 1825/2632 1824/2656
f 1750/2654 1828/2657 1753/2652
f 1828/2657 1746/2658 1753/2652
f 1824/2659 1894/2660 1828/2657
f 1894/2660 1829/2661 1828/2657
f 1909/2662 1831/2663 1829/2661
f 1909/2662 1986/2623 2010/2622
f 2010/2622 1934/2664 1909/2662
f 2030/2665 1949/2666 1934/2664
f 2030/2665 2359/2619 2368/2618
f 2368/2618 2037/2667 2030/2665
f 2374/2668 2241/2669 2037/2667
f 2374/2668 2474/2616 2548/2615
f 2548/2615 2387/2670 2374/2668
f 2480/2671 2403/2672 2387/2670
f 2480/2671 2549/2613 2551/2612
f 2551/2612 2470/2600 2480/2671
f 2241/2669 1973/2673 1955/2674
f 1955/2674 2037/2667 2241/2669
f 2387/2670 2283/2675 2241/2669
f 1955/2674 1859/2676 1846/2677
f 1846/2677 1949/2666 1955/2674
f 1834/2678 1748/2679 1743/2680
f 1743/2680 1831/2663 1834/2678
f 1834/2678 1934/2664 1949/2666
f 1743/2680 1669/10 1742/2681
f 1742/2681 1677/2682 1746/2658
f 1742/2681 1829/2661 1831/2663
f 1743/2680 1634/6 1642/2
f 1748/2679 1637/2683 1634/6
f 1846/2677 1749/2684 1748/2679
f 1749/2684 1523/2685 1637/2683
f 1637/2683 1523/2685 1303/2686
f 1637/2683 1422/5 1634/6
f 1303/2686 1192/2004 1422/5
f 1523/2685 1198/2687 1196/2688
f 1198/2689 1072/2690 1196/2691
f 1196/2688 1070/2692 1303/2686
f 1074/2693 975/2694 1072/2690
f 1072/2690 935/2695 1070/2007
f 972/2696 870/2697 975/2694
f 975/2694 879/2698 935/2695
f 868/2699 802/2700 870/2697
f 870/2697 808/2701 879/2698
f 802/2700 711/2702 808/2701
f 808/2701 718/2703 812/2704
f 812/2704 879/2698 808/2701
f 711/2702 643/2705 718/2703
f 718/2703 649/2706 739/2707
f 739/2707 812/2704 718/2703
f 739/2707 655/2708 761/2709
f 761/2709 854/2009 739/2707
f 761/2709 669/2710 768/2711
f 768/2711 830/2010 761/2709
f 655/2708 449/2712 669/2710
f 669/2710 452/2713 680/2714
f 680/2714 768/2711 669/2710
f 449/2712 390/2715 452/2713
f 452/2713 394/2716 457/2021
f 457/2021 680/2714 452/2713
f 390/2715 318/2717 394/2716
f 394/2716 326/2718 396/2719
f 396/2719 457/2021 394/2716
f 318/2717 292/2720 326/2718
f 326/2721 301/2722 335/2030
f 335/2030 396/2027 326/2721
f 301/2722 277/2723 291/2724
f 291/2724 300/2032 301/2722
f 301/2722 330/2031 335/2030
f 286/2725 309/2726 306/2727
f 306/2727 288/2035 286/2725
f 307/2728 342/2729 343/2730
f 343/2730 296/2038 307/2728
f 307/2728 289/2036 288/2035
f 338/2731 386/2732 383/2733
f 383/2733 336/2041 338/2731
f 338/2731 297/2039 296/2038
f 384/2734 446/2735 429/2736
f 429/2736 375/2737 384/2734
f 384/2734 337/2042 336/2041
f 433/2738 471/2739 481/2740
f 481/2740 432/2741 433/2738
f 433/2738 379/2045 375/2737
f 481/2740 530/2742 563/2743
f 563/2743 480/2744 481/2740
f 552/2745 587/2746 579/2747
f 579/2747 575/2057 552/2745
f 552/2745 577/2055 480/2054
s 0
f 579/2747 582/2748 574/2749
s 1
f 574/2749 567/2750 579/2747
f 579/2747 568/2058 575/2057
f 565/2751 492/2752 567/2750
f 567/2750 496/2060 568/2058
f 491/2753 450/2754 492/2752
f 492/2752 453/2063 496/2060
f 445/2755 250/2756 450/2754
f 450/2754 346/2757 453/2063
f 244/2758 203/2759 250/2760
f 250/2760 197/2761 346/2065
f 202/2762 133/2763 203/2759
f 203/2759 131/2764 197/2761
f 133/2763 73/2765 131/2764
f 131/2764 70/2766 130/2767
f 130/2767 197/2761 131/2764
f 73/2765 14/2768 70/2766
f 70/2766 13/2769 69/2770
f 70/2766 129/2069 130/2767
f 13/2769 68/2771 69/2770
f 69/2770 127/2073 129/2069
f 11/2772 66/2773 68/2771
f 68/2771 126/2075 127/2073
f 10/2774 64/2775 66/2773
f 66/2773 124/2078 126/2075
f 9/2776 62/2084 64/2775
f 64/2775 123/2081 124/2078
f 7/2777 2610/2778 2612/2779
f 2612/2780 5/2087 7/2781
f 7/2781 61/2085 62/2084
f 2613/2782 2676/2783 2679/2784
f 2679/2784 2619/2090 2613/2782
f 2613/2785 4/2088 5/2087
f 2679/2784 2859/2786 2682/2787
f 2859/2786 2641/2091 2682/2787
f 2682/2787 2641/2091 2619/2090
f 2929/2788 3019/2789 2855/2099
f 2929/2788 2683/2095 2641/2091
f 2929/2788 3240/2790 3019/2789
f 3019/2789 3233/2791 3015/2792
f 3015/2792 2855/2099 3019/2789
f 3240/2790 3478/2793 3233/2791
f 3233/2791 3472/2794 3230/2795
f 3230/2795 3015/2792 3233/2791
f 3478/2793 3766/2796 3472/2794
f 3472/2794 3764/2797 3467/2798
f 3467/2798 3230/2795 3472/2794
f 3467/2798 3763/2799 3463/2800
f 3463/2800 3226/2107 3467/2798
f 3463/2800 3755/2801 3458/2802
f 3458/2802 3221/2108 3463/2800
f 3763/2799 3975/2803 3755/2801
f 3755/2801 3967/2804 3747/2805
f 3747/2805 3458/2802 3755/2801
f 3975/2803 4171/2806 3967/2804
f 3967/2804 4168/2133 3960/2132
f 3960/2132 3747/2805 3967/2804
f 4177/2807 4291/2808 4171/2809
f 4171/2809 4284/2134 4168/2128
f 4329/2810 4384/2811 4291/2808
f 4291/2808 4381/2812 4284/2134
f 4385/2813 4412/2814 4384/2811
f 4384/2811 4419/2137 4381/2812
f 4412/2814 4444/2815 4428/2816
f 4428/2816 4419/2137 4412/2814
f 4428/2816 4447/2817 4424/2818
f 4424/2818 4425/2139 4428/2816
f 4420/2819 4422/2142 4423/2820
f 4423/2820 4421/2140 4425/2139
f 4423/2820 4427/2821 4420/2819
f 4410/2822 4420/2819 4427/2821
f 4424/2818 4448/2823 4427/2821
f 4427/2821 4446/2824 4410/2822
f 4446/2824 4404/2825 4410/2822
f 4448/2823 4460/2826 4446/2824
f 4446/2827 4461/2182 4445/2177
f 4463/2828 4488/2829 4460/2826
f 4460/2830 4489/2183 4461/2182
f 4540/2831 4489/2832 4488/2829
f 4574/2188 4521/2186 4520/2185
f 4644/2833 4592/2189 4574/2188
f 4644/2833 4698/2834 4703/2835
f 4703/2835 4664/2193 4644/2833
f 4721/2836 4679/2194 4664/2193
f 4721/2836 4768/2837 4870/2838
f 4870/2838 4748/2198 4721/2836
f 4870/2838 4923/2839 4931/2840
f 4931/2840 4905/803 4870/2838
f 4768/2837 4913/2841 4923/2839
f 4923/2839 4944/2842 4949/2843
f 4949/2843 4931/2840 4923/2839
f 4913/2841 4938/2844 4944/2842
f 4944/2842 4966/2845 4974/2846
f 4974/2846 4949/2843 4944/2842
f 4974/2846 4992/2847 4994/2848
f 4994/2848 4976/2325 4974/2846
f 4992/2847 4993/2849 4994/2848
f 4993/2849 5000/2326 4994/2848
f 4989/2850 4973/2851 4993/2852
f 4993/2849 4986/2853 5001/2854
f 4971/2855 5001/2854 4986/2853
f 4973/2851 4967/2856 4986/2857
f 4986/2853 4955/2858 4971/2855
f 4947/2859 4971/2855 4955/2858
f 4967/2856 4930/2860 4955/2861
f 4955/2858 4929/2862 4947/2859
f 4930/2860 4889/2863 4929/2864
f 4929/2862 4862/2865 4925/2866
f 4925/2866 4947/2859 4929/2862
f 4952/2867 4891/2868 4917/2869
f 4917/2869 4959/2332 4952/2867
f 4952/2867 4975/2331 4947/2859
f 4925/2866 4752/2870 4891/2868
f 4752/2870 4710/2871 4891/2868
f 4891/2868 4717/2338 4917/2869
f 4697/2872 4639/2873 4710/2871
f 4710/2871 4641/2339 4717/2338
f 4632/2874 4564/2875 4639/2873
f 4564/2875 4641/2339 4639/2873
f 4562/2876 4626/2877 4563/2878
f 4562/2876 4516/2879 4513/2880
f 4513/2880 4564/2875 4562/2876
f 4563/2878 4517/2881 4516/2879
f 4516/2879 4451/2882 4449/2883
f 4449/2883 4513/2880 4516/2879
f 4449/2883 4232/2884 4226/2885
f 4226/2885 4443/2348 4449/2883
f 4226/2885 4023/2886 4015/2887
f 4015/2887 4221/2349 4226/2885
f 4015/2887 3797/2888 3794/2889
f 3794/2889 4010/2351 4015/2887
f 3794/2889 3495/2890 3490/2891
f 3490/2891 3792/2353 3794/2889
f 3486/2892 3227/2893 3217/2894
f 3217/2894 3481/2356 3486/2892
f 3486/2892 3788/2354 3792/2353
f 3210/2895 2997/2896 2996/2897
f 2996/2897 3208/2898 3210/2895
f 3210/2899 3476/2357 3481/2356
f 2991/2900 2817/2901 2814/2902
f 2991/2900 2804/2903 2993/2362
f 2991/2900 3212/2904 3208/2898
f 2804/2903 2652/2905 2653/2906
f 2804/2903 2651/2907 2799/2908
f 2799/2908 2993/2362 2804/2903
f 2799/2908 2648/2909 2797/2910
f 2797/2910 2992/2363 2799/2908
f 2797/2910 2646/2911 2796/2912
f 2796/2912 2989/2366 2797/2910
f 2648/2913 2582/2914 2646/2915
f 2646/2915 2581/2916 2647/2917
f 2647/2918 2796/2912 2646/2911
f 2647/2917 2578/2919 2649/2920
f 2649/2921 2793/2371 2647/2918
f 2581/2916 48/2922 49/2923
f 49/2923 2578/2919 2581/2916
f 51/2924 111/2925 113/2926
f 113/2926 52/2388 51/2924
f 51/2924 2577/2927 2578/2919
f 114/2928 173/2929 174/2930
f 174/2930 116/2931 114/2928
f 114/2928 54/2389 52/2388
f 175/2932 117/2933 116/2931
f 116/2931 57/2934 54/2389
f 176/2935 119/2936 117/2933
f 117/2933 59/2937 57/2934
f 177/2938 128/2939 119/2936
f 119/2936 65/2940 59/2937
f 180/2941 136/2942 128/2939
f 128/2943 82/2463 65/2944
f 180/2941 230/2945 225/2946
f 180/2941 224/2947 182/2948
f 225/2946 662/2949 224/2947
f 224/2947 654/2950 226/2951
f 226/2952 182/2953 224/2954
f 662/2949 826/2955 654/2950
f 826/2955 676/2956 654/2950
f 654/2957 228/2466 226/2952
f 831/2958 906/2959 910/2960
f 831/2961 909/2962 829/2963
f 829/2963 676/2470 831/2961
f 909/2964 951/2965 953/2966
f 953/2966 907/279 909/2964
f 907/2967 829/2963 909/2962
f 953/2966 1044/2968 1048/2969
f 1048/2969 955/280 953/2966
f 1053/2970 1156/2971 1154/2972
f 1154/2973 1055/2974 1053/2975
f 1053/2975 960/281 955/280
f 1155/2976 1058/2977 1055/2974
f 1055/2974 967/2978 960/281
f 1157/2979 1068/2980 1058/2977
f 1058/2977 949/2981 967/2978
f 949/2981 902/275 967/2978
f 1157/2979 1199/2982 1195/2983
f 1195/2983 1160/270 1157/2979
f 1195/2984 1260/2985 1238/2986
f 1238/2987 1201/272 1195/2983
f 1246/2988 1240/2989 1258/2990
f 1258/2990 1297/2991 1246/2988
f 1246/2988 1232/273 1201/272
f 1309/2992 1372/2993 1297/2991
f 1297/2991 1352/2994 1232/273
f 1374/2995 1481/2996 1372/2993
f 1372/2993 1484/2997 1352/2994
f 1490/2998 1352/2994 1484/2997
f 1481/2996 1598/2999 1484/2997
f 1484/2997 1620/3000 1490/2998
f 1591/3001 1486/3002 1599/3003
f 1599/3003 1661/3004 1591/3001
f 1591/3001 1659/3005 1598/3006
f 1666/3007 1688/3008 1661/3004
f 1661/3004 1698/3009 1659/3005
f 1690/3010 1672/3011 1691/3012
f 1691/3012 1638/3013 1690/3010
f 1690/3010 1636/3014 1688/3008
f 1638/3013 1574/3015 1566/3016
f 1566/3016 1636/3014 1638/3013
f 1566/3016 1457/3017 1451/3018
f 1451/3018 1542/3019 1566/3016
f 1457/3017 1572/3020 1456/3021
f 1457/3017 1355/3022 1354/3023
f 1354/3023 1451/3018 1457/3017
f 1354/3024 1291/3025 1295/3026
f 1295/3026 1351/336 1354/3024
f 1295/3026 1248/3027 1253/3028
f 1253/3028 1300/349 1295/3026
f 1248/3027 1239/3029 1253/3028
f 1253/3028 1240/3030 1263/3031
f 1242/3032 1267/3033 1239/3034
f 1239/3034 1258/2990 1240/2989
f 1275/3035 1326/3036 1267/3033
f 1267/3033 1309/2992 1258/2990
f 1334/3037 1385/3038 1326/3036
f 1326/3036 1374/2995 1309/2992
f 1410/3039 1498/3040 1385/3038
f 1385/3038 1486/3041 1374/2995
f 1509/3042 1603/3043 1498/3044
f 1498/3044 1599/3003 1486/3002
f 1607/3045 1672/3011 1603/3043
f 1603/3043 1666/3007 1599/3003
f 1676/3046 1619/3047 1680/3048
f 1680/3048 1689/3049 1676/3046
f 1676/3046 1691/3012 1672/3011
f 1687/3050 1650/3051 1689/3049
f 1689/3049 1645/3052 1691/3012
f 1644/3053 1572/3020 1650/3051
f 1650/3051 1574/3015 1645/3052
f 1687/3050 1668/3054 1681/181
f 1681/181 1644/3053 1687/3050
f 1619/3047 1668/3054 1680/3048
f 1607/3045 1530/254 1619/3047
f 1619/3047 1536/3055 1616/259
f 1509/3042 1433/255 1530/254
f 1410/3039 1344/3056 1433/3057
f 1334/3037 1288/3058 1344/3056
f 1344/3056 1305/3059 1379/3060
f 1379/3060 1433/3057 1344/3056
f 1275/3035 1247/3061 1288/3058
f 1288/3058 1265/3062 1305/3059
f 1242/3063 1249/3064 1247/3065
f 1247/3065 1266/315 1265/321
f 1249/3064 1291/3025 1293/3066
f 1293/3066 1266/315 1249/3064
f 1355/3067 1293/3066 1291/3025
f 1456/3021 1356/3068 1355/3022
f 1456/3069 1556/171 1455/170
f 1586/3070 1335/274 1490/2998
f 1210/3071 1488/3072 1197/2499
f 1197/2499 1028/2490 1210/3071
f 1210/3071 1059/269 1175/271
f 1586/3070 1684/3073 1488/3072
f 1238/3074 1263/3031 1240/3030
f 1155/3075 1207/348 1199/347
f 1156/2971 1207/348 1154/2972
f 1156/2971 1221/3076 1214/327
f 1048/3077 1153/3078 1156/2971
f 1153/3078 1218/3079 1221/3076
f 1044/3080 1149/3081 1153/3078
f 1039/3082 1148/3083 1149/3081
f 1039/3084 951/3085 945/3086
f 945/3086 1033/3087 1039/3084
f 937/3088 1031/3089 1033/3087
f 937/3088 906/2959 904/3090
f 937/3088 899/342 932/344
f 904/3090 826/2955 832/3091
f 832/3091 899/342 904/3090
f 945/3086 910/2960 906/2959
f 1148/3092 1224/3093 1222/3094
f 1222/3095 1149/3081 1148/3083
f 1033/3087 1133/3096 1148/3097
f 1224/3093 1338/3098 1222/3094
f 1338/3099 1218/3079 1222/3095
f 1332/3100 1466/3101 1442/3102
f 1442/3102 1329/328 1332/3100
f 1332/3100 1221/3076 1218/3079
f 1466/3101 1576/3103 1442/3102
f 1576/3103 1429/330 1442/3102
f 1576/3103 1655/3104 1647/3105
f 1647/3105 1560/179 1576/3103
f 1655/3104 1726/3106 1647/3105
f 1647/3105 1735/175 1646/177
f 1744/3107 1777/3108 1726/3109
f 1726/3110 1787/3111 1735/3112
f 1820/3113 1735/3112 1787/3111
f 1777/3114 1864/3115 1787/3111
f 1787/3111 1950/3116 1820/3113
f 1950/3116 1827/3117 1820/3113
f 2019/3118 1960/3119 1932/3120
f 2019/3118 2330/3121 2365/3122
f 2365/3122 2040/3123 2019/3118
f 2372/3124 2274/3125 2040/3123
f 2372/3124 2459/3126 2446/3127
f 2446/3127 2386/3128 2372/3124
f 2456/3129 2398/3130 2386/3131
f 2456/3132 2481/3133 2494/3134
f 2494/3135 2466/3136 2456/3129
f 2502/3137 2472/3138 2466/3136
f 2502/3137 2516/3139 2522/3140
f 2520/3141 2502/3137 2519/3142
f 2519/3142 2536/3143 2524/3144
f 2524/3144 2520/3141 2519/3142
f 2540/3145 2520/3146 2510/3147
f 2524/3144 2462/3148 2510/3149
f 2510/3147 2559/3150 2540/3145
f 2442/3151 2540/3145 2559/3150
f 2462/3152 2391/3153 2559/3150
f 2559/3150 2384/3154 2442/3151
f 2390/3155 2442/3151 2384/3154
f 2391/3153 2300/3156 2384/3154
f 2384/3154 2296/3157 2390/3155
f 2305/3158 2390/3155 2296/3157
f 2300/3156 2256/3159 2296/3157
f 2296/3157 2257/3160 2305/3158
f 2261/3161 2305/3158 2257/3160
f 2256/3159 2202/3162 2257/3160
f 2257/3160 2199/3163 2261/3161
f 2200/3164 2261/3165 2199/3166
f 2202/3162 2179/3167 2199/3163
f 2199/3166 2176/3168 2200/3164
f 2176/3168 2216/3169 2200/3164
f 2176/3168 2168/3170 2172/3171
f 2172/3171 2187/3172 2176/3168
f 2189/3173 2203/3174 2187/3172
f 2222/3175 2164/3176 2224/3177
f 2125/3178 2047/3179 2144/3180
f 2125/3178 2214/3181 2111/3182
f 2111/3182 2041/3183 2125/3178
f 2038/3184 1962/3185 2041/3183
f 2038/3184 2130/3186 2046/3187
f 2038/3184 1964/3188 1961/3189
f 2046/3187 1963/3190 1964/3188
f 1964/3188 1867/3191 1876/3192
f 1876/3192 1961/3189 1964/3188
f 1870/3193 1782/3194 1786/3195
f 1870/3193 1789/3196 1875/3197
f 1870/3193 1962/3185 1961/3189
f 1875/3197 1790/3198 1881/3199
f 1881/3199 1962/3185 1875/3197
f 1967/3200 1878/3201 1970/3202
f 1970/3202 2047/3179 1967/3200
f 1967/3200 2041/3183 1962/3185
f 2048/3203 1972/3204 2056/3205
f 2056/3205 2164/3176 2048/3203
f 2048/3203 2144/3180 2047/3179
f 2201/3206 2044/2561 2140/3207
f 2140/3207 2225/3208 2201/3206
f 2201/3209 2224/3177 2164/3176
f 2228/3210 2196/3211 2229/3212
f 2229/3212 2221/3213 2228/3210
f 2228/3214 2219/3215 2225/3216
f 2221/3213 2231/3217 2207/3218
f 2207/3218 2203/3174 2221/3213
f 2206/3219 2177/3220 2250/3221
f 2250/3221 2216/3169 2206/3219
f 2206/3219 2187/3172 2203/3174
f 2270/3222 2341/3223 2350/3224
f 2350/3224 2259/3225 2270/3222
f 2270/3222 2200/3164 2216/3169
f 2347/3226 2418/3227 2412/3228
f 2347/3229 2408/3230 2315/3231
f 2315/3232 2259/3225 2347/3226
f 2408/3230 2504/3233 2543/3234
f 2408/3230 2471/3235 2406/3236
f 2406/3236 2315/3231 2408/3230
f 2543/3234 2531/3237 2471/3235
f 2471/3235 2512/3238 2452/3239
f 2452/3239 2406/3236 2471/3235
f 2531/3237 2521/3240 2512/3238
f 2512/3238 2505/3241 2478/3242
f 2478/3242 2452/3239 2512/3238
f 2521/3240 2490/3243 2505/3241
f 2505/3241 2498/3244 2523/3245
f 2523/3245 2478/3242 2505/3241
f 2490/3243 2455/3246 2498/3244
f 2498/3244 2463/3247 2501/3248
f 2501/3248 2523/3245 2498/3244
f 2455/3246 2396/3249 2463/3247
f 2463/3250 2409/3251 2472/3138
f 2472/3138 2501/3252 2463/3250
f 2396/3253 2323/3254 2409/3251
f 2323/3254 2398/3130 2409/3251
f 2409/3251 2466/3136 2472/3138
f 2299/3255 2002/3256 2000/3257
f 2000/3257 2274/3258 2299/3255
f 2299/3255 2386/3131 2398/3130
f 1960/3259 1914/3260 1865/3261
f 1960/3119 2040/3123 2274/3125
f 1865/3261 1776/3262 1745/3263
f 1745/266 1827/3117 1865/3264
f 1865/3264 1932/3120 1960/3119
f 1776/3262 1696/2503 1684/2502
f 1684/2502 1745/3263 1776/3262
f 1865/3261 1803/3265 1776/3262
f 1914/3260 1810/2507 1803/3265
f 2278/3266 2002/3267 2298/3268
f 2298/3268 2389/3269 2278/3266
f 2385/3270 2278/3266 2389/3269
f 2389/3269 2457/3271 2385/3270
f 2460/3272 2385/3270 2457/3271
f 2457/3271 2503/3273 2460/3272
f 2491/3274 2460/3272 2503/3273
f 2503/3273 2526/3275 2491/3274
f 2525/3276 2491/3274 2526/3275
f 2526/3275 2539/3277 2525/3276
f 2532/3278 2525/3276 2539/3277
f 2539/3279 2504/3280 2532/2529
f 2504/3280 2544/2532 2532/2529
f 2412/3228 2557/2536 2504/3280
f 2418/3227 2546/2537 2557/2536
f 2350/3224 2413/2541 2418/3227
f 2341/3223 2400/2542 2413/2541
f 2250/3221 2291/2546 2341/3223
f 2177/3220 2303/2547 2291/2546
f 2207/3218 2235/2551 2177/3220
f 2231/3217 2248/2552 2235/2551
f 2229/3212 2208/2557 2231/3217
f 2140/3207 2045/2558 2196/3211
f 2056/3281 1968/2562 2044/2561
f 1970/3202 1873/3282 1972/3204
f 1881/3199 1788/3283 1878/3201
f 1878/3201 1780/3284 1873/3282
f 1790/3198 1693/3285 1788/3283
f 1788/3283 1693/3285 1780/3284
f 1693/3285 1502/3286 1318/3287
f 1318/3288 1683/2568 1693/3289
f 1693/3289 1769/2566 1780/3290
f 1353/3291 1678/2569 1683/2568
f 1158/3292 1463/3293 1470/3294
f 1470/3294 1673/2570 1678/2569
f 1217/3295 1459/3296 1463/3293
f 1463/3293 1671/2572 1673/2570
f 1215/3297 1452/3298 1459/3296
f 1459/3296 1665/2574 1671/2572
f 1212/3299 1444/3300 1452/3298
f 1452/3298 1664/2576 1665/2574
f 1209/3301 1434/3302 1444/3300
f 1444/3300 1662/3303 1664/2576
f 1662/3303 1772/2577 1664/2576
f 1434/3302 1656/3304 1662/3303
f 1662/3303 1765/3305 1766/2580
f 1765/3305 1877/2581 1766/2580
f 1656/3304 1763/3306 1765/3305
f 1763/3306 1884/2585 1765/3305
f 1886/3307 1977/2586 1884/2585
f 1886/3307 1762/3308 1883/3309
f 1883/3309 1979/2590 1886/3307
f 1762/3308 1882/3310 1883/3309
f 1883/3309 1983/104 1984/3311
f 1761/3312 1879/3313 1882/3310
f 1882/3310 1982/3314 1983/104
f 1758/3315 1874/3316 1879/3313
f 1879/3313 1980/3317 1982/3314
f 1874/3316 1973/2673 1980/3317
f 1980/3317 2307/3318 2321/2597
f 2321/2597 1982/3314 1980/3317
f 1973/2673 2283/2675 2307/3318
f 1866/3319 1757/3320 1752/3321
f 1752/3321 1859/2676 1866/3319
f 1757/3320 1640/3322 1639/3323
f 1639/3323 1752/3321 1757/3320
f 1639/3323 1412/3324 1409/3325
f 1409/3325 1523/2685 1639/3323
f 1640/3322 1414/3326 1412/3324
f 1412/3324 1203/3327 1200/3328
f 1200/3328 1409/3325 1412/3324
f 1203/3329 1079/3330 1200/3331
f 1200/3331 1074/2693 1198/2689
f 1083/3332 971/3333 1079/3330
f 1079/3330 972/2696 1074/2693
f 970/3334 867/3335 971/3333
f 971/3333 868/2699 972/2696
f 861/3336 791/3337 867/3335
f 867/3335 798/3338 868/2699
f 788/3339 703/3340 791/3337
f 791/3337 705/3341 798/3338
f 703/3340 624/1049 705/3341
f 705/3341 635/1048 706/3342
f 706/3342 798/3338 705/3341
f 700/3343 465/1044 703/3340
f 463/3344 698/3345 460/3346
f 460/3346 399/3347 463/3344
f 463/3344 402/1045 465/1044
f 399/3347 352/3348 353/3349
f 353/3349 402/1045 399/3347
f 353/3349 313/3350 325/3351
f 325/3351 369/1046 353/3349
f 359/3352 323/3353 366/3354
f 366/3354 412/3355 359/3352
f 359/3352 411/1047 369/1046
f 414/3356 639/3357 412/3355
f 412/3355 635/1048 411/1047
f 414/3356 372/3358 418/3359
f 418/3359 643/2705 414/3356
f 418/3359 380/3360 439/3361
f 439/3361 649/2706 418/3359
f 372/3358 312/3362 380/3360
f 380/3360 311/3363 388/3364
f 388/3364 439/3361 380/3360
f 312/3362 276/3365 311/3363
f 311/3363 280/3366 317/3367
f 317/3367 388/3364 311/3363
f 276/3365 270/3368 280/3366
f 270/3368 287/3369 277/3370
f 277/3370 280/3366 270/3368
f 287/3369 310/3371 315/3372
f 315/3373 309/2726 287/3374
f 287/3374 291/2724 277/2723
f 345/3375 374/3376 382/3377
f 382/3377 342/2729 345/3375
f 345/3375 306/2727 309/2726
f 385/3378 427/3379 426/3380
f 385/3378 441/3381 386/2732
f 385/3378 343/2730 342/2729
f 441/3381 468/3382 473/3383
f 473/3383 446/2735 441/3381
f 446/2735 386/2732 441/3381
f 472/3384 495/3385 505/3386
f 505/3386 471/2739 472/3384
f 472/3384 429/2736 446/2735
f 505/3386 514/3387 551/3388
f 551/3388 530/2742 505/3386
f 551/3388 533/3389 562/3390
f 562/3390 587/3391 551/3388
f 551/3388 563/2743 530/2742
s 0
f 585/3392 562/3393 582/3394
s 1
f 585/3395 579/3396 587/3391
s 0
f 574/2749 582/2748 584/3397
s 1
f 584/3397 576/3398 574/2749
f 578/3399 494/3400 576/3398
f 576/3398 491/2753 565/2751
f 483/3401 438/3402 494/3400
f 494/3400 445/2755 491/2753
f 435/3403 242/3404 438/3402
f 438/3402 244/3405 445/2755
f 239/3406 198/3407 242/3404
f 242/3408 202/2762 244/2758
f 196/3409 134/3410 198/3411
f 198/3412 133/2763 202/2762
f 132/3413 74/3414 134/3410
f 134/3410 77/3415 133/3416
f 74/3414 21/3417 77/3415
f 77/3415 18/3418 75/3419
f 75/3419 133/3416 77/3415
f 21/3417 2600/3420 18/3418
f 2572/3421 75/3419 18/3418
f 2600/3422 2665/3423 2572/3424
f 2572/3424 2665/3423 2605/3425
f 2605/3425 2668/3426 2606/3427
f 2606/3428 14/2768 2605/3429
f 2668/3426 2608/3430 2606/3427
f 2606/3428 11/2772 13/2769
f 2669/3431 2609/3432 2608/3430
f 2608/3433 10/2774 11/2772
f 2671/3434 2610/2778 2609/3432
f 2609/3435 9/2776 10/2774
f 2674/3436 2857/3437 2860/3438
f 2674/3436 2862/3439 2676/2783
f 2674/3436 2612/2779 2610/2778
f 2860/3438 3032/3440 2862/3439
f 2862/3439 3027/3441 2861/3442
f 2861/3442 2676/2783 2862/3439
f 3032/3440 3250/3443 3027/3441
f 3027/3441 3247/3444 3024/3445
f 3024/3445 2861/3442 3027/3441
f 3250/3443 3483/3446 3247/3444
f 3247/3444 3480/3447 3243/3448
f 3243/3448 3024/3445 3247/3444
f 3483/3446 3775/3449 3480/3447
f 3480/3447 3771/3450 3479/3451
f 3479/3451 3243/3448 3480/3447
f 3775/3449 3987/3452 3771/3450
f 3771/3450 3984/3453 3769/3454
f 3769/3454 3479/3451 3771/3450
f 3987/3452 4193/3455 3984/3453
f 4193/3455 3982/3456 3984/3453
f 3982/3456 3769/3454 3984/3453
f 3982/3456 4189/3457 3983/3458
f 3983/3458 3766/2796 3982/3456
f 3983/3458 4184/3459 3979/3460
f 3979/3460 3764/2797 3983/3458
f 4197/3461 4395/3462 4193/3463
f 4193/3463 4391/1012 4199/1016
f 4400/3464 4496/3465 4395/3462
f 4395/3462 4493/3466 4391/1012
f 4502/3467 4572/3468 4496/3465
f 4496/3465 4569/3469 4493/3466
f 4572/3468 4666/1010 4569/3469
f 4648/1007 4493/3466 4569/3469
f 4648/1007 4499/3470 4494/1013
f 4600/3471 4499/3470 4603/3472
f 4511/3473 4485/3474 4464/3475
f 4464/3475 4499/3470 4511/3473
f 4464/3475 4458/3476 4452/3477
f 4452/3477 4453/1015 4464/3475
f 4458/3476 4440/3478 4452/3477
f 4452/3477 4385/2813 4438/1019
f 4458/3476 4485/3474 4462/3479
f 4462/3479 4444/2815 4458/3476
f 4462/3479 4488/2829 4463/2828
f 4463/2828 4447/2817 4462/3479
f 4485/3474 4534/3480 4488/2829
f 4591/3481 4620/3482 4534/3480
f 4644/3483 4534/3480 4620/3482
f 4591/3481 4695/3484 4620/3482
f 4620/3482 4695/3484 4644/3483
f 4753/3485 4698/2834 4695/3486
f 4757/3487 4910/3488 4753/3489
f 4910/3490 4758/3491 4753/3485
f 4915/3492 4767/3493 4927/3494
f 4927/3494 4962/3495 4915/3492
f 4915/3492 4938/3496 4910/3488
f 4963/3497 4984/3498 4962/3495
f 4962/3495 4966/3499 4938/3496
f 4985/3500 4999/3501 4984/3498
f 4984/3498 4992/3502 4966/3499
f 4997/3503 4990/3504 4999/3505
f 4999/3501 4989/3506 4992/3502
f 4983/3507 4969/3508 4990/3504
f 4990/3504 4970/3509 4989/2850
f 4965/3510 4941/3511 4969/3508
f 4969/3508 4943/3512 4970/3509
f 4951/3513 4970/3509 4943/3512
f 4941/3511 4922/3514 4943/3512
f 4943/3512 4926/3515 4951/3513
f 4926/3515 4967/2856 4951/3513
f 4922/3514 4867/3516 4926/3515
f 4867/3516 4928/3517 4926/3515
f 4893/3518 4928/3517 4879/3519
f 4879/3519 4798/3520 4851/3521
f 4879/3519 4856/3522 4893/3518
f 4851/3521 4846/3523 4856/3522
f 4856/3522 4828/3524 4843/3525
f 4843/3525 4893/3518 4856/3522
f 4843/3526 4764/3527 4762/3528
f 4762/3528 4889/3529 4843/3526
f 4762/3528 4722/3530 4719/3531
f 4719/3532 4862/2865 4762/3533
f 4722/3530 4682/3534 4719/3531
f 4719/3532 4697/2872 4752/2870
f 4680/3535 4626/2877 4682/3536
f 4682/3536 4632/2874 4697/2872
f 4619/3537 4684/3538 4615/3539
f 4615/3539 4566/3540 4619/3537
f 4619/3541 4563/2878 4626/2877
f 4615/3539 4571/3542 4567/3543
f 4567/3543 4519/3544 4518/3545
f 4518/3545 4566/3540 4567/3543
f 4518/3545 4459/3546 4454/3547
f 4454/3547 4517/3548 4518/3545
f 4454/3547 4149/3549 4240/3550
f 4240/3551 4451/2882 4454/3552
f 4240/3551 3927/3553 4028/3554
f 4028/3554 4232/2884 4240/3551
f 4028/3554 3927/3553 3805/3555
f 3805/3555 4023/2886 4028/3554
f 3805/3555 3323/3556 3500/3557
f 3500/3557 3797/2888 3805/3555
f 3500/3557 3323/3556 3246/3558
f 3246/3558 3495/2890 3500/3557
f 3235/3559 3014/3560 3009/3561
f 3009/3561 3227/3562 3235/3559
f 3235/3563 3490/2891 3495/2890
f 3003/3564 2821/3565 2820/3566
f 2820/3566 2997/2896 3003/3564
f 3003/3564 3217/3567 3227/3562
f 2819/3568 2655/3569 2654/3570
f 2654/3570 2817/2901 2819/3568
f 2819/3568 2996/2897 2997/2896
f 2650/3571 2591/3572 2590/3573
f 2590/3573 2652/3574 2650/3571
f 2650/3575 2814/2902 2817/2901
f 2587/3576 43/3577 45/3578
f 45/3578 2586/3579 2587/3576
f 2587/3576 2653/3580 2652/3574
f 96/3581 2584/3582 2586/3579
f 2586/3579 2651/3583 2653/3580
f 46/3584 2583/3585 2584/3582
f 2584/3582 2648/2913 2651/3583
f 47/3586 107/3587 108/3588
f 108/3588 48/2922 47/3586
f 47/3586 2582/2914 2583/3585
f 110/3589 169/3590 170/3591
f 170/3591 111/2925 110/3589
f 110/3589 49/2923 48/2922
f 172/3592 262/3593 258/3594
f 258/3594 173/2929 172/3592
f 172/3592 113/2926 111/2925
f 255/3595 728/3596 726/3597
f 726/3597 248/3598 255/3595
f 255/3595 174/2930 173/2929
f 724/3599 245/3600 248/3598
f 248/3598 175/2932 174/2930
f 717/3601 238/3602 245/3600
f 245/3600 176/2935 175/2932
f 712/3603 230/2945 238/3602
f 238/3602 177/2938 176/2935
f 708/3604 885/3605 900/343
f 708/3604 851/3606 689/3607
f 689/3607 230/2945 708/3604
f 712/3603 873/3608 885/3605
f 873/3608 986/3609 981/3610
f 981/3610 885/3605 873/3608
f 717/3601 869/3611 873/3608
f 981/3610 1101/3612 1103/3613
f 1103/3613 991/345 981/3610
f 1103/3613 1226/3614 1107/3615
f 1226/3614 1119/3616 1107/3615
f 1107/3615 1009/346 991/345
f 1225/3617 1133/3096 1119/3616
f 1119/3616 1031/3089 1009/346
f 1226/3614 1395/3618 1225/3617
f 1225/3619 1365/3620 1224/3093
f 1405/3621 1593/3622 1395/3623
f 1395/3623 1527/3624 1365/3620
f 1593/3622 1652/3625 1527/3624
f 1527/3624 1592/3626 1466/3627
f 1466/3627 1365/3620 1527/3624
f 1736/3628 1740/3629 1652/3625
f 1652/3625 1655/3630 1592/3626
f 1801/3631 1821/3632 1740/3629
f 1740/3629 1744/3107 1655/3630
f 1880/3633 1930/3634 1821/3632
f 1821/3632 1832/3635 1744/3107
f 1871/3636 1832/3635 1930/3634
f 1930/3634 1978/3637 1871/3636
f 1971/3638 1871/3639 1978/3640
f 2027/3641 2306/3642 1978/3637
f 1978/3640 2285/3643 1971/3638
f 2285/3643 1950/3116 1971/3638
f 2306/3644 2407/3645 2285/3643
f 2285/3643 2422/3646 2330/3121
f 2422/3646 2365/3122 2330/3121
f 2407/3645 2484/3647 2422/3646
f 2484/3647 2459/3126 2422/3646
f 2493/3648 2446/3127 2459/3126
f 2493/3648 2508/3649 2513/3650
f 2513/3650 2481/3133 2493/3648
f 2515/3651 2494/3134 2481/3133
f 2515/3651 2514/3652 2542/3653
f 2542/3653 2516/3654 2515/3651
f 2528/3655 2522/3140 2516/3139
f 2528/3656 2560/3657 2468/3658
f 2468/3659 2536/3143 2528/3655
f 2485/3660 2536/3143 2556/3661
f 2468/3659 2405/3662 2556/3661
f 2556/3661 2399/3663 2485/3660
f 2392/3664 2485/3660 2399/3663
f 2405/3662 2335/3665 2399/3663
f 2399/3663 2304/3666 2392/3664
f 2295/3667 2392/3668 2304/3669
f 2304/3666 2268/3670 2260/3671
f 2260/3672 2295/3667 2304/3669
f 2264/3673 2295/3667 2263/3674
f 2263/3674 2254/3675 2252/3676
f 2263/3674 2244/3677 2264/3673
f 2209/3678 2264/3673 2244/3677
f 2252/3676 2240/3679 2244/3677
f 2244/3677 2204/3680 2209/3678
f 2179/3167 2209/3678 2204/3680
f 2240/3679 2198/3681 2204/3680
f 2204/3680 2175/3682 2179/3167
f 2168/3683 2179/3167 2175/3682
s 0
f 2175/3682 2178/3684 2168/3683
f 2178/3685 2172/3686 2168/3687
s 1
f 2169/3688 2189/3689 2172/3686
f 2180/3690 2152/3691 2186/3692
f 2186/3692 2195/3693 2180/3690
f 2186/3692 2219/3215 2195/3693
f 2174/3694 2217/3695 2186/3692
f 2213/3696 2222/3175 2217/3695
f 2213/3696 2147/3697 2192/3698
f 2192/3698 2214/3181 2213/3696
f 2197/3699 2111/3182 2214/3181
f 2197/3699 2136/3700 2116/3701
f 2116/3701 2130/3186 2197/3699
f 2122/3702 2046/3187 2130/3186
f 2122/3702 2054/3703 2052/3704
f 2052/3704 2049/3705 2122/3702
f 2034/3706 1963/3190 2049/3705
f 2052/3704 1969/131 2034/3706
f 1969/131 1958/3707 2034/3706
f 1992/3708 2054/3703 1997/3709
f 1997/3709 1908/3710 1992/3708
f 1992/3708 1897/132 1969/131
f 1911/3711 1835/3712 1908/3710
f 1835/3712 1897/132 1908/3710
f 1835/3712 1754/3713 1751/3714
f 1751/3714 1830/127 1835/3712
f 1830/127 1610/3715 1612/3716
f 1830/127 1697/3717 1756/3718
f 1699/3719 1756/3718 1697/3717
f 1612/3716 1517/3720 1697/3717
f 1517/3720 1699/3719 1697/3717
f 1515/3721 1702/3722 1699/3719
f 1515/3721 1281/3723 1284/3724
f 1284/3724 1511/3725 1515/3721
f 1277/3726 1114/3727 1111/3728
f 1111/3728 1272/3729 1277/3726
f 1277/3726 1513/3730 1511/3725
f 1704/3731 1511/3725 1513/3730
f 1272/3729 1377/3732 1513/3730
f 1513/3730 1728/3733 1704/3731
f 1782/3194 1704/3731 1728/3733
f 1514/3734 1708/3735 1728/3733
f 1708/3735 1786/3195 1728/3733
f 1508/3736 1705/3737 1708/3735
f 1705/3737 1789/3196 1708/3735
f 1259/3738 1502/3286 1508/3736
f 1502/3286 1705/3737 1508/3736
f 1041/3739 1353/3291 1318/3288
f 1041/3740 957/3741 1158/3742
f 1041/3740 1158/3742 1353/3743
f 1158/3742 959/3744 1087/3745
f 1087/3745 961/3746 1088/3747
f 1088/3747 1217/3748 1087/3745
f 1088/3747 962/3749 1089/3750
f 1089/3750 1215/3751 1088/3747
f 1089/3750 964/3752 1085/3753
f 1089/3750 1209/3754 1212/3755
f 1085/3753 965/3756 1086/3757
f 1086/3757 1209/3754 1085/3753
f 1086/3757 966/3758 1084/3759
f 1084/3759 1208/3760 1086/3757
f 1428/3761 1208/3762 1206/3763
f 1206/3764 1080/3765 1205/3766
f 1206/3763 1424/3767 1428/3761
f 1653/3768 1428/3761 1424/3767
f 1205/3769 1419/3770 1424/3767
f 1424/3767 1651/3771 1653/3768
f 1762/3308 1653/3768 1651/3771
f 1419/3770 1643/3772 1651/3771
f 1651/3771 1761/3312 1762/3308
f 1204/3773 1414/3326 1419/3770
f 1205/3766 1081/3774 1204/3775
f 1204/3775 1083/3332 1203/3329
f 1080/3765 969/3776 1081/3774
f 1081/3774 970/3334 1083/3332
f 968/3777 858/3778 969/3776
f 969/3776 861/3336 970/3334
f 859/3779 786/3780 858/3778
f 858/3778 788/3339 861/3336
f 785/3781 698/3345 786/3780
f 786/3780 700/3343 788/3339
f 697/3782 783/3783 693/3784
f 693/3784 461/3785 697/3782
f 697/3782 460/3346 698/3345
f 461/3785 405/82 403/3786
f 403/3786 460/3346 461/3785
f 403/3786 371/3787 362/3788
f 362/3788 398/3789 403/3786
f 362/3788 344/3790 334/3791
f 334/3791 352/3348 362/3788
f 334/3791 314/3792 285/3793
f 285/3793 313/3350 334/3791
f 281/3794 325/3351 313/3350
f 281/3794 266/3795 275/3796
f 275/3796 320/3797 281/3794
f 268/3798 272/3799 266/3795
f 266/3795 273/3800 267/3801
f 267/3801 275/3796 266/3795
f 272/3799 324/3802 273/3800
f 273/3800 305/3803 271/3804
f 271/3804 267/3801 273/3800
f 324/3802 373/3805 305/3803
f 305/3803 378/3806 310/3371
f 310/3371 271/3804 305/3803
f 373/3805 431/3807 378/3806
f 378/3806 424/3808 374/3809
f 374/3809 310/3371 378/3806
f 431/3807 466/3810 424/3808
f 424/3811 469/3812 427/3379
f 427/3379 374/3376 424/3811
f 466/3813 489/3814 469/3812
f 489/3814 468/3382 469/3812
f 469/3812 426/3380 427/3379
f 489/3814 498/3815 485/3816
f 485/3816 514/3387 495/3385
f 485/3816 473/3383 468/3382
f 506/3817 514/3387 498/3815
f 533/3389 551/3388 514/3387
s 0
f 533/3818 535/3819 558/3820
f 558/3820 562/3393 533/3818
f 558/3820 554/3821 581/3822
s 1
f 581/3822 582/3394 558/3820
s 0
f 558/3820 582/3394 562/3393
s 1
f 581/3822 553/3823 586/3824
s 0
f 581/3822 584/3825 582/3394
s 1
f 586/3826 532/3827 573/3828
f 573/3828 500/3829 557/3830
f 573/3828 578/3399 584/3397
f 557/3831 478/3832 493/3833
f 557/3830 483/3401 578/3399
f 493/3833 436/3834 434/3835
f 493/3836 435/3403 483/3401
f 434/3835 243/3837 237/3838
f 434/3839 239/3406 435/3403
f 237/3838 199/3840 194/3841
f 237/3842 196/3843 239/3406
f 194/3844 132/3413 196/3409
f 132/3413 76/3845 71/3846
f 71/3846 34/947 26/949
f 26/949 72/3847 71/3846
f 132/3413 78/3848 76/3845
f 76/3845 38/3849 34/947
f 135/3850 80/3851 78/3848
f 78/3848 40/3852 38/3849
f 80/3851 37/889 40/3852
f 40/3852 24/884 12/3853
f 12/3853 38/3849 40/3852
f 79/3854 141/3855 81/3856
f 81/3856 37/889 79/3854
f 79/3854 137/3857 140/3858
f 212/3859 146/3860 141/3855
f 141/3855 83/890 81/3856
f 141/3861 211/3862 212/3863
f 356/3864 212/3863 211/3862
f 140/3865 208/3866 211/3862
f 211/3862 351/3867 356/3864
f 447/3868 356/3864 351/3867
f 208/3866 254/3869 351/3867
f 351/3867 442/3870 447/3868
f 475/3871 447/3868 442/3870
f 254/3869 436/3834 442/3870
f 442/3870 478/3832 475/3871
f 507/3872 482/3873 477/3874
f 477/3874 440/3875 447/3868
f 477/3874 497/3876 507/3872
f 520/3877 507/3872 497/3876
f 475/3871 500/3878 497/3876
f 497/3876 532/3879 520/3877
f 550/3880 546/3881 531/3882
f 531/3882 553/3883 550/3880
f 561/3884 550/3885 553/3823
f 560/3886 566/3887 550/3885
f 555/3888 560/3886 561/3884
s 0
f 555/3888 581/3822 554/3821
s 1
f 554/3821 534/3889 555/3888
f 554/3821 508/3890 534/3889
s 0
f 554/3821 558/3820 535/3819
f 535/3819 525/3891 554/3821
f 535/3819 528/3892 525/3891
s 1
f 535/3819 533/3818 506/3893
f 506/3893 511/3894 535/3819
f 511/3895 506/3817 503/3896
s 0
f 511/3897 510/3898 521/3899
s 1
f 503/3900 501/3901 510/3898
f 524/3902 510/3898 518/3903
f 501/3901 509/3904 518/3903
f 518/3903 504/3905 524/3902
f 499/3906 524/3902 504/3905
f 509/3904 486/3907 504/3905
f 504/3905 474/3908 499/3906
f 470/3909 499/3906 474/3908
f 486/3907 425/3910 474/3908
f 474/3908 423/3911 470/3909
f 422/3912 470/3909 423/3911
f 425/3910 377/3913 423/3911
f 423/3911 381/3914 422/3912
f 381/3914 437/3915 422/3912
f 377/3913 329/3916 381/3914
f 381/3914 340/3917 391/3918
f 368/3919 391/3918 340/3917
f 329/3916 314/3792 340/3917
f 340/3917 344/3790 368/3919
f 392/81 408/3920 368/3919
f 368/3919 371/3787 392/81
f 321/3921 279/3922 329/3916
f 464/72 614/3923 437/3915
f 614/3923 422/3912 437/3915
f 437/3915 408/3920 464/72
f 614/3923 663/3924 625/3925
f 625/3925 479/3926 614/3923
f 541/3927 628/3928 590/3929
f 590/3929 488/3930 541/3927
f 541/3927 470/3909 479/3926
f 502/3931 516/3932 515/3933
f 515/3933 488/3930 502/3931
f 502/3931 523/3934 516/3932
s 0
f 540/3935 516/3932 523/3934
f 528/3936 547/3937 527/3938
s 1
f 528/3936 511/3939 521/3940
s 0
f 513/3941 525/3891 528/3892
s 1
f 508/3890 522/3942 512/3943
f 512/3943 534/3889 508/3890
f 542/3944 529/3945 548/3946
f 548/3946 602/3947 580/3948
f 580/3948 603/3949 588/3950
f 588/3950 542/3944 580/3948
f 602/3947 627/3951 603/3949
f 603/3949 621/3952 596/3953
f 596/3953 588/3950 603/3949
f 596/3953 619/3954 597/3955
f 597/3955 566/3887 596/3953
f 597/3956 622/3957 592/3958
f 592/3958 566/3959 597/3956
f 592/3958 607/3960 569/3961
f 569/3961 546/3881 592/3958
f 569/3961 600/3962 484/3963
f 484/3963 507/3872 569/3961
f 484/3963 444/3964 443/3965
f 443/3965 482/3873 484/3963
f 443/3965 365/3966 363/3967
f 363/3967 440/3875 443/3965
f 444/3964 370/3968 365/3966
f 365/3966 216/3969 213/3970
f 213/3970 363/3967 365/3966
f 216/3969 389/3971 218/3972
f 218/3972 148/3973 216/3969
f 148/3973 213/3970 216/3969
f 147/3974 84/3975 148/3976
f 84/3975 146/3977 148/3976
f 86/3978 17/3979 84/3975
f 84/3975 20/3980 83/3981
f 17/3979 2618/3982 2616/3983
f 2616/3983 20/3980 17/3979
f 2616/3984 2697/3985 2701/3986
f 2701/3986 2617/3987 2616/3984
f 2706/3988 2620/3989 2617/3987
f 2706/3988 2937/3990 2946/3991
f 2946/3991 2708/3992 2706/3988
f 2951/3993 2735/3994 2708/3992
f 2946/3991 3131/3995 2951/3993
f 2951/3993 3114/3996 2957/3997
f 3108/3998 2957/3997 3114/3996
f 3131/3995 3359/834 3114/3996
f 3114/3996 3330/3999 3108/3998
f 2961/4000 2756/4001 2743/4002
f 2743/4002 2957/3997 2961/4000
f 2961/4000 3104/4003 2963/4004
f 3104/4003 2988/878 2963/4004
f 3108/3998 3316/4005 3104/4003
f 3104/4003 3297/873 3118/879
f 3330/3999 3469/4006 3316/4005
f 3316/4005 3420/874 3297/873
f 2743/4002 2633/4007 2628/882
f 2628/882 2735/3994 2743/4002
f 2633/4007 2576/4008 2568/4009
f 2568/4009 2628/882 2633/4007
f 2756/4001 2640/901 2633/4007
f 2818/4010 2667/902 2640/901
f 2818/4010 2963/4004 2988/878
f 2988/878 2887/4011 2818/4010
f 2621/881 2708/3992 2735/3994
f 2946/3991 3145/4012 3146/819
f 2701/3986 2930/4013 2937/3990
f 2937/3990 3136/4014 3145/4012
f 2930/4013 3121/4015 3136/4014
f 3136/4014 3393/4016 3404/4017
f 3404/4017 3145/4012 3136/4014
f 3404/4017 3672/4018 3675/4019
f 3675/4019 3423/821 3404/4017
f 3675/4019 3925/4020 3931/4021
f 3931/4021 3678/4022 3675/4019
f 3938/4023 3710/4024 3678/4022
f 3938/4023 4141/4025 4143/4026
f 4143/4026 3948/4027 3938/4023
f 4147/4028 3956/4029 3948/4027
f 4143/4026 4362/4030 4147/4028
f 4147/4028 4360/4031 4155/4032
f 4354/4033 4155/4032 4360/4031
f 4362/4030 4479/4034 4360/4031
f 4360/4031 4478/4035 4354/4033
f 4476/4036 4354/4033 4478/4035
f 4479/4037 4538/4038 4478/4039
f 4478/4040 4537/4041 4476/4042
f 4538/4043 4595/4044 4537/4041
f 4537/4041 4596/4045 4536/4046
f 4536/4046 4476/4042 4537/4041
f 4475/4047 4345/4048 4474/4049
f 4474/4049 4348/4050 4476/4042
f 4474/4049 4536/4046 4475/4047
f 4536/4046 4598/4051 4541/4052
f 4541/4052 4475/4047 4536/4046
f 4477/4053 4542/4054 4483/4055
f 4483/4055 4347/4056 4477/4053
f 4477/4053 4340/4057 4475/4047
f 4351/4058 4170/4059 4347/4060
f 4347/4061 4162/4062 4340/4063
f 4162/4064 4056/4065 4034/4066
f 4162/4064 4014/4067 4151/4068
f 4151/4069 4340/4063 4162/4062
f 4151/4069 3991/4070 4158/4071
f 4158/4071 4345/4072 4151/4069
f 3991/4070 4154/4073 4158/4071
f 4154/4073 4348/4074 4158/4071
f 3973/4075 3807/4076 3790/4077
f 3790/4077 3956/4078 3973/4075
f 3973/4079 4155/4032 4154/4073
f 3807/4076 3622/4080 3790/4077
f 3790/4077 3620/828 3772/4081
f 3625/4082 3420/874 3622/4083
f 3622/4083 3469/4006 3620/4084
f 3829/4085 3681/4086 3625/4087
f 3829/4085 3991/4088 4014/4089
f 4014/4089 3859/4090 3829/4085
f 3681/4091 3572/4092 3507/919
f 3681/4091 3457/875 3625/4082
f 3859/4090 3746/4093 3681/4086
f 3572/4094 3499/995 3427/4095
f 3572/4092 3389/920 3507/919
f 3746/4093 3642/4096 3572/4097
f 3828/4098 3642/996 3811/4099
f 3811/4099 3935/4100 3980/991
f 3811/4099 3999/990 3828/4098
f 3837/982 3677/997 3828/4098
f 3828/4098 3966/980 3837/982
f 3427/4095 3398/1000 3327/969
f 3427/4101 3307/941 3389/4102
f 4170/4059 4082/989 4056/4065
f 4483/4055 4365/4103 4351/4104
f 4544/4105 4491/4106 4483/4055
f 4483/4055 4376/4107 4365/4103
f 4491/4106 4394/4108 4376/4107
f 4376/4107 4190/4109 4179/4110
f 4179/4110 4365/4103 4376/4107
f 4190/4109 4011/4111 4018/4112
f 4018/4112 4179/4110 4190/4109
f 4394/4108 4202/4113 4190/4109
f 4431/4114 4207/4115 4202/4113
f 4431/4114 4491/4106 4497/4116
f 4497/4116 4435/4117 4431/4114
f 4501/4118 4550/4119 4551/4120
f 4551/4120 4503/4121 4501/4118
f 4501/4118 4437/4122 4435/4117
f 4437/4122 4216/4123 4213/4124
f 4213/4124 4435/4117 4437/4122
f 4503/4121 4436/4125 4437/4122
f 4500/4126 4553/4127 4554/4128
f 4554/4128 4498/4129 4500/4126
f 4500/4126 4434/4130 4436/4125
f 4434/4130 4211/4131 4215/4132
f 4215/4132 4436/4125 4434/4130
f 4498/4129 4432/4133 4434/4130
f 4504/4134 4556/4135 4558/4136
f 4558/4136 4506/4137 4504/4134
f 4504/4134 4430/4138 4432/4133
f 4506/4137 4429/4139 4430/4138
f 4430/4138 4206/4140 4209/4141
f 4209/4141 4432/4133 4430/4138
f 4206/4142 3998/4143 4209/4144
f 3998/4143 4211/4145 4209/4144
f 3998/4146 3784/4147 4003/4148
f 3784/4147 4004/4149 4003/4148
f 4003/4150 4215/4151 4211/4152
f 3787/4153 4009/4154 4004/4149
f 4009/4155 4215/4156 4004/4157
f 3791/4158 4007/4159 4009/4160
f 4009/4161 4213/4124 4216/4123
f 3664/4162 4008/4163 4007/4159
f 4007/4164 4207/4115 4213/4124
f 3804/4165 4011/4166 4008/4163
f 4008/4167 4202/4113 4207/4115
f 3804/4165 3383/4168 3429/4169
f 3429/4169 3820/4170 3804/4165
f 3804/4165 4018/4171 4011/4166
f 3820/4170 3514/4172 3831/4173
f 3831/4173 4018/4171 3820/4170
f 3831/4173 3540/999 3839/4174
f 3839/4174 4029/4175 3831/4173
f 3839/4174 3601/4176 3846/981
f 3846/981 4037/1005 3839/4174
f 3429/4169 3290/4177 3514/4172
f 3514/4172 3324/966 3540/999
f 3278/4178 3053/4179 3290/4177
f 3290/4177 3074/4180 3324/966
f 3043/4181 2842/4182 3053/4179
f 3053/4183 2848/4184 3074/963
f 2842/4185 2643/4186 2848/4184
f 2643/4186 2839/4187 2848/4184
f 2839/4187 3074/963 2848/4184
f 2639/4188 2760/4189 2839/4187
f 2839/4187 3006/946 3077/964
f 2636/4190 2699/4191 2760/4189
f 2760/4189 2948/4192 3006/946
f 2622/951 2667/902 2699/4193
f 2699/4191 2887/918 2948/4192
f 2643/4186 2598/4194 2594/4195
f 2594/4195 2639/4188 2643/4186
f 2598/4196 19/4197 2594/4198
f 19/4197 2588/4199 2594/4198
f 2658/4200 2843/4201 2661/4202
f 2661/4202 2598/4194 2658/4200
f 2844/4203 2661/4204 2843/4205
f 2843/4205 3039/4206 2844/4203
f 2933/4207 2844/4203 3039/4206
f 3043/4181 3271/4208 3039/4209
f 3039/4206 3383/4210 2933/4207
f 3263/4211 2933/4207 3383/4210
f 3383/4210 3664/4212 3263/4211
f 3501/4213 3263/4211 3664/4212
f 3664/4212 3791/4214 3501/4213
f 3258/4215 3038/4216 3262/4217
f 3262/4217 3037/4218 3263/4211
f 3262/4217 3496/4219 3258/4215
f 3494/4220 3258/4215 3496/4219
f 3501/4213 3787/4153 3496/4219
f 3496/4219 3784/4147 3494/4220
f 3253/4221 3492/4222 3251/4223
f 3251/4223 3034/4224 3253/4221
f 3253/4221 3036/4225 3258/4215
f 3494/4220 3783/4226 3492/4222
f 3492/4222 3781/4227 3489/4228
f 3489/4228 3251/4223 3492/4222
f 3783/4226 3997/4229 3781/4227
f 3781/4227 3993/4230 3778/4231
f 3778/4231 3489/4228 3781/4227
f 3997/4229 4204/4232 3993/4230
f 3993/4230 4200/4233 3989/4234
f 3989/4234 3778/4231 3993/4230
f 4204/4235 4403/4236 4200/4237
f 4200/4237 4400/3464 4197/3461
f 4197/4238 3989/4234 4200/4233
f 4418/4239 4580/4240 4403/4236
f 4403/4236 4502/3467 4400/3464
f 4580/4241 4667/4242 4670/4243
f 4670/4243 4573/4244 4580/4241
f 4671/4245 4898/4246 4897/4247
f 4897/4247 4673/4248 4671/4245
f 4673/4249 4573/4250 4671/4251
f 4903/4252 4946/4253 4939/4254
f 4939/4255 4849/1011 4903/4256
f 4849/1011 4673/4249 4903/4256
f 4939/4255 4977/4257 4936/4258
f 4936/4258 4912/1009 4939/4255
f 4909/4259 4932/4260 4871/4261
f 4871/4261 4718/4262 4909/4259
f 4909/4259 4751/1006 4912/1009
f 4718/4262 4603/3472 4751/1006
f 4718/4262 4767/3493 4701/4263
f 4701/4263 4642/4264 4718/4262
f 4871/4261 4927/3494 4767/3493
f 4936/4258 4968/4265 4932/4260
f 4932/4260 4963/3497 4927/3494
f 4977/4266 4988/4267 4968/4268
f 4968/4265 4985/3500 4963/3497
f 4982/4269 4998/4270 4988/4267
f 4988/4267 4997/3503 4985/4271
f 4980/4272 4978/4273 4998/4270
f 4998/4270 4983/3507 4997/3503
f 4978/4273 4964/4274 4960/4275
f 4978/4273 4965/3510 4983/3507
f 4960/4275 4935/4276 4937/4277
f 4937/4277 4965/3510 4960/4275
f 4937/4277 4906/4278 4918/4279
f 4918/4279 4940/4280 4937/4277
f 4920/4281 4886/4282 4869/4283
f 4920/4281 4783/4284 4916/4285
f 4916/4285 4940/4280 4920/4281
f 4874/4286 4916/4285 4783/4284
f 4869/4283 4790/4287 4783/4284
f 4783/4284 4819/4288 4874/4286
f 4798/3520 4874/4286 4819/4288
f 4790/4287 4794/4289 4819/4288
f 4819/4288 4802/4290 4798/3520
f 4802/4290 4851/3521 4798/3520
f 4794/4289 4815/4291 4802/4290
f 4815/4291 4837/4292 4802/4290
f 4845/4293 4837/4292 4838/4294
f 4838/4294 4826/4295 4841/4296
f 4841/4297 4844/4298 4845/4299
f 4845/4299 4830/4300 4835/4301
f 4825/4302 4779/4303 4776/4304
f 4776/4304 4828/4305 4825/4302
f 4825/4302 4846/4306 4845/4299
f 4776/4304 4738/4307 4728/4308
f 4728/4308 4764/3527 4776/4304
f 4728/4308 4685/4309 4684/3538
f 4684/3538 4722/3530 4728/4308
f 4738/4307 4690/4310 4685/4309
f 4685/4309 4623/4311 4618/4312
f 4618/4312 4684/3538 4685/4309
f 4623/4311 4578/4313 4575/4314
f 4575/4314 4618/4312 4623/4311
f 4690/4310 4625/4315 4623/4311
f 4687/4316 4625/4315 4689/4317
f 4689/4317 4747/4318 4746/4319
f 4689/4317 4740/4320 4687/4316
f 4739/4321 4687/4316 4740/4320
f 4746/4319 4773/4322 4740/4320
f 4740/4320 4777/4323 4739/4321
f 4777/4323 4745/4324 4739/4321
f 4773/4322 4811/4325 4777/4323
f 4811/4325 4774/4326 4777/4323
f 4810/4327 4778/4328 4774/4326
f 4810/4327 4839/4329 4834/4330
f 4834/4330 4808/4331 4810/4327
f 4806/4332 4808/4331 4822/4333
f 4822/4333 4824/4334 4816/4335
f 4816/4335 4806/4332 4822/4333
f 4793/4336 4806/4332 4801/4337
f 4801/4337 4812/4338 4803/4339
f 4803/4339 4793/4336 4801/4337
f 4792/4340 4793/4336 4797/4341
f 4797/4341 4795/4342 4788/4343
f 4788/4343 4792/4340 4797/4341
f 4763/4344 4716/4345 4792/4340
f 4763/4344 4786/4346 4765/4347
f 4763/4344 4712/4348 4711/4349
f 4712/4348 4657/4350 4711/4349
f 4765/4347 4715/4351 4712/4348
f 4765/4347 4787/4352 4769/4353
f 4769/4353 4782/4354 4761/4355
f 4769/4353 4713/4356 4715/4351
f 4665/4357 4715/4351 4713/4356
f 4761/4355 4706/814 4713/4356
f 4713/4356 4663/813 4665/4357
f 4755/4358 4782/4354 4770/4359
f 4770/4359 4704/4360 4755/4358
f 4755/4358 4683/815 4706/814
f 4725/4361 4650/4362 4704/4360
f 4650/4362 4683/815 4704/4360
f 4650/4362 4594/4363 4593/4364
f 4593/4364 4643/816 4650/4362
f 4590/4365 4539/4366 4535/4367
f 4535/4367 4589/4368 4590/4365
f 4590/4365 4622/817 4643/816
f 4533/4369 4549/4370 4589/4368
f 4589/4368 4621/812 4622/817
f 4549/4370 4514/4371 4581/4372
f 4581/4372 4621/812 4549/4370
f 4621/812 4586/4373 4614/4374
f 4614/4374 4665/4357 4621/812
f 4614/4374 4662/4375 4657/4350
f 4614/4374 4653/4376 4662/4375
f 4662/4375 4707/4377 4716/4345
f 4662/4375 4711/4349 4657/4350
f 4653/4376 4702/4378 4707/4377
f 4707/4377 4760/4379 4771/4380
f 4771/4380 4716/4345 4707/4377
f 4702/4378 4754/4381 4760/4379
f 4754/4381 4789/4382 4760/4379
f 4789/4382 4771/4380 4760/4379
f 4791/4383 4744/797 4772/4384
f 4772/4384 4800/4385 4791/4383
f 4800/4385 4789/4382 4791/4383
f 4775/4386 4741/4387 4749/4388
f 4749/4388 4778/4328 4775/4386
f 4775/4386 4808/4331 4800/4385
f 4750/4389 4696/4390 4694/4391
f 4694/4391 4745/4324 4750/4389
f 4750/4389 4774/4326 4778/4328
f 4691/4392 4634/4393 4630/4394
f 4630/4394 4686/4395 4691/4392
f 4691/4392 4739/4321 4745/4324
f 4628/4396 4583/4397 4582/4398
f 4582/4398 4627/4399 4628/4396
f 4627/4399 4686/4395 4628/4396
f 4579/4400 4527/4401 4526/4402
f 4526/4402 4578/4313 4579/4400
f 4579/4400 4625/4315 4627/4399
f 4522/4403 4575/4314 4578/4313
f 4459/3546 4519/3544 4522/4403
f 4522/4403 4571/3542 4575/4314
s 0
f 4459/3546 4276/4404 4149/3549
s 1
f 4149/3549 3945/4405 3927/4406
f 3927/4406 3396/4407 3323/4408
f 2696/4409 3246/4410 3323/4411
f 2826/4412 2696/4409 2571/4413
f 2571/4413 2821/3565 2826/4412
f 2826/4412 3009/3561 3014/3560
f 2657/4414 2571/4415 2593/4416
f 2593/4416 2655/4417 2657/4414
f 2657/4418 2820/3566 2821/3565
f 2592/4419 39/4420 41/4421
f 41/4421 2591/3572 2592/4419
f 2592/4422 2654/4423 2655/4417
f 42/4424 101/4425 102/4426
f 102/4426 43/3577 42/4424
f 42/4424 2590/3573 2591/3572
f 103/4427 163/4428 164/4429
f 164/4429 105/4430 103/4427
f 103/4427 45/3578 43/3577
f 165/4431 96/3581 105/4430
f 105/4430 96/3581 45/3578
f 166/4432 107/3587 96/3581
f 168/4433 260/4434 257/4435
f 257/4435 169/3590 168/4433
f 168/4433 108/3588 107/3587
f 259/4436 732/4437 730/4438
f 730/4438 262/3593 259/4436
f 259/4436 170/3591 169/3590
f 729/4439 878/4440 874/4441
f 874/4441 728/3596 729/4439
f 729/4439 258/3594 262/3593
f 871/4442 989/4443 987/4444
f 987/4444 936/4445 871/4442
f 871/4442 726/3597 728/3596
f 936/4445 724/3599 726/3597
f 936/4445 1097/4446 1099/4447
f 1099/4447 986/3609 936/4445
f 1097/4446 1223/4448 1099/4447
f 1099/4447 1331/4449 1101/3612
f 1331/4449 1418/4450 1220/4451
f 1220/4451 1101/3612 1331/4449
f 1331/4449 1724/4452 1418/4450
f 1418/4453 1624/4454 1405/3621
f 1405/4455 1220/4451 1418/4450
f 1724/4456 1747/4457 1624/4454
f 1724/4456 1833/4458 1747/4457
f 1747/4457 1801/3631 1736/3628
f 1736/3628 1624/4454 1747/4457
f 1848/4459 1922/4460 1833/4458
f 1833/4458 1880/3633 1801/3631
f 1954/4461 2013/144 1922/4460
f 1922/4460 2007/4462 1880/3633
f 1869/4463 1954/4461 1848/4459
f 1848/4459 1759/4464 1869/4463
f 1892/4465 1993/141 1869/4463
f 1869/4463 1783/4466 1892/4465
f 1794/4467 1892/4465 1783/4466
f 1759/4464 1654/4468 1783/4466
f 1783/4466 1660/4469 1794/4467
f 1667/4470 1794/4467 1660/4469
f 1654/4471 1447/4472 1660/4473
f 1660/4473 1454/4474 1667/4475
f 1461/4476 1667/4475 1454/4474
f 1447/4472 1228/4477 1454/4474
f 1454/4474 1229/4478 1461/4476
f 1234/4479 1461/4476 1229/4478
f 1228/4477 1098/4480 1229/4478
f 1229/4478 1100/4481 1234/4479
f 1102/4482 1234/4479 1100/4481
f 1098/4480 990/4483 1100/4481
f 1100/4481 992/4484 1102/4482
f 995/4485 1102/4482 992/4484
f 992/4484 877/4486 876/4487
f 992/4484 875/4488 995/4485
f 880/4489 995/4485 875/4488
f 875/4488 736/4490 740/4491
f 875/4488 745/4492 880/4489
f 747/4493 880/4489 745/4492
f 745/4492 263/4494 256/4495
f 256/4495 747/4493 745/4492
f 252/4496 747/4493 253/4497
f 253/4497 164/4429 163/4428
f 163/4428 252/4496 253/4497
f 162/4498 249/4499 252/4496
f 162/4498 102/4426 101/4425
f 101/4425 161/4500 162/4498
f 100/4501 125/4502 161/4500
f 100/4501 41/4421 39/4420
f 39/4420 125/4502 100/4501
f 2571/4503 63/4504 125/4502
s 0
f 2696/4505 3/4506 63/4507
s 1
f 2742/4508 2597/4509 3/4506
f 2952/4510 3396/4407 3295/4511
f 3295/4512 3094/4513 2952/4514
f 3709/4515 3094/4516 3295/4511
f 3723/4517 3300/4518 3094/4516
f 3851/4519 3575/4520 3567/4521
f 3851/4519 4196/4522 4068/4523
f 4068/4523 3853/4524 3851/4519
f 4071/4525 3854/4526 3853/4524
f 4071/4525 4333/4527 4338/4528
f 4338/4528 4073/4529 4071/4525
f 4339/4530 4075/4531 4073/4529
f 4339/4530 4471/4532 4473/4533
f 4473/4533 4341/4534 4339/4530
f 4472/4535 4343/4536 4341/4534
f 4472/4535 4532/4537 4531/4538
f 4531/4538 4470/4539 4472/4535
f 4577/4540 4509/4541 4470/4539
f 4577/4540 4570/4542 4509/4541
f 4570/4542 4529/4543 4509/4541
f 4570/4542 4611/4544 4608/4545
f 4608/4545 4529/4543 4570/4542
f 4607/4546 4576/4547 4529/4543
f 4607/4546 4645/793 4649/4548
f 4649/4548 4612/4549 4607/4546
f 4649/4548 4688/798 4699/4550
f 4699/4550 4653/4376 4649/4548
f 4399/4551 4529/4543 4576/4547
f 4399/4551 4509/4541 4529/4543
f 4344/4552 4085/4553 4081/4554
f 4081/4554 4343/4536 4344/4552
f 4344/4552 4470/4539 4509/4541
f 4077/4555 3862/4556 3858/4557
f 3858/4557 4075/4531 4077/4555
f 4077/4555 4341/4534 4343/4536
f 3856/4558 3585/4559 3580/4560
f 3580/4560 3854/4526 3856/4558
f 3856/4558 4073/4529 4075/4531
f 3577/4561 3309/4562 3306/4563
f 3306/4563 3575/4520 3577/4561
f 3577/4561 3853/4524 3854/4526
f 3076/4564 3567/4521 3575/4520
f 2959/4565 3094/4513 3300/4566
f 3094/4513 2635/4567 2634/4568
f 2634/4568 2952/4514 3094/4513
f 2666/4569 2634/4570 2599/4571
f 2597/4509 33/4572 35/4573
f 2597/4509 2742/4508 2666/4569
s 0
f 35/4574 121/4575 98/4576
f 98/4576 3/4577 35/4574
s 1
f 35/4573 3/4506 2597/4509
s 0
f 98/4576 158/4578 159/4579
f 159/4579 63/4504 98/4576
f 98/4576 63/4504 3/4577
s 1
f 246/4580 125/4502 159/4579
f 159/4579 125/4502 63/4504
f 247/4581 743/4582 744/4583
f 744/4583 249/4499 247/4581
f 247/4581 161/4500 125/4502
f 744/4583 883/4584 746/4585
f 746/4585 882/4586 748/4587
f 748/4587 249/4499 746/4585
f 883/4584 1001/4588 882/4586
f 882/4586 1000/4589 881/4590
f 882/4586 747/4493 748/4587
f 1001/4588 1116/4591 1000/4589
f 1000/4589 1112/4592 999/4593
f 999/4593 881/4590 1000/4589
f 1116/4591 1245/4594 1112/4592
f 1112/4592 1241/4595 1104/4596
f 1104/4596 999/4593 1112/4592
f 1245/4594 1465/4597 1241/4595
f 1241/4595 1464/4598 1237/4599
f 1237/4599 1104/4596 1241/4595
f 1465/4597 1682/4600 1464/4598
f 1464/4598 1679/4601 1462/4602
f 1462/4602 1237/4599 1464/4598
f 1682/4603 1805/4604 1679/4605
f 1679/4601 1802/4606 1675/4607
f 1675/4607 1462/4602 1679/4601
f 1805/4604 1931/4608 1802/4609
f 1802/4609 1917/4610 1799/4611
f 1799/4611 1675/4612 1802/4609
f 1931/4608 2273/4613 1917/4610
f 1917/4610 2053/4614 1903/4615
f 1903/4615 1799/4611 1917/4610
f 2273/4613 2424/4616 2053/4614
f 2053/4614 2378/4617 2031/4618
f 2031/4618 1903/4615 2053/4614
f 2388/4619 2338/142 2378/4617
f 2338/142 2031/4618 2378/4617
f 2378/4617 2440/4620 2388/4619
f 2450/4621 2388/4619 2440/4620
f 2424/4616 2465/4622 2440/4620
f 2440/4620 2477/4623 2450/4621
f 2458/4624 2450/4621 2477/4623
f 2465/4622 2499/4625 2477/4623
f 2477/4623 2488/4626 2458/4624
f 2486/4627 2458/4624 2488/4626
f 2499/4625 2495/4628 2488/4626
f 2488/4626 2507/4629 2486/4627
f 2506/4630 2486/4627 2507/4629
f 2495/4628 2500/4631 2507/4629
f 2507/4629 2533/4632 2506/4630
f 2518/4633 2506/4630 2533/4632
f 2500/4631 2538/4634 2533/4632
f 2533/4632 2489/4635 2518/4633
f 2445/4636 2518/4637 2489/4638
f 2538/4634 2436/4639 2489/4635
f 2489/4638 2395/4640 2445/4636
f 2423/4641 2445/4636 2395/4640
f 2395/4640 2344/4642 2314/4643
f 2395/4640 2349/4644 2423/4641
f 2349/4644 2415/4645 2423/4641
f 2314/4643 2271/4646 2349/4644
f 2271/4646 2320/4647 2349/4644
f 2112/4648 2301/4649 2320/4647
f 2271/4646 2154/4650 2112/4648
f 2112/4651 2173/4652 2132/4653
f 2232/4654 2132/4653 2173/4652
f 2154/4655 2190/4656 2173/4652
f 2173/4652 2227/4657 2232/4654
f 2246/4658 2232/4654 2227/4657
f 2190/4656 2205/4659 2227/4657
f 2227/4657 2238/4660 2246/4658
f 2245/4661 2246/4658 2238/4660
f 2238/4660 2243/4662 2245/4661
f 2242/4663 2245/4664 2243/4665
f 2238/4660 2239/4666 2243/4662
f 2243/4665 2237/4667 2242/4663
f 2237/4667 2233/4668 2242/4663
f 2237/4669 2181/4670 2185/4671
f 2185/4671 2226/4672 2237/4669
f 2170/4673 2226/4672 2182/4674
f 2185/4671 2146/4675 2182/4674
f 2146/4675 2170/4673 2182/4674
f 2146/4675 2171/4676 2170/4673
f 2146/4675 2114/4677 2134/4678
f 2134/4678 2155/4679 2146/4675
f 2120/4680 2141/4681 2139/4682
f 2120/4680 2102/4683 2104/4684
f 2104/4684 2123/4685 2120/4680
f 2096/4686 2147/3697 2123/4685
f 2096/4686 2069/4687 2062/4688
f 2062/4688 2106/4689 2096/4686
f 2060/4690 2121/4691 2106/4689
f 2060/4690 2011/4692 2008/4693
f 2008/4693 2064/4694 2060/4690
f 2006/4695 2067/4696 2064/4694
f 2006/4695 1921/4697 1918/4698
f 1918/4698 2003/4699 2006/4695
f 1915/4700 1997/3709 2003/4699
f 1915/4700 1840/4701 1837/4702
f 1837/4702 1911/3711 1915/4700
f 1695/4703 1754/3713 1760/4704
f 1614/4705 1751/3714 1754/3713
f 1610/3715 1173/4706 1278/4707
f 1278/4707 1612/3716 1610/3715
f 1279/4708 1517/3720 1612/3716
f 1279/4708 1037/4709 1113/4710
f 1113/4710 1281/3723 1279/4708
f 1115/4711 1284/3724 1281/3723
f 1113/4710 984/4712 1115/4711
f 984/4712 1114/3727 1115/4711
f 982/4713 921/4714 918/4715
f 918/4715 980/4716 982/4713
f 982/4713 1111/3728 1114/3727
f 914/4717 979/4718 980/4716
f 980/4716 1108/4719 1111/3728
f 915/4720 978/4721 979/4718
f 979/4718 1106/4722 1108/4719
f 1377/3732 1108/4719 1106/4722
f 978/4721 1047/4723 1106/4722
f 1106/4722 1269/4724 1377/3732
f 1514/3734 1377/3732 1269/4724
f 1047/4723 1259/3738 1269/4724
f 1269/4724 1508/3736 1514/3734
f 908/4725 1041/4726 1047/4723
f 901/4727 827/4728 824/4729
f 824/4729 889/4730 901/4727
f 901/4727 958/4731 1041/4726
f 823/4732 872/4733 889/4734
f 817/4735 860/4736 872/4733
f 860/4736 958/4737 872/4733
f 809/4738 866/4739 860/4736
f 860/4736 961/3746 959/3744
f 803/4740 863/4741 866/4739
f 863/4741 961/3746 866/4739
f 800/4742 862/4743 863/4741
f 862/4743 962/3749 863/4741
f 862/4743 784/4744 864/4745
f 864/4745 964/3752 862/4743
f 864/4745 783/3783 865/4746
f 865/4746 965/3756 864/4745
f 865/4746 785/3781 859/3779
f 859/3779 966/3758 865/4746
f 803/4740 734/4747 720/4748
f 720/4748 800/4742 803/4740
f 720/4748 664/4749 663/3924
f 663/3924 707/79 720/4748
f 734/4747 665/4750 664/4749
f 665/4750 628/3928 664/4749
f 664/4749 625/3925 663/3924
f 665/4750 618/4751 623/4752
f 623/4752 594/4753 593/4754
f 623/4752 590/3929 628/3928
f 618/4751 605/4755 594/4753
f 594/4753 538/4756 517/4757
f 517/4757 593/4754 594/4753
f 605/4758 549/4759 538/4760
f 526/4761 517/4757 538/4756
f 549/4759 537/4762 526/4763
f 537/4762 543/4764 544/4765
f 547/3937 522/4766 527/3938
f 543/4764 536/4767 522/4766
f 571/4768 529/4769 536/4767
f 536/4767 512/4770 522/4766
f 570/4771 608/4772 598/4773
f 598/4773 595/4774 570/4771
f 570/4771 548/3946 529/3945
f 598/4773 666/4775 616/4776
f 616/4776 678/4777 630/4778
f 630/4778 595/4774 616/4776
f 666/4775 757/4779 678/4777
f 678/4777 756/4780 679/4781
f 679/4781 630/4778 678/4777
f 679/4781 755/4782 675/4783
f 675/4783 627/3951 679/4781
f 675/4784 753/4785 674/4786
f 674/4787 621/3952 675/4783
f 674/4786 753/4785 670/4788
f 670/4788 619/4789 674/4786
f 670/4788 723/4790 653/4791
f 653/4791 622/3957 670/4788
f 653/4791 701/4792 646/4793
f 646/4793 607/3960 653/4791
f 646/4793 467/4794 448/4795
f 448/4795 600/3962 646/4793
f 701/4792 651/806 467/4794
f 467/4794 404/4796 389/3971
f 389/3971 448/4795 467/4794
f 779/4797 813/4798 763/4799
f 763/4799 754/807 651/806
f 763/4799 723/4790 779/4797
f 833/4800 913/4801 813/4798
f 813/4798 913/4801 754/807
f 913/4801 695/810 754/807
f 929/4802 632/4803 695/4804
f 632/4805 231/4806 695/4807
f 189/4808 118/4809 231/4806
f 149/4810 231/4806 118/4809
s 0
f 189/4808 55/4811 118/4809
s 1
f 86/3978 149/4810 118/4809
s 0
f 55/4811 15/4812 118/4809
s 1
f 15/4812 86/3978 118/4809
f 15/4812 2614/4813 2615/4814
f 2615/4814 16/4815 15/4812
f 2615/4816 2823/4817 2695/4818
f 2695/4818 2618/4819 2615/4816
f 2695/4818 2823/4817 2925/4820
f 2925/4820 2697/3985 2695/4818
f 2823/4817 2960/4821 3260/4822
f 3260/4822 2925/4820 2823/4817
f 3260/4822 3708/4823 3661/4824
f 3661/4824 3393/4016 3260/4822
f 3708/4823 3914/4825 3661/4824
f 3914/4825 3672/4018 3661/4824
f 3708/4823 4235/4826 3914/4825
f 3914/4825 4139/4827 3925/4020
f 4139/4827 3931/4021 3925/4020
f 4139/4827 4364/4828 4141/4025
f 4363/4829 4141/4025 4364/4828
f 4235/4826 4482/4830 4364/4828
f 4364/4828 4481/4831 4363/4829
f 4480/4832 4363/4833 4481/4834
f 4482/4835 4533/4369 4481/4834
f 4481/4834 4535/4367 4480/4832
f 4514/4371 4549/4370 4482/4835
f 4514/4371 4231/4836 4515/4837
f 4515/4837 4581/4372 4514/4371
s 0
f 4456/4838 4576/4547 4586/4373
s 1
f 3433/4839 4081/4554 4085/4553
f 3589/4840 3433/4841 3318/4842
f 3318/4842 3585/4843 3589/4840
f 3589/4844 3858/4557 3862/4556
f 3315/4845 2964/4846 3066/4847
f 3066/4847 3309/4848 3315/4845
f 3315/4849 3580/4560 3585/4559
f 3064/4850 2885/4851 2884/4852
f 2884/4852 3063/4853 3064/4850
f 3064/4850 3306/4854 3309/4848
f 2881/4855 2678/4856 2675/4857
f 2675/4857 2874/4858 2881/4855
f 2881/4855 3076/4859 3063/4853
f 2673/4860 2602/4861 2601/4862
f 2601/4862 2635/4863 2673/4860
f 2673/4864 2959/4565 2874/4858
f 2635/4863 32/4865 60/4866
f 60/4866 2634/4570 2635/4863
f 33/4867 60/4868 120/4869
f 33/4572 2599/4571 2634/4570
s 0
f 121/4575 35/4574 33/4867
s 1
f 158/4578 236/4870 241/4871
s 0
f 158/4578 98/4576 121/4575
s 1
f 241/4871 738/4872 741/4873
f 741/4873 246/4580 241/4871
f 241/4871 159/4579 158/4578
f 743/4582 895/4874 892/4875
f 892/4875 1011/4876 888/4877
f 888/4877 1007/4878 886/4879
f 886/4879 743/4582 888/4877
f 1011/4876 1124/4880 1007/4878
f 1007/4878 1121/4881 1004/4882
f 1004/4882 886/4879 1007/4878
f 1124/4880 1261/4883 1121/4881
f 1121/4881 1255/4884 1117/4885
f 1117/4885 1004/4882 1121/4881
f 1261/4883 1478/4886 1255/4884
f 1255/4884 1473/4887 1250/4888
f 1250/4888 1117/4885 1255/4884
f 1478/4886 1694/4889 1473/4887
f 1473/4887 1686/4890 1469/4891
f 1469/4891 1250/4888 1473/4887
f 1694/4892 1817/4893 1686/4894
f 1686/4894 1816/4895 1685/4896
f 1685/4897 1469/4891 1686/4890
f 1817/4893 1925/4898 1816/4895
f 1816/4895 1937/4899 1811/4900
f 1811/4900 1685/4896 1816/4895
f 1925/4898 2292/4901 1937/4899
f 1937/4902 2308/4903 1938/4904
f 1938/4904 1811/4905 1937/4902
f 2308/4903 2430/4906 2294/4907
f 2294/4907 1938/4904 2308/4903
f 2292/4908 2431/4909 2308/4903
f 2428/4910 2483/4911 2431/4909
f 2428/4912 2282/4913 2420/4914
f 2420/4914 2469/4915 2428/4912
f 2437/4916 2469/4917 2443/4918
f 2443/4919 2371/4920 2401/4921
f 2443/4918 2404/4922 2437/4916
f 2410/4923 2437/4916 2404/4922
f 2404/4924 2363/4925 2369/4926
f 2404/4922 2362/4927 2410/4923
f 2348/4928 2410/4923 2362/4927
f 2369/4929 2325/4930 2362/4927
f 2362/4927 2269/4931 2348/4928
f 2265/4932 2348/4928 2269/4931
f 2325/4930 2211/4933 2269/4931
f 2269/4931 2220/4934 2265/4932
f 2191/4935 2265/4932 2220/4934
f 2211/4933 2157/4936 2220/4934
f 2220/4934 2158/4937 2191/4935
f 2159/4938 2191/4939 2158/4940
f 2157/4936 2138/4941 2158/4937
f 2158/4940 2145/4942 2159/4938
f 2151/4943 2145/4942 2142/4944
f 2142/4945 2133/4946 2151/4947
f 2143/4948 2151/4947 2133/4946
f 2133/4946 2113/4949 2143/4948
f 2110/4950 2143/4948 2113/4949
f 2133/4946 2101/4951 2113/4949
f 2113/4949 2090/4952 2110/4950
f 2098/4953 2110/4950 2090/4952
f 2090/4952 2086/4954 2098/4953
f 2095/4955 2098/4953 2086/4954
f 2090/4952 2083/4956 2086/4954
f 2100/4957 2095/4958 2086/4959
f 2083/4956 2077/4960 2086/4954
f 2086/4959 2084/4961 2100/4957
f 2099/4962 2100/4957 2084/4961
f 2077/4963 2066/4964 2084/4961
f 2084/4961 2080/4965 2099/4962
f 2080/4965 2105/4966 2099/4962
f 2066/4964 2022/4967 2080/4965
f 2080/4965 2021/4968 2076/4969
f 2021/4968 2074/4970 2076/4969
f 2022/4967 1940/4971 2021/4968
f 2021/4968 1936/4972 2017/4973
f 1936/4974 2014/4975 2017/4976
f 1940/4971 1852/4977 1936/4972
f 1936/4974 1844/4978 1933/4979
f 1852/4980 1767/4981 1844/4978
s 0
f 1695/4703 1525/4982 1388/4983
s 1
f 1520/4984 1388/4983 1280/4985
f 1280/4985 1614/4705 1520/4984
f 1037/4709 923/4986 983/4987
f 923/4986 984/4712 983/4987
f 1037/4709 821/122 923/4986
f 821/122 921/4714 923/4986
f 852/4988 918/4715 921/4714
f 821/122 819/121 852/4988
f 819/121 850/4989 852/4988
f 810/120 848/4990 850/4989
f 850/4989 914/4717 918/4715
f 804/4991 842/4992 848/4990
f 848/4990 915/4720 914/4717
f 797/4993 841/4994 842/4992
f 841/4994 915/4720 842/4992
f 780/4995 834/4996 841/4994
f 834/4996 908/4725 915/4720
f 828/4997 778/4998 773/4999
f 773/4999 827/4728 828/4997
f 770/5000 702/5001 694/5002
f 694/5002 766/5003 770/5000
f 770/5000 824/4729 827/4728
f 691/5004 764/5005 766/5003
f 766/5003 823/5006 824/4729
f 681/5007 760/5008 764/5009
f 764/5009 817/4735 823/4732
f 672/5010 752/5011 760/5008
f 760/5008 814/5012 817/4735
f 681/5013 633/5014 634/5015
f 634/5016 672/5010 681/5007
f 691/5004 637/5017 633/5014
f 633/5014 611/5018 606/5019
f 606/5019 634/5015 633/5014
f 637/5017 610/5020 611/5018
f 611/5018 583/5021 572/5022
f 572/5022 606/5019 611/5018
f 539/5023 572/5022 583/5021
f 583/5021 559/5024 539/5023
f 559/5024 545/5025 539/5023
f 559/5024 599/5026 564/5027
f 564/5027 589/5028 556/5029
f 556/5029 545/5025 564/5027
f 599/5026 612/5030 589/5028
f 589/5028 609/5031 571/4768
f 571/4768 556/5029 589/5028
f 612/5030 657/5032 609/5031
f 609/5031 658/5033 608/5034
f 608/5034 571/4768 609/5031
f 657/5032 733/5035 658/5033
f 658/5036 737/5037 659/5038
f 659/5038 608/4772 658/5036
f 733/5035 781/5039 737/5040
f 737/5037 789/5041 749/5042
f 749/5042 659/5038 737/5037
f 781/5043 837/5044 789/5041
f 789/5041 839/5045 799/5046
f 799/5046 749/5042 789/5041
f 799/5046 839/5045 796/5047
f 796/5047 757/4779 799/5046
f 796/5047 839/5045 794/5048
f 794/5048 756/4780 796/5047
f 794/5048 839/5045 793/5049
f 793/5049 755/4782 794/5048
f 793/5050 833/4800 779/4797
f 779/4797 753/4785 793/5050
f 839/5051 946/5052 833/5053
f 946/5052 1189/5054 942/5055
f 1189/5054 913/5056 942/5055
f 1127/5057 929/4802 913/5056
f 1306/5058 1126/5059 1127/5057
f 1127/5057 931/5060 929/4802
s 0
f 1126/5059 933/5061 931/5060
s 1
f 1417/5062 1130/5063 1126/5059
s 0
f 1126/5059 924/5064 933/5061
s 1
f 924/5065 420/5066 188/5067
s 0
f 188/5067 632/4805 924/5065
f 188/5067 104/5068 2623/5069
s 1
f 2623/5069 189/4808 188/5067
s 0
f 55/4811 189/4808 1/5070
f 1/5071 2623/5072 2960/4821
s 1
f 2960/4821 2614/5073 1/5071
s 0
f 2983/5074 2960/4821 2623/5072
f 3461/5075 2960/4821 2983/5074
f 3994/5076 4231/5077 3708/4823
f 3647/5078 3461/5075 3071/5079
s 1
f 3071/5079 3433/5080 3647/5078
f 2750/5081 2964/4846 3433/4841
f 2964/4846 2750/5081 2681/5082
f 2681/5082 2885/4851 2964/4846
f 2680/5083 2569/5084 2604/5085
f 2604/5085 2678/5086 2680/5083
f 2680/5087 2884/4852 2885/4851
f 2603/5088 29/5089 30/5090
f 30/5090 2602/4861 2603/5088
f 2603/5088 2675/5091 2678/5086
f 31/5092 89/5093 90/5094
f 90/5094 32/4865 31/5092
f 31/5092 2601/4862 2602/4861
f 91/5095 155/5096 156/5097
f 156/5097 60/4868 91/5095
f 91/5098 60/4866 32/4865
f 201/5099 120/4869 60/4868
f 236/4870 725/5100 727/5101
s 0
f 236/4870 121/4575 120/4869
s 1
f 731/5102 894/5103 896/5104
f 896/5104 738/4872 731/5102
f 731/5102 241/4871 236/4870
f 896/5104 1020/5105 897/5106
f 897/5106 1017/5107 895/4874
f 897/5106 741/4873 738/4872
f 1020/5105 1136/5108 1017/5107
f 1017/5107 1131/5109 1015/5110
f 1015/5110 895/4874 1017/5107
f 1136/5108 1299/5111 1131/5109
f 1131/5109 1287/5112 1128/5113
f 1128/5113 1015/5110 1131/5109
f 1299/5111 1521/5114 1287/5112
f 1287/5112 1506/5115 1270/5116
f 1270/5116 1128/5113 1287/5112
f 1521/5114 1713/5117 1506/5115
f 1506/5115 1706/5118 1497/5119
f 1497/5119 1270/5116 1506/5115
f 1713/5120 1813/5121 1706/5122
f 1706/5122 1812/5123 1701/5124
f 1701/5125 1497/5119 1706/5118
f 1812/5123 1899/5126 1896/5127
f 1896/5127 1814/5128 1812/5123
f 1814/5128 1701/5124 1812/5123
f 1990/5129 1913/5130 1900/5131
f 1900/5131 1817/4893 1814/5128
f 1900/5131 1976/5132 1990/5129
f 1976/5132 2276/5133 1990/5129
f 1896/5127 1994/5134 1976/5132
f 1994/5134 2075/5135 1976/5132
f 2284/5136 2340/5137 2075/5135
f 2284/5136 2001/5138 2309/5139
f 2309/5139 2356/5140 2284/5136
f 2361/5141 2358/5142 2356/5140
f 2361/5141 2266/5143 2317/5144
f 2317/5144 2364/5145 2361/5141
f 2316/5146 2364/5145 2324/5147
f 2324/5147 2339/5148 2334/5149
f 2324/5147 2326/5150 2316/5146
f 2236/5151 2316/5146 2326/5150
f 2326/5150 2336/5152 2337/5153
f 2326/5150 2249/5154 2236/5151
f 2156/5155 2236/5151 2249/5154
f 2249/5154 2310/5156 2218/5157
f 2218/5157 2156/5155 2249/5154
f 2137/5158 2156/5159 2163/5160
f 2218/5161 2166/5162 2163/5160
f 2163/5160 2127/5163 2137/5158
f 2166/5162 2124/5164 2127/5163
f 2103/5165 2109/5166 2127/5163
f 2124/5164 2107/5167 2103/5165
f 2094/5168 2109/5166 2103/5165
f 2107/5167 2087/5169 2103/5165
f 2103/5165 2088/5170 2094/5168
f 2081/5171 2094/5168 2088/5170
f 2087/5169 2078/5172 2088/5170
f 2088/5170 2073/5173 2081/5171
f 2085/5174 2081/5171 2073/5173
f 2078/5172 2026/5175 2073/5173
f 2073/5173 2028/5176 2085/5174
f 2032/5177 2085/5174 2028/5176
f 2026/5175 1947/5178 2028/5176
f 2028/5176 1948/5179 2032/5177
f 1944/5180 2032/5177 1948/5179
f 1947/5178 1854/5181 1948/5179
f 1948/5179 1854/5181 1944/5180
f 1854/5182 1942/5183 1944/5184
f 1791/5185 1850/5186 1854/5182
f 1711/5187 1781/5188 1710/5189
f 1712/5190 1533/5191 1710/5189
f 1710/5189 1533/5191 1711/5187
f 1623/5192 1711/5187 1533/5191
f 1533/5191 1180/5193 1623/5192
s 0
f 1180/5194 1525/4982 1623/5195
f 1180/5194 1032/5196 1176/5197
f 911/5198 928/5199 1032/5196
s 1
f 845/5200 928/5199 836/5201
f 835/5202 792/5203 836/5201
f 836/5201 801/5204 845/5200
f 806/5205 845/5200 801/5204
f 792/5203 758/5206 801/5204
f 801/5204 759/5207 806/5205
f 765/5208 806/5205 759/5207
f 758/5206 682/5209 759/5207
f 682/5209 765/5208 759/5207
f 721/124 765/5208 696/5210
f 696/5210 626/5211 638/5212
f 696/5210 667/5213 721/124
f 750/5214 721/124 667/5213
f 638/5212 652/5215 667/5213
f 667/5213 722/5216 750/5214
f 797/4993 750/5214 722/5216
f 652/5215 710/5217 722/5216
f 722/5216 780/4995 797/4993
f 647/5218 704/5219 710/5217
f 710/5217 778/4998 780/4995
f 644/5220 702/5001 704/5219
f 704/5219 773/4999 778/4998
f 644/5220 613/5221 615/5222
f 615/5222 640/5223 644/5220
f 647/5218 617/5224 613/5221
f 613/5221 604/5225 591/5226
f 591/5226 615/5222 613/5221
f 617/5224 626/5211 604/5225
f 604/5225 629/5227 601/5228
f 601/5228 591/5226 604/5225
f 626/5211 677/5229 629/5227
f 629/5227 668/5230 620/5231
f 620/5231 601/5228 629/5227
f 677/5229 751/5232 668/5230
f 668/5230 735/5233 661/5234
f 661/5234 620/5231 668/5230
f 751/5232 782/5235 735/5233
f 735/5233 782/5235 733/5035
f 733/5035 661/5234 735/5233
f 782/5235 838/5236 781/5039
f 781/5039 733/5035 782/5235
f 835/5202 911/5198 838/5236
f 943/5237 838/5238 941/5239
s 0
f 943/5237 985/5240 916/5241
s 1
f 916/5241 837/5044 943/5237
f 946/5242 839/5045 916/5241
s 0
f 985/5240 1188/5243 946/5242
f 1125/5244 1302/5245 1188/5243
s 1
f 1188/5246 1540/5247 1557/5248
f 1557/5248 1189/5054 1188/5246
f 1720/5249 1562/5250 1557/5248
f 1721/5251 1558/5252 1562/5250
f 1562/5250 1306/5058 1189/5054
f 1721/5251 1417/5062 1558/5252
f 1558/5252 1417/5062 1306/5058
f 1715/5253 1420/5254 1417/5062
f 1420/5254 1135/5255 1130/5063
f 1130/5063 1417/5062 1420/5254
s 0
f 1135/5256 940/5257 938/5258
f 938/5259 1130/5063 1135/5255
s 1
f 709/5260 938/5258 940/5257
f 191/5261 420/5262 709/5260
s 0
f 28/5263 104/5068 191/5264
f 104/5068 28/5263 2638/5265
f 2638/5265 2623/5069 104/5068
f 2638/5266 2750/5267 3071/5079
f 3071/5079 2623/5072 2638/5266
s 1
f 28/5263 2681/5268 2750/5269
f 2569/5084 28/5263 87/5270
f 87/5270 29/5089 2569/5084
f 88/5271 151/5272 152/5273
f 152/5273 89/5274 88/5271
f 88/5275 30/5090 29/5089
f 154/5276 232/5277 233/5278
f 233/5278 155/5096 154/5276
f 154/5276 90/5279 89/5274
f 234/5280 715/5281 716/5282
f 716/5282 235/5283 234/5280
f 234/5280 156/5097 155/5096
f 719/5284 890/5285 891/5286
f 891/5286 725/5100 719/5284
f 719/5284 201/5099 235/5283
f 891/5286 1026/5287 893/5288
f 893/5288 1024/5289 894/5103
f 893/5288 727/5101 725/5100
f 1026/5287 1140/5290 1024/5289
f 1024/5289 1138/5291 1022/5292
f 1022/5292 894/5103 1024/5289
f 1140/5290 1310/5293 1138/5291
f 1138/5291 1307/5294 1137/5295
f 1137/5295 1022/5292 1138/5291
f 1307/5294 1553/5296 1554/5297
f 1554/5297 1304/5298 1307/5294
f 1304/5298 1137/5295 1307/5294
f 1551/5299 1738/5300 1739/5301
f 1551/5299 1730/5302 1534/5303
f 1534/5304 1304/5298 1551/5305
f 1739/5301 1807/5306 1730/5302
f 1730/5302 1800/5307 1723/5308
f 1723/5308 1534/5303 1730/5302
f 1807/5306 1890/5309 1800/5307
f 1890/5309 1809/5310 1800/5307
f 1809/5310 1723/5308 1800/5307
f 1890/5309 2001/5138 1898/5311
f 2001/5138 1899/5126 1898/5311
f 1898/5311 1813/5121 1809/5310
f 1975/5312 2309/5139 2001/5138
f 1975/5312 1895/5313 1988/5314
f 1988/5314 2266/5143 1975/5312
f 2279/5315 2317/5144 2266/5143
f 2279/5315 1996/5316 2287/5317
f 2287/5317 2339/5148 2279/5315
f 2343/5318 2334/5149 2339/5148
f 2343/5318 2280/5319 2312/5320
f 2312/5320 2336/5152 2343/5318
f 2318/5321 2337/5153 2336/5152
f 2318/5321 2333/5322 2332/5323
f 2332/5323 2310/5156 2318/5321
f 2311/5324 2218/5157 2310/5156
f 2311/5324 2360/5325 2355/5326
f 2311/5327 2223/5328 2230/5329
f 2148/5330 2230/5329 2223/5328
f 2355/5331 2188/5332 2223/5328
f 2223/5328 2128/5333 2148/5330
f 2107/5167 2148/5330 2128/5333
f 2188/5332 2097/5334 2128/5333
f 2128/5333 2092/5335 2107/5167
f 2093/5336 2107/5167 2092/5335
f 2097/5334 2065/5337 2092/5335
f 2092/5335 2091/5338 2093/5336
f 2070/5339 2093/5336 2091/5338
f 2065/5337 2020/5340 2091/5338
f 2091/5338 2025/5341 2070/5339
f 2024/5342 2070/5339 2025/5341
f 2020/5340 1943/5343 2025/5341
f 2025/5341 1945/5344 2024/5342
f 1946/5345 2024/5342 1945/5344
f 1943/5343 1857/5346 1945/5344
f 1945/5344 1856/5347 1946/5345
f 1857/5346 1795/5348 1856/5347
f 1791/5349 1856/5347 1795/5348
f 1795/5348 1712/5350 1791/5349
f 1720/5249 1540/5247 1712/5350
f 1298/5351 1540/5352 1302/5245
f 1302/5245 1120/5353 1298/5351
s 0
f 1125/5244 985/5240 1120/5353
s 1
f 1796/5354 1720/5249 1795/5348
f 1796/5354 1849/5355 1792/5356
f 1796/5354 1714/5357 1721/5251
f 1792/5356 1715/5253 1714/5357
f 1792/5356 1847/5358 1779/5359
f 1631/5360 1420/5254 1715/5253
f 1632/5361 1311/5362 1631/5360
f 1193/5363 1550/5364 1317/5365
f 1317/5366 1141/5367 1139/5368
f 973/5369 1193/5370 1139/5368
f 973/5369 884/5371 816/5372
f 816/5372 940/5257 973/5369
f 816/5372 232/5277 229/5373
f 229/5373 709/5260 816/5372
f 229/5373 152/5273 151/5272
f 151/5272 191/5261 229/5373
f 884/5371 715/5281 714/5374
f 714/5374 233/5278 232/5277
f 887/5375 973/5369 1023/5376
f 1023/5376 890/5285 887/5375
f 887/5375 716/5282 715/5281
f 1025/5377 1145/5378 1147/5379
f 1025/5377 1144/5380 1027/5381
f 1027/5381 890/5285 1025/5377
f 1147/5379 1315/5382 1144/5380
f 1144/5380 1314/5383 1142/5384
f 1142/5384 1027/5381 1144/5380
f 1315/5382 1543/5385 1314/5383
f 1314/5383 1549/5386 1312/5387
f 1312/5387 1142/5384 1314/5383
f 1543/5388 1734/5389 1549/5390
f 1549/5391 1737/5392 1553/5393
f 1553/5296 1312/5387 1549/5386
f 1734/5394 1818/5395 1737/5392
f 1818/5395 1738/5300 1737/5392
f 1737/5392 1554/5396 1553/5393
f 1818/5395 1893/5397 1806/5398
f 1893/5397 1815/5399 1806/5398
f 1806/5398 1739/5301 1738/5300
f 1902/5400 1991/5401 1996/5316
f 1902/5400 1988/5314 1895/5313
f 1895/5313 1815/5399 1902/5400
f 1999/5402 2280/5319 1991/5401
f 1991/5401 2287/5317 1996/5316
f 1991/5401 1905/5403 1999/5402
f 2286/5404 2312/5320 2280/5319
f 2286/5404 2033/5405 2346/5406
f 2346/5406 2333/5322 2286/5404
f 2357/5407 2332/5323 2333/5322
f 2357/5408 2277/5409 2297/5410
f 2357/5408 2302/5411 2360/5412
f 2293/5413 2360/5412 2302/5411
f 2297/5410 2267/5414 2302/5411
f 2302/5411 2258/5415 2293/5413
f 2115/5416 2293/5413 2258/5415
f 2267/5414 2063/5417 2258/5415
f 2258/5415 2071/5418 2115/5416
f 2058/5419 2115/5416 2071/5418
f 2063/5417 2012/5420 2071/5418
f 2071/5418 2015/5421 2058/5419
f 2016/5422 2058/5419 2015/5421
f 2012/5420 1929/5423 2015/5421
f 2015/5421 1935/5424 2016/5422
f 1941/5425 2016/5422 1935/5424
f 1935/5424 1847/5358 1849/5355
f 1935/5424 1855/5426 1941/5425
f 1926/5427 1847/5358 1929/5423
f 1926/5427 2005/5428 1920/5429
f 1920/5429 1847/5358 1926/5427
f 2005/5428 1919/5430 1920/5429
f 1920/5429 1842/5431 1843/5432
f 1842/5431 1912/5433 1838/5434
f 1838/5434 1779/5359 1842/5431
f 1842/5431 1779/5359 1843/5432
f 1774/5435 1839/136 1784/5436
f 1784/5436 1632/5361 1774/5435
f 1774/5435 1631/5360 1779/5359
f 1784/5436 1727/5437 1722/5438
f 1722/5438 1546/5439 1550/5364
f 1546/5439 1729/5440 1544/5441
f 1544/5441 1319/5442 1546/5439
f 1546/5439 1317/5365 1550/5364
f 1322/5443 1541/5444 1320/5445
f 1322/5443 1147/5379 1145/5378
f 1145/5378 1319/5446 1322/5443
f 1544/5441 1732/5447 1541/5448
f 1541/5448 1733/5449 1539/5450
f 1539/5450 1320/5451 1541/5448
f 1732/5447 1822/5452 1733/5449
f 1733/5449 1823/5453 1731/5454
f 1731/5454 1539/5450 1733/5449
f 1822/5452 1916/5455 1823/5453
f 1823/5453 1928/5456 1826/5457
f 1826/5457 1731/5454 1823/5453
f 1916/5455 2033/5458 1928/5456
f 1928/5459 1999/5402 1905/5403
f 1905/5403 1826/5460 1928/5459
f 1995/5461 2277/5409 2009/5462
f 2009/5462 2346/5463 2033/5458
f 2009/5462 1910/5464 1995/5461
f 2055/5465 2297/5410 2277/5409
f 2055/5465 1989/5466 2042/5467
f 2042/5467 2262/5468 2055/5465
f 2059/5469 2262/5468 2061/5470
f 2061/5470 1981/138 1998/5471
f 1998/5471 2059/5469 2061/5470
f 1998/5471 1907/137 1912/5433
f 1912/5433 2004/5472 1998/5471
f 2042/5467 1951/139 1981/138
f 1995/5461 1906/5473 1989/5466
f 1989/5466 1887/134 1951/139
f 1910/5464 1819/5474 1906/5473
f 1819/5474 1887/134 1906/5473
f 1797/5475 1887/134 1808/5476
f 1808/5476 1732/5447 1729/5440
f 1729/5440 1797/5475 1808/5476
f 1784/5436 1851/135 1797/5475
f 1838/5434 1907/137 1839/136
f 2004/5472 2063/5417 2059/5469
f 1023/5376 1141/5367 1145/5378
f 87/5270 191/5264 151/5477
s 0
f 941/5239 1120/5353 943/5237
s 1
f 804/4991 767/125 750/5214
f 821/122 853/5478 811/5479
f 811/5479 845/5200 806/5205
f 811/5479 777/123 821/122
f 853/5478 944/5480 845/5200
s 0
f 944/5480 1109/5481 928/5199
f 1109/5481 1280/4985 1388/4983
f 1388/4983 1032/5196 1109/5481
f 1286/5482 1388/4983 1525/4982
f 1525/4982 1176/5197 1286/5482
s 1
f 1623/5192 1785/5483 1711/5187
f 1785/5483 1850/5186 1781/5188
f 1853/5484 1939/5485 1850/5186
f 1939/5485 2023/5486 1942/5183
f 1942/5183 2029/5487 1944/5184
f 2023/5486 2068/5488 2029/5487
f 2029/5489 2072/5490 2032/5177
f 2068/5491 2079/5492 2072/5490
f 2072/5490 2082/5493 2085/5174
f 2079/5492 2083/4956 2082/5493
f 2082/5493 2089/5494 2081/5171
f 2089/5494 2108/5495 2094/5168
f 2108/5495 2126/5496 2109/5166
f 2109/5166 2126/5496 2127/5163
f 2126/5496 2135/5497 2137/5158
f 2135/5497 2153/5498 2156/5159
f 2138/5499 2150/5500 2153/5498
f 2153/5501 2215/5502 2236/5151
f 2150/5503 2193/5504 2215/5502
f 2215/5502 2354/5505 2316/5146
f 2193/5504 2351/5506 2354/5505
f 2354/5505 2358/5142 2364/5145
f 2351/5506 2345/5507 2358/5142
f 2345/5507 2356/5140 2358/5142
f 2340/5137 2369/4926 2363/4925
f 2363/4925 2075/5135 2340/5137
f 2276/5133 2401/4921 2371/4920
f 2371/4920 1990/5129 2276/5133
f 2036/5508 2420/4914 2282/4913
f 2036/5508 1925/4898 1913/5130
f 640/5223 694/5002 702/5001
f 1840/4701 1918/4698 1921/4697
f 1840/4701 1924/5509 1844/4978
f 1924/5509 2008/4693 2011/4692
f 1924/5509 2014/4975 1933/4979
f 2011/4692 2069/4687 2014/4975
f 2069/4687 2017/4976 2014/4975
f 2074/5510 2104/4684 2102/4683
f 2102/5511 2076/4969 2074/4970
f 2117/5512 2099/4962 2105/4966
f 2114/4677 2131/5513 2100/4957
f 2100/4957 2118/5514 2095/4958
f 2131/5513 2181/4670 2118/5514
f 2118/5515 2129/5516 2098/4953
f 2181/5517 2210/5518 2129/5519
f 2129/5516 2149/5520 2110/4950
f 2210/5518 2205/4659 2149/5521
f 2149/5521 2160/5522 2143/5523
f 2205/4659 2183/5524 2160/5522
f 2183/5524 2162/5525 2151/5526
f 2151/4943 2161/5527 2145/4942
f 2162/5528 2212/5529 2161/5527
f 2161/5527 2167/5530 2159/4938
f 2212/5529 2165/5531 2167/5530
f 2165/5531 2191/4939 2167/5530
f 2165/5531 2344/4642 2253/5532
f 2253/5533 2352/5534 2265/4932
f 2344/5535 2429/5536 2352/5534
f 2352/5534 2419/5537 2348/4928
f 2429/5536 2454/5538 2419/5537
f 2419/5537 2439/5539 2410/4923
f 2454/5538 2473/5540 2439/5539
f 2439/5539 2464/5541 2437/4916
f 2473/5540 2492/5542 2464/5541
f 2464/5541 2483/4911 2469/4917
f 2492/5542 2479/5543 2483/4911
f 2479/5543 2431/4909 2483/4911
f 2479/5543 2426/5544 2430/4906
f 2426/5544 2294/4907 2430/4906
f 147/3974 221/5545 149/4810
f 752/5011 809/4738 814/5012
f 2067/4696 2116/3701 2136/3700
f 2136/3700 2064/4694 2067/4696
f 2003/4699 2054/3703 2067/4696
f 2121/4691 2192/3698 2147/3697
f 2147/3697 2106/4689 2121/4691
f 2174/3694 2123/4685 2147/3697
f 2141/4681 2186/3692 2152/3691
f 2152/3691 2139/4682 2141/4681
f 2155/5546 2169/3688 2171/5547
s 0
f 2171/5548 2178/3684 2184/5549
s 1
f 2171/5548 2194/5550 2170/5551
f 2194/5550 2233/4668 2226/5552
f 2194/5550 2234/5553 2233/4668
f 2234/5553 2247/5554 2242/4663
f 2247/5554 2245/4664 2242/4663
f 2254/5555 2255/5556 2246/4658
f 2254/5555 2268/3670 2255/5556
f 2255/5556 2251/5557 2232/4654
f 2268/3670 2331/5558 2251/5557
f 2251/5557 2301/5559 2132/4653
f 2331/5558 2397/5560 2301/5559
f 2397/5561 2320/4647 2301/4649
f 2415/4645 2468/3658 2560/3657
f 2415/4645 2461/5562 2423/4641
f 2461/5562 2542/3653 2514/3652
f 2514/3652 2445/4636 2461/5562
f 2497/5563 2513/3650 2508/3649
f 2497/5563 2509/5564 2518/4637
f 2508/3649 2475/5565 2509/5564
f 2509/5566 2467/5567 2506/4630
f 2475/5568 2416/5569 2467/5567
f 2467/5567 2451/5570 2486/4627
f 2416/5569 2367/5571 2451/5570
f 2451/5570 2394/5572 2458/4624
f 2367/5571 2290/5573 2394/5572
f 2394/5572 2370/5574 2450/4621
f 2290/5573 2007/4462 2370/5574
f 2370/5574 2322/143 2388/4619
f 4612/4549 4586/4373 4576/4547
f 4608/4545 4647/794 4645/793
f 4611/4544 4584/5575 4624/5576
f 4624/5576 4647/794 4611/4544
f 4624/5576 4588/5577 4638/5578
f 4624/5576 4693/5579 4669/795
f 4638/5578 4696/4390 4693/5579
f 4693/5579 4749/4388 4741/4387
f 4741/4387 4669/795 4693/5579
f 4637/5580 4588/5577 4587/5581
f 4587/5581 4634/4393 4637/5580
f 4637/5580 4694/4391 4696/4390
f 4585/5582 4530/5583 4528/5584
f 4585/5582 4527/4401 4583/4397
f 4585/5582 4630/4394 4634/4393
f 4528/5584 4468/5585 4527/4401
s 0
f 4465/5586 4196/4522 4290/5587
s 1
f 4465/5586 4526/4402 4527/4401
s 0
f 4061/5588 4276/4404 4290/5587
f 3709/4515 3945/4405 4061/5588
f 4061/5588 3723/4517 3709/4515
f 4290/5587 4196/4522 4061/5588
s 1
f 4468/5585 4333/4527 4196/4522
f 4469/5589 4338/4528 4333/4527
f 4469/5589 4530/5583 4471/4532
f 4530/5583 4473/4533 4471/4532
f 4587/5581 4532/4537 4530/5583
f 4584/5575 4532/4537 4588/5577
f 3295/4511 3396/4407 3709/4515
f 256/4495 165/4431 164/4429
f 740/4491 260/4434 263/4494
f 263/4494 166/4432 165/4431
f 876/4487 732/4437 736/4490
f 736/4490 257/4435 260/4434
f 990/4483 878/4440 877/4486
f 877/4486 730/4438 732/4437
f 993/5590 1096/5591 989/4443
f 993/5590 874/4441 878/4440
f 1096/5591 1227/5592 1097/4446
f 1097/4446 989/4443 1096/5591
f 1435/5593 1227/5592 1447/4472
f 1648/5594 1435/5593 1654/4471
f 4772/4384 4708/796 4741/4387
f 4754/4381 4688/798 4744/797
f 4539/4366 4480/4832 4535/4367
f 4594/4363 4539/4366 4593/4364
f 4654/5595 4730/5596 4658/5597
f 4658/5597 4594/5598 4654/5595
f 4658/5597 4734/5599 4660/5600
f 4660/5600 4595/4044 4658/5597
f 4660/5600 4735/5601 4659/5602
f 4659/5602 4596/4045 4660/5600
f 4659/5602 4733/5603 4655/5604
f 4655/5604 4597/5605 4659/5602
f 4655/5604 4731/5606 4661/5607
f 4661/5607 4598/4051 4655/5604
f 4661/5607 4601/5608 4599/5609
f 4599/5609 4544/4105 4542/4054
f 4599/5609 4541/4052 4598/4051
f 4668/5610 4602/5611 4601/5608
f 4601/5608 4545/5612 4544/4105
f 4674/5613 4605/5614 4602/5611
f 4602/5611 4547/5615 4545/5612
f 4605/5614 4550/4119 4547/5615
f 4547/5615 4497/4116 4491/4106
f 4491/4106 4545/5612 4547/5615
f 4606/5616 4672/5617 4675/5618
f 4675/5618 4610/5619 4606/5616
f 4606/5616 4551/4120 4550/4119
f 4676/5620 4613/5621 4610/5619
f 4610/5619 4553/4127 4551/4120
f 4677/5622 4616/5623 4613/5621
f 4613/5621 4554/4128 4553/4127
f 4681/5624 4635/5625 4616/5623
f 4616/5623 4556/4135 4554/4128
f 4705/5626 4646/5627 4635/5625
f 4635/5625 4558/4136 4556/4135
f 4756/5628 4651/5629 4646/5627
f 4646/5627 4560/5630 4558/4136
f 4864/5631 4656/5632 4651/5629
f 4651/5629 4565/5633 4560/5630
f 4656/5632 4568/5634 4565/5633
f 4565/5633 4507/5635 4505/5636
f 4505/5636 4560/5630 4565/5633
f 4890/5637 4667/4242 4656/5632
f 4895/5638 4945/5639 4948/5640
f 4948/5640 4898/4246 4895/5638
f 4895/5638 4670/4243 4667/4242
f 4950/5641 4980/4272 4982/4269
f 4982/4269 4946/4253 4950/5641
f 4950/5641 4897/4247 4898/4246
f 4945/5639 4980/4272 4948/5640
f 4942/5642 4972/5643 4945/5639
f 4945/5639 4864/5631 4942/5642
f 4924/5644 4964/4274 4942/5642
f 4942/5642 4756/5628 4924/5644
f 4766/5645 4935/4276 4924/5644
f 4756/5628 4766/5645 4924/5644
f 4727/5646 4906/4278 4766/5645
f 4705/5626 4727/5646 4766/5645
f 4784/5647 4886/4282 4855/5648
f 4855/5648 4918/4279 4906/4278
f 4855/5648 4726/5649 4784/5647
f 4729/5650 4784/5647 4726/5649
f 4726/5649 4681/5624 4677/5622
f 4677/5622 4729/5650 4726/5649
f 4859/5651 4904/5652 4860/5653
f 4860/5653 4896/5654 4784/5647
f 4860/5653 4732/5655 4859/5651
f 4732/5655 4861/5656 4859/5651
f 4732/5655 4676/5620 4675/5618
f 4675/5618 4736/5657 4732/5655
f 4882/5658 4875/5659 4861/5656
f 4875/5659 4859/5651 4861/5656
f 4861/5656 4742/5660 4882/5658
f 4742/5660 4865/5661 4882/5658
f 4742/5660 4672/5617 4674/5613
f 4674/5613 4737/5662 4742/5660
f 4858/5663 4884/5664 4865/5661
f 4884/5664 4882/5658 4865/5661
f 4865/5661 4731/5606 4858/5663
f 4876/5665 4883/5666 4884/5664
f 4883/5666 4899/5667 4884/5664
f 4902/5668 4852/5669 4853/5670
f 4853/5670 4877/5671 4902/5668
f 4902/5668 4875/5659 4899/5667
f 4821/5672 4872/5673 4877/5671
f 4877/5671 4873/5674 4875/5659
f 4814/5675 4894/5676 4872/5673
f 4894/5676 4873/5674 4872/5673
f 4809/5677 4892/5678 4894/5676
f 4892/5678 4904/5652 4894/5676
f 4814/5675 4804/5679 4796/5680
f 4796/5680 4809/5677 4814/5675
f 4804/5679 4829/5681 4826/4295
f 4826/4295 4796/5680 4804/5679
f 4821/5672 4813/5682 4804/5679
f 4840/5683 4826/5684 4829/5685
f 4813/5686 4832/5687 4829/5685
f 4820/5688 4836/5689 4832/5687
f 4820/5690 4853/5670 4852/5669
f 4820/5688 4850/5691 4827/5692
f 4857/5693 4827/5692 4850/5691
f 4852/5669 4878/5694 4850/5695
f 4850/5691 4881/5696 4857/5693
f 4900/5697 4857/5693 4881/5696
f 4878/5694 4880/5698 4881/5699
f 4881/5696 4901/5700 4900/5697
f 4888/5701 4900/5697 4901/5700
f 4880/5698 4885/5702 4901/5703
f 4901/5700 4866/5704 4888/5701
f 4785/5705 4888/5701 4866/5704
f 4885/5702 4734/5599 4866/5706
f 4866/5706 4730/5596 4785/5707
f 4848/5708 4787/4352 4807/5709
f 4807/5709 4888/5701 4848/5708
f 4848/5708 4770/4359 4782/4354
f 4807/5709 4786/4346 4799/5710
f 4807/5709 4847/5711 4887/5712
f 4847/5711 4795/4342 4805/5713
f 4805/5713 4854/5714 4847/5711
f 4854/5714 4887/5712 4847/5711
f 4818/5715 4812/4338 4824/4334
f 4824/4334 4823/5716 4818/5715
f 4823/5716 4854/5714 4818/5715
f 4833/5717 4827/5692 4823/5716
f 4836/5689 4839/4329 4842/5718
f 4842/5718 4840/5683 4836/5689
f 4842/5718 4817/5719 4831/5720
f 4831/5720 4844/4298 4842/5718
f 4831/5720 4773/4322 4781/5721
f 4781/5721 4830/4300 4831/5720
f 4780/5722 4746/4319 4747/4318
f 4747/4318 4779/4303 4780/5722
f 4780/5722 4835/4301 4830/4300
f 4842/5718 4811/4325 4817/5719
f 4833/5717 4834/4330 4839/4329
f 4805/5713 4803/4339 4812/4338
f 4799/5710 4788/4343 4795/4342
f 4785/5705 4725/4361 4770/4359
f 4863/5723 4735/5601 4885/5702
f 4863/5723 4876/5665 4858/5663
f 4858/5663 4733/5603 4863/5723
f 4737/5662 4661/5607 4731/5606
f 4896/5654 4869/4283 4886/4282
f 4418/5724 4505/5636 4507/5635
f 4204/4235 4429/5725 4418/4239
f 3036/4225 2856/5726 3038/4216
f 3038/4216 2854/5727 3037/4218
f 2933/4207 3037/4218 2854/5727
f 2856/5726 2668/3426 2854/5727
f 2854/5727 2665/3423 2933/4207
f 2856/5726 2671/3434 2669/3431
f 3034/4224 2857/3437 3036/4225
f 3278/4178 3429/4169 3271/4208
f 2933/4207 2665/3423 2844/4203
f 3772/5728 3948/4027 3956/4029
f 218/3972 404/4796 221/808
f 376/5729 321/3921 377/3913
f 430/5730 376/5729 425/3910
f 487/5731 430/5730 486/3907
f 490/5732 487/5731 509/3904
f 498/3815 490/5733 501/5734
f 206/5735 243/3837 254/3869
f 206/5736 137/3857 135/3850
f 135/3850 199/5737 206/5736
f 279/3922 285/3793 314/3792
f 693/3784 784/4744 685/76
f 685/76 459/5738 693/3784
f 968/3777 1084/3759 966/3758
f 1867/3191 1775/5739 1778/5740
f 1778/5740 1702/3722 1704/3731
f 1778/5740 1876/3192 1867/3191
f 1775/5739 1845/129 1764/5741
f 1764/5741 1702/3722 1775/5739
f 1861/5742 1923/130 1845/129
f 1861/5742 1963/3190 1958/3707
f 1764/5741 1836/128 1756/3718
f 2007/4462 2013/144 2322/143
f 4757/3487 4701/4263 4767/3493
f 19/4197 72/3847 25/955
f 320/3797 366/3354 323/3353
f 1643/3772 1758/3315 1761/3312
f 1827/3117 1741/264 1820/3113
f 832/3091 689/3607 851/3606
f 4758/3491 4703/2835 4698/2834
f 4385/2813 4355/1017 4438/1019
f 4329/2810 4184/5743 4355/1017
f 4177/2807 3979/5744 4184/5743
f 639/3357 706/3342 635/1048
f 2403/2672 2307/3318 2283/2675
f 1746/2658 1692/5745 1753/2652
f 1677/2682 1579/5746 1692/5745
f 1579/5746 1707/2653 1692/5745
f 1579/5746 1402/12 1387/5747
f 1387/5747 1581/5748 1579/5746
f 1392/5749 1285/1969 1283/5750
f 1392/5751 1276/5752 1399/5753
f 1399/5753 1581/2650 1392/5751
f 1283/5754 1165/5755 1276/5752
f 1165/5755 1257/5756 1276/5752
f 1257/5756 1399/5753 1276/5752
f 1257/5756 1162/5757 1256/5758
f 1256/5758 1384/2647 1257/5756
f 1164/5759 1064/5760 1162/5757
f 1064/5760 1161/5761 1162/5757
f 1161/5761 1256/5758 1162/5757
f 1069/5762 1163/5763 1161/5761
f 1163/5763 1254/98 1161/5761
f 1163/5763 1094/5764 1166/5765
f 1166/5765 1243/96 1163/5763
f 1252/5766 1171/5767 1268/5768
f 1268/5768 1363/5769 1252/5766
f 1252/5766 1369/97 1243/96
f 1368/5770 1371/5771 1363/5769
f 1363/5769 1396/88 1369/97
f 1364/5772 1236/5773 1371/5771
f 1371/5771 1251/89 1396/88
f 1230/5774 1132/5775 1236/5773
f 1132/5775 1251/89 1236/5773
f 1134/5776 1050/5777 1132/5775
f 1050/5777 1122/83 1132/5775
f 1052/5778 1049/5779 1050/5777
f 1050/5777 1046/99 1043/5780
f 1051/5781 1110/5782 1049/5779
f 1049/5779 1094/5764 1046/99
f 1118/5783 1171/5767 1110/5782
f 1110/5782 1166/5765 1094/5764
f 1181/5784 1143/31 1183/36
f 1183/36 1262/5785 1181/5784
f 1181/5784 1268/5768 1171/5767
f 1233/5786 1340/5787 1262/5785
f 1262/5785 1368/5770 1268/5768
f 1301/27 1336/5788 1340/5787
f 1340/5787 1364/5772 1368/5770
f 1292/26 1211/5789 1336/5788
f 1336/5788 1230/5774 1364/5772
f 1202/42 1146/5790 1211/5789
f 1211/5789 1134/5776 1230/5774
f 1151/39 1063/5791 1146/5790
f 1146/5790 1052/5778 1134/5776
f 1095/38 1073/5792 1063/5791
f 1063/5791 1051/5781 1052/5778
f 1118/5783 1073/5792 1143/31
f 1075/5793 1046/99 1094/5764
f 1075/5793 988/46 1010/100
f 1069/5762 1006/43 988/46
f 1064/5760 1019/48 1006/43
f 1060/5794 1021/5795 1019/48
f 1164/5759 1061/5796 1060/5794
f 1061/5796 1014/5797 1021/5795
f 1165/5755 1071/5798 1061/5796
f 1283/5750 1179/5799 1169/5800
f 1387/5747 1290/1970 1285/1969
f 2553/2610 2550/2601 2551/2612
f 2288/2591 1984/3311 2327/103
f 2380/5801 2272/2587 2379/2589
f 2380/5801 2039/111 2119/2584
f 2039/111 1956/2582 2119/2584
f 2313/2553 2375/115 2382/2550
f 1717/2644 1499/90 1703/2510
f 905/5802 805/5803 820/5804
f 820/5805 926/2493 905/2494
f 742/5806 645/5807 650/5808
f 650/5808 762/5809 742/5806
f 762/5809 820/5805 742/5806
f 650/5808 416/5810 417/5811
f 417/5811 642/5812 650/5808
f 417/5811 360/1926 364/1925
f 364/1925 406/1033 417/5811
f 645/5813 413/1932 416/1931
f 713/5814 641/1936 645/5813
f 713/5814 631/1937 641/1936
f 805/5803 699/5815 713/5814
f 805/5803 905/5802 857/5816
f 857/5816 775/1943 805/5803
f 857/5816 771/1944 775/1943
f 857/5817 963/86 930/101
f 930/101 840/1947 857/5817
f 905/5818 963/86 857/5817
f 1123/5819 963/86 1030/5820
f 1028/2490 949/2981 1059/269
f 762/5809 636/1031 769/2485
f 856/2487 815/5821 902/275
f 6/2456 65/2944 82/2463
f 36/2423 2585/5822 2596/2454
f 97/2449 44/2424 36/2423
f 2755/2410 2871/5823 2754/2408
f 2754/2408 2864/2379 2744/353
f 4389/5824 4487/2203 4490/2306
f 4389/5824 4201/5825 4194/2287
f 4194/2287 4383/2205 4389/5824
f 3986/2285 4186/2209 4188/2208
f 3737/2265 3962/2222 3965/2221
f 3425/5826 3733/2225 3735/2224
f 3157/5827 3422/5828 3424/5829
f 3424/5830 3726/2227 3733/2225
f 3153/5831 3419/5832 3422/5833
f 3422/5834 3715/2229 3726/2227
f 3152/5835 3417/5836 3419/5832
f 3419/5837 3707/2231 3715/2229
f 3417/5836 3158/2244 3416/2241
f 3417/5838 3705/2233 3707/2231
f 2968/2380 2871/5823 2972/2257
f 4467/2207 4525/2190 4543/2192
f 4416/2168 4407/2143 4422/2142
f 1537/5839 1400/4 1383/1999
f 1383/1999 1529/5840 1537/5839
f 1373/2003 1524/24 1529/5840
f 1529/5840 1528/23 1565/5841
f 1565/5841 1537/5839 1529/5840
f 1570/5842 1567/14 1571/5843
f 1571/5843 1587/5844 1570/5842
f 1570/5842 1564/1 1537/5839
f 1565/5841 1510/15 1567/14
f 1458/5845 1349/22 1330/1990
f 1330/1990 1426/18 1458/5845
f 948/1956 1021/5795 1014/5797
f 846/1948 927/102 934/45
f 327/1919 341/5846 364/1925
f 303/1918 264/1903 269/5847
f 303/1918 308/1034 341/5846
f 269/5847 215/5848 214/5849
f 214/5849 308/1034 269/5847
f 167/1895 210/1027 214/1897
f 2725/1851 2751/359 2728/358
f 2746/5850 2795/5851 2751/359
f 2784/1847 2792/1382 2795/5851
f 2770/5852 2775/1384 2777/1383
f 2753/5853 2863/2111 2876/1820
f 2899/1812 2785/5854 2896/1813
f 2858/5855 2923/1372 2850/1374
f 3694/2240 3907/1340 3924/1339
f 4280/1327 4293/779 4273/785
f 4269/5856 4229/1239 4272/1238
f 4225/5857 4159/1242 4229/1239
f 4157/5858 4067/5859 4159/1242
f 4080/5860 4212/1198 4072/1245
f 3950/1249 4080/1195 4072/1250
f 3692/1070 3759/2127 3799/1196
f 3901/1172 3867/1164 3844/1171
f 3732/1152 3802/5861 3796/1151
f 3796/1151 3724/1153 3732/1152
f 3674/572 3739/5862 3732/1152
f 3739/5862 3810/5863 3802/5861
f 3686/552 3738/5864 3739/5862
f 3810/5863 3868/5865 3848/560
f 3848/560 3802/5861 3810/5863
f 3738/5864 3816/5866 3810/5863
f 3816/5866 3886/621 3868/5865
f 3731/5867 3819/618 3816/5866
f 3676/555 3731/5867 3738/5864
f 3795/1149 3718/569 3724/1153
f 3482/5868 3587/5869 3475/5870
f 3475/1136 3403/1104 3384/1110
f 3475/5870 3380/1112 3482/5868
f 3484/1657 3403/1104 3477/1135
f 3609/5871 3597/1120 3608/1119
f 3482/5868 3376/1725 3493/1123
f 3185/5872 3269/5873 3277/5874
f 3220/1111 3070/1090 3197/1100
f 3177/545 3107/544 3161/5875
f 3284/5876 3195/5877 3177/545
f 3342/1102 3292/5878 3284/1108
f 3401/1654 3367/1107 3410/1106
f 3367/1107 3331/530 3342/1102
f 3010/1086 2934/1083 2945/1093
f 2921/1082 2868/509 2901/1094
f 2921/1082 2958/1230 2903/510
f 3415/1801 3571/1066 3408/1074
f 3601/4176 3491/994 3655/993
f 3655/993 3846/981 3601/4176
f 3293/5879 3199/5880 3288/5881
f 3199/5880 3270/5882 3288/5881
f 3270/5882 3252/5883 3288/5881
f 3199/5884 3122/944 3124/943
f 3124/5885 3207/5886 3199/5880
f 3312/986 3205/5887 3293/987
f 3332/5888 3232/5889 3312/986
f 3308/979 3241/5890 3332/5888
f 3127/972 3222/5891 3119/956
f 3119/956 3088/974 3127/972
f 2948/4192 3096/940 3006/946
f 3252/5892 3187/934 3124/5885
f 3078/917 3186/909 3096/940
f 3270/5882 3223/930 3285/5893
f 3244/5894 3285/5893 3223/930
f 3126/5895 3224/5896 3173/5897
f 3224/5896 3273/5898 3173/5897
f 3173/929 3244/5894 3132/895
f 3224/5899 3188/857 3248/856
f 3248/856 3294/5900 3224/5899
f 3141/913 3148/5901 3126/5895
f 3282/915 3305/866 3279/865
f 3282/915 3237/858 3228/861
f 12/3853 2568/5902 2576/898
f 3335/923 3357/5903 3322/5904
f 3294/5900 3354/5905 3273/5906
f 3406/852 3435/846 3448/845
f 3503/851 3448/5907 3515/5908
f 3935/4100 4034/4066 4056/4065
f 3485/5909 3435/5910 3443/5911
f 3453/1617 3371/5912 3370/5913
f 3370/5913 3450/383 3453/1617
f 3459/765 3374/5914 3371/5912
f 3972/5915 3887/1540 3861/699
f 3913/737 3903/709 3947/665
f 3683/1569 3610/5916 3693/1570
f 3693/5917 3616/1529 3690/731
f 3690/731 3623/727 3679/729
f 3806/5918 3878/667 3835/708
f 3789/1539 3689/712 3800/711
f 3555/584 3594/675 3570/1651
f 4138/650 4173/606 4180/1594
f 3431/5919 3372/1647 3437/641
f 3504/5920 3431/5919 3554/640
f 3727/5921 3817/619 3819/618
f 3716/627 3818/1790 3817/5922
f 4265/5923 4220/602 4222/601
f 4254/615 4230/1595 4220/605
f 3269/536 3155/548 3189/547
f 3195/532 3144/528 3133/534
f 3266/435 3150/454 3264/526
f 3264/526 3302/431 3266/435
f 3328/5924 3272/5925 3202/520
f 3179/5926 3202/520 3272/5925
f 2880/1684 2907/464 2913/5927
f 2913/5927 2932/405 2914/406
f 2935/463 2975/1676 2932/405
f 3055/458 2969/5928 3042/456
f 3090/1412 3033/439 3017/441
f 3113/429 3030/374 3033/439
f 3190/5929 3149/455 3266/435
f 3049/5930 3172/375 3193/381
f 3135/428 3045/367 3030/374
f 1431/331 1560/179 1542/178
f 1294/323 1321/5931 1244/304
f 1244/304 1264/286 1294/323
f 1359/318 1342/5932 1367/5933
f 1359/5934 1430/5935 1440/193
f 1367/5933 1339/306 1361/310
f 1367/5936 1421/5937 1430/5935
f 1446/5938 1483/168 1491/5939
f 1446/5940 1494/151 1450/150
f 1446/5940 1381/5941 1386/5942
f 1450/150 1390/147 1381/5941
f 1381/5941 1350/5943 1346/5944
f 1346/5944 1386/5942 1381/5941
f 1346/5944 1341/307 1339/306
f 1346/5944 1342/5932 1366/5945
f 1390/147 1397/5946 1350/5943
f 1350/5943 1391/311 1341/307
f 1397/5946 1411/5947 1391/311
f 1436/146 1407/5948 1397/5946
f 1408/5949 1411/5950 1407/5951
f 1407/5951 1471/5952 1408/5949
f 1471/5952 1406/5953 1408/5949
f 1467/5954 1491/5939 1471/5952
f 1471/5952 1483/168 1472/191
f 1404/5955 1421/5937 1411/5950
f 1347/293 1313/295 1321/298
f 1231/302 1333/287 1264/286
f 1380/289 1449/241 1460/5956
f 1416/248 1376/5957 1380/5958
f 1536/3055 1590/258 1616/259
f 1601/5959 1538/250 1563/5960
f 1601/5959 1580/5961 1618/5962
f 1618/5962 1605/257 1601/5959
f 1615/5963 1628/224 1621/223
f 1621/223 1604/205 1615/5963
f 1615/5963 1595/203 1605/257
f 1618/5962 1588/225 1628/224
f 1563/5964 1526/5965 1580/5966
f 1580/5966 1535/232 1588/231
f 1516/245 1504/5967 1526/5965
f 1526/5965 1519/229 1535/232
f 1501/5968 1507/5969 1504/5967
f 1504/5967 1518/5970 1519/229
f 1476/243 1427/239 1416/248
f 1460/5956 1480/236 1476/5971
f 1519/229 1522/214 1532/213
f 1625/227 1608/219 1621/223
f 1518/5970 1575/201 1582/220
f 1582/5972 1604/205 1608/219
f 1657/5973 1658/5974 1649/5975
f 1649/5975 1641/5976 1630/186
f 1674/158 1609/159 1658/5974
f 1658/5974 1597/161 1641/5976
f 1597/161 1629/187 1641/5976
f 1578/174 1531/5977 1512/166
f 2373/116 2050/112 2039/111
f 1369/97 1403/91 1378/93
f 1569/2642 1403/91 1573/2643
f 950/2016 994/64 956/65
f 1067/70 1029/55 1005/67
f 1005/67 1002/54 996/1998
f 1038/58 1002/54 1042/53
f 1168/35 1233/5786 1183/36
f 1168/35 1184/29 1213/28
f 1458/5845 1510/15 1528/23
f 1439/16 1555/8 1547/17
f 1547/17 1571/5843 1567/14
f 1669/10 1587/5844 1589/7
f 1495/199 1545/202 1505/197
f 3573/830 3550/5978 3553/836
f 3980/991 4056/4065 4082/989
f 3311/977 3332/5888 3355/985
f 3912/1161 3897/5979 3879/1138
f 1545/5980 1531/5977 1583/160
f 3097/896 3100/892 3087/894
f 3082/961 3088/974 3086/959
f 2563/5981 2595/900 2622/951
f 3406/852 3402/5982 3426/5983
f 3522/5984 3509/831 3513/832
f 3890/1166 3860/1146 3897/5985
f 3576/5986 3574/5987 3569/5988
f 1408/5949 1406/5953 1404/5955
f 1406/5953 1415/190 1404/5955
f 1404/5955 1415/190 1430/5935
f 1415/190 1425/192 1430/5935
f 1430/5935 1425/192 1440/193
f 1366/5945 1413/5989 1386/5942
f 1448/340 1413/5989 1382/341
f 1438/5990 1386/5942 1413/5989
f 1348/320 1382/341 1366/5945
f 1366/5945 1342/5932 1348/320
f 3147/926 3219/935 3143/906
f 3223/930 3187/934 3147/926
f 3122/944 3125/970 3116/958
f 3122/944 3116/958 3180/957
f 3122/944 3180/957 3142/5991
f 3122/944 3142/5991 3245/942
f 3380/5992 3286/1109 3259/5993
f 3161/5875 3284/5876 3177/545
f 3107/544 3140/5994 3161/5875
f 3072/543 3106/5995 3107/544
f 3161/5996 3259/5993 3286/1109
f 3140/5994 3220/5997 3259/5998
f 3140/5994 3106/5995 3095/1087
f 3137/1127 3277/5999 3182/1125
f 3137/1127 3185/550 3277/5999
f 3513/832 3487/820 3564/6000
f 3487/820 3423/821 3678/4022
f 3487/820 3678/4022 3710/4024
f 3487/6001 3710/835 3573/830
f 3487/6001 3573/830 3564/839
f 3900/6002 3915/1159 3899/6003
f 3894/1754 3884/1745 3899/6003
f 3884/1745 3871/1167 3899/6003
f 3899/6003 3871/1167 3900/6002
f 3871/1167 3892/6004 3900/6002
f 3509/6005 3550/5978 3498/829
f 3325/6006 3274/6007 3285/5893
f 3897/5985 3892/6004 3902/6008
f 3527/6009 3529/6010 3534/6011
f 3534/6011 3538/6012 3527/6009
f 3527/6009 3525/6013 3526/6014
f 3527/6009 3521/6015 3523/6016
f 3538/6012 3531/6017 3527/6009
f 3541/6018 3533/6019 3535/6020
f 3535/6020 3530/6021 3531/6017
f 3538/6012 3541/6018 3535/6020
f 3551/6022 3541/6018 3545/6023
f 3545/6023 3546/6024 3552/6025
f 3545/6023 3556/6026 3551/6022
f 3556/6026 3557/6027 3551/6022
f 3559/6028 3560/6029 3557/6027
f 3549/6030 3537/6031 3541/6018
f 3542/6032 3536/6033 3537/6031
f 3532/6034 3537/6031 3536/6033
f 3532/6034 3530/6021 3533/6019
f 3524/6035 3531/6017 3530/6021
f 3534/6011 3529/6010 3548/6036
f 3524/6037 3530/6038 3528/6039
f 3526/6040 3519/6041 3527/6042
f 1564/1 1587/5844 1642/2
f 1400/4 1564/1 1568/3
f 1568/3 1642/2 1634/6
f 1589/7 1571/5843 1555/8
f 1552/9 1677/2682 1669/10
f 1552/9 1555/8 1432/11
f 1503/13 1547/17 1567/14
f 1503/13 1423/19 1439/16
f 1503/13 1510/15 1426/18
f 1496/20 1524/24 1362/21
f 1496/20 1458/5845 1528/23
f 1274/25 1235/30 1292/26
f 1301/27 1233/5786 1213/28
f 1274/25 1213/28 1184/29
f 1143/31 1073/5792 1105/32
f 1152/33 1105/32 1150/34
f 1152/33 1168/35 1183/36
f 1129/37 1150/34 1105/32
f 1129/37 1159/40 1184/29
f 1129/37 1095/38 1151/39
f 1194/41 1202/42 1292/26
f 1194/41 1235/30 1184/29
f 1194/41 1159/40 1151/39
f 1006/43 1019/48 954/44
f 934/45 927/102 988/46
f 954/44 952/49 925/47
f 1019/48 1021/5795 952/49
f 1040/50 1029/55 1066/51
f 1077/52 1090/1983 1042/53
f 1040/50 1042/53 1002/54
f 1036/56 1016/60 1003/57
f 1036/56 1076/1986 1065/59
f 1012/61 1013/1995 1056/62
f 994/64 1013/1995 1012/61
f 1012/61 1054/63 974/66
f 1005/67 996/1998 977/68
f 1018/69 1082/1963 1067/70
f 977/68 950/2016 947/71
f 464/72 408/3920 428/73
f 671/74 428/73 451/75
f 685/76 784/4744 790/77
f 671/74 707/79 656/78
f 790/77 800/4742 707/79
f 400/80 451/75 428/73
f 405/82 459/5738 451/75
f 392/81 371/3787 405/82
f 1122/83 1043/5780 1035/84
f 1289/87 1251/89 1122/83
f 1289/87 1403/91 1396/88
f 1499/90 1573/2643 1403/91
f 1092/85 1123/5819 1370/92
f 1378/93 1569/2642 1561/94
f 1378/93 1254/98 1243/96
f 1375/95 1256/5758 1254/98
f 1035/84 1043/5780 1046/99
f 930/101 963/86 1035/84
f 1010/100 988/46 927/102
f 2327/103 1984/3311 1983/104
f 1983/104 1982/3314 2342/106
f 2353/105 2342/106 2376/107
f 1858/108 1860/2578 1952/109
f 1953/110 1952/109 2039/111
f 1953/110 1957/2556 1863/113
f 2432/114 2448/118 2375/115
f 2435/117 2527/2606 2448/118
f 2373/116 2380/5801 2435/117
f 795/119 767/125 810/120
f 795/119 819/121 821/122
f 795/119 777/123 721/124
f 1889/126 1897/132 1830/127
f 1889/126 1836/128 1845/129
f 1889/126 1923/130 1969/131
f 1901/133 1951/139 1887/134
f 1901/133 1851/135 1839/136
f 1901/133 1907/137 1981/138
f 2035/140 1954/4461 1993/141
f 2035/140 2338/142 2322/143
f 1443/145 1485/148 1436/146
f 1485/148 1494/151 1467/149
f 1485/148 1443/145 1450/150
f 1627/152 1622/157 1602/153
f 1617/154 1674/158 1670/155
f 1627/152 1670/155 1663/156
f 1674/158 1657/5973 1663/156
f 1609/159 1617/154 1602/153
f 1583/160 1531/5977 1597/161
f 1487/162 1512/166 1495/163
f 1500/165 1578/174 1512/166
f 1487/167 1472/191 1483/168
f 1500/165 1448/6043 1455/170
f 1483/168 1438/6044 1448/172
f 1556/6045 1644/3053 1635/185
f 1635/173 1629/187 1578/174
f 1735/3112 1741/264 1698/6046
f 1646/177 1636/180 1542/178
f 1698/3009 1688/3008 1636/3014
f 1681/181 1668/3054 1613/182
f 1613/182 1600/256 1606/184
f 1626/188 1629/187 1635/173
f 1630/186 1641/5976 1629/187
f 1606/184 1545/204 1630/189
f 1415/190 1406/5953 1472/191
f 1425/192 1472/191 1487/167
f 1440/194 1487/162 1492/164
f 1489/196 1477/262 1492/164
f 1505/197 1501/5968 1489/198
f 1512/166 1531/5977 1493/200
f 1575/201 1507/5969 1505/197
f 1606/184 1600/256 1595/203
f 1545/204 1595/203 1604/205
f 1583/207 1649/218 1630/189
f 1548/212 1522/214 1594/221
f 1611/210 1625/227 1585/211
f 1548/212 1585/6047 1532/213
f 1622/157 1663/156 1657/5973
f 1602/217 1657/216 1649/218
f 1594/209 1582/5972 1608/219
f 1522/214 1518/5970 1582/220
f 1633/222 1625/227 1621/223
f 1633/222 1628/224 1588/225
f 1596/226 1585/211 1625/227
f 1559/228 1535/232 1519/229
f 1559/228 1532/213 1585/6047
f 1559/230 1596/226 1588/225
f 1441/233 1475/237 1445/234
f 1441/240 1427/239 1480/6048
f 1393/238 1376/5957 1427/239
f 1449/241 1376/6049 1393/235
f 1475/237 1480/236 1449/241
f 1468/291 1460/5956 1476/5971
f 1516/245 1563/5964 1538/246
f 1479/244 1476/243 1416/248
f 1538/250 1536/3055 1468/251
f 1489/198 1501/5968 1516/245
f 1437/253 1477/262 1489/196
f 1398/249 1345/292 1437/253
f 1468/251 1536/3055 1530/254
f 1600/256 1613/182 1605/257
f 1590/258 1601/5959 1605/257
f 1613/182 1668/3054 1616/259
f 1474/260 1477/262 1437/253
f 1453/195 1492/164 1477/262
f 1401/6050 1360/325 1453/326
f 1659/263 1698/6046 1741/264
f 1745/6051 1586/3070 1620/3000
f 1725/265 1620/267 1598/268
f 1059/269 1068/2980 1160/270
f 1175/271 1160/270 1201/272
f 1232/273 1352/2994 1335/274
f 902/275 815/5821 818/276
f 903/6052 818/2475 825/2474
f 903/277 907/279 955/280
f 960/281 967/2978 902/275
f 1305/282 1265/321 1282/283
f 1345/292 1398/249 1379/6053
f 1345/284 1282/283 1264/286
f 1398/249 1416/248 1380/5958
f 1380/289 1460/5956 1468/291
f 1345/292 1333/6054 1347/293
f 1358/294 1401/261 1437/253
f 1313/295 1231/6055 1219/296
f 1271/299 1273/301 1321/5931
f 1271/299 1219/303 1216/300
f 1231/302 1244/304 1216/300
f 1244/304 1321/5931 1273/301
f 1357/305 1361/310 1339/306
f 1341/307 1391/311 1394/308
f 1357/305 1394/308 1421/309
f 1391/311 1411/5947 1421/309
f 1343/312 1360/319 1327/313
f 1337/314 1327/313 1266/315
f 1316/316 1382/341 1389/317
f 1343/312 1348/320 1359/318
f 1337/314 1389/317 1348/320
f 1327/313 1282/283 1265/321
f 1360/319 1401/6056 1358/322
f 1294/323 1264/286 1282/283
f 1327/313 1358/322 1347/324
f 1360/325 1359/5934 1440/193
f 1214/327 1221/3076 1329/328
f 1328/329 1329/328 1429/330
f 1431/332 1451/3018 1351/333
f 1296/335 1207/348 1214/327
f 1351/336 1300/349 1296/337
f 1356/6057 1455/170 1448/6043
f 1316/316 1293/3066 1356/339
f 899/342 851/3606 900/343
f 900/343 885/3605 991/345
f 1009/346 1031/3089 932/344
f 1296/335 1260/2985 1199/347
f 1300/349 1263/3031 1260/350
f 2677/351 2642/2402 2691/352
f 2744/353 2864/2379 2830/354
f 2677/351 2830/354 2806/355
f 2757/357 2747/362 2728/358
f 2751/359 2795/5851 2841/360
f 2757/357 2892/363 2883/361
f 2841/360 2902/1381 2892/363
f 2916/369 2927/368 2858/6058
f 3045/367 3049/5930 2927/368
f 2852/366 2835/1394 2894/370
f 2916/371 2894/1405 2918/372
f 2916/369 2928/440 3030/374
f 3172/375 3135/428 3303/376
f 3387/377 3303/376 3362/6059
f 3387/377 3400/6060 3193/381
f 3391/382 3452/386 3450/383
f 3391/382 3379/388 3455/385
f 3391/382 3375/384 3353/387
f 2838/389 2827/393 2873/390
f 2838/389 2831/395 2813/392
f 2838/389 2870/391 2878/394
f 2897/396 2870/401 2873/397
f 2908/398 2926/403 2909/399
f 2897/396 2909/399 2878/400
f 2940/402 2915/1401 2909/399
f 2974/404 2977/1407 2940/402
f 2932/405 2975/1676 2974/404
f 2926/403 2908/398 2914/406
f 3353/387 3375/384 3370/5913
f 3314/409 3203/6061 3238/410
f 3304/411 3339/1427 3353/407
f 3301/412 3183/421 3203/413
f 3314/415 3370/6062 3371/416
f 3301/417 3346/420 3320/1638
f 3371/416 3374/1662 3346/420
f 3254/419 3128/423 3183/421
f 3123/422 3183/421 3128/423
f 3085/425 3123/422 3120/424
f 3128/459 3149/6063 3111/6064
f 3265/427 3303/376 3135/428
f 3113/429 3090/1412 3190/430
f 3302/431 3334/1658 3348/432
f 3348/434 3362/6059 3303/376
f 3265/433 3190/5929 3266/435
f 2969/436 2965/442 2955/437
f 3033/439 3030/374 2928/440
f 2956/438 2955/437 3017/441
f 2965/442 2950/6065 2943/443
f 2955/437 2928/373 2918/372
f 2955/437 2947/444 2998/445
f 2950/446 2938/473 2931/447
f 3020/449 3001/475 2938/450
f 2965/452 3055/458 3020/449
f 3098/453 3091/1213 3150/454
f 3042/1210 3091/1213 3098/453
f 3098/457 3149/6063 3128/459
f 3089/460 3020/449 3055/458
f 2936/461 2984/471 2980/462
f 2935/463 2913/5927 2907/464
f 2936/465 2907/6066 2895/466
f 2936/465 2904/467 2910/468
f 2944/474 2990/476 2984/1673
f 2910/468 2912/6067 2924/472
f 2924/472 2931/447 2938/473
f 2944/474 2938/450 3001/475
f 2837/477 2828/483 2811/478
f 2837/477 2825/479 2865/480
f 2837/477 2869/481 2880/482
f 2895/466 2865/480 2867/484
f 2895/466 2907/6066 2869/481
f 3326/485 3372/1647 3366/486
f 3321/487 3366/486 3369/488
f 3313/490 3255/1423 3267/491
f 3321/492 3267/491 3280/1629
f 3321/494 3358/1620 3349/495
f 3366/486 3431/5919 3414/497
f 3369/488 3414/497 3399/498
f 3326/6068 3280/1629 3299/1632
f 3328/501 3331/530 3364/502
f 3363/504 3343/1644 3272/505
f 3360/503 3397/507 3394/506
f 3364/502 3401/1654 3397/507
f 2890/508 2845/514 2868/509
f 2922/511 2912/6067 2890/508
f 2903/510 2958/1230 2967/512
f 2815/513 2868/509 2845/514
f 2815/513 2778/1690 2780/516
f 2840/517 2901/1094 2868/509
f 3171/518 3201/522 3159/519
f 3117/521 3155/548 3201/522
f 3171/518 3202/520 3160/523
f 3272/524 3343/6069 3329/525
f 3209/527 3202/520 3159/519
f 3287/529 3292/5878 3331/530
f 3287/531 3209/527 3195/532
f 3287/531 3328/5924 3202/520
f 3133/534 3144/528 3159/519
f 3164/535 3159/519 3201/522
f 3164/537 3110/540 3101/538
f 3110/540 3079/549 3068/541
f 3101/542 3068/1228 3072/543
f 3177/545 3195/5877 3133/546
f 3110/540 3115/551 3189/547
f 3110/540 3155/548 3117/521
f 3110/540 3164/537 3185/550
f 3686/552 3674/572 3665/553
f 3654/554 3606/581 3676/555
f 3654/554 3665/553 3706/556
f 3866/558 3850/562 3847/559
f 3812/561 3803/570 3850/562
f 3866/558 3864/1508 3808/563
f 3919/564 3940/1266 3939/565
f 3939/565 3932/1273 3864/567
f 3848/560 3868/5865 3919/568
f 3665/553 3663/571 3718/569
f 3706/556 3718/569 3803/570
f 3812/561 3808/563 3717/557
f 3663/571 3665/553 3674/572
f 3668/573 3724/1153 3718/569
f 3656/574 3654/554 3717/557
f 3656/576 3719/1510 3702/577
f 3633/578 3615/676 3594/579
f 3599/580 3657/6070 3676/555
f 3606/581 3654/554 3656/574
f 3555/584 3505/1653 3508/585
f 3606/582 3508/585 3512/586
f 4054/588 4089/1491 4090/589
f 4111/591 4113/1487 4089/592
f 4046/590 3964/1497 3959/594
f 3959/595 3985/1272 4051/596
f 4054/593 4051/596 4104/597
f 4095/598 4097/1274 4156/599
f 4160/600 4156/599 4222/601
f 4173/603 4137/1558 4134/604
f 4220/605 4230/1595 4173/606
f 4160/600 4134/604 4096/608
f 4299/609 4300/1590 4288/610
f 4287/611 4302/616 4315/612
f 4287/611 4288/610 4262/614
f 4254/615 4265/1283 4302/616
f 3870/617 3886/621 3819/618
f 3870/617 3875/622 3918/620
f 3817/5922 3818/1790 3875/1794
f 3599/587 3512/586 3517/623
f 3658/625 3657/643 3599/587
f 3628/626 3722/1791 3716/627
f 3716/627 3727/642 3658/625
f 3613/624 3517/623 3543/628
f 3695/629 3776/632 3760/630
f 3702/577 3785/1509 3776/632
f 3695/629 3670/631 3633/578
f 3602/633 3683/1569 3662/634
f 3554/635 3662/634 3624/636
f 3516/638 3581/673 3602/639
f 3554/640 3431/5919 3437/641
f 3727/5921 3731/5867 3657/6070
f 4183/644 4187/655 4107/645
f 4069/647 4122/1561 4138/648
f 4138/650 4180/1594 4183/644
f 4025/651 4017/1562 4069/647
f 4100/646 4107/645 4033/652
f 4241/654 4191/660 4187/655
f 4241/654 4251/656 4275/657
f 4241/654 4255/658 4203/659
f 3953/661 4031/678 4021/662
f 3937/663 4021/662 4016/664
f 3873/666 3905/6071 3953/661
f 3947/665 3903/709 3878/667
f 3937/663 3878/667 3841/668
f 3596/669 3616/1529 3610/670
f 3593/672 3610/6072 3602/639
f 3614/674 3607/1524 3596/669
f 3581/673 3570/1651 3594/675
f 3593/671 3594/579 3615/676
f 4053/677 4021/662 4031/678
f 4053/677 4048/681 4016/664
f 4053/677 4074/679 4086/680
f 4057/6073 4140/770 4013/1343
f 4057/682 4044/687 4084/685
f 3963/684 3944/1353 4044/687
f 3789/1539 3821/1352 3645/6074
f 3631/690 3645/689 3466/691
f 3631/693 3598/698 3611/694
f 3470/692 3464/767 3566/696
f 3566/697 3591/1527 3598/698
f 3861/699 3887/1540 3815/700
f 3861/702 3903/709 3843/703
f 3861/705 3761/6075 3742/706
f 3835/708 3878/667 3903/709
f 3761/710 3815/700 3800/711
f 3761/710 3806/6076 3835/701
f 3703/713 3749/1530 3806/714
f 3761/704 3843/703 3774/6077
f 3640/719 3590/730 3742/720
f 3689/695 3611/694 3640/722
f 3640/722 3611/694 3617/724
f 3669/726 3679/729 3623/727
f 3703/718 3774/717 3679/729
f 3640/728 3591/1527 3566/697
f 3690/731 3679/729 3774/717
f 3825/733 3693/5917 3690/731
f 3836/734 3943/738 3929/735
f 3836/734 3774/6077 3843/703
f 3913/737 3954/740 3943/738
f 4024/739 3943/738 3954/740
f 4016/664 4055/743 4062/741
f 4016/664 4048/681 4040/742
f 3954/740 3913/737 3947/665
f 4040/748 3969/750 3972/5915
f 4048/681 4086/680 4060/747
f 4040/748 4060/1536 4012/749
f 4250/751 4258/755 4285/752
f 4250/751 4185/756 4192/754
f 4256/753 4174/762 4185/756
f 4105/757 4050/746 4059/758
f 4163/760 4130/1473 4105/757
f 4145/759 4059/758 4079/761
f 4145/759 4245/764 4239/763
f 4174/762 4256/753 4245/764
f 3459/765 3453/1617 3588/766
f 3590/730 3566/696 3464/767
f 3588/766 3730/6078 3742/720
f 4228/768 4244/776 4146/769
f 4150/771 4227/1470 4228/768
f 4140/6079 4057/1483 4128/1479
f 4268/1606 4292/1333 4307/6080
f 4263/775 4236/777 4244/776
f 4228/768 4227/1470 4268/773
f 4236/777 4152/1337 4146/769
f 4281/778 4273/785 4293/779
f 4270/781 4281/778 4358/780
f 4358/780 4293/779 4382/783
f 4281/778 4270/781 4252/784
f 4455/786 4388/790 4450/787
f 4352/789 4294/2216 4388/790
f 4455/786 4467/2207 4368/791
f 4678/792 4688/798 4645/793
f 4678/792 4647/794 4669/795
f 4678/792 4708/796 4744/797
f 4908/799 4905/803 4934/800
f 4759/802 4748/2198 4905/803
f 4908/799 4933/801 4868/804
f 419/805 404/4796 651/806
f 221/808 404/4796 419/805
f 419/805 754/807 695/810
f 4652/811 4622/817 4621/812
f 4652/811 4663/813 4706/814
f 4652/811 4683/815 4643/816
f 3381/818 3131/3995 3146/819
f 3146/819 3145/4012 3423/821
f 3426/822 3402/849 3428/823
f 3574/5987 3576/5986 3584/6081
f 3620/4084 3469/4006 3498/833
f 3509/831 3359/834 3381/818
f 3498/833 3330/3999 3359/834
f 3710/835 3772/4081 3620/828
f 3553/836 3544/6082 3563/837
f 3573/830 3563/837 3568/838
f 3354/840 3335/923 3319/841
f 3325/6006 3244/5894 3273/6083
f 3497/844 3515/848 3448/845
f 3497/844 3485/6084 3561/847
f 3402/5982 3395/854 3442/853
f 3428/823 3442/850 3503/851
f 3406/852 3448/845 3442/853
f 3218/855 3268/859 3248/856
f 3237/858 3279/865 3268/859
f 3218/855 3188/857 3184/860
f 3184/860 3162/862 3228/861
f 3188/857 3148/6085 3162/862
f 3296/863 3248/856 3268/859
f 3298/864 3268/859 3279/865
f 3298/864 3305/866 3345/867
f 3357/868 3294/5900 3296/863
f 3345/867 3305/866 3322/869
f 3192/870 3065/6086 3129/871
f 3291/872 3420/874 3457/875
f 3129/871 3118/879 3297/873
f 3291/872 3350/876 3289/877
f 3129/871 3065/6086 2988/878
f 2566/883 22/885 2621/6087
f 2566/883 2568/5902 24/884
f 27/886 20/891 2617/887
f 2620/3989 2621/881 22/6088
f 27/886 22/885 24/884
f 27/886 81/3856 83/890
f 3100/892 3143/906 3105/893
f 3087/894 3105/893 3132/895
f 8/897 12/3853 2576/898
f 2595/900 2576/4008 2640/901
f 3231/907 3219/935 3274/6089
f 3143/906 3219/935 3231/907
f 3231/903 3275/905 3186/909
f 3192/914 3228/861 3162/862
f 3192/870 3289/877 3282/924
f 3141/913 3143/928 3166/910
f 3166/910 3078/917 3065/916
f 3078/917 2948/4192 2887/918
f 3350/876 3457/875 3507/919
f 3350/876 3275/922 3274/921
f 3389/4102 3307/941 3275/905
f 3289/877 3274/921 3319/841
f 3335/923 3322/5904 3282/924
f 3143/906 3100/892 3102/925
f 3141/913 3126/5895 3105/927
f 3147/926 3102/925 3097/896
f 3105/927 3126/5895 3173/5897
f 3132/895 3244/5894 3223/930
f 3256/6090 3270/5882 3285/5893
f 3187/934 3256/931 3257/933
f 3285/932 3274/6089 3219/935
f 3245/939 3307/941 3327/6091
f 3245/939 3142/945 3096/940
f 3186/909 3275/905 3307/941
f 3245/942 3252/6092 3124/943
f 3142/945 3077/964 3006/946
f 34/947 38/3849 8/897
f 2563/948 2579/954 26/949
f 2579/950 2563/5981 2622/951
f 2636/4190 2639/4188 2588/6093
f 2579/954 2588/4199 25/955
f 3119/956 3222/5891 3180/957
f 3116/958 3082/961 3086/959
f 3116/958 3125/970 3083/960
f 3283/967 3324/966 3074/4180
f 3142/945 3276/6094 3283/962
f 3365/965 3412/998 3324/966
f 3283/968 3276/975 3317/938
f 3327/969 3398/1000 3365/965
f 3125/970 3232/973 3241/971
f 3122/6095 3205/5887 3232/5889
f 3125/970 3127/972 3088/974
f 3276/6096 3142/5991 3180/957
f 3311/977 3180/976 3222/978
f 3966/980 4020/984 3846/981
f 3966/980 3999/990 4063/983
f 3355/985 3317/938 3276/975
f 3355/985 3332/5888 3312/986
f 3317/938 3312/986 3293/987
f 3293/5879 3288/5881 3252/5883
f 4082/989 4063/983 3999/990
f 3565/992 3677/997 3655/993
f 3491/994 3398/1000 3499/995
f 3565/992 3499/995 3642/996
f 3412/998 3601/4176 3540/999
f 3398/1000 3491/994 3412/998
f 4063/983 4082/989 4175/1001
f 4175/1001 4351/4058 4365/1003
f 4179/1004 4029/4175 4037/1005
f 4165/1002 4037/1005 4020/984
f 4751/1006 4603/3472 4648/1007
f 4743/1008 4849/1011 4912/1009
f 4743/1008 4648/1007 4666/1010
f 4391/1012 4493/3466 4494/1013
f 4494/1013 4499/3470 4453/1015
f 4390/1014 4189/1018 4199/1016
f 4355/1017 4184/5743 4189/1018
f 4390/1014 4453/1015 4438/1019
f 2698/1020 2670/1873 2688/1021
f 2745/1023 2698/1020 2734/1022
f 2734/1022 2688/1021 2851/1025
f 358/1032 308/1034 210/6097
f 209/1028 207/2436 348/1029
f 348/1030 648/2483 636/1031
f 406/1033 341/5846 308/1034
f 636/1031 642/5812 406/1033
f 222/1035 220/1912 328/1036
f 387/1037 410/2062 227/1038
f 387/1037 328/1036 350/1039
f 227/1038 410/2062 251/1041
f 415/1043 624/1049 465/1044
f 415/1043 402/1045 369/1046
f 415/1043 411/1047 635/1048
f 2866/1050 2802/1703 2898/1051
f 2767/1053 2905/1057 2906/1054
f 2808/1056 2899/1812 2905/1057
f 2767/1053 2740/1832 2739/1058
f 2738/1063 2741/1062 2762/6098
f 2739/1058 2730/1829 2741/1062
f 2738/1063 2785/5854 2808/1056
f 3603/1064 3632/1784 3621/1065
f 3603/1064 3571/1066 3558/6099
f 3603/1067 3653/1069 3692/1070
f 3571/1066 3621/1065 3627/1072
f 3547/1073 3411/1798 3408/1074
f 3660/1075 3759/2127 3653/1069
f 3558/1068 3415/6100 3421/1076
f 3660/1075 3421/1076 3434/1077
f 2949/1079 2934/1083 3005/1080
f 2949/1079 2942/1084 2921/1082
f 2999/1081 2982/1223 2942/1084
f 3058/1085 3062/1088 3005/1080
f 3058/1085 3070/6101 3095/1087
f 3010/1089 3054/1098 3070/1090
f 2891/1705 2953/1099 2945/6102
f 2901/1094 2945/1093 2934/1083
f 2901/1094 2840/517 2832/1095
f 3057/1096 3215/1719 3198/1097
f 3010/1089 2945/6102 2953/1099
f 2953/1099 2941/1706 3057/1096
f 3054/1098 3198/1097 3197/1100
f 3378/1101 3367/1107 3342/1102
f 3378/1101 3361/1103 3403/1104
f 3378/1101 3418/1105 3410/1106
f 3361/1103 3342/1102 3284/1108
f 3384/1110 3403/1104 3361/1103
f 3220/1111 3376/1725 3380/1112
f 3612/1114 3619/1118 3701/1115
f 3612/1124 3493/1123 3502/1723
f 3612/1114 3652/1121 3608/1119
f 3687/1116 3714/1145 3652/1121
f 3597/1122 3482/5868 3493/1123
f 3182/6103 3277/6104 3206/6105
f 3206/1126 3189/547 3115/551
f 3277/5874 3269/5873 3189/6106
f 3578/1129 3650/1131 3628/626
f 3618/1778 3671/1785 3650/6107
f 3587/1132 3609/5871 3618/1133
f 3543/628 3484/1657 3477/1135
f 3578/1129 3477/1135 3475/1136
f 3879/1138 3897/5979 3860/1139
f 3814/1141 3912/1161 3879/1138
f 3852/1142 3860/1146 3756/1143
f 3756/1143 3687/1116 3701/1115
f 3756/1143 3801/1147 3714/1145
f 3860/1146 3871/1167 3801/1147
f 3842/1148 3850/562 3803/570
f 3838/1150 3847/559 3850/562
f 3795/1149 3796/1151 3838/1150
f 3796/1151 3802/5861 3847/559
f 3668/573 3674/572 3732/1152
f 3919/568 3868/5865 3886/621
f 3922/1154 3936/6108 3942/1155
f 3918/620 3875/622 3882/1156
f 3918/620 3942/1155 3940/1157
f 3936/1158 3922/6109 3915/1159
f 3912/1161 3955/1165 3976/1162
f 3867/1164 3934/1254 3955/1165
f 3814/1141 3798/1732 3867/1164
f 3890/1166 3892/6004 3871/1167
f 3863/1168 3834/1735 3830/1169
f 3844/1171 3834/1735 3863/1168
f 3863/1168 3877/1170 3893/1173
f 3699/1174 3700/1727 3644/1175
f 3644/1175 3511/1720 3520/1177
f 3646/1176 3520/1177 3547/1073
f 3627/1072 3634/1188 3638/1178
f 3646/1176 3649/1180 3697/1179
f 3638/1178 3637/1770 3649/1180
f 4335/1181 4298/2149 4253/1182
f 4266/1183 4387/2136 4380/1184
f 4253/1182 4135/2155 4144/1185
f 4380/1184 4387/2136 4397/1186
f 3634/1188 3636/1190 3641/1189
f 3634/1188 3627/1072 3621/1065
f 3923/1191 3950/1249 3896/1192
f 3928/1194 4098/2126 4080/1195
f 3872/1193 3813/1782 3799/1196
f 3799/1196 3759/2127 3928/1194
f 4249/1197 4178/1241 4212/1198
f 2943/448 2966/1201 2969/1206
f 2966/1201 2943/448 2931/447
f 2966/1201 2962/1202 3016/1203
f 2966/1201 3031/1204 3042/1205
f 3031/1204 3016/1203 3069/6110
f 3080/1209 3091/1213 3042/1210
f 3080/1209 3069/1208 3109/1211
f 3080/1209 3138/1212 3150/454
f 3138/1212 3109/1211 3179/1214
f 3138/1212 3272/524 3264/526
f 3069/6110 3056/1216 3093/1218
f 3093/1219 3160/523 3179/5926
f 3056/1216 3028/1229 3075/1217
f 3093/1219 3075/1222 3117/521
f 3075/1217 3028/1229 3000/1220
f 3075/1222 3051/1226 3079/549
f 3051/1221 3000/1220 2982/1223
f 3026/1225 3068/541 3079/549
f 2982/1223 2999/1081 3060/1227
f 3026/1224 3060/1227 3072/543
f 2999/1081 3005/1080 3062/1088
f 3062/1088 3095/1087 3072/543
f 3028/1229 2967/512 2958/1230
f 2958/1230 2942/1084 2982/1223
f 3028/1229 3056/1216 2995/1231
f 2995/1231 3016/1203 2962/1202
f 2954/1232 2922/511 2967/512
f 3056/1216 3069/6110 3016/1203
f 2954/1232 2962/1202 2931/447
f 2924/472 2912/6067 2922/511
f 4295/1199 4212/1198 4224/1233
f 4295/1199 4304/1234 4313/1235
f 4286/1236 4243/1237 4249/1197
f 4243/1237 4286/1236 4272/1238
f 4229/1239 4159/1242 4167/1240
f 4243/1237 4167/1240 4178/1241
f 4159/1242 4067/5859 4064/1243
f 4167/1240 4064/1243 4066/1244
f 4072/1245 4212/1198 4178/1241
f 4064/1246 3981/1251 3971/1247
f 4066/1248 3971/1247 3950/1249
f 3981/1251 3901/1172 3893/1173
f 3893/1173 3896/1192 3950/1249
f 3981/6111 4064/1243 4067/5859
f 3981/1251 4006/1253 3934/1254
f 4006/1255 4067/6112 4078/1256
f 4026/1258 3955/1165 3934/1254
f 4026/1257 4078/1256 4092/1259
f 4042/1260 3976/1264 3955/1261
f 4092/1259 4097/1274 4045/1262
f 4042/1260 4045/1262 3990/1263
f 4045/1262 4047/1269 4001/1265
f 3990/1263 4001/1265 3940/1266
f 3990/1263 3942/1267 3936/1268
f 4001/1265 4002/1270 3939/565
f 4047/1269 4049/1271 4002/1270
f 4049/1271 4051/596 3985/1272
f 4049/1271 4047/1269 4095/598
f 4096/608 4104/597 4051/596
f 4002/1270 3985/1272 3932/1273
f 4047/1269 4045/1262 4097/1274
f 4078/1256 4157/1276 4161/1275
f 4161/1275 4156/599 4097/1274
f 4157/1276 4225/1278 4223/1277
f 4223/1277 4222/601 4156/599
f 4225/5857 4269/5856 4267/6113
f 4267/1279 4265/5923 4222/601
f 4269/5856 4303/1284 4309/1286
f 4309/1281 4302/616 4265/1283
f 4303/1284 4318/1288 4317/1285
f 4317/1287 4315/612 4302/616
f 4318/1288 4327/2158 4322/1289
f 4322/1290 4320/1291 4315/612
f 4320/1291 4319/1294 4314/613
f 4320/1291 4322/1290 4328/1292
f 4325/1293 4323/1295 4319/1294
f 4323/6114 4321/1302 4316/1331
f 4323/1295 4325/1293 4330/1297
f 4331/6115 4336/1300 4321/1302
f 4336/1300 4293/779 4305/1301
f 4336/1300 4331/6115 4373/1303
f 4375/1304 4382/783 4293/779
f 4375/1304 4373/1303 4405/1305
f 4406/1306 4402/1307 4382/783
f 4402/1307 4367/1310 4366/782
f 4402/1307 4406/1306 4408/1308
f 4398/1309 4369/1311 4367/1310
f 4369/1311 4398/1309 4396/1312
f 4369/1311 4370/1313 4264/1314
f 4257/1315 4247/1316 4367/1310
f 4247/1316 4257/1315 4142/1317
f 4136/1318 4110/1320 4234/1319
f 4247/1316 4234/1319 4366/782
f 4110/1320 4101/1322 4218/1321
f 4234/1319 4218/1321 4270/781
f 4101/1322 4087/1324 4195/1323
f 4218/1321 4195/1323 4252/784
f 4087/1324 4070/1335 4181/1325
f 4195/1323 4181/1325 4246/1326
f 4280/1327 4273/785 4252/784
f 4181/1325 4169/1334 4242/1328
f 4246/1326 4242/1328 4282/1329
f 4282/1329 4242/1328 4236/777
f 4282/1329 4263/775 4307/774
f 4282/1329 4311/1330 4305/1301
f 4307/6080 4312/1332 4316/1296
f 4311/1330 4316/1331 4321/1302
f 4312/1332 4307/6080 4292/1333
f 4299/609 4287/611 4314/613
f 4312/1332 4314/613 4319/1294
f 4169/1334 4152/1337 4236/777
f 4169/1334 4181/1325 4070/1335
f 4058/1336 4052/1338 4152/1337
f 4052/1338 4058/1336 3924/1339
f 3907/1340 3889/1342 4041/1341
f 4052/1338 4041/1341 4146/769
f 3889/1342 3865/1344 4013/1343
f 4041/1341 4013/1343 4140/770
f 3865/1344 3889/1342 3673/1345
f 3667/1347 3648/1351 3845/1348
f 3865/1349 3845/1348 3963/684
f 3648/1355 3645/689 3821/6116
f 3845/1348 3821/1352 3944/1353
f 3667/1354 3387/378 3436/380
f 3648/1355 3436/380 3466/691
f 3667/1354 3673/1358 3400/1356
f 3889/1342 3907/1340 3688/1357
f 3673/1358 3688/1360 3407/1359
f 3688/1360 3694/6117 3409/1361
f 3409/1362 3167/1366 3178/1363
f 3178/1363 3193/1369 3400/1365
f 3167/1366 3022/1371 3040/1367
f 3178/1363 3040/1367 3049/1368
f 3040/1367 2923/1372 2927/1370
f 3022/1371 2920/1373 2923/1372
f 2920/1375 2849/1378 2850/6118
f 2920/1373 3022/1371 3013/2245
f 2911/1377 2847/1379 2849/1378
f 2847/1379 2792/1382 2789/1380
f 2847/1379 2911/1377 2902/1381
f 2841/360 2795/5851 2792/1382
f 2789/1380 2792/1382 2777/1383
f 2775/6119 2774/1386 2781/1388
f 2781/1385 2850/6118 2849/1378
f 2774/1386 2776/1390 2782/1387
f 2781/1388 2782/1387 2858/365
f 2776/1390 2786/1392 2787/1391
f 2782/1387 2787/1391 2852/366
f 2786/1392 2798/1395 2800/1393
f 2787/1391 2800/1393 2835/1394
f 2798/1395 2801/1678 2812/1396
f 2800/1393 2812/1396 2833/1397
f 2889/1398 2894/370 2835/1394
f 2812/1396 2810/1677 2834/1399
f 2833/1397 2834/1399 2886/1400
f 2915/1401 2917/1404 2889/1402
f 2834/1399 2831/395 2878/394
f 2886/1403 2878/400 2909/399
f 2917/1404 2939/1406 2947/444
f 2917/1404 2918/372 2894/1405
f 2917/1404 2915/1401 2940/402
f 2939/1406 2940/402 2977/1407
f 2985/1408 2998/445 2947/444
f 2985/1408 2977/1407 3044/1409
f 3050/1410 3067/1411 2998/445
f 3067/1411 3050/1410 3085/425
f 3111/426 3190/430 3090/1412
f 3067/1411 3090/1412 3017/441
f 3050/1410 3044/1409 3081/1413
f 3081/1413 3044/1409 3046/1414
f 3084/1415 3139/1417 3130/1416
f 3081/1413 3130/1416 3123/422
f 3130/1416 3203/413 3183/421
f 3139/1417 3238/1420 3203/413
f 3139/1417 3084/1415 3092/1418
f 3154/1621 3249/1421 3238/410
f 3249/1421 3154/1621 3168/1422
f 3255/1423 3313/490 3310/1424
f 3249/1421 3310/1424 3304/411
f 3313/496 3349/495 3344/1425
f 3310/1426 3344/1425 3339/1430
f 3349/495 3390/1433 3382/1428
f 3344/1425 3382/1428 3377/1429
f 3377/1429 3456/1431 3455/385
f 3379/388 3353/387 3339/1430
f 3382/1428 3465/1432 3456/1431
f 3465/1432 3382/1428 3390/1433
f 3473/1434 3600/1601 3592/1435
f 3465/1432 3592/1435 3586/1436
f 3583/1437 3455/385 3456/1431
f 3592/1435 3725/1444 3720/1438
f 3586/1436 3720/1438 3711/1439
f 3711/6120 3888/1450 3885/1610
f 3712/1441 3579/1616 3583/1437
f 3720/6121 3898/1448 3888/1450
f 3898/1443 3720/1438 3725/1444
f 3904/1446 4038/1596 4036/1447
f 3898/1448 4036/1447 4032/1449
f 4027/1451 3885/1610 3888/1450
f 4036/1447 4127/1456 4120/1452
f 4032/1449 4120/1452 4103/1453
f 4099/1454 4022/1609 4027/1451
f 4120/1452 4205/1455 4192/754
f 4103/1453 4192/754 4185/756
f 4205/1455 4120/1452 4127/1456
f 4210/1457 4261/1584 4260/1458
f 4205/1455 4260/1458 4258/755
f 4260/1458 4261/1584 4310/1459
f 4306/1460 4285/752 4258/755
f 4306/1460 4310/1459 4357/1461
f 4353/1462 4289/1463 4285/752
f 4289/1463 4245/764 4256/753
f 4289/1463 4353/1462 4356/1464
f 4283/1465 4239/763 4245/764
f 4283/1465 4356/1464 4296/1466
f 4274/1467 4233/1468 4239/763
f 4233/1468 4164/1472 4163/760
f 4233/1468 4274/1467 4268/1606
f 4227/1470 4150/771 4164/6122
f 4164/1476 4131/1475 4130/1478
f 4150/1474 4128/1479 4131/1475
f 4131/1475 4123/1480 4124/1477
f 4128/1479 4121/1481 4123/1480
f 4121/1481 4116/1485 4117/1482
f 4121/1481 4128/1479 4057/1483
f 4083/1484 4091/1486 4116/1485
f 4091/1486 4089/592 4113/1487
f 4083/1488 4084/1492 4093/1489
f 4093/1489 4090/589 4089/1491
f 4084/1492 4076/1533 4094/1493
f 4094/1493 4088/1494 4090/589
f 4088/1494 4043/1495 4046/590
f 4088/1494 4094/1493 4086/680
f 4074/679 4031/678 4043/1495
f 4031/678 3953/661 3961/1496
f 4043/1495 3961/1496 3964/1497
f 3953/661 3905/6071 3916/1498
f 3961/1496 3916/1498 3921/1499
f 3916/1498 3849/1514 3855/1500
f 3855/1500 3857/6123 3917/1501
f 3917/1501 3959/594 3964/1497
f 3857/1502 3864/567 3932/1273
f 3917/1503 3932/1273 3985/1272
f 3855/1504 3785/1509 3793/1505
f 3857/1507 3793/1511 3808/563
f 3785/1509 3702/577 3719/1510
f 3793/1511 3719/575 3717/557
f 3849/1512 3776/632 3785/1509
f 3916/1498 3905/6071 3840/1513
f 3840/1515 3760/630 3776/632
f 3905/6071 3873/666 3824/6124
f 3824/1517 3744/1518 3760/630
f 3744/1518 3824/1517 3786/1519
f 3744/1518 3713/1520 3651/1521
f 3744/1518 3659/1522 3670/631
f 3659/1522 3651/1521 3614/674
f 3615/676 3633/578 3670/631
f 3713/1520 3691/1525 3643/1523
f 3651/1521 3643/1523 3607/1524
f 3691/1525 3669/725 3617/724
f 3643/1523 3617/724 3604/1526
f 3604/1526 3617/724 3611/694
f 3604/1526 3598/698 3591/1527
f 3595/1528 3596/669 3607/1524
f 3591/1527 3640/728 3623/727
f 3595/1528 3623/727 3616/1529
f 3691/1525 3749/1530 3703/713
f 3713/1520 3786/1519 3749/1530
f 3841/1531 3806/714 3749/1530
f 3786/1519 3824/1517 3873/6125
f 4076/1533 4060/747 4086/680
f 4076/1534 4084/685 4044/687
f 4030/1535 4012/749 4060/1536
f 4030/1535 4044/687 3944/1353
f 3926/1537 3910/1538 4012/749
f 3910/1538 3926/1537 3789/1539
f 3800/711 3815/700 3887/1540
f 3910/1538 3887/1540 3969/750
f 3926/1537 3944/1353 3821/1352
f 4117/1482 4114/1543 4112/1541
f 4115/1542 4124/1477 4123/1480
f 4116/1485 4113/1487 4114/1543
f 4115/1542 4112/1541 4108/1544
f 4106/1545 4102/1548 4124/1477
f 4102/1546 4106/1549 4055/743
f 4102/1547 4040/744 4050/746
f 4102/1548 4105/6126 4130/1478
f 4106/1549 4108/1551 4062/741
f 4109/1550 4065/1560 4062/741
f 4112/1541 4118/1553 4109/1552
f 4118/1553 4126/1556 4122/1554
f 4118/1553 4112/1541 4114/1543
f 4119/1555 4125/1557 4126/1556
f 4125/1557 4134/604 4137/1558
f 4125/1557 4119/1555 4111/591
f 4104/597 4096/608 4134/604
f 4119/1555 4114/1543 4113/1487
f 4137/1558 4138/6127 4122/1554
f 4069/647 4017/1562 4019/1559
f 4065/1560 4019/1559 4024/739
f 4065/1560 4109/1550 4122/1561
f 4017/1562 3920/1566 3929/735
f 4019/1559 3929/735 3943/738
f 3911/1563 3779/1568 3809/1564
f 3920/1565 3809/1564 3825/1571
f 3920/1566 4017/1562 4025/651
f 3779/1568 3662/634 3683/1569
f 3809/1564 3683/1569 3693/1570
f 3754/1572 3624/636 3662/634
f 3779/1568 3911/1563 3909/1573
f 3908/1574 3743/1599 3754/1572
f 3909/1575 3911/6128 4025/653
f 4033/652 4035/1578 3908/1576
f 4039/1577 3906/1600 3908/1576
f 4035/1578 4033/652 4107/645
f 4129/1579 4133/1581 4039/1577
f 4132/1580 4038/1596 4039/1577
f 4133/1581 4129/1579 4191/660
f 4133/1581 4203/659 4208/1582
f 4210/1457 4127/1456 4132/1580
f 4208/1582 4203/659 4255/658
f 4208/1582 4259/1583 4261/1584
f 4255/658 4275/657 4297/1585
f 4259/1583 4297/1585 4310/1459
f 4275/657 4278/1587 4346/1586
f 4297/1585 4346/1586 4357/1461
f 4278/1587 4271/1591 4342/1588
f 4346/1586 4342/1588 4359/1589
f 4359/1589 4356/1464 4353/1462
f 4342/1588 4288/610 4300/1590
f 4300/1590 4296/1466 4356/1464
f 4271/1591 4262/614 4288/610
f 4271/1591 4278/1587 4248/1592
f 4238/1593 4230/1595 4262/614
f 4238/1593 4248/1592 4183/644
f 4180/1594 4173/606 4230/1595
f 4278/1587 4275/657 4251/656
f 4248/1592 4251/656 4187/655
f 4127/1456 4036/1447 4038/1596
f 4129/1579 4107/645 4187/655
f 3904/1445 3725/1444 3736/1597
f 3906/1598 3736/1597 3743/1599
f 3906/1600 4039/1577 4038/1596
f 3725/1444 3592/1435 3600/1601
f 3736/1597 3600/1601 3605/1602
f 3600/1601 3473/1434 3488/1603
f 3605/1602 3488/1603 3504/637
f 3624/636 3754/1572 3743/1599
f 3473/1434 3390/1433 3399/1604
f 3488/1603 3399/1604 3414/1605
f 4274/1467 4296/1466 4292/1333
f 4296/1466 4300/1590 4299/609
f 4005/1607 3874/1611 3881/1608
f 4022/1609 3881/1608 3885/1610
f 4022/1609 4099/1454 4079/761
f 3874/1611 3730/1619 3721/1612
f 3881/1608 3721/1612 3712/1613
f 3721/1614 3730/6078 3588/766
f 3721/1614 3582/1615 3579/1616
f 3582/1615 3588/766 3453/1617
f 3582/1615 3450/383 3452/386
f 3874/1611 4005/1607 3978/1618
f 3869/707 3742/706 3730/1619
f 3978/1618 4059/758 4050/746
f 3972/745 3861/705 3869/707
f 4005/1607 4079/761 4059/758
f 4099/1454 4185/756 4174/762
f 3579/1616 3452/386 3455/385
f 3390/1433 3349/495 3358/1620
f 3154/1419 3092/1418 3099/6129
f 3168/1422 3099/1622 3103/1623
f 3176/1624 3267/491 3255/1423
f 3176/1624 3103/1623 3112/1625
f 3196/1626 3280/1629 3267/491
f 3196/1626 3112/1625 3134/1627
f 3242/1628 3299/1632 3280/1629
f 3242/1628 3134/1627 3174/1630
f 3281/1631 3333/1636 3299/1632
f 3336/1633 3341/1639 3340/1634
f 3333/6130 3340/1641 3337/500
f 3333/1636 3281/1631 3320/1668
f 3341/1639 3334/1658 3338/1640
f 3340/1641 3338/1643 3347/1642
f 3338/1643 3329/6131 3343/1644
f 3343/1644 3363/504 3356/1645
f 3356/1645 3326/485 3337/500
f 3363/504 3394/506 3386/1646
f 3356/1645 3386/1646 3372/1647
f 3394/506 3441/1649 3439/1648
f 3386/1646 3439/1648 3437/641
f 3441/1649 3505/1653 3510/1650
f 3439/1648 3510/1650 3516/638
f 3510/1650 3505/1653 3555/584
f 3510/1650 3570/1651 3581/673
f 3441/1649 3394/506 3397/507
f 3445/1652 3508/585 3505/1653
f 3445/1652 3397/507 3401/1654
f 3460/1655 3512/586 3508/585
f 3460/1655 3401/1654 3410/1106
f 3474/1656 3517/623 3512/586
f 3474/1656 3410/1106 3418/1105
f 3484/1657 3543/628 3517/623
f 3334/1658 3302/431 3329/525
f 3352/1659 3348/432 3334/1658
f 3341/1639 3336/1633 3351/1660
f 3373/1661 3368/1665 3352/1659
f 3336/1633 3320/1638 3346/420
f 3351/1660 3346/420 3374/1662
f 3368/1663 3466/691 3436/380
f 3362/1664 3348/432 3352/1659
f 3368/1663 3373/1666 3470/692
f 3373/1666 3374/5914 3464/767
f 3281/1631 3174/1630 3254/1667
f 3134/1627 3073/1670 3089/460
f 3174/1630 3089/460 3128/459
f 3061/1669 2990/476 3001/475
f 3073/1670 3001/475 3020/449
f 3073/1670 3134/1627 3112/1625
f 3059/1671 2984/1673 2990/476
f 3061/1669 3112/1625 3103/1623
f 3052/1675 2980/462 2984/471
f 3059/1671 3103/1623 3099/1622
f 3048/1674 2975/1676 2980/462
f 3052/1675 3099/6129 3092/1418
f 3048/1674 3092/1418 3084/1415
f 3046/1414 2974/404 2975/1676
f 3044/1409 2977/1407 2974/404
f 2810/1677 2813/392 2831/395
f 2810/1677 2812/1396 2801/1678
f 2803/1679 2805/1680 2813/392
f 2805/1680 2803/1679 2807/1681
f 2811/478 2828/483 2824/1682
f 2805/1680 2824/1682 2827/393
f 2828/483 2880/482 2879/1683
f 2824/1682 2879/1683 2873/390
f 2880/1684 2913/5927 2914/406
f 2879/1685 2914/406 2908/398
f 2803/1679 2801/1678 2809/1686
f 2809/1686 2836/1688 2829/1687
f 2829/1687 2825/479 2811/478
f 2836/1688 2882/1689 2867/484
f 2867/484 2865/480 2825/479
f 2882/1689 2836/1688 2845/514
f 2890/508 2912/6067 2910/468
f 2882/1689 2910/468 2904/467
f 2836/1688 2809/1686 2816/515
f 2809/1686 2801/1678 2798/1395
f 2786/1392 2815/513 2816/515
f 2786/1392 2776/1390 2778/1690
f 2776/1390 2774/1386 2772/1691
f 2774/1386 2775/6119 2771/1692
f 2772/1691 2771/1692 2768/1693
f 2773/1694 2780/516 2778/1690
f 2773/1694 2768/1693 2765/1695
f 2769/1696 2779/1702 2780/516
f 2769/1697 2766/1708 2783/1698
f 2779/1699 2783/1698 2822/1700
f 2779/1702 2832/1095 2840/517
f 2783/1698 2794/1707 2802/1703
f 2822/1700 2802/1703 2866/1050
f 2822/1700 2877/1704 2891/1705
f 2877/1704 2866/1050 2919/1052
f 2941/1706 2953/1099 2891/1705
f 2794/1707 2783/1698 2766/1708
f 2788/1055 2906/1054 2900/1709
f 2794/1707 2900/1709 2898/1051
f 2900/1709 2906/1054 3029/1710
f 3035/1711 3041/1712 2898/1051
f 3041/1712 3035/1711 3229/1713
f 3213/1714 3211/1716 3047/1715
f 3041/1712 3047/1715 2919/1052
f 3211/1716 3215/1719 3057/1096
f 3047/1715 3057/1096 2941/1706
f 3213/1714 3411/1798 3405/1717
f 3211/1716 3405/1717 3392/1718
f 3405/1717 3520/1177 3511/1720
f 3392/1718 3511/1720 3506/1721
f 3385/1722 3198/1097 3215/1719
f 3385/1722 3506/1721 3502/1723
f 3388/1724 3197/1100 3198/1097
f 3388/1724 3502/1723 3493/1123
f 3376/1725 3220/1111 3197/1100
f 3511/1720 3644/1175 3629/1726
f 3629/1726 3619/1729 3502/1723
f 3629/1726 3644/1175 3700/1727
f 3704/1734 3701/1115 3619/1118
f 3704/1728 3700/1727 3780/1737
f 3798/1733 3814/1144 3701/1115
f 3780/1731 3773/1738 3834/1735
f 3844/1171 3867/1164 3798/1732
f 3700/1727 3699/1174 3773/1736
f 3773/1738 3767/6132 3830/1169
f 3699/1174 3697/1179 3767/1739
f 3697/1179 3684/1776 3750/1740
f 3767/1741 3750/1744 3823/1742
f 3750/1744 3714/1145 3801/1147
f 3823/1742 3801/1147 3871/1167
f 3884/1747 3877/1170 3830/1169
f 3894/1746 3895/1749 3877/1170
f 3876/1748 3872/1193 3896/1192
f 3895/1749 3896/1192 3893/1173
f 3895/1750 3894/1754 3891/1751
f 3833/1761 3826/1760 3876/6133
f 3894/1754 3899/6003 3880/1755
f 3891/1751 3880/1755 3832/1756
f 3880/1755 3883/1795 3827/1757
f 3827/1757 3745/6134 3753/1758
f 3753/1758 3758/6135 3833/1753
f 3758/1759 3751/1764 3826/1760
f 3758/6135 3753/1758 3680/1777
f 3685/1763 3682/1765 3751/1764
f 3682/1765 3641/1189 3636/1190
f 3666/1780 3728/1781 3751/1783
f 3685/1763 3639/1768 3641/1189
f 3685/1763 3680/1762 3635/1767
f 3639/1768 3635/1767 3626/1769
f 3637/1770 3638/1178 3641/1189
f 3635/1779 3618/1778 3609/6136
f 3626/1769 3609/1771 3608/1772
f 3630/1773 3649/1180 3637/1770
f 3630/1774 3608/1119 3652/1121
f 3684/1776 3697/1179 3649/1180
f 3680/1777 3671/1785 3618/1778
f 3666/1780 3632/1071 3692/1070
f 3728/1781 3692/1070 3799/1196
f 3813/1782 3826/1797 3751/1783
f 3636/1190 3621/1065 3632/1784
f 3753/1758 3745/6134 3671/1785
f 3745/1786 3827/1792 3822/1787
f 3734/1788 3650/1131 3671/1789
f 3734/1788 3822/1787 3818/1790
f 3722/1791 3628/626 3650/1131
f 3827/1757 3883/1795 3882/6137
f 3822/1787 3882/1793 3875/1794
f 3880/1755 3899/6003 3915/1159
f 3883/1795 3915/1159 3922/6109
f 3826/1797 3813/1782 3872/1193
f 3684/1775 3652/1121 3714/1145
f 3411/1798 3547/1073 3520/1177
f 3229/1713 3408/1074 3411/1798
f 3234/1799 3415/1801 3408/1074
f 3035/1711 3029/1710 3234/1799
f 3239/1800 3421/1807 3415/1801
f 3029/1710 3025/1802 3239/1800
f 3025/1802 3023/1804 3236/1803
f 3025/1802 3029/1710 2906/1054
f 2905/1057 2899/1812 3023/1804
f 3225/1805 3440/6138 3434/1806
f 3236/1803 3434/1806 3421/1807
f 3023/1804 3021/1811 3225/1805
f 3021/1808 3018/1815 3214/1809
f 3021/1811 3023/1804 2899/1812
f 2896/1814 2893/1816 3018/1815
f 2893/1816 2888/1818 3012/1817
f 2893/1816 2896/1814 2785/1061
f 2762/1060 2759/1819 2888/1818
f 2759/1819 2753/5853 2876/1820
f 2759/1821 2762/6098 2741/1062
f 2737/1822 2736/1826 2753/1823
f 2726/1824 2705/1868 2732/1825
f 2736/1826 2732/1825 2745/1023
f 2736/1826 2737/1822 2727/1827
f 2720/1828 2724/1863 2726/1824
f 2737/1822 2741/1062 2730/1829
f 2727/1827 2730/1829 2718/1830
f 2718/1830 2714/1834 2713/1831
f 2730/1829 2739/1058 2740/1832
f 2718/1830 2740/1832 2748/1833
f 2748/1833 2761/1837 2721/1835
f 2740/1832 2767/1053 2763/1836
f 2763/1836 2765/1838 2761/1837
f 2763/1836 2767/1053 2788/1055
f 2766/1708 2769/1697 2765/1838
f 2721/1839 2749/1844 2731/1840
f 2715/1842 2713/1831 2714/1834
f 2761/1843 2764/1846 2749/1844
f 2770/1845 2758/1850 2749/1844
f 2764/1846 2761/1843 2765/1695
f 2764/1846 2768/1693 2771/1692
f 2784/1847 2746/5850 2710/1848
f 2758/1849 2710/1848 2731/1853
f 2758/1849 2770/5852 2777/1383
f 2710/1848 2746/5850 2725/1851
f 2712/1852 2719/1854 2731/1853
f 2719/1854 2712/1852 2722/1855
f 2707/6139 2709/1859 2717/1861
f 2719/1858 2717/6140 2715/1841
f 2709/1859 2704/1862 2723/1860
f 2717/1861 2723/1860 2713/1831
f 2704/1862 2702/1864 2724/1863
f 2723/1860 2724/1863 2720/1828
f 2702/1864 2704/1862 2687/1865
f 2702/1864 2686/1866 2689/1867
f 2705/1868 2726/1824 2724/1863
f 2689/1867 2686/1866 2645/1869
f 2689/1867 2644/1870 2664/1871
f 2694/1872 2732/1825 2705/1868
f 2694/1872 2664/1871 2670/1873
f 2698/1020 2745/1023 2732/1825
f 2664/1871 2644/1870 2632/1874
f 2631/1875 2630/1876 2670/1873
f 2630/1876 2631/1875 2573/1877
f 2570/1878 2567/1881 2627/1879
f 2627/1879 2688/1021 2670/1873
f 2627/1879 2626/1882 2685/1880
f 2567/1881 2564/1883 2626/1882
f 2564/1883 2562/6141 2625/1884
f 2564/1885 2567/2431 53/1886
f 56/1887 58/1889 2562/1888
f 58/1889 85/1893 2561/1890
f 58/1889 56/1887 112/1891
f 85/1893 115/1892 160/1894
f 171/1896 178/1899 93/2086
f 171/1896 167/1895 214/1897
f 215/1898 217/1900 178/1899
f 217/1900 219/6142 179/1901
f 217/1902 215/5848 264/1903
f 265/1905 274/1911 219/1906
f 316/1908 350/2052 328/1909
f 274/1911 328/1036 220/1912
f 274/1910 265/1904 284/1913
f 283/1914 293/2047 316/1908
f 265/1904 264/1903 282/1915
f 284/1913 282/1915 290/1916
f 290/1916 294/1920 299/1917
f 290/1916 282/1915 303/1918
f 327/1919 322/1924 294/1920
f 322/1921 332/1928 298/1922
f 322/1924 327/1919 364/1925
f 360/1927 361/1929 332/1928
f 361/1929 347/1933 319/1930
f 361/1929 360/1927 416/1931
f 413/1932 407/1934 347/1933
f 407/1934 401/1938 333/1935
f 407/1934 413/1932 641/1936
f 631/1937 462/1939 401/1938
f 462/1939 631/1937 699/5815
f 699/5815 683/1941 462/1939
f 683/1941 699/5815 775/1943
f 771/1946 774/1949 686/6143
f 846/1948 844/1950 774/1949
f 846/1948 934/45 925/47
f 844/1950 925/47 920/1952
f 920/1953 917/1958 849/1954
f 925/47 952/49 948/1956
f 920/1953 948/1959 939/1957
f 947/71 922/2015 917/1958
f 948/1959 1014/1961 997/1960
f 997/1960 1018/69 947/71
f 1014/1961 1071/6144 1078/1962
f 997/1960 1078/1962 1082/1963
f 1078/1962 1071/6144 1169/1964
f 1078/1962 1179/1965 1178/1966
f 1174/1967 1067/70 1082/1963
f 1178/1968 1179/5799 1285/1969
f 1290/1970 1308/1972 1174/1971
f 1308/1972 1323/1974 1167/1973
f 1308/1972 1290/1970 1402/12
f 1432/11 1439/16 1323/1974
f 1167/1975 1170/1984 1077/52
f 1167/1975 1066/51 1067/70
f 1323/1974 1324/1978 1170/1976
f 1423/19 1426/18 1325/1977
f 1324/1978 1325/1977 1172/1979
f 1323/1974 1439/16 1423/19
f 1325/1977 1330/1990 1177/1980
f 1172/1981 1177/6145 1091/1982
f 1090/1983 1077/52 1170/1984
f 1091/1982 1177/6145 1182/1985
f 1076/1986 1036/56 1038/58
f 1091/1982 1038/58 1042/53
f 1349/22 1362/21 1185/1987
f 1185/1989 1065/59 1076/1986
f 1182/1988 1177/1980 1330/1990
f 1362/21 1373/2003 1187/1991
f 1187/1992 1057/1993 1065/59
f 1057/1993 1187/1992 1190/1994
f 1057/1993 1056/62 1013/1995
f 1057/1993 1008/1996 1016/60
f 1008/1996 1013/1995 994/64
f 998/1997 1003/57 1016/60
f 998/1997 994/64 977/68
f 996/1998 1002/54 1003/57
f 1383/1999 1400/4 1191/2000
f 1191/2002 1054/63 1056/62
f 1190/2001 1187/1991 1373/2003
f 1400/4 1422/5 1192/2004
f 1191/2002 1192/6146 1062/2005
f 1062/6147 1192/2004 1303/2686
f 1070/2007 935/2695 976/2008
f 976/2008 974/66 1054/63
f 976/2008 935/2695 854/2009
f 935/2695 812/2704 854/2009
f 912/2011 956/65 974/66
f 912/2011 830/2010 843/2012
f 919/2013 950/2016 956/65
f 919/2013 843/2012 847/2014
f 922/2015 947/71 950/2016
f 843/2012 768/2711 772/2017
f 847/2014 772/2017 776/2018
f 849/1954 917/1958 922/2015
f 772/2017 680/2714 692/2019
f 692/2019 690/2020 822/1955
f 690/2020 692/2019 457/2021
f 458/2023 456/2026 686/1945
f 690/2025 686/6143 774/1949
f 456/2026 458/2023 396/2027
f 395/2028 393/2029 454/1942
f 456/2026 454/1942 683/1941
f 393/2029 395/2028 335/2030
f 330/2031 331/2033 397/1940
f 393/2029 397/1940 462/1939
f 331/2033 330/2031 300/2032
f 300/2032 304/2034 333/1935
f 331/2033 333/1935 401/1938
f 304/2034 300/2032 288/2035
f 289/2036 295/2037 319/1930
f 304/2034 319/1930 347/1933
f 295/2037 289/2036 296/2038
f 297/2039 302/2040 298/1922
f 295/2037 298/1922 332/1928
f 302/2040 297/2039 336/2041
f 302/2040 337/2042 339/2043
f 302/2040 299/2044 294/1923
f 337/2042 375/2737 379/2045
f 379/2046 367/2053 293/2047
f 339/2048 293/2047 283/1914
f 367/2049 379/6148 432/2050
f 367/2049 421/2051 409/1040
f 350/2052 316/1908 293/2047
f 421/2051 432/2050 480/2054
f 421/2051 577/2055 519/2056
f 519/2056 577/2055 575/2057
f 568/2058 496/2060 476/2059
f 476/2059 387/1037 409/1040
f 496/2060 453/2063 455/2061
f 476/2059 455/2061 410/2062
f 453/2063 346/2757 354/2064
f 354/2064 251/1041 410/2062
f 346/2065 197/2761 195/2066
f 195/2066 193/2070 251/2068
f 195/2066 130/2767 129/2069
f 129/2069 127/2073 190/2071
f 193/2070 190/2071 223/2072
f 127/2073 126/2075 187/2074
f 187/2074 227/6149 223/2072
f 126/2075 124/2078 184/2076
f 187/2074 184/2076 222/6150
f 124/2078 123/2081 181/2079
f 184/2076 181/2079 220/6151
f 123/2081 122/2083 179/1901
f 181/2079 179/1901 219/6142
f 122/2083 123/2081 62/2084
f 122/2083 93/2086 178/1899
f 93/2086 61/2085 5/2087
f 4/2088 2/2093 171/1896
f 2/2093 4/2088 2619/6152
f 2641/2091 2624/2094 2561/2092
f 2/2093 2561/1890 85/1893
f 2683/2095 2684/2098 2625/2096
f 2624/2094 2625/2096 2562/2097
f 2684/2098 2683/2095 2855/2099
f 2684/2098 2853/2100 2846/2104
f 2684/2101 2685/1880 2626/1882
f 2853/2100 3015/2792 3011/2103
f 2846/2104 3011/2103 3008/2105
f 2846/2102 2851/1025 2688/1021
f 3011/2103 3230/2795 3226/2107
f 3008/2105 3226/2107 3221/2108
f 3004/2109 2863/2111 2851/2106
f 3221/2108 3261/2112 3007/2110
f 3004/2109 3007/2110 2876/1820
f 3261/2112 3216/2113 3012/1817
f 3007/2110 3012/1817 2888/1818
f 3216/2113 3261/2112 3447/2114
f 3216/2113 3214/1809 3018/1815
f 3261/2112 3747/2805 3740/2115
f 3447/2114 3740/2115 3729/2116
f 3440/2117 3225/1810 3214/1809
f 3740/2115 3960/2132 3957/2118
f 3729/2119 3957/2122 3949/2120
f 3696/1078 3434/1077 3440/2121
f 3957/2122 4153/6153 4144/2123
f 3949/2120 4144/2123 4135/2124
f 3930/2125 3660/1075 3696/1078
f 3930/2125 4135/2124 4098/2126
f 3930/2125 3928/1194 3759/2127
f 4168/2128 4284/2134 4279/2129
f 4153/2130 4279/2129 4266/1183
f 4153/2131 3957/2118 3960/2132
f 4284/2134 4381/2812 4386/2135
f 4279/2129 4386/2135 4387/2136
f 4386/2135 4381/2812 4419/2137
f 4417/2138 4397/1186 4387/2136
f 4417/2138 4419/2137 4425/2139
f 4421/2140 4414/2141 4397/1186
f 4414/2141 4421/2140 4422/2142
f 4407/2143 4372/2145 4377/2144
f 4414/2141 4377/2144 4379/1187
f 4372/2145 4337/2159 4349/2146
f 4377/2144 4349/2146 4350/2147
f 4335/1181 4380/1184 4379/1187
f 4349/2146 4332/2150 4334/2148
f 4350/2147 4334/2148 4298/2149
f 4332/2150 4324/2156 4326/2151
f 4326/2151 4301/2152 4298/2149
f 4301/2152 4237/2153 4253/1182
f 4326/2151 4313/1235 4304/1234
f 4304/1234 4224/1233 4237/2153
f 4224/1233 4080/5860 4098/2154
f 4237/2153 4098/2154 4135/2155
f 4324/2156 4308/2157 4313/1235
f 4308/2157 4324/2156 4318/1288
f 4303/1284 4269/5856 4272/1238
f 4308/2157 4272/1238 4286/1236
f 4324/2156 4332/2150 4327/2158
f 4332/2150 4349/2146 4337/2159
f 4328/2160 4322/1289 4327/2158
f 4337/2159 4372/2145 4361/2161
f 4330/1297 4325/1293 4328/1292
f 4372/2145 4407/2143 4392/2163
f 4361/2161 4392/2163 4378/6154
f 4378/2164 4373/2167 4331/1298
f 4392/2163 4416/2168 4411/2170
f 4411/2166 4405/2172 4373/2167
f 4416/2168 4420/2819 4413/2169
f 4413/2171 4409/6155 4405/2172
f 4409/2173 4408/1308 4406/1306
f 4409/6155 4413/2171 4410/6156
f 4404/2175 4415/2176 4408/1308
f 4415/2176 4396/1312 4398/1309
f 4415/2176 4404/2175 4445/2177
f 4442/2178 4426/2179 4396/1312
f 4426/2179 4371/2181 4370/1313
f 4426/2179 4442/2178 4457/2180
f 4426/2179 4450/787 4388/790
f 4442/2178 4445/2177 4461/2182
f 4457/2180 4461/2182 4489/2183
f 4457/2180 4486/2184 4466/788
f 4486/2184 4489/2183 4520/2185
f 4521/2186 4524/2187 4466/788
f 4524/2187 4525/2190 4455/786
f 4524/2187 4521/2186 4574/2188
f 4592/2189 4604/2191 4525/2190
f 4604/2191 4609/2195 4543/2192
f 4604/2191 4592/2189 4664/2193
f 4679/2194 4692/2196 4609/2195
f 4692/2196 4700/2199 4617/2197
f 4692/2196 4679/2194 4748/2198
f 4759/802 4868/804 4700/2199
f 4700/2199 4709/2315 4629/2200
f 4617/2197 4629/2200 4548/2201
f 4546/2202 4543/2192 4609/2195
f 4546/2202 4548/2201 4487/2203
f 4484/2204 4467/2207 4543/2192
f 4484/2204 4487/2203 4383/2205
f 4374/2206 4368/791 4467/2207
f 4374/2206 4383/2205 4188/2208
f 4186/2209 4182/2210 4368/791
f 4182/2210 4186/2209 3977/2211
f 3974/2212 3970/2214 4176/2213
f 4182/2210 4176/2213 4352/789
f 3970/2214 3968/2217 4172/2215
f 4176/2213 4172/2215 4294/2216
f 3968/2217 3965/2221 4166/2218
f 4172/2215 4166/2218 4277/2219
f 4371/2181 4388/790 4294/2216
f 4166/2218 4148/2220 4264/1314
f 4277/2219 4264/1314 4370/1313
f 4148/2220 4166/2218 3965/2221
f 3962/2222 3958/2223 4142/1317
f 4148/2220 4142/1317 4257/1315
f 3958/2223 3962/2222 3735/2224
f 3733/2225 3726/2227 3952/2226
f 3958/2223 3952/2226 4136/1318
f 3726/2227 3715/2229 3951/2228
f 3952/2226 3951/2228 4110/1320
f 3715/2229 3707/2231 3946/2230
f 3951/2228 3946/2230 4101/1322
f 3707/2231 3705/2233 3941/2232
f 3946/2230 3941/2232 4087/1324
f 3705/2233 3698/2235 3933/2234
f 3941/2232 3933/2234 4070/1335
f 3698/2235 3694/2240 3924/1339
f 3933/2234 3924/1339 4058/1336
f 3698/2235 3705/2233 3416/6157
f 3413/6158 3409/1361 3694/6117
f 3416/2241 3158/2244 3163/2242
f 3413/2243 3163/2242 3167/1366
f 3163/2242 3013/2245 3022/1371
f 3158/2244 3002/6159 3013/2245
f 3002/2246 2902/1381 2911/1377
f 3002/6159 3158/2244 3151/6160
f 2994/2248 2892/363 2902/1381
f 2994/2248 3151/2247 3152/2249
f 2987/2250 2883/361 2892/363
f 2987/2250 3152/2249 3153/2251
f 2979/2252 2875/2255 2883/361
f 2872/2253 2755/2410 2752/2254
f 2875/2255 2752/2254 2747/362
f 2875/2255 2979/2252 2976/2256
f 2972/2257 2871/5823 2872/2253
f 2979/2252 3153/2251 3157/2258
f 2976/2256 3157/2258 3156/2259
f 3165/2260 2968/2380 2972/2257
f 3157/2258 3424/6161 3425/2261
f 3425/2261 3430/2262 3165/2260
f 3430/2262 3432/2273 3169/2263
f 3430/2264 3425/5826 3735/2224
f 3737/2265 3741/2267 3432/2266
f 3741/2267 3748/2269 3438/2268
f 3741/2267 3737/2265 3965/2221
f 3968/2217 3970/2214 3748/2269
f 3438/2268 3446/2274 3175/6162
f 3170/2272 3169/2263 3432/2273
f 3748/2269 3752/2275 3446/2274
f 3752/2275 3757/2277 3449/2276
f 3752/2275 3748/2269 3970/2214
f 3974/2212 3977/2211 3757/2277
f 3449/2276 3451/2282 3191/6163
f 3181/2280 3175/2271 3446/6164
f 3757/2277 3762/2283 3451/2282
f 3762/2283 3765/2286 3454/2284
f 3762/2283 3757/2277 3977/2211
f 3986/2285 3988/2289 3765/2286
f 4194/2287 4201/5825 3992/2288
f 3988/2289 3992/2288 3768/2290
f 3988/2289 3986/2285 4188/2208
f 3768/2290 3770/2293 3468/2291
f 3462/2292 3454/2284 3765/2286
f 3992/2288 4198/2294 3770/2293
f 4198/2294 3995/2300 3777/2295
f 4198/2294 3992/2288 4201/5825
f 4198/2294 4214/2298 3995/2300
f 4433/2296 4439/2347 4217/2297
f 4214/2298 4217/2297 3996/2299
f 4214/2298 4198/2294 4401/2301
f 4495/2302 4508/2344 4433/2296
f 4198/2294 4201/5825 4393/2303
f 4401/2301 4393/2303 4492/2304
f 4555/2305 4557/2312 4495/2302
f 4393/2303 4389/5824 4490/2306
f 4492/2304 4490/2306 4552/2307
f 4631/2308 4633/2311 4555/2305
f 4490/2306 4487/2203 4548/2201
f 4552/2307 4548/2201 4629/2200
f 4720/2309 4724/2337 4636/2310
f 4633/2311 4636/2310 4557/2312
f 4633/2311 4631/2308 4714/2313
f 4911/2314 4914/2321 4720/2309
f 4631/2308 4629/2200 4709/2315
f 4714/2313 4709/2315 4907/2316
f 4954/2317 4958/2320 4911/2314
f 4709/2315 4700/2199 4868/804
f 4907/2316 4868/804 4933/801
f 4981/2318 4995/2328 4953/2319
f 4958/2320 4953/2319 4914/2321
f 4958/2320 4954/2317 4956/2322
f 4956/2322 4954/2317 4933/801
f 4934/800 4931/2840 4961/2323
f 4956/2322 4961/2323 4979/2324
f 4961/2323 4949/2843 4976/2325
f 4979/2324 4976/2325 5000/2326
f 4979/2324 4996/2327 4995/2328
f 5000/2326 5001/2854 4987/2329
f 4996/2327 4987/2329 4991/2330
f 4987/2329 4971/2855 4975/2331
f 4991/2330 4975/2331 4959/2332
f 4957/2333 4953/2319 4995/2328
f 4957/2333 4959/2332 4921/2334
f 4919/2335 4914/2321 4953/2319
f 4919/2335 4921/2334 4723/2336
f 4724/2337 4720/2309 4914/2321
f 4921/2334 4917/2869 4717/2338
f 4723/2336 4717/2338 4641/2339
f 4640/2340 4636/2310 4724/2337
f 4640/2340 4641/2339 4561/2341
f 4559/2342 4557/2312 4636/2310
f 4559/2342 4561/2341 4510/2343
f 4508/2344 4495/2302 4557/2312
f 4561/2341 4564/2875 4512/2345
f 4510/2343 4512/2345 4441/2346
f 4439/2347 4433/2296 4508/2344
f 4512/2345 4513/2880 4443/2348
f 4441/2346 4443/2348 4221/2349
f 4219/2350 4217/2297 4439/2347
f 4219/2350 4221/2349 4010/2351
f 4000/2352 3996/2299 4217/2297
f 4000/2352 4010/2351 3792/2353
f 3788/2354 3782/2355 3996/2299
f 3782/2355 3788/2354 3481/2356
f 3476/2357 3471/2358 3777/2295
f 3782/2355 3777/2295 3995/2300
f 3471/2358 3476/2357 3208/2359
f 3212/2360 3204/2365 3468/2291
f 3471/2358 3468/2291 3770/2293
f 3204/2361 3212/2904 2993/2362
f 2992/2363 2989/2366 3200/2364
f 3204/2365 3200/2368 3462/2292
f 2989/2366 2986/2369 3194/2367
f 3200/2368 3194/2370 3454/2284
f 2986/2369 2981/2372 3191/2279
f 3194/2370 3191/6163 3451/2282
f 2986/2369 2796/2912 2793/2371
f 2981/2372 2793/2371 2791/2373
f 2981/2372 2978/2374 3181/2280
f 2978/2374 2791/2373 2790/2375
f 2978/2374 2973/2376 3175/2271
f 2973/2376 2790/2375 2806/355
f 2973/2376 2971/2377 3170/2272
f 2971/2377 2806/355 2830/354
f 2971/2377 2970/2378 3169/2263
f 2970/2378 2830/354 2864/2379
f 2970/2378 2968/2380 3165/2260
f 2791/2373 2649/2921 2656/2381
f 2790/2375 2656/2381 2662/356
f 2649/2920 2578/2919 2577/2927
f 2656/2384 2577/2383 2580/2385
f 2580/2387 2577/2927 52/2388
f 2580/2387 54/2389 57/2934
f 2589/2391 2677/2394 2662/2386
f 57/2390 59/2395 2574/2392
f 2589/2391 2574/2392 2642/2393
f 59/2395 65/2944 2565/2396
f 2574/2392 2565/2396 2629/2397
f 2565/2396 6/2456 2607/2398
f 2629/2397 2607/2398 2637/6165
f 2660/2401 2691/352 2642/2402
f 2660/2401 2637/2400 2672/2403
f 2692/2404 2703/2405 2691/352
f 2703/2405 2754/2408 2744/353
f 2703/2405 2692/2404 2711/2406
f 2733/2407 2755/2410 2754/2408
f 2711/2406 2716/2411 2729/2409
f 2729/2409 2752/2254 2755/2410
f 2716/2411 2725/1851 2728/358
f 2729/2409 2728/358 2747/362
f 2711/2406 2700/2412 2722/1855
f 2716/2411 2722/1855 2712/1852
f 2700/2412 2711/2406 2692/2404
f 2672/2403 2663/2414 2693/2413
f 2700/2412 2693/2413 2707/1856
f 2663/6166 2659/2417 2690/2418
f 2693/6167 2690/2418 2709/1859
f 2690/2418 2687/1865 2704/1862
f 2611/2419 2644/1870 2645/1869
f 2659/2417 2645/1869 2686/1866
f 2644/1870 2611/2419 2596/2420
f 2585/2421 2575/2426 2632/1874
f 2575/2422 2585/5822 36/2423
f 44/2424 67/2427 2573/2425
f 2575/2426 2573/1877 2631/1875
f 67/2427 44/2424 99/2442
f 67/2427 106/2429 50/2430
f 67/2427 50/2430 2570/2428
f 106/2429 109/2432 53/1886
f 50/2430 53/1886 2567/2431
f 109/2432 106/2429 150/2433
f 153/2434 157/2435 112/1891
f 109/2432 112/1891 56/1887
f 157/2435 153/2434 207/2436
f 209/1028 210/1027 160/1894
f 157/2435 160/1894 115/1892
f 150/2433 205/2439 207/2436
f 204/2437 357/2446 355/2438
f 205/2439 355/2438 348/1029
f 205/2439 150/2433 145/2440
f 142/2441 200/2445 204/2437
f 145/2440 150/2433 106/2429
f 145/2440 67/2427 99/2442
f 192/2443 261/2473 349/2444
f 200/2445 349/2444 357/2446
f 200/2445 142/2441 138/2447
f 139/2448 183/2469 192/2443
f 142/2441 99/2442 97/2449
f 138/2447 97/2449 94/2450
f 95/2451 143/2465 139/2448
f 94/2450 97/2449 36/2423
f 36/2423 23/2452 95/2451
f 23/2452 36/2423 2596/2454
f 2611/2455 2607/2398 23/2452
f 2637/6168 2611/2419 2659/2417
f 2663/2414 2672/2403 2637/2400
f 92/2453 82/2463 136/2461
f 144/2462 143/2465 95/2451
f 23/2452 6/2456 82/2463
f 136/2461 182/2953 186/2464
f 186/2464 185/2467 143/2465
f 186/2464 226/2952 228/2466
f 185/2467 228/2466 240/2468
f 183/2469 139/2448 143/2465
f 240/2468 228/2466 676/2470
f 240/2468 687/2471 688/2472
f 261/2473 192/2443 183/2469
f 687/2471 829/2963 825/2474
f 688/2472 825/2474 818/2475
f 684/2476 349/2444 261/2473
f 684/2476 818/2475 815/2477
f 673/2478 357/2446 349/2444
f 673/6169 815/5821 807/2486
f 660/2480 355/2438 357/2446
f 660/2481 807/2486 787/2482
f 648/2484 348/1029 355/2438
f 769/2485 636/1031 648/2483
f 787/2482 856/2487 855/2488
f 898/2489 762/5809 769/2485
f 856/2487 949/2981 1028/2490
f 855/2488 1028/2490 898/2489
f 926/2493 820/5805 898/2489
f 898/2489 1045/2491 1034/2492
s 0
f 1034/2492 1030/2496 905/2494
s 1
f 1045/2491 1197/2499 1186/2495
f 1186/2495 1123/2498 1030/2496
f 1197/2499 1488/3072 1482/2500
f 1186/2495 1482/2500 1370/2497
f 1482/2500 1488/3072 1684/3073
f 1482/2501 1696/2503 1700/2504
f 1703/2510 1499/90 1370/92
f 1696/2503 1803/3265 1810/2507
f 1810/2509 1717/2644 1703/2510
f 1810/2509 1914/6170 1904/2512
f 1904/2512 1804/2641 1810/2509
f 1904/2512 2002/3267 1985/2513
f 1959/2511 1885/2638 1904/2512
f 1985/2513 2278/3266 2275/2516
f 1985/2513 2275/2516 2057/2514
f 2018/2515 1927/2634 1959/2511
f 2275/2516 2385/3270 2377/2517
f 2057/2514 2377/2517 2366/2518
f 2329/2519 1987/2629 2018/2515
f 2377/2517 2460/3272 2441/2520
f 2366/2518 2441/2520 2425/2521
f 2414/2526 2289/2625 2329/6171
f 2441/2520 2491/3274 2476/2523
f 2425/2521 2476/2523 2487/6172
f 2482/2527 2421/2620 2414/2526
f 2476/2523 2525/3276 2532/3278
f 2532/2529 2534/2530 2482/2527
f 2534/2530 2541/2533 2511/2531
f 2544/2532 2545/2534 2541/2533
f 2545/2534 2537/2538 2547/2535
f 2545/2534 2544/2532 2557/2536
f 2546/2537 2449/2539 2537/2538
f 2449/2539 2558/2543 2555/2540
f 2449/2539 2546/2537 2413/2541
f 2400/2542 2411/2544 2558/2543
f 2411/2544 2393/2548 2447/2545
f 2411/2544 2400/2542 2291/2546
f 2303/2547 2328/2549 2393/2548
f 2328/2549 2313/2553 2382/2550
f 2328/2549 2303/2547 2235/2551
f 2248/2552 2051/2554 2313/2553
f 2051/2554 1953/110 2050/112
f 2248/2552 2208/2557 2043/2555
f 2051/2554 2043/2555 1957/2556
f 2208/2557 2196/3211 2045/2558
f 2043/2555 2045/2558 1965/2559
f 1868/2560 1863/113 1957/2556
f 1965/2559 2045/2558 2044/2561
f 1965/2559 1968/2562 1872/2563
f 1872/2563 1968/2562 1972/2564
f 1873/2565 1780/3290 1769/2566
f 1872/2563 1769/2566 1770/2567
f 1770/2567 1769/2566 1683/2568
f 1770/2567 1678/2569 1673/2570
f 1771/2571 1863/113 1868/2560
f 1771/2571 1673/2570 1671/2572
f 1768/2573 1858/108 1863/113
f 1768/2573 1671/2572 1665/2574
f 1773/2575 1860/2578 1858/108
f 1773/2575 1665/2574 1664/2576
f 1772/2577 1862/2579 1860/2578
f 1862/2579 1956/2582 1952/109
f 1862/2579 1772/2577 1766/2580
f 1877/2581 1966/2583 1956/2582
f 1966/2583 2272/2587 2119/2584
f 1966/2583 1877/2581 1884/2585
f 1977/2586 2281/2588 2272/2587
f 2281/2588 2381/2592 2379/2589
f 2281/2588 1977/2586 1979/2590
f 2288/2591 2383/2593 2381/2592
f 2383/2593 2427/2595 2433/2594
f 2383/2593 2288/2591 2327/103
f 2376/107 2402/2596 2427/2595
f 2402/2596 2376/107 2342/106
f 2321/2597 2307/3318 2417/2598
f 2402/2596 2417/2598 2453/2599
f 2417/2598 2403/2672 2470/2600
f 2453/2599 2470/2600 2550/2601
f 2496/2602 2433/2594 2427/2595
f 2496/2602 2550/2601 2552/2603
f 2529/2604 2434/2605 2433/2594
f 2434/2605 2529/2604 2527/2606
f 2435/117 2380/5801 2379/2589
f 2434/2605 2379/2589 2381/2592
f 2529/2604 2552/2603 2517/2607
f 2552/2603 2553/2610 2530/2608
f 2517/2607 2530/2608 2447/2545
f 2438/2609 2448/118 2527/2606
f 2438/2609 2447/2545 2393/2548
f 2382/2550 2375/115 2448/118
f 2553/2610 2554/2611 2555/2540
f 2530/2608 2555/2540 2558/2543
f 2554/2611 2553/2610 2551/2612
f 2549/2613 2535/2614 2547/2535
f 2554/2611 2547/2535 2537/2538
f 2535/2614 2549/2613 2548/2615
f 2474/2616 2444/2617 2511/2531
f 2535/2614 2511/2531 2541/2533
f 2444/2617 2474/2616 2368/2618
f 2359/2619 2319/2621 2421/2620
f 2444/2617 2421/2620 2482/2527
f 2319/2621 2359/2619 2010/2622
f 2319/2621 1986/2623 1974/2624
f 2289/2625 2414/2526 2421/2620
f 1986/2623 1894/2660 1888/2626
f 1974/2627 1888/2631 1891/2628
f 1987/2629 2329/2519 2289/6173
f 1888/2631 1824/2656 1825/2632
f 1891/2628 1825/2632 1841/2633
f 1927/2634 2018/2515 1987/2629
f 1841/2633 1825/2632 1755/2635
f 1841/2633 1793/2636 1798/2637
f 1885/2638 1959/2511 1927/2634
f 1793/2636 1718/2645 1709/2639
f 1798/2637 1709/2639 1719/2640
f 1804/2641 1904/2512 1885/2638
f 1709/2639 1561/94 1569/2642
f 1719/2640 1569/2642 1573/2643
f 1717/2644 1810/2509 1804/2641
f 1718/2645 1577/2648 1561/94
f 1584/2646 1399/5753 1384/2647
f 1577/2648 1384/2647 1375/95
f 1718/2645 1716/2649 1584/2646
f 1716/2649 1707/2651 1581/2650
f 1716/2649 1718/2645 1793/2636
f 1755/2635 1750/2655 1707/2651
f 1753/2652 1692/5745 1707/2653
f 1750/2655 1755/2635 1825/2632
f 1750/2654 1824/2659 1828/2657
f 1828/2657 1829/2661 1746/2658
f 1824/2659 1888/2626 1894/2660
f 1894/2660 1909/2662 1829/2661
f 1909/2662 1934/2664 1831/2663
f 1909/2662 1894/2660 1986/2623
f 2010/2622 2030/2665 1934/2664
f 2030/2665 2037/2667 1949/2666
f 2030/2665 2010/2622 2359/2619
f 2368/2618 2374/2668 2037/2667
f 2374/2668 2387/2670 2241/2669
f 2374/2668 2368/2618 2474/2616
f 2548/2615 2480/2671 2387/2670
f 2480/2671 2470/2600 2403/2672
f 2480/2671 2548/2615 2549/2613
f 2551/2612 2550/2601 2470/2600
f 2241/2669 2283/2675 1973/2673
f 1955/2674 1949/2666 2037/2667
f 2387/2670 2403/2672 2283/2675
f 1955/2674 1973/2673 1859/2676
f 1846/2677 1834/2678 1949/2666
f 1834/2678 1846/2677 1748/2679
f 1743/2680 1742/2681 1831/2663
f 1834/2678 1831/2663 1934/2664
f 1743/2680 1642/2 1669/10
f 1742/2681 1669/10 1677/2682
f 1742/2681 1746/2658 1829/2661
f 1743/2680 1748/2679 1634/6
f 1748/2679 1749/2684 1637/2683
f 1846/2677 1859/2676 1749/2684
f 1749/2684 1752/3321 1523/2685
f 1637/2683 1303/2686 1422/5
f 1303/2686 1523/2685 1196/2688
f 1523/2685 1409/3325 1198/2687
f 1198/2689 1074/2693 1072/2690
f 1196/2691 1072/2690 1070/2007
f 1074/2693 972/2696 975/2694
f 1072/2690 975/2694 935/2695
f 972/2696 868/2699 870/2697
f 975/2694 870/2697 879/2698
f 868/2699 798/3338 802/2700
f 870/2697 802/2700 808/2701
f 802/2700 706/3342 711/2702
f 808/2701 711/2702 718/2703
f 812/2704 935/2695 879/2698
f 711/2702 639/3357 643/2705
f 718/2703 643/2705 649/2706
f 739/2707 854/2009 812/2704
f 739/2707 649/2706 655/2708
f 761/2709 830/2010 854/2009
f 761/2709 655/2708 669/2710
f 768/2711 843/2012 830/2010
f 655/2708 439/3361 449/2712
f 669/2710 449/2712 452/2713
f 680/2714 772/2017 768/2711
f 449/2712 388/3364 390/2715
f 452/2713 390/2715 394/2716
f 457/2021 692/2019 680/2714
f 390/2715 317/3367 318/2717
f 394/2716 318/2717 326/2718
f 396/2719 458/2022 457/2021
f 318/2717 280/3366 292/2720
f 326/2721 292/6174 301/2722
f 335/2030 395/2028 396/2027
f 301/2722 292/6174 277/2723
f 291/2724 286/2725 300/2032
f 301/2722 300/2032 330/2031
f 286/2725 291/2724 309/2726
f 306/2727 307/2728 288/2035
f 286/2725 288/2035 300/2032
f 307/2728 306/2727 342/2729
f 343/2730 338/2731 296/2038
f 307/2728 296/2038 289/2036
f 338/2731 343/2730 386/2732
f 383/2733 384/2734 336/2041
f 338/2731 336/2041 297/2039
f 384/2734 383/2733 446/2735
f 429/2736 433/2738 375/2737
f 384/2734 375/2737 337/2042
f 433/2738 429/2736 471/2739
f 481/6175 480/2054 432/2050
f 433/6176 432/2050 379/6148
f 481/2740 471/2739 530/2742
f 563/6177 552/2745 480/2054
f 552/6178 563/2743 587/3391
f 552/2745 575/2057 577/2055
f 574/2749 565/2751 567/2750
f 579/2747 567/2750 568/2058
f 565/2751 491/2753 492/2752
f 567/2750 492/2752 496/2060
f 491/2753 445/2755 450/2754
f 492/2752 450/2754 453/2063
f 445/2755 244/3405 250/2756
f 450/2754 250/2756 346/2757
f 244/2758 202/2762 203/2759
f 250/2760 203/2759 197/2761
f 203/2759 133/2763 131/2764
f 133/3416 75/3419 73/6179
f 131/2764 73/2765 70/2766
f 130/2767 195/2066 197/2761
f 73/2765 2572/6180 14/2768
f 70/2766 14/2768 13/2769
f 70/2766 69/2770 129/2069
f 13/2769 11/2772 68/2771
f 69/2770 68/2771 127/2073
f 11/2772 10/2774 66/2773
f 68/2771 66/2773 126/2075
f 10/2774 9/2776 64/2775
f 66/2773 64/2775 124/2078
f 9/2776 7/2781 62/2084
f 64/2775 62/2084 123/2081
f 7/2781 9/2776 2610/6181
f 2612/2779 2613/2782 5/6182
f 7/2781 5/2087 61/2085
f 2613/2782 2612/2779 2676/2783
f 2679/2784 2682/2787 2619/2090
f 2613/2782 2619/2090 4/6183
f 2679/2784 2861/3442 2859/2786
f 2859/2786 2929/2788 2641/2091
f 2859/2786 3024/3445 2929/2788
f 2929/2788 2855/2099 2683/2095
f 2929/2788 3243/3448 3240/2790
f 3019/2789 3240/2790 3233/2791
f 3015/2792 2853/2100 2855/2099
f 3240/2790 3479/3451 3478/2793
f 3233/2791 3478/2793 3472/2794
f 3230/2795 3011/2103 3015/2792
f 3478/2793 3769/3454 3766/2796
f 3472/2794 3766/2796 3764/2797
f 3467/2798 3226/2107 3230/2795
f 3467/2798 3764/2797 3763/2799
f 3463/2800 3221/2108 3226/2107
f 3463/2800 3763/2799 3755/2801
f 3458/2802 3261/2112 3221/2108
f 3763/2799 3979/3460 3975/2803
f 3755/2801 3975/2803 3967/2804
f 3747/2805 3261/2112 3458/2802
f 3975/6184 4177/2807 4171/2809
f 3967/2804 4171/2806 4168/2133
f 3960/2132 3740/2115 3747/2805
f 4177/2807 4329/2810 4291/2808
f 4171/2809 4291/2808 4284/2134
f 4329/2810 4385/2813 4384/2811
f 4291/2808 4384/2811 4381/2812
f 4385/2813 4440/3478 4412/2814
f 4384/2811 4412/2814 4419/2137
f 4412/2814 4440/3478 4444/2815
f 4428/2816 4425/2139 4419/2137
f 4428/2816 4444/2815 4447/2817
f 4424/2818 4423/2820 4425/2139
f 4420/2819 4416/2168 4422/2142
f 4423/2820 4422/2142 4421/2140
f 4423/2820 4424/2818 4427/2821
f 4410/2822 4413/2169 4420/2819
f 4424/2818 4447/2817 4448/2823
f 4427/2821 4448/2823 4446/2824
f 4446/2827 4445/2177 4404/2175
f 4448/2823 4463/2828 4460/2826
f 4446/2824 4460/2826 4461/6185
f 4460/2826 4488/2829 4489/2832
f 4488/2829 4534/3480 4540/2831
f 4540/6186 4520/2185 4489/2183
f 4540/6186 4574/2188 4520/2185
f 4574/2188 4540/6186 4644/2833
f 4644/2833 4664/2193 4592/2189
f 4703/2835 4721/2836 4664/2193
f 4721/2836 4748/2198 4679/2194
f 4721/2836 4703/2835 4768/2837
f 4870/2838 4905/803 4748/2198
f 4870/2838 4768/2837 4923/2839
f 4931/2840 4934/800 4905/803
f 4768/2837 4758/3491 4913/2841
f 4923/2839 4913/2841 4944/2842
f 4949/2843 4961/2323 4931/2840
f 4913/2841 4910/3490 4938/2844
f 4944/2842 4938/2844 4966/2845
f 4974/2846 4976/2325 4949/2843
f 4974/2846 4966/2845 4992/2847
f 4994/2848 5000/2326 4976/2325
f 4992/2847 4989/6187 4993/2849
f 4993/2849 5001/2854 5000/2326
f 4989/2850 4970/3509 4973/2851
f 4993/2852 4973/2851 4986/2857
f 4971/2855 4987/2329 5001/2854
f 4973/2851 4951/3513 4967/2856
f 4986/2857 4967/2856 4955/2861
f 4947/2859 4975/2331 4971/2855
f 4967/2856 4928/3517 4930/2860
f 4955/2861 4930/2860 4929/2864
f 4930/2860 4893/3518 4889/2863
f 4929/2862 4889/6188 4862/2865
f 4925/2866 4952/2867 4947/2859
f 4952/2867 4925/2866 4891/2868
f 4917/2869 4921/2334 4959/2332
f 4952/2867 4959/2332 4975/2331
f 4925/2866 4862/2865 4752/2870
f 4752/2870 4697/2872 4710/2871
f 4891/2868 4710/2871 4717/2338
f 4697/2872 4632/2874 4639/2873
f 4710/2871 4639/2873 4641/2339
f 4632/2874 4562/2876 4564/2875
f 4564/2875 4561/2341 4641/2339
f 4562/2876 4632/2874 4626/2877
f 4562/2876 4563/2878 4516/2879
f 4513/2880 4512/2345 4564/2875
f 4563/2878 4566/6189 4517/2881
f 4516/2879 4517/2881 4451/2882
f 4449/2883 4443/2348 4513/2880
f 4449/2883 4451/2882 4232/2884
f 4226/2885 4221/2349 4443/2348
f 4226/2885 4232/2884 4023/2886
f 4015/2887 4010/2351 4221/2349
f 4015/2887 4023/2886 3797/2888
f 3794/2889 3792/2353 4010/2351
f 3794/2889 3797/2888 3495/2890
f 3490/2891 3486/2892 3792/2353
f 3486/2892 3490/2891 3227/2893
f 3217/2894 3210/2899 3481/2356
f 3486/2892 3481/2356 3788/2354
f 3210/2895 3217/3567 2997/2896
f 2996/2897 2991/2900 3208/2898
f 3210/2899 3208/2359 3476/2357
f 2991/2900 2996/2897 2817/2901
f 2991/2900 2814/2902 2804/2903
f 2991/2900 2993/2362 3212/2904
f 2804/2903 2814/2902 2652/2905
f 2804/2903 2653/2906 2651/2907
f 2799/2908 2992/2363 2993/2362
f 2799/2908 2651/2907 2648/2909
f 2797/2910 2989/2366 2992/2363
f 2797/2910 2648/2909 2646/2911
f 2796/2912 2986/2369 2989/2366
f 2648/2913 2583/3585 2582/2914
f 2646/2915 2582/2914 2581/2916
f 2647/2918 2793/2371 2796/2912
f 2647/2917 2581/2916 2578/2919
f 2649/2921 2791/2373 2793/2371
f 2581/2916 2582/2914 48/2922
f 49/2923 51/2924 2578/2919
f 51/2924 49/2923 111/2925
f 113/2926 114/2928 52/2388
f 51/2924 52/2388 2577/2927
f 114/2928 113/2926 173/2929
f 174/2930 175/2932 116/2931
f 114/2928 116/2931 54/2389
f 175/2932 176/2935 117/2933
f 116/2931 117/2933 57/2934
f 176/2935 177/2938 119/2936
f 117/2933 119/2936 59/2937
f 177/2938 180/2941 128/2939
f 119/2936 128/2939 65/2940
f 180/2941 182/2948 136/2942
f 128/2943 136/2461 82/2463
f 180/2941 177/2938 230/2945
f 180/2941 225/2946 224/2947
f 225/2946 689/3607 662/2949
f 224/2947 662/2949 654/2950
f 226/2952 186/2464 182/2953
f 662/2949 832/3091 826/2955
f 826/6190 831/2961 676/2470
f 654/2957 676/2470 228/2466
f 831/2958 826/2955 906/2959
f 831/2961 910/6191 909/2962
f 829/2963 687/2471 676/2470
f 909/6192 910/2960 951/3085
f 953/2966 955/280 907/279
f 907/2967 825/2474 829/2963
f 953/2966 951/2965 1044/2968
f 1048/2969 1053/2975 955/280
f 1053/2970 1048/3077 1156/2971
f 1154/2973 1155/2976 1055/2974
f 1053/2975 1055/2974 960/281
f 1155/2976 1157/2979 1058/2977
f 1055/2974 1058/2977 967/2978
f 1157/2979 1160/270 1068/2980
f 1058/2977 1068/2980 949/2981
f 949/2981 856/2487 902/275
f 949/2981 1068/2980 1059/269
f 1157/2979 1155/2976 1199/2982
f 1195/2983 1201/272 1160/270
f 1195/2984 1199/347 1260/2985
f 1238/2987 1246/2988 1201/272
f 1246/2988 1238/2987 1240/2989
f 1258/2990 1309/2992 1297/2991
f 1246/2988 1297/2991 1232/273
f 1309/2992 1374/2995 1372/2993
f 1297/2991 1372/2993 1352/2994
f 1374/2995 1486/3041 1481/2996
f 1372/2993 1481/2996 1484/2997
f 1490/2998 1335/274 1352/2994
f 1481/6193 1591/3001 1598/3006
f 1484/2997 1598/2999 1620/3000
f 1591/3001 1481/6193 1486/3002
f 1599/3003 1666/3007 1661/3004
f 1591/3001 1661/3004 1659/3005
f 1666/3007 1690/3010 1688/3008
f 1661/3004 1688/3008 1698/3009
f 1690/3010 1666/3007 1672/3011
f 1691/3012 1645/3052 1638/3013
f 1690/3010 1638/3013 1636/3014
f 1638/3013 1645/3052 1574/3015
f 1566/3016 1542/3019 1636/3014
f 1566/3016 1574/3015 1457/3017
f 1451/3018 1431/332 1542/3019
f 1457/3017 1574/3015 1572/3020
f 1457/3017 1456/3021 1355/3022
f 1354/3023 1351/333 1451/3018
f 1354/3024 1355/3067 1291/3025
f 1295/3026 1300/349 1351/336
f 1295/3026 1291/3025 1248/3027
f 1253/3028 1263/3031 1300/349
f 1248/3027 1242/3063 1239/3029
f 1253/3028 1239/3029 1240/3030
f 1242/3032 1275/3035 1267/3033
f 1239/3034 1267/3033 1258/2990
f 1275/3035 1334/3037 1326/3036
f 1267/3033 1326/3036 1309/2992
f 1334/3037 1410/3039 1385/3038
f 1326/3036 1385/3038 1374/2995
f 1410/3039 1509/6194 1498/3040
f 1385/3038 1498/3040 1486/3041
f 1509/3042 1607/3045 1603/3043
f 1498/3044 1603/3043 1599/3003
f 1607/3045 1676/3046 1672/3011
f 1603/3043 1672/3011 1666/3007
f 1676/3046 1607/3045 1619/3047
f 1680/3048 1687/3050 1689/3049
f 1676/3046 1689/3049 1691/3012
f 1687/3050 1644/3053 1650/3051
f 1689/3049 1650/3051 1645/3052
f 1644/3053 1556/6045 1572/3020
f 1650/3051 1572/3020 1574/3015
f 1687/3050 1680/3048 1668/3054
f 1681/181 1635/185 1644/3053
f 1619/3047 1616/259 1668/3054
f 1607/3045 1509/3042 1530/254
f 1619/3047 1530/254 1536/3055
f 1509/6194 1410/3039 1433/3057
f 1410/3039 1334/3037 1344/3056
f 1334/3037 1275/3035 1288/3058
f 1344/3056 1288/3058 1305/3059
f 1379/6195 1468/251 1433/255
f 1275/3035 1242/3032 1247/3061
f 1288/3058 1247/3061 1265/3062
f 1242/3063 1248/3027 1249/3064
f 1247/3065 1249/3064 1266/315
f 1249/3064 1248/3027 1291/3025
f 1293/3066 1316/316 1266/315
f 1355/3067 1356/339 1293/3066
f 1456/3069 1455/170 1356/6057
f 1456/3021 1572/3020 1556/6045
f 1586/3070 1210/3071 1335/274
f 1490/2998 1620/3000 1586/3070
f 1210/3071 1175/271 1335/274
f 1210/3071 1586/3070 1488/3072
f 1197/2499 1045/2491 1028/2490
f 1210/3071 1028/2490 1059/269
f 1238/3074 1260/350 1263/3031
f 1155/3075 1154/2972 1207/348
f 1156/2971 1214/327 1207/348
f 1156/2971 1153/3078 1221/3076
f 1048/3077 1044/3080 1153/3078
f 1153/3078 1149/3081 1218/3079
f 1044/3080 1039/3082 1149/3081
f 1039/3084 1033/3087 1148/3097
f 1039/3082 1044/3080 951/6196
f 945/3086 937/3088 1033/3087
f 937/3088 932/344 1031/3089
f 937/3088 945/3086 906/2959
f 937/3088 904/3090 899/342
f 904/3090 906/2959 826/2955
f 832/3091 851/3606 899/342
f 945/3086 951/3085 910/2960
f 1148/3097 1133/3096 1224/6197
f 1222/3095 1218/3079 1149/3081
f 1033/3087 1031/3089 1133/3096
f 1224/3093 1365/3620 1338/3098
f 1338/3099 1332/3100 1218/3079
f 1332/3100 1338/3099 1466/3101
f 1442/3102 1429/330 1329/328
f 1332/3100 1329/328 1221/3076
f 1466/3101 1592/6198 1576/3103
f 1576/3103 1560/179 1429/330
f 1576/6199 1592/3626 1655/3630
f 1647/3105 1646/177 1560/179
f 1655/3630 1744/3107 1726/3109
f 1647/3105 1726/3106 1735/175
f 1744/3107 1832/3635 1777/3108
f 1726/3110 1777/3114 1787/3111
f 1820/3113 1741/264 1735/3112
f 1777/3114 1871/3639 1864/3115
f 1787/3111 1864/3115 1950/3116
f 1950/3116 1932/3120 1827/3117
f 1864/3115 1971/3638 1950/3116
f 1950/3116 2019/3118 1932/3120
f 2019/3118 2040/3123 1960/3119
f 2019/3118 1950/3116 2330/3121
f 2365/3122 2372/3124 2040/3123
f 2372/3124 2386/3128 2274/3125
f 2372/3124 2365/3122 2459/3126
f 2446/3127 2456/3132 2386/3128
f 2456/3129 2466/3136 2398/3130
f 2456/3132 2446/3127 2481/3133
f 2494/3135 2502/3137 2466/3136
f 2502/3137 2494/3135 2516/3139
f 2522/3140 2519/3142 2502/3137
f 2520/3141 2501/3252 2502/3137
f 2519/3142 2522/3140 2536/3143
f 2524/3144 2510/3149 2520/3141
f 2540/3145 2523/3245 2520/3146
f 2524/3144 2485/3660 2462/3148
f 2510/3147 2462/3152 2559/3150
f 2442/3151 2478/3242 2540/3145
f 2462/3152 2392/3668 2391/3153
f 2559/3150 2391/3153 2384/3154
f 2390/3155 2452/3239 2442/3151
f 2391/3153 2295/3667 2300/3156
f 2384/3154 2300/3156 2296/3157
f 2305/3158 2406/3236 2390/3155
f 2300/3156 2264/3673 2256/3159
f 2296/3157 2256/3159 2257/3160
f 2261/3161 2315/3231 2305/3158
f 2256/3159 2209/3678 2202/3162
f 2257/3160 2202/3162 2199/3163
f 2200/3164 2259/3225 2261/3165
f 2199/3163 2179/3167 2176/6200
f 2176/3168 2187/3172 2216/3169
f 2176/3168 2179/6201 2168/3170
f 2172/3171 2189/3173 2187/3172
f 2189/3173 2221/3213 2203/3174
f 2189/3173 2195/6202 2221/3213
f 2195/3693 2219/3215 2221/6203
f 2195/3693 2189/3689 2180/3690
f 2219/3215 2224/3177 2225/3216
f 2219/3215 2222/3175 2224/3177
f 2222/3175 2144/3180 2164/3176
f 2222/3175 2219/3215 2217/3695
f 2222/3175 2125/3178 2144/3180
f 2125/3178 2041/3183 2047/3179
f 2125/3178 2222/3175 2214/3181
f 2111/3182 2038/3184 2041/3183
f 2038/3184 1961/3189 1962/3185
f 2038/3184 2111/3182 2130/3186
f 2038/3184 2046/3187 1964/3188
f 2046/3187 2049/3705 1963/3190
f 1964/3188 1963/3190 1867/3191
f 1876/3192 1870/3193 1961/3189
f 1870/3193 1876/3192 1782/3194
f 1870/3193 1786/3195 1789/3196
f 1870/3193 1875/3197 1962/3185
f 1875/3197 1789/3196 1790/3198
f 1881/3199 1967/3200 1962/3185
f 1967/3200 1881/3199 1878/3201
f 1970/3202 2048/3203 2047/3179
f 1967/3200 2047/3179 2041/3183
f 2048/3203 1970/3202 1972/3204
f 2056/3205 2201/3209 2164/3176
f 2048/3203 2164/3176 2144/3180
f 2201/3206 2056/3281 2044/2561
f 2140/3207 2228/3210 2225/3208
f 2201/3209 2225/3216 2224/3177
f 2228/3210 2140/3207 2196/3211
f 2228/3210 2221/3213 2219/6204
f 2221/3213 2229/3212 2231/3217
f 2207/3218 2206/3219 2203/3174
f 2206/3219 2207/3218 2177/3220
f 2250/3221 2270/3222 2216/3169
f 2206/3219 2216/3169 2187/3172
f 2270/3222 2250/3221 2341/3223
f 2350/3224 2347/3226 2259/3225
f 2270/3222 2259/3225 2200/3164
f 2347/3226 2350/3224 2418/3227
f 2347/3226 2412/3228 2408/6205
f 2315/3231 2261/3161 2259/6206
f 2408/6205 2412/3228 2504/3280
f 2408/3230 2543/3234 2471/3235
f 2406/3236 2305/3158 2315/3231
f 2543/3234 2539/3277 2531/3237
f 2471/3235 2531/3237 2512/3238
f 2452/3239 2390/3155 2406/3236
f 2531/3237 2526/3275 2521/3240
f 2512/3238 2521/3240 2505/3241
f 2478/3242 2442/3151 2452/3239
f 2521/3240 2503/3273 2490/3243
f 2505/3241 2490/3243 2498/3244
f 2523/3245 2540/3145 2478/3242
f 2490/3243 2457/3271 2455/3246
f 2498/3244 2455/3246 2463/3247
f 2501/3248 2520/3146 2523/3245
f 2455/3246 2389/3269 2396/3249
f 2463/3250 2396/3253 2409/3251
f 2472/3138 2502/3137 2501/3252
f 2396/3253 2298/6207 2323/3254
f 2323/3254 2299/3255 2398/3130
f 2409/3251 2398/3130 2466/3136
f 2299/3255 2323/3254 2002/3256
f 2000/3257 1960/3259 2274/3258
f 2299/3255 2274/3258 2386/3131
f 1960/3259 2000/3257 1914/3260
f 1745/266 1725/265 1827/3117
f 1865/3264 1827/3117 1932/3120
f 1776/3262 1803/3265 1696/2503
f 1684/3073 1586/3070 1745/6051
f 1865/3261 1914/3260 1803/3265
f 2000/3257 2002/3256 1914/3260
f 2002/3256 1904/6208 1914/3260
f 2002/3256 2323/3254 2298/6207
f 2278/3266 1985/2513 2002/3267
f 2298/3268 2396/3249 2389/3269
f 2385/3270 2275/2516 2278/3266
f 2389/3269 2455/3246 2457/3271
f 2460/3272 2377/2517 2385/3270
f 2457/3271 2490/3243 2503/3273
f 2491/3274 2441/2520 2460/3272
f 2503/3273 2521/3240 2526/3275
f 2525/3276 2476/2523 2491/3274
f 2526/3275 2531/3237 2539/3277
f 2539/3277 2543/3234 2504/3233
f 2504/3280 2557/2536 2544/2532
f 2412/3228 2418/3227 2557/2536
f 2418/3227 2413/2541 2546/2537
f 2350/3224 2341/3223 2413/2541
f 2341/3223 2291/2546 2400/2542
f 2250/3221 2177/3220 2291/2546
f 2177/3220 2235/2551 2303/2547
f 2207/3218 2231/3217 2235/2551
f 2231/3217 2208/2557 2248/2552
f 2229/3212 2196/3211 2208/2557
f 2140/3207 2044/2561 2045/2558
f 2056/3281 1972/2564 1968/2562
f 1970/3202 1878/3201 1873/3282
f 1881/3199 1790/3198 1788/3283
f 1878/3201 1788/3283 1780/3284
f 1790/3198 1705/3737 1693/3285
f 1318/3288 1353/3291 1683/2568
f 1693/3289 1683/2568 1769/2566
f 1353/3291 1158/3292 1470/3294
f 1353/3291 1470/3294 1678/2569
f 1158/3292 1217/3295 1463/3293
f 1470/3294 1463/3293 1673/2570
f 1217/3295 1215/3297 1459/3296
f 1463/3293 1459/3296 1671/2572
f 1215/3297 1212/3299 1452/3298
f 1459/3296 1452/3298 1665/2574
f 1212/3299 1209/3301 1444/3300
f 1452/3298 1444/3300 1664/2576
f 1209/3301 1208/3762 1434/3302
f 1444/3300 1434/3302 1662/3303
f 1662/3303 1766/2580 1772/2577
f 1434/3302 1428/3761 1656/3304
f 1662/3303 1656/3304 1765/3305
f 1765/3305 1884/2585 1877/2581
f 1656/3304 1653/3768 1763/3306
f 1763/3306 1886/3307 1884/2585
f 1886/3307 1979/2590 1977/2586
f 1886/3307 1763/3306 1762/3308
f 1883/3309 1984/3311 1979/2590
f 1762/3308 1761/3312 1882/3310
f 1883/3309 1882/3310 1983/104
f 1761/3312 1758/3315 1879/3313
f 1882/3310 1879/3313 1982/3314
f 1758/3315 1757/3320 1874/3316
f 1879/3313 1874/3316 1980/3317
f 1874/3316 1866/3319 1973/2673
f 1980/3317 1973/2673 2307/3318
f 2321/2597 2342/106 1982/3314
f 1866/3319 1859/2676 1973/2673
f 1866/3319 1874/3316 1757/3320
f 1752/3321 1749/2684 1859/2676
f 1757/3320 1758/3315 1640/3322
f 1639/3323 1523/2685 1752/3321
f 1639/3323 1640/3322 1412/3324
f 1640/3322 1643/3772 1414/3326
f 1412/3324 1414/3326 1203/3327
f 1200/3328 1198/2687 1409/3325
f 1203/3329 1083/3332 1079/3330
f 1200/3331 1079/3330 1074/2693
f 1083/3332 970/3334 971/3333
f 1079/3330 971/3333 972/2696
f 970/3334 861/3336 867/3335
f 971/3333 867/3335 868/2699
f 861/3336 788/3339 791/3337
f 867/3335 791/3337 798/3338
f 788/3339 700/3343 703/3340
f 791/3337 703/3340 705/3341
f 703/3340 465/1044 624/1049
f 705/3341 624/1049 635/1048
f 706/3342 802/2700 798/3338
f 700/3343 463/3344 465/1044
f 463/3344 700/3343 698/3345
f 460/3346 398/3789 399/3347
f 463/3344 399/3347 402/1045
f 399/3347 398/3789 352/3348
f 353/3349 369/1046 402/1045
f 353/3349 352/3348 313/3350
f 325/3351 359/3352 369/1046
f 359/3352 325/3351 323/3353
f 366/3354 414/3356 412/3355
f 359/3352 412/3355 411/1047
f 414/3356 643/2705 639/3357
f 412/3355 639/3357 635/1048
f 414/3356 366/3354 372/3358
f 418/3359 649/2706 643/2705
f 418/3359 372/3358 380/3360
f 439/3361 655/2708 649/2706
f 372/3358 320/3797 312/3362
f 380/3360 312/3362 311/3363
f 388/3364 449/2712 439/3361
f 312/3362 275/3796 276/3365
f 311/3363 276/3365 280/3366
f 317/3367 390/2715 388/3364
f 276/3365 267/3801 270/3368
f 280/3366 318/2717 317/3367
f 270/3368 271/3804 278/6209
f 270/3368 278/6209 287/3369
f 277/3370 292/2720 280/3366
f 287/3369 278/6209 310/3371
f 315/3373 345/3375 309/2726
f 287/3374 309/2726 291/2724
f 345/3375 315/3373 374/3376
f 382/3377 385/3378 342/2729
f 345/3375 342/2729 306/2727
f 385/3378 382/3377 427/3379
f 385/3378 426/3380 441/3381
f 385/3378 386/2732 343/2730
f 441/3381 426/3380 468/3382
f 473/3383 472/3384 446/2735
f 446/2735 383/2733 386/2732
f 472/3384 473/3383 495/3385
f 505/3386 530/2742 471/2739
f 472/3384 471/2739 429/2736
f 505/3386 495/3385 514/3387
f 562/3390 585/3395 587/3391
f 551/3388 587/3391 563/2743
s 0
f 585/6210 582/2748 579/2747
s 1
f 584/3397 578/3399 576/3398
f 574/2749 576/3398 565/2751
f 578/3399 483/3401 494/3400
f 576/3398 494/3400 491/2753
f 483/3401 435/3403 438/3402
f 494/3400 438/3402 445/2755
f 435/3403 239/3406 242/3404
f 438/3402 242/3404 244/3405
f 239/6211 196/3409 198/3411
f 242/3408 198/3412 202/2762
f 196/3409 132/3413 134/3410
f 198/3411 134/3410 133/3416
f 132/3413 72/3847 74/3414
f 134/3410 74/3414 77/3415
f 74/3414 19/4197 21/3417
f 77/3415 21/3417 18/3418
f 21/3417 2598/4196 2600/3420
f 18/3418 2600/3420 2572/3421
f 2572/3421 73/6179 75/3419
f 2600/3422 2661/4204 2665/3423
f 2605/3429 14/2768 2572/6180
f 2605/3425 2665/3423 2668/3426
f 2606/3428 13/2769 14/2768
f 2668/3426 2669/3431 2608/3430
f 2606/3427 2608/3430 11/6212
f 2669/3431 2671/3434 2609/3432
f 2608/3430 2609/3432 10/6213
f 2671/3434 2674/3436 2610/2778
f 2609/3432 2610/2778 9/6214
f 2674/3436 2671/3434 2857/3437
f 2674/3436 2860/3438 2862/3439
f 2674/3436 2676/2783 2612/2779
f 2860/3438 3034/4224 3032/3440
f 2862/3439 3032/3440 3027/3441
f 2861/3442 2679/2784 2676/2783
f 3032/3440 3251/4223 3250/3443
f 3027/3441 3250/3443 3247/3444
f 3024/3445 2859/2786 2861/3442
f 3250/3443 3489/4228 3483/3446
f 3247/3444 3483/3446 3480/3447
f 3243/3448 2929/2788 3024/3445
f 3483/3446 3778/4231 3775/3449
f 3480/3447 3775/3449 3771/3450
f 3479/3451 3240/2790 3243/3448
f 3775/3449 3989/4234 3987/3452
f 3771/3450 3987/3452 3984/3453
f 3769/3454 3478/2793 3479/3451
f 3987/3452 4197/4238 4193/3455
f 4193/3455 4199/6215 3982/3456
f 3982/3456 3766/2796 3769/3454
f 3982/3456 4199/6215 4189/3457
f 3983/3458 3764/2797 3766/2796
f 3983/3458 4189/3457 4184/3459
f 3979/3460 3763/2799 3764/2797
f 4197/3461 4400/3464 4395/3462
f 4193/3463 4395/3462 4391/1012
f 4400/3464 4502/3467 4496/3465
f 4395/3462 4496/3465 4493/3466
f 4502/3467 4573/4250 4572/3468
f 4496/3465 4572/3468 4569/3469
f 4572/3468 4673/4249 4666/1010
f 4569/3469 4666/1010 4648/1007
f 4648/1007 4494/1013 4493/3466
f 4648/1007 4603/3472 4499/3470
f 4600/3471 4511/3473 4499/3470
s 0
f 4511/3473 4600/3471 4523/6216
s 1
f 4511/3473 4523/6216 4485/3474
f 4464/3475 4453/1015 4499/3470
f 4464/3475 4485/3474 4458/3476
f 4452/3477 4438/1019 4453/1015
f 4458/3476 4444/2815 4440/3478
f 4452/3477 4440/3478 4385/2813
f 4462/3479 4447/2817 4444/2815
f 4462/3479 4485/3474 4488/2829
f 4463/2828 4448/2823 4447/2817
f 4485/3474 4523/6216 4534/3480
f 4523/6216 4591/3481 4534/3480
f 4523/6216 4642/4264 4591/3481
f 4644/3483 4540/2831 4534/3480
f 4591/3481 4701/4263 4695/3484
f 4695/3486 4698/2834 4644/2833
f 4695/3484 4757/3487 4753/3489
f 4753/3485 4758/3491 4698/2834
f 4757/3487 4915/3492 4910/3488
f 4910/3490 4913/2841 4758/3491
f 4915/3492 4757/3487 4767/3493
f 4927/3494 4963/3497 4962/3495
f 4915/3492 4962/3495 4938/3496
f 4963/3497 4985/3500 4984/3498
f 4962/3495 4984/3498 4966/3499
f 4985/4271 4997/3503 4999/3505
f 4984/3498 4999/3501 4992/3502
f 4997/3503 4983/3507 4990/3504
f 4999/3505 4990/3504 4989/2850
f 4983/3507 4965/3510 4969/3508
f 4990/3504 4969/3508 4970/3509
f 4965/3510 4940/4280 4941/3511
f 4969/3508 4941/3511 4943/3512
f 4951/3513 4973/2851 4970/3509
f 4941/3511 4916/4285 4922/3514
f 4943/3512 4922/3514 4926/3515
f 4926/3515 4928/3517 4967/2856
f 4922/3514 4874/4286 4867/3516
f 4867/3516 4879/3519 4928/3517
f 4893/3518 4930/2860 4928/3517
f 4879/3519 4867/3516 4798/3520
f 4879/3519 4851/3521 4856/3522
f 4851/3521 4837/4292 4846/3523
f 4856/3522 4846/3523 4828/3524
f 4843/3525 4889/2863 4893/3518
f 4843/3526 4828/4305 4764/3527
f 4762/3533 4862/2865 4889/6188
f 4762/3528 4764/3527 4722/3530
f 4719/3532 4752/2870 4862/2865
f 4722/3530 4680/6217 4682/3534
f 4719/3532 4682/3536 4697/2872
f 4680/6217 4619/3537 4626/6218
f 4682/3536 4626/2877 4632/2874
f 4619/3537 4680/6217 4684/3538
f 4615/3539 4567/3543 4566/3540
f 4619/3541 4566/6189 4563/2878
f 4615/3539 4618/4312 4571/3542
f 4567/3543 4571/3542 4519/3544
f 4518/6219 4517/2881 4566/6189
f 4518/3545 4519/3544 4459/3546
f 4454/3552 4451/2882 4517/2881
f 4454/3547 4459/3546 4149/3549
f 4240/3551 4232/2884 4451/2882
f 4240/3550 4149/3549 3927/4406
f 4028/3554 4023/2886 4232/2884
f 3805/3555 3797/2888 4023/2886
f 3805/3555 3927/3553 3323/3556
f 3500/3557 3495/2890 3797/2888
f 3246/3558 3235/3563 3495/2890
f 3235/3559 3246/4410 3014/3560
f 3009/3561 3003/3564 3227/3562
f 3235/3563 3227/2893 3490/2891
f 3003/3564 3009/3561 2821/3565
f 2820/3566 2819/3568 2997/2896
f 3003/3564 2997/2896 3217/3567
f 2819/3568 2820/3566 2655/3569
f 2654/3570 2650/3575 2817/2901
f 2819/3568 2817/2901 2996/2897
f 2650/6220 2654/6221 2591/6222
f 2590/3573 2587/3576 2652/3574
f 2650/3575 2652/2905 2814/2902
f 2587/3576 2590/3573 43/3577
f 45/3578 96/3581 2586/3579
f 2587/3576 2586/3579 2653/3580
f 96/3581 46/3584 2584/3582
f 2586/3579 2584/3582 2651/3583
f 46/3584 47/3586 2583/3585
f 2584/3582 2583/3585 2648/2913
f 47/3586 46/3584 107/3587
f 108/3588 110/3589 48/2922
f 47/3586 48/2922 2582/2914
f 110/3589 108/3588 169/3590
f 170/3591 172/3592 111/2925
f 110/3589 111/2925 49/2923
f 172/3592 170/3591 262/3593
f 258/3594 255/3595 173/2929
f 172/3592 173/2929 113/2926
f 255/3595 258/3594 728/3596
f 726/3597 724/3599 248/3598
f 255/3595 248/3598 174/2930
f 724/3599 717/3601 245/3600
f 248/3598 245/3600 175/2932
f 717/3601 712/3603 238/3602
f 245/3600 238/3602 176/2935
f 712/3603 708/3604 230/2945
f 238/3602 230/2945 177/2938
f 708/3604 712/3603 885/3605
f 708/3604 900/343 851/3606
f 689/3607 225/2946 230/2945
f 712/3603 717/3601 873/3608
f 873/3608 869/3611 986/3609
f 981/3610 991/345 885/3605
f 717/3601 724/3599 869/3611
f 981/3610 986/3609 1101/3612
f 1103/3613 1107/3615 991/345
f 1103/3613 1220/4451 1226/3614
f 1226/3614 1225/3617 1119/3616
f 1107/3615 1119/3616 1009/346
f 1225/3617 1224/6197 1133/3096
f 1119/3616 1133/3096 1031/3089
f 1226/6223 1405/3621 1395/3623
f 1225/3619 1395/3623 1365/3620
f 1405/3621 1624/4454 1593/3622
f 1395/3623 1593/3622 1527/3624
f 1593/3622 1736/3628 1652/3625
f 1527/3624 1652/3625 1592/3626
f 1466/3627 1338/3098 1365/3620
f 1736/3628 1801/3631 1740/3629
f 1652/3625 1740/3629 1655/3630
f 1801/3631 1880/3633 1821/3632
f 1740/3629 1821/3632 1744/3107
f 1880/3633 2007/4462 1930/3634
f 1821/3632 1930/3634 1832/3635
f 1871/3636 1777/3108 1832/3635
f 1930/3634 2290/5573 2027/3641
f 1930/3634 2027/3641 1978/3637
f 1971/3638 1864/3115 1871/3639
f 2027/3641 2367/5571 2306/3642
f 1978/3640 2306/3644 2285/3643
f 2285/3643 2330/3121 1950/3116
f 2306/3644 2416/6224 2407/3645
f 2285/3643 2407/3645 2422/3646
f 2422/3646 2459/3126 2365/3122
f 2407/3645 2475/5565 2484/3647
f 2484/3647 2493/3648 2459/3126
f 2493/3648 2481/3133 2446/3127
f 2493/3648 2484/3647 2508/3649
f 2513/3650 2515/3651 2481/3133
f 2515/3651 2516/3654 2494/3134
f 2515/3651 2513/3650 2514/3652
f 2542/3653 2528/3656 2516/3654
f 2528/3655 2536/3143 2522/3140
f 2528/3656 2542/3653 2560/3657
f 2468/3659 2556/3661 2536/3143
f 2485/3660 2524/3144 2536/3143
f 2468/3659 2397/5560 2405/3662
f 2556/3661 2405/3662 2399/3663
f 2392/3664 2462/3148 2485/3660
f 2405/3662 2331/5558 2335/3665
f 2399/3663 2335/3665 2304/3666
f 2295/3667 2391/3153 2392/3668
f 2304/3666 2335/3665 2268/3670
f 2260/3672 2263/3674 2295/3667
f 2264/3673 2300/3156 2295/3667
f 2263/3674 2260/3672 2254/3675
f 2263/3674 2252/3676 2244/3677
f 2209/3678 2256/3159 2264/3673
f 2252/3676 2247/5554 2240/3679
f 2244/3677 2240/3679 2204/3680
f 2179/3167 2202/3162 2209/3678
f 2240/3679 2234/5553 2198/3681
f 2204/3680 2198/3681 2175/3682
f 2198/3681 2194/5550 2175/3682
s 0
f 2175/3682 2184/5549 2178/3684
s 1
f 2178/3685 2169/3688 2172/3686
f 2169/3688 2180/3690 2189/3689
s 0
f 2169/3688 2178/3685 2171/5547
s 1
f 2180/3690 2169/3688 2152/3691
f 2186/3692 2217/3695 2219/3215
f 2174/3694 2213/3696 2217/3695
f 2213/3696 2214/3181 2222/3175
f 2213/3696 2174/3694 2147/3697
f 2192/3698 2197/3699 2214/3181
f 2197/3699 2130/3186 2111/3182
f 2197/3699 2192/3698 2136/3700
f 2116/3701 2122/3702 2130/3186
f 2122/3702 2049/3705 2046/3187
f 2122/3702 2116/3701 2054/3703
f 2052/3704 2034/3706 2049/3705
f 2034/3706 1958/3707 1963/3190
f 2052/3704 1992/3708 1969/131
f 1969/131 1923/130 1958/3707
f 1992/3708 2052/3704 2054/3703
f 1997/3709 1911/3711 1908/3710
f 1992/3708 1908/3710 1897/132
f 1911/3711 1837/4702 1835/3712
f 1835/3712 1830/127 1897/132
f 1835/3712 1837/4702 1754/3713
f 1830/127 1756/3718 1836/128
f 1830/127 1751/3714 1610/3715
f 1830/127 1612/3716 1697/3717
f 1699/3719 1764/5741 1756/3718
f 1517/3720 1515/3721 1699/3719
f 1515/3721 1511/3725 1702/3722
f 1515/3721 1517/3720 1281/3723
f 1284/3724 1277/3726 1511/3725
f 1277/3726 1284/3724 1114/3727
f 1111/3728 1108/4719 1272/3729
f 1277/3726 1272/3729 1513/3730
f 1704/3731 1702/3722 1511/3725
f 1513/3730 1377/3732 1728/3733
f 1782/3194 1778/5740 1704/3731
f 1377/3732 1514/3734 1728/3733
f 1728/3733 1786/3195 1782/3194
f 1514/3734 1508/3736 1708/3735
f 1708/3735 1789/3196 1786/3195
f 1705/3737 1790/3198 1789/3196
f 1259/3738 1318/3287 1502/3286
f 1502/3286 1693/3285 1705/3737
f 1318/3287 1259/3738 1093/6225
f 1093/6225 1041/4726 1318/3287
f 1041/3740 958/4737 957/3741
f 1158/3742 957/3741 959/3744
f 1087/3745 1217/3748 1158/3742
f 1087/3745 959/3744 961/3746
f 1088/3747 1215/3751 1217/3748
f 1088/3747 961/3746 962/3749
f 1089/3750 1212/3755 1215/3751
f 1089/3750 962/3749 964/3752
f 1089/3750 1085/3753 1209/3754
f 1085/3753 964/3752 965/3756
f 1086/3757 1208/3760 1209/3754
f 1086/3757 965/3756 966/3758
f 1084/3759 1206/3764 1208/3760
f 1428/3761 1434/3302 1208/3762
f 1206/3764 1084/3759 1080/3765
f 1206/3763 1205/3769 1424/3767
f 1653/3768 1656/3304 1428/3761
f 1205/3769 1204/3773 1419/3770
f 1424/3767 1419/3770 1651/3771
f 1762/3308 1763/3306 1653/3768
f 1419/3770 1414/3326 1643/3772
f 1651/3771 1643/3772 1761/3312
f 1204/3773 1203/3327 1414/3326
f 1205/3766 1080/3765 1081/3774
f 1204/3775 1081/3774 1083/3332
f 1080/3765 968/3777 969/3776
f 1081/3774 969/3776 970/3334
f 968/3777 859/3779 858/3778
f 969/3776 858/3778 861/3336
f 859/3779 785/3781 786/3780
f 858/3778 786/3780 788/3339
f 785/3781 697/3782 698/3345
f 786/3780 698/3345 700/3343
f 697/3782 785/3781 783/3783
f 693/3784 459/5738 461/3785
f 697/3782 461/3785 460/3346
f 461/3785 459/5738 405/82
f 403/3786 398/3789 460/3346
f 403/3786 405/82 371/3787
f 362/3788 352/3348 398/3789
f 362/3788 371/3787 344/3790
f 334/3791 313/3350 352/3348
f 334/3791 344/3790 314/3792
f 285/3793 281/3794 313/3350
f 281/3794 285/3793 268/3798
f 281/3794 320/3797 323/3353
f 281/3794 323/3353 325/3351
f 281/3794 268/3798 266/3795
f 275/3796 312/3362 320/3797
f 268/3798 279/3922 272/3799
f 266/3795 272/3799 273/3800
f 267/3801 276/3365 275/3796
f 272/3799 321/3921 324/3802
f 273/3800 324/3802 305/3803
f 271/3804 270/3368 267/3801
f 324/3802 376/5729 373/3805
f 305/3803 373/3805 378/3806
f 310/3371 278/6209 271/3804
f 373/3805 430/5730 431/3807
f 378/3806 431/3807 424/3808
f 374/3809 315/3372 310/3371
f 431/3807 487/5731 466/3810
f 424/3811 466/3813 469/3812
f 427/3379 382/3377 374/3376
f 466/3813 490/5733 489/3814
f 489/3814 485/3816 468/3382
f 469/3812 468/3382 426/3380
f 485/3816 498/3815 514/3387
f 485/3816 495/3385 473/3383
f 498/3815 503/3896 506/3817
f 506/3817 533/3389 514/3387
s 0
f 581/3822 561/3884 553/3823
f 581/6226 586/3826 584/3397
s 1
f 586/3826 553/6227 532/3827
f 586/3826 573/3828 584/3397
f 573/3828 532/3827 500/3829
f 573/3828 557/3830 578/3399
f 557/3831 500/3878 478/3832
f 557/3830 493/3836 483/3401
f 493/3833 478/3832 436/3834
f 493/3836 434/3839 435/3403
f 434/3835 436/3834 243/3837
f 434/3839 237/3842 239/3406
f 237/3838 243/3837 199/3840
f 237/3842 194/6228 196/3843
f 194/3844 199/5737 132/3413
f 132/3413 71/3846 72/3847
f 71/3846 76/3845 34/947
f 26/949 25/955 72/3847
f 132/3413 135/3850 78/3848
f 76/3845 78/3848 38/3849
f 135/3850 137/3857 80/3851
f 78/3848 80/3851 40/3852
f 80/3851 79/3854 37/889
f 40/3852 37/889 24/884
f 12/3853 8/897 38/3849
f 79/3854 140/3858 141/3855
f 81/3856 27/886 37/889
f 79/3854 80/3851 137/3857
f 212/3863 213/3970 146/6229
f 141/3855 146/3860 83/890
f 141/3855 140/3858 211/6230
f 356/3864 363/3967 212/3863
f 140/3858 137/3857 208/6231
f 211/3862 208/3866 351/3867
f 447/3868 440/3875 356/3864
f 208/3866 206/5735 254/3869
f 351/3867 254/3869 442/3870
f 475/3871 477/3874 447/3868
f 254/3869 243/3837 436/3834
f 442/3870 436/3834 478/3832
f 477/3874 482/3873 440/3875
f 477/3874 475/3871 497/3876
f 520/3877 531/3882 507/3872
f 475/3871 478/3832 500/3878
f 497/3876 500/3878 532/3879
f 550/3880 566/3959 546/3881
f 531/3882 546/3881 507/3872
f 531/3882 520/3877 553/3883
f 561/3884 560/3886 550/3885
f 520/3877 532/3879 553/3883
f 560/3886 588/3950 566/3887
f 555/3888 542/3944 560/3886
s 0
f 555/3888 561/3884 581/3822
s 1
f 554/3821 525/3891 508/3890
s 0
f 535/3819 511/3894 528/3892
f 511/3895 503/3896 510/6232
f 510/3898 540/3935 521/3899
s 1
f 503/3896 498/3815 501/5734
f 510/3898 501/3901 518/3903
f 524/3902 516/3932 510/3898
f 501/3901 490/5732 509/3904
f 518/3903 509/3904 504/3905
f 499/3906 515/3933 524/3902
f 509/3904 487/5731 486/3907
f 504/3905 486/3907 474/3908
f 470/3909 488/3930 499/3906
f 486/3907 430/5730 425/3910
f 474/3908 425/3910 423/3911
f 422/3912 479/3926 470/3909
f 425/3910 376/5729 377/3913
f 423/3911 377/3913 381/3914
f 381/3914 391/3918 437/3915
f 377/3913 321/3921 329/3916
f 381/3914 329/3916 340/3917
f 368/3919 408/3920 391/3918
f 329/3916 279/3922 314/3792
f 340/3917 314/3792 344/3790
f 392/81 428/73 408/3920
f 368/3919 344/3790 371/3787
f 321/3921 272/3799 279/3922
f 464/72 656/78 614/3923
f 614/3923 479/3926 422/3912
f 437/3915 391/3918 408/3920
f 614/3923 656/78 663/3924
f 625/3925 541/3927 479/3926
f 541/3927 625/3925 628/3928
f 590/3929 502/3931 488/3930
f 541/3927 488/3930 470/3909
f 502/3931 590/3929 593/4754
f 515/3933 499/3906 488/3930
f 502/3931 517/4757 523/3934
f 516/3932 524/3902 515/3933
s 0
f 540/3935 510/3898 516/3932
f 523/6233 544/4765 540/6234
f 540/6234 528/3936 521/3940
f 528/3936 540/6234 547/3937
f 527/3938 513/6235 528/3936
f 513/3941 508/3890 525/3891
s 1
f 508/3890 513/3941 522/3942
f 512/3943 542/3944 534/3889
f 542/3944 512/3943 529/3945
f 542/3944 548/3946 580/3948
f 542/3944 555/3888 534/3889
f 548/3946 595/4774 602/3947
f 580/3948 602/3947 603/3949
f 588/3950 560/3886 542/3944
f 602/3947 630/4778 627/3951
f 603/3949 627/3951 621/3952
f 596/3953 566/3887 588/3950
f 596/3953 621/3952 619/3954
f 597/3956 619/4789 622/3957
f 592/3958 546/3881 566/3959
f 592/3958 622/3957 607/3960
f 569/3961 507/3872 546/3881
f 569/3961 607/3960 600/3962
f 484/3963 482/3873 507/3872
f 484/3963 600/3962 444/3964
f 443/3965 440/3875 482/3873
f 443/3965 444/3964 365/3966
f 363/3967 356/3864 440/3875
f 444/3964 448/4795 370/3968
f 365/3966 370/3968 216/3969
f 213/3970 212/3863 363/3967
f 216/3969 370/3968 389/3971
f 218/6236 147/3974 148/3976
f 148/3976 146/3977 213/6237
f 147/3974 86/3978 84/3975
f 84/3975 83/3981 146/3977
f 86/3978 16/4815 17/3979
f 84/3975 17/3979 20/3980
f 17/3979 16/4815 2618/3982
f 2616/3983 2617/6238 20/3980
f 2616/3984 2618/4819 2697/3985
f 2701/3986 2706/3988 2617/3987
f 2706/3988 2708/3992 2620/3989
f 2706/3988 2701/3986 2937/3990
f 2946/3991 2951/3993 2708/3992
f 2951/3993 2957/3997 2735/3994
f 2946/3991 3146/819 3131/3995
f 2951/3993 3131/3995 3114/3996
f 3108/3998 2961/4000 2957/3997
f 3131/3995 3381/818 3359/834
f 3114/3996 3359/834 3330/3999
f 2961/4000 2963/4004 2756/4001
f 2743/4002 2735/3994 2957/3997
f 2961/4000 3108/3998 3104/4003
f 3104/4003 3118/879 2988/878
f 3108/3998 3330/3999 3316/4005
f 3104/4003 3316/4005 3297/873
f 3330/3999 3498/833 3469/4006
f 3316/4005 3469/4006 3420/874
f 2743/4002 2756/4001 2633/4007
f 2628/882 2621/881 2735/3994
f 2633/4007 2640/901 2576/4008
f 2568/5902 2566/883 2628/6239
f 2756/4001 2818/4010 2640/901
f 2818/4010 2887/4011 2667/902
f 2818/4010 2756/4001 2963/4004
f 2988/6240 3065/916 2887/918
f 2621/881 2620/3989 2708/3992
f 2946/3991 2937/3990 3145/4012
f 2701/3986 2697/3985 2930/4013
f 2937/3990 2930/4013 3136/4014
f 2930/4013 2925/4820 3121/4015
f 3136/4014 3121/4015 3393/4016
f 3404/4017 3423/821 3145/4012
f 3404/4017 3393/4016 3672/4018
f 3675/4019 3678/4022 3423/821
f 3675/4019 3672/4018 3925/4020
f 3931/4021 3938/4023 3678/4022
f 3938/4023 3948/4027 3710/4024
f 3938/4023 3931/4021 4141/4025
f 4143/4026 4147/4028 3948/4027
f 4147/4028 4155/4032 3956/4029
f 4143/4026 4363/4829 4362/4030
f 4147/4028 4362/4030 4360/4031
f 4354/4033 4154/4073 4155/4032
f 4362/4030 4480/6241 4479/4034
f 4360/4031 4479/4034 4478/4035
f 4476/4036 4348/4074 4354/4033
f 4479/4037 4539/4366 4538/4038
f 4478/4040 4538/4043 4537/4041
f 4538/4043 4594/5598 4595/4044
f 4537/4041 4595/4044 4596/4045
f 4536/4046 4474/4049 4476/4042
f 4475/6242 4340/4063 4345/4072
f 4474/6243 4345/4072 4348/4074
f 4536/4046 4596/4045 4597/5605
f 4536/4046 4597/5605 4598/4051
f 4541/4052 4477/4053 4475/4047
f 4477/4053 4541/4052 4542/4054
f 4483/4055 4351/4104 4347/4056
f 4477/4053 4347/4056 4340/4057
f 4351/4058 4175/1001 4170/4059
f 4347/4060 4170/4059 4162/4064
f 4162/4064 4170/4059 4056/4065
f 4162/4064 4034/4066 4014/4067
f 4151/4069 4345/4072 4340/4063
f 4151/6244 4014/4089 3991/4088
f 4158/4071 4348/4074 4345/4072
f 3991/4070 3973/4079 4154/4073
f 4154/4073 4354/4033 4348/4074
f 3973/4075 3991/4088 3807/4076
f 3790/4077 3772/4081 3956/4078
f 3973/4079 3956/4029 4155/4032
f 3807/4076 3625/4087 3622/4080
f 3790/4077 3622/4080 3620/828
f 3622/4083 3420/874 3469/4006
f 3625/4082 3457/875 3420/874
f 3807/4076 3829/4085 3625/4087
f 3829/4085 3859/4090 3681/4086
f 3829/4085 3807/4076 3991/4088
f 4014/4089 4034/6245 3859/4090
f 3681/4086 3746/4093 3572/4097
f 3681/4091 3507/919 3457/875
f 3859/4090 3935/6246 3746/4093
f 3572/4094 3642/996 3499/995
f 3572/6247 3427/4101 3389/4102
f 3746/6248 3811/4099 3642/996
f 3828/4098 3677/997 3642/996
f 3811/4099 3746/6248 3935/4100
f 3811/4099 3980/991 3999/990
f 3837/982 3655/993 3677/997
f 3828/4098 3999/990 3966/980
f 3427/4095 3499/995 3398/1000
f 3427/4101 3327/6091 3307/941
f 4170/4059 4175/1001 4082/989
f 4542/4054 4544/4105 4483/4055
f 4544/4105 4545/5612 4491/4106
f 4483/4055 4491/4106 4376/4107
f 4376/4107 4394/4108 4190/4109
f 4179/4110 4165/6249 4365/4103
f 4190/4109 4202/4113 4011/4111
f 4018/4171 4029/4175 4179/1004
f 4394/4108 4431/4114 4202/4113
f 4431/4114 4435/4117 4207/4115
f 4431/4114 4394/4108 4491/4106
f 4497/4116 4501/4118 4435/4117
f 4501/4118 4497/4116 4550/4119
f 4551/4120 4553/4127 4503/4121
f 4501/4118 4503/4121 4437/4122
f 4437/4122 4436/4125 4216/4123
f 4213/4124 4207/4115 4435/4117
f 4503/4121 4500/4126 4436/4125
f 4500/4126 4503/4121 4553/4127
f 4554/4128 4556/4135 4498/4129
f 4500/4126 4498/4129 4434/4130
f 4434/4130 4432/4133 4211/4131
f 4215/4132 4216/4123 4436/4125
f 4498/4129 4504/4134 4432/4133
f 4504/4134 4498/4129 4556/4135
f 4558/4136 4560/5630 4506/4137
f 4504/4134 4506/4137 4430/4138
f 4506/4137 4505/5636 4429/4139
f 4430/4138 4429/4139 4206/4140
f 4209/4141 4211/4131 4432/4133
f 4206/6250 3997/4229 3998/4146
f 3998/4146 4003/4148 4211/6251
f 3998/4146 3783/4226 3784/4147
f 3784/4147 3787/4153 4004/4149
f 4003/4148 4004/4149 4215/6252
f 3787/4153 3791/4214 4009/4154
f 4009/4161 4216/4123 4215/4132
f 3791/4158 3664/4162 4007/4159
f 4009/4161 4007/4164 4213/4124
f 3664/4162 3804/4165 4008/4163
f 4007/4164 4008/4167 4207/4115
f 4008/4167 4011/4111 4202/4113
f 3804/4165 3820/4170 4018/4171
f 3820/4170 3429/4169 3514/4172
f 3831/4173 4029/4175 4018/4171
f 3831/4173 3514/4172 3540/999
f 3839/4174 4037/1005 4029/4175
f 3839/4174 3540/999 3601/4176
f 3846/981 4020/984 4037/1005
f 3429/4169 3278/4178 3290/4177
f 3514/4172 3290/4177 3324/966
f 3278/4178 3043/4181 3053/4179
f 3290/4177 3053/4179 3074/4180
f 3043/4181 2843/6253 2842/4182
f 3053/4183 2842/4185 2848/4184
f 2842/4185 2658/4200 2643/4186
f 2643/4186 2639/4188 2839/4187
f 2839/4187 3077/964 3074/963
f 2639/4188 2636/4190 2760/4189
f 2839/4187 2760/4189 3006/946
f 2636/952 2622/951 2699/4193
f 2760/4189 2699/4191 2948/4192
f 2622/951 2595/900 2667/902
f 2699/4193 2667/902 2887/4011
f 2643/4186 2658/4200 2598/4194
f 2594/4195 2588/6093 2639/4188
f 2598/4196 21/3417 19/4197
f 19/4197 25/955 2588/4199
f 2658/4200 2842/4185 2843/4201
f 2661/4204 2600/3422 2598/6254
f 2844/4203 2665/3423 2661/4204
f 2843/6253 3043/4181 3039/4209
f 3043/4181 3278/4178 3271/4208
f 3039/4209 3271/4208 3383/4168
f 3263/4211 3037/4218 2933/4207
f 3271/4208 3429/4169 3383/4168
f 3501/4213 3262/4217 3263/4211
f 3383/4168 3804/4165 3664/4162
f 3258/4215 3036/4225 3038/4216
f 3262/4217 3038/4216 3037/4218
f 3262/4217 3501/4213 3496/4219
f 3494/4220 3253/4221 3258/4215
f 3501/4213 3791/4214 3787/4153
f 3496/4219 3787/4153 3784/4147
f 3253/4221 3494/4220 3492/4222
f 3251/4223 3032/3440 3034/4224
f 3253/4221 3034/4224 3036/4225
f 3494/4220 3784/4147 3783/4226
f 3492/4222 3783/4226 3781/4227
f 3489/4228 3250/3443 3251/4223
f 3783/4226 3998/4146 3997/4229
f 3781/4227 3997/4229 3993/4230
f 3778/4231 3483/3446 3489/4228
f 3997/4229 4206/6250 4204/4232
f 3993/4230 4204/4232 4200/4233
f 3989/4234 3775/3449 3778/4231
f 4204/4235 4418/4239 4403/4236
f 4200/4237 4403/4236 4400/3464
f 4197/4238 3987/3452 3989/4234
f 4418/5724 4507/5635 4580/4241
f 4403/4236 4580/4240 4502/3467
f 4580/4241 4507/5635 4568/5634
f 4580/4240 4573/4250 4502/3467
f 4580/4241 4568/5634 4667/4242
f 4670/4243 4671/4245 4573/4244
f 4671/4245 4670/4243 4898/4246
f 4897/4247 4903/4252 4673/4248
f 4673/4249 4572/3468 4573/4250
f 4903/4252 4897/4247 4946/4253
f 4939/4255 4912/1009 4849/1011
f 4849/1011 4666/1010 4673/4249
f 4939/4254 4946/4253 4977/4266
f 4936/4258 4909/4259 4912/1009
f 4909/4259 4936/4258 4932/4260
f 4909/4259 4718/4262 4751/1006
f 4718/4262 4642/4264 4600/3471
f 4718/4262 4600/3471 4603/3472
f 4718/4262 4871/4261 4767/3493
f 4701/4263 4591/3481 4642/4264
f 4871/4261 4932/4260 4927/3494
f 4936/4258 4977/4257 4968/4265
f 4932/4260 4968/4265 4963/3497
f 4977/4266 4982/4269 4988/4267
f 4968/4265 4988/6255 4985/3500
f 4982/4269 4980/4272 4998/4270
f 4988/4267 4998/4270 4997/3503
f 4980/4272 4972/5643 4978/4273
f 4998/4270 4978/4273 4983/3507
f 4978/4273 4972/5643 4964/4274
f 4978/4273 4960/4275 4965/3510
f 4960/4275 4964/4274 4935/4276
f 4937/4277 4940/4280 4965/3510
f 4937/4277 4935/4276 4906/4278
f 4918/4279 4920/4281 4940/4280
f 4920/4281 4918/4279 4886/4282
f 4920/4281 4869/4283 4783/4284
f 4916/4285 4941/3511 4940/4280
f 4874/4286 4922/3514 4916/4285
f 4869/4283 4892/5678 4790/4287
f 4783/4284 4790/4287 4819/4288
f 4798/3520 4867/3516 4874/4286
f 4790/4287 4809/5677 4794/4289
f 4819/4288 4794/4289 4802/4290
f 4802/4290 4837/4292 4851/3521
f 4794/4289 4796/5680 4815/4291
f 4815/4291 4838/4294 4837/4292
f 4845/4293 4846/3523 4837/4292
f 4838/4294 4815/4291 4826/4295
f 4838/6256 4841/4297 4845/4299
f 4841/4297 4840/5683 4844/4298
f 4845/4299 4844/4298 4830/4300
f 4835/4301 4825/4302 4845/4299
f 4825/4302 4835/4301 4779/4303
f 4776/4304 4764/3527 4828/4305
f 4825/4302 4828/4305 4846/4306
f 4776/4304 4779/4303 4738/4307
f 4728/4308 4722/3530 4764/3527
f 4728/4308 4738/4307 4685/4309
f 4684/3538 4680/6217 4722/3530
f 4738/4307 4747/4318 4690/4310
f 4685/4309 4690/4310 4623/4311
f 4618/4312 4615/3539 4684/3538
f 4623/4311 4625/4315 4578/4313
f 4575/4314 4571/3542 4618/4312
f 4690/4310 4689/4317 4625/4315
f 4687/4316 4627/4399 4625/4315
f 4689/4317 4690/4310 4747/4318
f 4689/4317 4746/4319 4740/4320
f 4739/4321 4686/4395 4687/4316
f 4746/4319 4781/5721 4773/4322
f 4740/4320 4773/4322 4777/4323
f 4777/4323 4774/4326 4745/4324
f 4773/4322 4817/5719 4811/4325
f 4811/4325 4810/4327 4774/4326
f 4810/4327 4808/4331 4778/4328
f 4810/4327 4811/4325 4839/4329
f 4834/4330 4822/4333 4808/4331
f 4806/4332 4800/4385 4808/4331
f 4822/4333 4834/4330 4824/4334
f 4816/4335 4801/4337 4806/4332
f 4793/4336 4789/4382 4806/4332
f 4801/4337 4816/4335 4812/4338
f 4803/4339 4797/4341 4793/4336
f 4792/4340 4771/4380 4793/4336
f 4797/4341 4803/4339 4795/4342
f 4788/4343 4763/4344 4792/4340
f 4763/4344 4711/4349 4716/4345
f 4763/4344 4788/4343 4786/4346
f 4763/4344 4765/4347 4712/4348
f 4712/4348 4715/4351 4665/4357
f 4712/4348 4665/4357 4657/4350
f 4765/4347 4769/4353 4715/4351
f 4765/4347 4786/4346 4787/4352
f 4769/4353 4787/4352 4782/4354
f 4769/4353 4761/4355 4713/4356
f 4761/4355 4755/4358 4706/814
f 4713/4356 4706/814 4663/813
f 4755/4358 4761/4355 4782/4354
f 4770/4359 4725/4361 4704/4360
f 4755/4358 4704/4360 4683/815
f 4725/4361 4654/6257 4650/4362
f 4650/4362 4643/816 4683/815
f 4650/6258 4654/5595 4594/5598
f 4593/4364 4590/4365 4643/816
f 4590/4365 4593/4364 4539/4366
f 4535/4367 4533/4369 4589/4368
f 4590/4365 4589/4368 4622/817
f 4589/4368 4549/4370 4621/812
f 4581/4372 4586/4373 4621/812
f 4665/4357 4663/813 4621/812
f 4614/4374 4657/4350 4665/4357
f 4614/4374 4612/4549 4653/4376
f 4662/4375 4653/4376 4707/4377
f 4662/4375 4716/4345 4711/4349
f 4707/4377 4702/4378 4760/4379
f 4771/4380 4792/4340 4716/4345
f 4702/4378 4699/4550 4754/4381
f 4754/4381 4791/4383 4789/4382
f 4789/4382 4793/4336 4771/4380
f 4791/4383 4754/4381 4744/797
f 4772/4384 4775/4386 4800/4385
f 4800/4385 4806/4332 4789/4382
f 4775/4386 4772/4384 4741/4387
f 4749/4388 4750/4389 4778/4328
f 4775/4386 4778/4328 4808/4331
f 4750/4389 4749/4388 4696/4390
f 4694/4391 4691/4392 4745/4324
f 4750/4389 4745/4324 4774/4326
f 4691/4392 4694/4391 4634/4393
f 4630/4394 4628/4396 4686/4395
f 4691/4392 4686/4395 4739/4321
f 4628/4396 4630/4394 4583/4397
f 4582/4398 4579/4400 4627/4399
f 4627/4399 4687/4316 4686/4395
f 4579/4400 4582/4398 4527/4401
f 4526/4402 4522/4403 4578/4313
f 4579/4400 4578/4313 4625/4315
f 4522/4403 4526/4402 4465/5586
f 4465/5586 4459/3546 4522/4403
f 4522/4403 4519/3544 4571/3542
s 0
f 4459/3546 4465/5586 4276/4404
f 4149/3549 4276/4404 3945/4405
s 1
f 3927/4406 3945/4405 3396/4407
f 3323/4408 3396/4407 2742/6259
f 2696/4409 3323/4411 2742/6260
f 2696/4409 2826/4412 3014/3560
f 2696/4409 3014/3560 3246/4410
f 2571/4415 2657/4414 2821/6261
f 2826/4412 2821/3565 3009/3561
f 2593/4416 2592/4422 2655/4417
f 2657/4418 2655/3569 2820/3566
f 2592/4419 2593/6262 39/4420
f 41/4421 42/4424 2591/3572
f 2592/4419 2591/3572 2654/6263
f 42/4424 41/4421 101/4425
f 102/4426 103/4427 43/3577
f 42/4424 43/3577 2590/3573
f 103/4427 102/4426 163/4428
f 164/4429 165/4431 105/4430
f 103/4427 105/4430 45/3578
f 165/4431 166/4432 96/3581
f 166/4432 168/4433 107/3587
f 96/3581 107/3587 46/3584
f 168/4433 166/4432 260/4434
f 257/4435 259/4436 169/3590
f 168/4433 169/3590 108/3588
f 259/4436 257/4435 732/4437
f 730/4438 729/4439 262/3593
f 259/4436 262/3593 170/3591
f 729/4439 730/4438 878/4440
f 874/4441 871/4442 728/3596
f 729/4439 728/3596 258/3594
f 871/4442 874/4441 989/4443
f 871/4442 936/4445 726/3597
f 936/4445 986/3609 869/3611
f 936/4445 869/3611 724/3599
f 936/4445 987/4444 1097/4446
f 1099/4447 1101/3612 986/3609
f 1097/4446 1227/5592 1223/4448
f 1099/4447 1223/4448 1331/4449
f 1223/4448 1435/5593 1331/4449
f 1220/4451 1103/3613 1101/3612
f 1331/6264 1648/6265 1724/4456
f 1418/4453 1724/4456 1624/4454
f 1405/4455 1226/3614 1220/4451
f 1648/6265 1759/4464 1724/4456
f 1724/4456 1848/4459 1833/4458
f 1747/4457 1833/4458 1801/3631
f 1736/3628 1593/3622 1624/4454
f 1848/4459 1954/4461 1922/4460
f 1833/4458 1922/4460 1880/3633
f 1954/4461 2035/140 2013/144
f 1922/4460 2013/144 2007/4462
f 1869/4463 1993/141 1954/4461
f 1848/4459 1724/4456 1759/4464
f 1892/4465 2031/4618 1993/141
f 1869/4463 1759/4464 1783/4466
f 1794/4467 1903/4615 1892/4465
f 1759/4464 1648/6265 1654/4468
f 1783/4466 1654/4468 1660/4469
f 1667/4470 1799/4611 1794/4467
f 1654/4471 1435/5593 1447/4472
f 1660/4473 1447/4472 1454/4474
f 1461/4476 1675/4607 1667/4475
f 1447/4472 1227/5592 1228/4477
f 1454/4474 1228/4477 1229/4478
f 1234/4479 1462/4602 1461/4476
f 1228/4477 1096/5591 1098/4480
f 1229/4478 1098/4480 1100/4481
f 1102/4482 1237/4599 1234/4479
f 1098/4480 993/5590 990/4483
f 1100/4481 990/4483 992/4484
f 995/4485 1104/4596 1102/4482
f 992/4484 990/4483 877/4486
f 992/4484 876/4487 875/4488
f 880/4489 999/4593 995/4485
f 875/4488 876/4487 736/4490
f 875/4488 740/4491 745/4492
f 747/4493 881/4590 880/4489
f 745/4492 740/4491 263/4494
f 256/4495 253/4497 747/4493
f 252/4496 748/4587 747/4493
f 253/4497 256/4495 164/4429
f 163/4428 162/4498 252/4496
f 162/4498 161/4500 249/4499
f 162/4498 163/4428 102/4426
f 101/4425 100/4501 161/4500
f 100/4501 101/4425 41/4421
f 39/4420 2571/4503 125/4502
f 2571/4503 39/4420 2593/6262
f 2571/4503 2696/6266 63/4504
f 2696/4505 2742/4508 3/4506
f 2742/6267 2952/4514 2666/6268
f 2952/4514 2742/6267 3396/6269
f 3709/4515 3723/4517 3094/4516
f 3723/4517 3567/4521 3300/4518
f 3723/4517 3851/4519 3567/4521
f 3851/4519 3853/4524 3575/4520
f 3851/4519 3723/4517 4196/4522
f 4068/4523 4071/4525 3853/4524
f 4071/4525 4073/4529 3854/4526
f 4071/4525 4068/4523 4333/4527
f 4338/4528 4339/4530 4073/4529
f 4339/4530 4341/4534 4075/4531
f 4339/4530 4338/4528 4471/4532
f 4473/4533 4472/4535 4341/4534
f 4472/4535 4470/4539 4343/4536
f 4472/4535 4473/4533 4532/4537
f 4531/4538 4577/4540 4470/4539
f 4531/4538 4584/5575 4577/4540
f 4570/4542 4577/4540 4611/4544
f 4608/4545 4607/4546 4529/4543
f 4607/4546 4612/4549 4576/4547
f 4607/4546 4608/4545 4645/793
f 4649/4548 4653/4376 4612/4549
f 4649/4548 4645/793 4688/798
f 4699/4550 4702/4378 4653/4376
f 4399/4551 4344/4552 4509/4541
f 4344/4552 4399/4551 4085/4553
f 4081/4554 4077/4555 4343/4536
f 4344/4552 4343/4536 4470/4539
f 4077/4555 4081/4554 3862/4556
f 3858/4557 3856/4558 4075/4531
f 4077/4555 4075/4531 4341/4534
f 3856/4558 3858/4557 3585/4559
f 3580/4560 3577/4561 3854/4526
f 3856/4558 3854/4526 4073/4529
f 3577/4561 3580/4560 3309/4562
f 3306/4854 3076/4859 3575/6270
f 3577/4561 3575/4520 3853/4524
f 3076/4859 3306/4854 3063/4853
f 3076/4859 2959/4565 3300/4566
f 3076/4859 3300/4566 3567/6271
f 2959/4565 3076/4859 2874/4858
f 3094/4513 2959/4565 2635/4567
f 2634/4568 2666/6268 2952/4514
f 2599/4571 2597/4509 2666/4569
f 2597/4509 2599/4571 33/4572
f 246/4580 247/4581 125/4502
f 247/4581 246/4580 743/4582
f 744/4583 746/4585 249/4499
f 247/4581 249/4499 161/4500
f 744/4583 886/4879 883/4584
f 746/4585 883/4584 882/4586
f 748/4587 252/4496 249/4499
f 883/4584 1004/4882 1001/4588
f 882/4586 1001/4588 1000/4589
f 882/4586 881/4590 747/4493
f 1001/4588 1117/4885 1116/4591
f 1000/4589 1116/4591 1112/4592
f 999/4593 880/4489 881/4590
f 1116/4591 1250/4888 1245/4594
f 1112/4592 1245/4594 1241/4595
f 1104/4596 995/4485 999/4593
f 1245/4594 1469/4891 1465/4597
f 1241/4595 1465/4597 1464/4598
f 1237/4599 1102/4482 1104/4596
f 1465/4597 1685/4897 1682/4600
f 1464/4598 1682/4600 1679/4601
f 1462/4602 1234/4479 1237/4599
f 1682/4603 1811/4905 1805/4604
f 1679/4605 1805/4604 1802/4609
f 1675/4607 1461/4476 1462/4602
f 1805/4604 1938/4904 1931/4608
f 1802/4609 1931/4608 1917/4610
f 1799/6272 1667/4475 1675/4607
f 1931/4608 2294/4907 2273/4613
f 1917/4610 2273/4613 2053/4614
f 1903/4615 1794/4467 1799/4611
f 2273/4613 2426/5544 2424/4616
f 2053/4614 2424/4616 2378/4617
f 2031/4618 1892/4465 1903/4615
f 2388/4619 2322/143 2338/142
f 2338/142 1993/141 2031/4618
f 2378/4617 2424/4616 2440/4620
f 2450/4621 2370/5574 2388/4619
f 2424/4616 2426/5544 2465/4622
f 2440/4620 2465/4622 2477/4623
f 2458/4624 2394/5572 2450/4621
f 2465/4622 2479/5543 2499/4625
f 2477/4623 2499/4625 2488/4626
f 2486/4627 2451/5570 2458/4624
f 2499/4625 2492/5542 2495/4628
f 2488/4626 2495/4628 2507/4629
f 2506/4630 2467/5567 2486/4627
f 2495/4628 2473/5540 2500/4631
f 2507/4629 2500/4631 2533/4632
f 2518/4637 2509/5564 2506/6273
f 2500/4631 2454/5538 2538/4634
f 2533/4632 2538/4634 2489/4635
f 2445/4636 2497/5563 2518/4637
f 2538/4634 2429/5536 2436/4639
f 2489/4638 2436/6274 2395/4640
f 2423/4641 2461/5562 2445/4636
f 2395/4640 2436/6274 2344/4642
f 2395/4640 2314/4643 2349/4644
f 2349/4644 2320/4647 2415/4645
f 2314/4643 2165/5531 2271/4646
f 2271/4646 2112/4648 2320/4647
f 2112/4651 2132/4653 2301/5559
f 2271/4646 2212/5529 2154/4650
f 2112/4648 2154/4650 2173/6275
f 2232/4654 2251/5557 2132/4653
f 2154/4650 2162/5528 2190/6276
f 2173/4652 2190/4656 2227/4657
f 2246/4658 2255/5556 2232/4654
f 2190/4656 2183/5524 2205/4659
f 2227/4657 2205/4659 2238/4660
f 2245/4661 2254/5555 2246/4658
f 2238/4660 2210/5518 2239/4666
f 2243/4665 2239/6277 2237/4667
f 2237/4667 2226/5552 2233/4668
f 2237/4669 2239/6278 2181/4670
f 2185/4671 2182/4674 2226/4672
f 2170/5551 2194/5550 2226/5552
f 2185/4671 2131/5513 2146/4675
f 2146/4675 2155/4679 2171/4676
f 2134/4678 2139/6279 2155/4679
f 2139/6279 2134/4678 2117/5512
f 2117/6280 2120/4680 2139/4682
f 2120/4680 2123/4685 2141/4681
f 2120/6281 2117/5512 2102/5511
f 2104/4684 2096/4686 2123/4685
f 2096/4686 2106/4689 2147/3697
f 2096/4686 2104/4684 2069/4687
f 2062/4688 2060/4690 2106/4689
f 2060/4690 2064/4694 2121/4691
f 2060/4690 2062/4688 2011/4692
f 2008/4693 2006/4695 2064/4694
f 2006/4695 2003/4699 2067/4696
f 2006/4695 2008/4693 1921/4697
f 1918/4698 1915/4700 2003/4699
f 1915/4700 1911/3711 1997/3709
f 1915/4700 1918/4698 1840/4701
f 1837/4702 1840/4701 1760/4704
f 1760/4704 1754/3713 1837/4702
f 1695/4703 1614/4705 1754/3713
f 1614/4705 1610/3715 1751/3714
f 1614/4705 1695/4703 1520/4984
f 1610/3715 1614/4705 1173/4706
f 1278/4707 1279/4708 1612/3716
f 1279/4708 1281/3723 1517/3720
f 1279/4708 1278/4707 1037/4709
f 1113/4710 1115/4711 1281/3723
f 1115/4711 1114/3727 1284/3724
f 1113/4710 983/4987 984/4712
f 984/4712 982/4713 1114/3727
f 982/4713 984/4712 921/4714
f 918/4715 914/4717 980/4716
f 982/4713 980/4716 1111/3728
f 914/4717 915/4720 979/4718
f 980/4716 979/4718 1108/4719
f 979/4718 978/4721 1106/4722
f 1377/3732 1272/3729 1108/4719
f 1106/4722 1047/4723 1269/4724
f 1269/4724 1259/3738 1508/3736
f 1047/4723 1093/6225 1259/3738
f 908/4725 901/4727 1041/4726
f 1047/4723 1041/4726 1093/6225
f 901/4727 908/4725 827/4728
f 824/4729 823/5006 889/4730
f 901/4727 889/4730 958/4731
f 823/4732 817/4735 872/4733
f 889/4734 872/4733 958/4737
f 817/4735 814/5012 860/4736
f 860/4736 957/3741 958/4737
f 814/5012 809/4738 860/4736
f 860/4736 959/3744 957/3741
f 809/4738 803/4740 866/4739
f 860/4736 866/4739 961/3746
f 803/4740 800/4742 863/4741
f 863/4741 962/3749 961/3746
f 800/4742 790/77 862/4743
f 862/4743 964/3752 962/3749
f 862/4743 790/77 784/4744
f 864/4745 965/3756 964/3752
f 864/4745 784/4744 783/3783
f 865/4746 966/3758 965/3756
f 865/4746 783/3783 785/3781
f 859/3779 968/3777 966/3758
f 803/4740 809/4738 734/4747
f 720/4748 707/79 800/4742
f 720/4748 734/4747 664/4749
f 663/3924 656/78 707/79
f 734/4747 752/5011 665/4750
f 665/4750 623/4752 628/3928
f 664/4749 628/3928 625/3925
f 665/4750 672/5010 618/4751
f 623/4752 618/4751 594/4753
f 623/4752 593/4754 590/3929
f 618/4751 634/5016 605/4755
f 594/4753 605/4755 538/4756
f 517/4757 502/3931 593/4754
f 605/4758 606/5019 549/4759
f 538/4760 549/4759 526/4763
f 526/4761 523/3934 517/4757
f 549/4759 572/5022 537/4762
f 526/4763 537/4762 544/4765
s 0
f 544/4765 523/6233 526/4763
s 1
f 537/4762 539/5023 543/4764
s 0
f 544/4765 543/4764 547/3937
f 547/3937 540/6234 544/4765
s 1
f 547/3937 543/4764 522/4766
f 543/4764 556/5029 536/4767
f 522/4766 513/6235 527/3938
f 571/6282 570/4771 529/3945
f 536/6283 529/3945 512/3943
f 570/6284 571/4768 608/5034
f 598/4773 616/4776 595/4774
f 570/4771 595/4774 548/3946
f 598/4773 659/5038 666/4775
f 616/4776 666/4775 678/4777
f 630/4778 602/3947 595/4774
f 666/4775 749/5042 757/4779
f 678/4777 757/4779 756/4780
f 679/4781 627/3951 630/4778
f 679/4781 756/4780 755/4782
f 675/4783 621/3952 627/3951
f 675/4783 755/4782 753/6285
f 674/4787 619/3954 621/3952
f 670/4788 622/3957 619/4789
f 670/4788 753/4785 723/4790
f 653/4791 607/3960 622/3957
f 653/4791 723/4790 701/4792
f 646/4793 600/3962 607/3960
f 646/4793 701/4792 467/4794
f 448/4795 444/3964 600/3962
f 701/4792 763/4799 651/806
f 467/4794 651/806 404/4796
f 389/3971 370/3968 448/4795
f 779/4797 833/4800 813/4798
f 763/4799 813/4798 754/807
f 763/4799 701/4792 723/4790
f 833/5053 942/5055 913/5056
f 913/5056 929/4802 695/4804
f 929/4802 931/5060 632/4803
s 0
f 931/5060 933/5061 632/4803
s 1
f 632/4805 189/4808 231/4806
f 149/4810 221/5545 231/4806
f 86/3978 147/3974 149/4810
f 15/4812 16/4815 86/3978
f 15/4812 55/4811 2614/4813
f 2615/4814 2618/3982 16/4815
f 2615/4816 2614/5073 2823/4817
f 2695/4818 2697/3985 2618/4819
f 2925/4820 2930/4013 2697/3985
f 3260/4822 3121/4015 2925/4820
f 3260/4822 2960/4821 3708/4823
f 3260/4822 3393/4016 3121/4015
f 3661/4824 3672/4018 3393/4016
f 3914/4825 3925/4020 3672/4018
f 3708/4823 4231/5077 4235/4826
f 3914/4825 4235/4826 4139/4827
f 4139/4827 4141/4025 3931/4021
f 4139/4827 4235/4826 4364/4828
f 4363/4829 4143/4026 4141/4025
f 4235/6286 4514/4371 4482/4835
f 4364/6287 4482/4835 4481/4834
f 4480/6241 4362/4030 4363/4829
f 4482/4835 4549/4370 4533/4369
f 4481/4834 4533/4369 4535/4367
f 4514/4371 4235/6286 4231/4836
f 4515/4837 4586/4373 4581/4372
s 0
f 4515/4837 4456/4838 4586/4373
f 4456/4838 4399/4551 4576/4547
f 4456/4838 4515/4837 4231/4836
f 4399/4551 4456/4838 3994/6288
f 3994/6288 4085/4553 4399/4551
f 4085/4553 3994/6288 3647/6289
s 1
f 3647/6289 3433/4839 4085/4553
f 3433/4839 3589/4844 3862/4556
f 3433/4839 3862/4556 4081/4554
f 3318/4842 3315/4845 3585/4843
f 3589/4844 3585/4559 3858/4557
f 3315/4845 3318/4842 2964/4846
f 3066/4847 3064/4850 3309/4848
f 3315/4845 3309/4848 3580/6290
f 3064/4850 3066/4847 2885/4851
f 2884/4852 2881/4855 3063/4853
f 3064/4850 3063/4853 3306/4854
f 2881/4855 2884/4852 2678/4856
f 2675/4857 2673/4864 2874/4858
f 2881/4855 2874/4858 3076/4859
f 2673/4860 2675/5091 2602/4861
f 2673/4864 2635/4567 2959/4565
f 2635/4863 2601/4862 32/4865
f 60/4866 33/4572 2634/4570
s 0
f 120/4869 121/4575 33/4867
f 158/4578 121/4575 236/4870
s 1
f 741/4873 743/4582 246/4580
f 241/4871 246/4580 159/4579
f 743/4582 741/4873 895/4874
f 892/4875 888/4877 743/4582
f 892/4875 1015/5110 1011/4876
f 888/4877 1011/4876 1007/4878
f 886/4879 744/4583 743/4582
f 1011/4876 1128/5113 1124/4880
f 1007/4878 1124/4880 1121/4881
f 1004/4882 883/4584 886/4879
f 1124/4880 1270/5116 1261/4883
f 1121/4881 1261/4883 1255/4884
f 1117/4885 1001/4588 1004/4882
f 1261/4883 1497/5119 1478/4886
f 1255/4884 1478/4886 1473/4887
f 1250/4888 1116/4591 1117/4885
f 1478/4886 1701/5125 1694/4889
f 1473/4887 1694/4889 1686/4890
f 1469/4891 1245/4594 1250/4888
f 1694/4892 1814/5128 1817/4893
f 1686/4894 1817/4893 1816/4895
f 1685/4897 1465/4597 1469/4891
f 1817/4893 1913/5130 1925/4898
f 1816/4895 1925/4898 1937/4899
f 1811/4905 1682/4603 1685/6291
f 1925/4898 2282/4913 2292/4901
f 1937/4899 2292/4901 2308/6292
f 1938/4904 1805/4604 1811/4905
f 2308/4903 2431/4909 2430/4906
f 2294/4907 1931/4608 1938/4904
f 2292/4901 2428/4912 2431/6293
f 2428/4910 2469/4917 2483/4911
f 2428/4912 2292/4901 2282/4913
f 2420/4914 2443/4919 2469/4915
f 2437/4916 2464/5541 2469/4917
f 2443/4919 2420/4914 2371/4920
f 2443/4918 2401/6294 2404/4922
f 2410/4923 2439/5539 2437/4916
f 2404/4924 2401/4921 2363/4925
f 2404/4922 2369/4929 2362/4927
f 2348/4928 2419/5537 2410/4923
f 2369/4929 2345/6295 2325/4930
f 2362/4927 2325/4930 2269/4931
f 2265/4932 2352/5534 2348/4928
f 2325/4930 2351/6296 2211/4933
f 2269/4931 2211/4933 2220/4934
f 2191/4935 2253/5533 2265/4932
f 2211/4933 2193/6297 2157/4936
f 2220/4934 2157/4936 2158/4937
f 2159/4938 2167/5530 2191/4939
f 2157/6298 2150/5500 2138/5499
f 2158/4940 2138/6299 2145/4942
f 2145/4942 2161/5527 2159/4938
s 0
f 2145/6300 2138/5499 2142/4945
s 1
f 2143/5523 2160/5522 2151/5526
f 2142/4945 2126/5496 2133/4946
f 2110/4950 2149/5520 2143/4948
f 2133/4946 2108/5495 2101/4951
f 2113/4949 2101/4951 2090/4952
f 2098/4953 2129/5516 2110/4950
f 2101/4951 2089/5494 2090/4952
f 2095/4955 2118/5515 2098/4953
f 2083/4956 2079/5492 2077/4960
f 2086/4959 2077/4963 2084/4961
f 2099/4962 2114/4677 2100/4957
f 2077/4963 2068/5488 2066/4964
f 2084/4961 2066/4964 2080/4965
f 2080/4965 2076/4969 2105/4966
f 2066/4964 2023/5486 2022/4967
f 2080/4965 2022/4967 2021/4968
f 2021/4968 2017/4973 2074/4970
f 2022/4967 1939/5485 1940/4971
f 2021/4968 1940/4971 1936/4972
f 1936/4974 1933/4979 2014/4975
f 1940/4971 1853/5484 1852/4977
f 1936/4974 1852/4980 1844/4978
f 1844/4978 1924/5509 1933/4979
f 1852/4980 1785/6301 1767/4981
f 1767/4981 1840/4701 1844/4978
f 1767/4981 1623/5195 1695/4703
f 1695/4703 1760/4704 1767/4981
s 0
f 1695/4703 1623/5195 1525/4982
s 1
f 1695/4703 1388/4983 1520/4984
f 1280/4985 1173/4706 1614/4705
s 0
f 1280/4985 1109/5481 1173/4706
s 1
f 1173/4706 1037/4709 1278/4707
f 1173/4706 944/5480 1037/4709
f 983/4987 1113/4710 1037/4709
f 923/4986 921/4714 984/4712
f 1037/4709 853/5478 821/122
f 821/122 852/4988 921/4714
f 852/4988 850/4989 918/4715
f 819/121 810/120 850/4989
f 810/120 804/4991 848/4990
f 850/4989 848/4990 914/4717
f 804/4991 797/4993 842/4992
f 848/4990 842/4992 915/4720
f 797/4993 780/4995 841/4994
f 780/4995 778/4998 834/4996
f 841/4994 834/4996 915/4720
f 1047/4723 978/4721 915/4720
f 834/4996 828/4997 908/4725
f 915/4720 908/4725 1047/4723
f 828/4997 834/4996 778/4998
f 773/4999 770/5000 827/4728
f 828/4997 827/4728 908/4725
f 770/5000 773/4999 702/5001
f 694/5002 691/5004 766/5003
f 770/5000 766/5003 824/4729
f 691/5004 681/5013 764/5005
f 766/5003 764/5005 823/5006
f 681/5007 672/5010 760/5008
f 764/5009 760/5008 817/4735
f 672/5010 665/4750 752/5011
f 760/5008 752/5011 814/5012
f 681/5013 691/5004 633/5014
f 634/5016 618/4751 672/5010
f 691/5004 694/5002 637/5017
f 633/5014 637/5017 611/5018
f 606/5019 605/4758 634/5015
f 637/5017 640/5223 610/5020
f 611/5018 610/5020 583/5021
f 572/5022 549/4759 606/5019
f 610/5020 615/5222 583/5021
f 539/5023 537/4762 572/5022
f 583/5021 591/5226 559/5024
f 559/5024 564/5027 545/5025
f 545/5025 543/4764 539/5023
f 559/5024 601/5228 599/5026
f 564/5027 599/5026 589/5028
f 556/5029 543/4764 545/5025
f 599/5026 620/5231 612/5030
f 589/5028 612/5030 609/5031
f 571/4768 536/4767 556/5029
f 612/5030 661/5234 657/5032
f 609/5031 657/5032 658/5033
f 658/5033 733/5035 737/5040
f 659/5038 598/4773 608/4772
f 737/5037 781/5043 789/5041
f 749/5042 666/4775 659/5038
f 781/5043 838/5238 837/5044
f 789/5041 837/5044 839/5045
f 799/5046 757/4779 749/5042
f 796/5047 756/4780 757/4779
f 794/5048 755/4782 756/4780
f 793/5050 753/4785 755/6302
f 793/6303 839/5051 833/5053
f 779/4797 723/4790 753/4785
f 833/5053 946/5052 942/5055
f 946/5052 1188/5246 1189/5054
f 1189/5054 1127/5057 913/5056
f 1189/5054 1306/5058 1127/5057
f 1127/5057 1126/5059 931/5060
f 1306/5058 1417/5062 1126/5059
s 0
f 1126/5059 1130/5063 924/5064
s 1
f 924/6304 938/5258 420/5262
s 0
f 924/5065 632/4805 933/6305
s 1
f 188/5067 420/5066 104/5068
s 0
f 188/5067 189/4808 632/4805
f 2623/5069 1/5070 189/4808
s 1
f 1/5070 2614/4813 55/4811
f 2960/4821 2823/4817 2614/5073
s 0
f 3461/5075 3708/4823 2960/4821
f 3461/5075 3994/5076 3708/4823
f 4231/4836 3994/6288 4456/4838
f 3994/5076 3461/5075 3647/5078
s 1
f 3433/5080 3071/5079 2750/5267
f 3433/4841 2964/4846 3318/4842
f 2681/5082 2680/5087 2885/4851
f 2964/4846 2885/4851 3066/4847
f 2680/5083 2681/5268 2569/5084
f 2604/5085 2603/5088 2678/5086
f 2680/5087 2678/4856 2884/4852
f 2603/5088 2604/5085 29/5089
f 30/5090 31/5092 2602/4861
f 2603/5088 2602/4861 2675/5091
f 31/5092 30/5090 89/5093
f 90/5279 91/5095 32/6306
f 31/5092 32/4865 2601/4862
f 91/5095 90/5279 155/5096
f 156/5097 201/5099 60/4868
f 201/5099 156/5097 235/5283
f 201/5099 236/4870 120/4869
f 236/4870 201/5099 725/5100
f 727/5101 731/5102 236/4870
f 731/5102 727/5101 894/5103
f 896/5104 897/5106 738/4872
f 731/5102 738/4872 241/4871
f 896/5104 1022/5292 1020/5105
f 897/5106 1020/5105 1017/5107
f 897/5106 895/4874 741/4873
f 1020/5105 1137/5295 1136/5108
f 1017/5107 1136/5108 1131/5109
f 1015/5110 892/4875 895/4874
f 1136/5108 1304/5298 1299/5111
f 1131/5109 1299/5111 1287/5112
f 1128/5113 1011/4876 1015/5110
f 1299/5111 1534/5304 1521/5114
f 1287/5112 1521/5114 1506/5115
f 1270/5116 1124/4880 1128/5113
f 1521/6307 1723/5308 1713/5120
f 1506/6308 1713/5120 1706/5122
f 1497/5119 1261/4883 1270/5116
f 1713/5120 1809/5310 1813/5121
f 1706/5122 1813/5121 1812/5123
f 1701/5125 1478/4886 1497/5119
f 1812/5123 1813/5121 1899/5126
f 1896/5127 1900/5131 1814/5128
f 1814/5128 1694/4892 1701/5124
f 1990/5129 2036/5508 1913/5130
f 1900/5131 1913/5130 1817/4893
f 1900/5131 1896/5127 1976/5132
f 1976/5132 2075/5135 2276/5133
f 1896/5127 1899/5126 1994/5134
f 1994/5134 2284/5136 2075/5135
f 2284/5136 2356/5140 2340/5137
f 2284/5136 1994/5134 2001/5138
f 2309/5139 2361/5141 2356/5140
f 2361/5141 2364/5145 2358/5142
f 2361/5141 2309/5139 2266/5143
f 2317/5144 2324/5147 2364/5145
f 2316/5146 2354/5505 2364/5145
f 2324/5147 2317/5144 2339/5148
f 2324/5147 2334/5149 2326/5150
f 2236/5151 2215/5502 2316/5146
f 2326/5150 2334/5149 2336/5152
f 2326/5150 2337/5153 2249/5154
f 2156/5155 2153/5501 2236/5151
f 2249/5154 2337/5153 2310/5156
f 2218/5161 2163/5160 2156/5159
f 2137/5158 2135/5497 2156/5159
f 2218/5161 2230/5329 2166/5162
f 2163/5160 2166/5162 2127/5163
f 2127/5163 2126/5496 2137/5158
f 2166/5162 2148/5330 2124/5164
f 2127/5163 2124/5164 2103/5165
f 2094/5168 2108/5495 2109/5166
f 2107/5167 2093/5336 2087/5169
f 2103/5165 2087/5169 2088/5170
f 2081/5171 2089/5494 2094/5168
f 2087/5169 2070/5339 2078/5172
f 2088/5170 2078/5172 2073/5173
f 2085/5174 2082/5493 2081/5171
f 2078/5172 2024/5342 2026/5175
f 2073/5173 2026/5175 2028/5176
f 2032/5177 2072/5490 2085/5174
f 2026/5175 1946/5345 1947/5178
f 2028/5176 1947/5178 1948/5179
f 1944/5180 2029/5489 2032/5177
f 1947/5178 1856/5347 1854/5181
f 1854/5182 1850/5186 1942/5183
f 1791/5185 1781/5188 1850/5186
f 1781/5188 1791/5185 1712/5190
f 1781/5188 1712/5190 1710/5189
f 1711/5187 1785/5483 1781/5188
f 1712/5190 1540/5352 1533/5191
f 1533/5191 1298/5351 1180/5193
s 0
f 1180/5194 1176/5197 1525/4982
s 1
f 1298/5351 1120/5353 1180/5193
s 0
f 1176/5197 1032/5196 1286/5482
f 1180/5194 941/6309 1032/5196
f 928/5199 1109/5481 1032/5196
s 1
f 928/5199 911/5198 835/5202
f 928/5199 835/5202 836/5201
f 845/5200 944/5480 928/5199
f 835/5202 782/5235 792/5203
f 836/5201 792/5203 801/5204
f 792/5203 751/5232 758/5206
f 801/5204 758/5206 759/5207
f 765/5208 811/5479 806/5205
f 758/5206 677/5229 682/5209
f 682/5209 696/5210 765/5208
f 721/124 777/123 765/5208
f 696/5210 682/5209 626/5211
f 696/5210 638/5212 667/5213
f 750/5214 767/125 721/124
f 638/5212 617/5224 652/5215
f 667/5213 652/5215 722/5216
f 797/4993 804/4991 750/5214
f 652/5215 647/5218 710/5217
f 722/5216 710/5217 780/4995
f 647/5218 644/5220 704/5219
f 710/5217 704/5219 778/4998
f 644/5220 640/5223 702/5001
f 704/5219 702/5001 773/4999
f 644/5220 647/5218 613/5221
f 615/5222 610/5020 640/5223
f 647/5218 652/5215 617/5224
f 613/5221 617/5224 604/5225
f 591/5226 583/5021 615/5222
f 617/5224 638/5212 626/5211
f 604/5225 626/5211 629/5227
f 601/5228 559/5024 591/5226
f 626/5211 682/5209 677/5229
f 629/5227 677/5229 668/5230
f 620/5231 599/5026 601/5228
f 677/5229 758/5206 751/5232
f 668/5230 751/5232 735/5233
f 661/5234 612/5030 620/5231
f 751/5232 792/5203 782/5235
f 733/5035 657/5032 661/5234
f 782/5235 835/5202 838/5236
f 838/5236 911/5198 941/6309
s 0
f 911/5198 1032/5196 941/6309
s 1
f 943/5237 837/5044 838/5238
f 916/5241 839/5045 837/5044
s 0
f 916/5241 985/5240 946/5242
f 985/5240 1125/5244 1188/5243
s 1
f 1188/5243 1302/5245 1540/5352
f 1720/5249 1721/5251 1562/5250
f 1557/5248 1562/5250 1189/5054
f 1562/5250 1558/5252 1306/5058
f 1721/5251 1714/5357 1417/5062
f 1714/5357 1715/5253 1417/5062
f 1420/5254 1631/5360 1311/5362
f 1420/5254 1311/5362 1135/5255
s 0
f 938/5258 924/6304 1130/6310
s 1
f 1135/5256 1193/5370 940/5257
f 709/5260 420/5262 938/5258
f 191/5264 104/5068 420/5066
s 0
f 2638/5265 28/5263 2750/5269
f 3071/5079 2983/5074 2623/5072
s 1
f 28/5263 2569/5084 2681/5268
f 87/5270 88/5275 29/5089
f 2569/5084 29/5089 2604/5085
f 88/5275 87/5270 151/5477
f 152/5273 154/5276 89/5274
f 88/5275 89/5093 30/5090
f 154/5276 152/5273 232/5277
f 233/5278 234/5280 155/5096
f 154/5276 155/5096 90/5279
f 234/5280 233/5278 715/5281
f 716/5282 719/5284 235/5283
f 234/5280 235/5283 156/5097
f 719/5284 716/5282 890/5285
f 891/5286 893/5288 725/5100
f 719/5284 725/5100 201/5099
f 891/5286 1027/5381 1026/5287
f 893/5288 1026/5287 1024/5289
f 893/5288 894/5103 727/5101
f 1026/5287 1142/5384 1140/5290
f 1024/5289 1140/5290 1138/5291
f 1022/5292 896/5104 894/5103
f 1140/5290 1312/5387 1310/5293
f 1138/5291 1310/5293 1307/5294
f 1137/5295 1020/5105 1022/5292
f 1307/5294 1310/5293 1553/5296
f 1554/5297 1551/5305 1304/5298
f 1304/5298 1136/5108 1137/5295
f 1551/5299 1554/5396 1738/5300
f 1551/5299 1739/5301 1730/5302
f 1534/5304 1299/5111 1304/5298
f 1739/5301 1815/5399 1807/5306
f 1730/5302 1807/5306 1800/5307
f 1723/5308 1521/6307 1534/5303
f 1807/5306 1895/5313 1890/5309
f 1890/5309 1898/5311 1809/5310
f 1809/5310 1713/5120 1723/5308
f 1890/5309 1975/5312 2001/5138
f 2001/5138 1994/5134 1899/5126
f 1898/5311 1899/5126 1813/5121
f 1975/5312 2266/5143 2309/5139
f 1975/5312 1890/5309 1895/5313
f 1988/5314 2279/5315 2266/5143
f 2279/5315 2339/5148 2317/5144
f 2279/5315 1988/5314 1996/5316
f 2287/5317 2343/5318 2339/5148
f 2343/5318 2336/5152 2334/5149
f 2343/5318 2287/5317 2280/5319
f 2312/5320 2318/5321 2336/5152
f 2318/5321 2310/5156 2337/5153
f 2318/5321 2312/5320 2333/5322
f 2332/5323 2311/5324 2310/5156
f 2311/5327 2230/5329 2218/5161
f 2311/5324 2332/5323 2360/5325
f 2311/5327 2355/5331 2223/5328
f 2148/5330 2166/5162 2230/5329
f 2355/5331 2293/5413 2188/5332
f 2223/5328 2188/5332 2128/5333
f 2107/5167 2124/5164 2148/5330
f 2188/5332 2115/5416 2097/5334
f 2128/5333 2097/5334 2092/5335
f 2097/5334 2058/5419 2065/5337
f 2092/5335 2065/5337 2091/5338
f 2070/5339 2087/5169 2093/5336
f 2065/5337 2016/5422 2020/5340
f 2091/5338 2020/5340 2025/5341
f 2024/5342 2078/5172 2070/5339
f 2020/5340 1941/5425 1943/5343
f 2025/5341 1943/5343 1945/5344
f 1946/5345 2026/5175 2024/5342
f 1943/5343 1855/5426 1857/5346
f 1945/5344 1857/5346 1856/5347
f 1856/5347 1947/5178 1946/5345
f 1857/5346 1796/5354 1795/5348
f 1791/5349 1854/5181 1856/5347
f 1795/5348 1720/5249 1712/5350
f 1720/5249 1557/5248 1540/5247
f 1298/5351 1533/5191 1540/5352
s 0
f 1302/5245 1125/5244 1120/5353
f 1120/5353 985/5240 943/5237
s 1
f 1796/5354 1721/5251 1720/5249
f 1796/5354 1857/5346 1855/5426
f 1796/5354 1855/5426 1849/5355
f 1796/5354 1792/5356 1714/5357
f 1849/5355 1847/5358 1792/5356
f 1792/5356 1779/5359 1715/5253
f 1779/5359 1847/5358 1843/5432
f 1779/5359 1631/5360 1715/5253
f 1632/5361 1193/5363 1311/5362
f 1193/5363 1632/5361 1550/5364
f 1193/5370 1317/5366 1139/5368
f 1193/5363 1135/5255 1311/5362
f 1317/5366 1319/5446 1141/5367
f 1139/5368 1141/5367 973/5369
f 973/5369 940/5257 1193/5370
f 816/5372 884/5371 714/5374
f 816/5372 709/5260 940/5257
f 816/5372 714/5374 232/5277
f 229/5373 191/5261 709/5260
f 229/5373 232/5277 152/5273
f 884/5371 887/5375 715/5281
f 714/5374 715/5281 233/5278
f 887/5375 884/5371 973/5369
f 1023/5376 1025/5377 890/5285
f 887/5375 890/5285 716/5282
f 1025/5377 1023/5376 1145/5378
f 1025/5377 1147/5379 1144/5380
f 1027/5381 891/5286 890/5285
f 1147/5379 1320/5445 1315/5382
f 1144/5380 1315/5382 1314/5383
f 1142/5384 1026/5287 1027/5381
f 1315/6311 1539/5450 1543/5388
f 1314/6312 1543/5388 1549/5390
f 1312/5387 1140/5290 1142/5384
f 1543/5388 1731/5454 1734/5389
f 1549/5391 1734/5394 1737/5392
f 1553/5296 1310/5293 1312/5387
f 1734/5394 1826/5460 1818/5395
f 1818/5395 1806/5398 1738/5300
f 1737/5392 1738/5300 1554/5396
f 1818/5395 1905/5403 1893/5397
f 1893/5397 1902/5400 1815/5399
f 1806/5398 1815/5399 1739/5301
f 1902/5400 1893/5397 1991/5401
f 1902/5400 1996/5316 1988/5314
f 1895/5313 1807/5306 1815/5399
f 1999/5402 2286/5404 2280/5319
f 1991/5401 2280/5319 2287/5317
f 1991/5401 1893/5397 1905/5403
f 2286/5404 2333/5322 2312/5320
f 2286/5404 1999/5402 2033/5405
f 2346/5406 2357/5407 2333/5322
f 2357/5407 2360/5325 2332/5323
f 2357/5408 2346/5463 2277/5409
f 2357/5408 2297/5410 2302/5411
f 2293/5413 2355/5331 2360/5412
f 2297/5410 2262/5468 2267/5414
f 2302/5411 2267/5414 2258/5415
f 2115/5416 2188/5332 2293/5413
f 2267/5414 2059/5469 2063/5417
f 2258/5415 2063/5417 2071/5418
f 2058/5419 2097/5334 2115/5416
f 2063/5417 2005/5428 2012/5420
f 2071/5418 2012/5420 2015/5421
f 2016/5422 2065/5337 2058/5419
f 2012/5420 1926/5427 1929/5423
f 2015/5421 1929/5423 1935/5424
f 1941/5425 2020/5340 2016/5422
f 1935/5424 1929/5423 1847/5358
f 1935/5424 1849/5355 1855/5426
f 1926/5427 2012/5420 2005/5428
f 1920/5429 1843/5432 1847/5358
f 2005/5428 2004/5472 1919/5430
f 1920/5429 1919/5430 1842/5431
f 1842/5431 1919/5430 1912/5433
f 1838/5434 1774/5435 1779/5359
f 1774/5435 1838/5434 1839/136
f 1784/5436 1722/5438 1632/5361
f 1774/5435 1632/5361 1631/5360
f 1784/5436 1797/5475 1727/5437
f 1722/5438 1727/5437 1546/5439
f 1722/5438 1550/5364 1632/5361
f 1546/5439 1727/5437 1729/5440
f 1544/5441 1322/6313 1319/5442
f 1546/5439 1319/5442 1317/5365
f 1322/6313 1544/5441 1541/5448
f 1322/5443 1320/5445 1147/5379
f 1145/5378 1141/5367 1319/5446
f 1544/5441 1729/5440 1732/5447
f 1541/5448 1732/5447 1733/5449
f 1539/6314 1315/5382 1320/5445
f 1732/5447 1819/5474 1822/5452
f 1733/5449 1822/5452 1823/5453
f 1731/5454 1543/5388 1539/5450
f 1822/5452 1910/5464 1916/5455
f 1823/5453 1916/5455 1928/5456
f 1826/5457 1734/5389 1731/5454
f 1916/5455 2009/5462 2033/5458
f 1928/5459 2033/5405 1999/5402
f 1905/5403 1818/5395 1826/5460
f 1995/5461 2055/5465 2277/5409
f 2009/5462 2277/5409 2346/5463
f 2009/5462 1916/5455 1910/5464
f 2055/5465 2262/5468 2297/5410
f 2055/5465 1995/5461 1989/5466
f 2042/5467 2061/5470 2262/5468
f 2059/5469 2267/5414 2262/5468
f 2061/5470 2042/5467 1981/138
f 1998/5471 2004/5472 2059/5469
f 1998/5471 1981/138 1907/137
f 1912/5433 1919/5430 2004/5472
f 2042/5467 1989/5466 1951/139
f 1995/5461 1910/5464 1906/5473
f 1989/5466 1906/5473 1887/134
f 1910/5464 1822/5452 1819/5474
f 1819/5474 1808/5476 1887/134
f 1797/5475 1851/135 1887/134
f 1808/5476 1819/5474 1732/5447
f 1729/5440 1727/5437 1797/5475
f 1784/5436 1839/136 1851/135
f 1838/5434 1912/5433 1907/137
f 2004/5472 2005/5428 2063/5417
f 1023/5376 973/5369 1141/5367
f 1855/5426 1943/5343 1941/5425
f 87/5270 28/5263 191/5264
s 0
f 941/5239 1180/5193 1120/5353
s 1
f 804/4991 810/120 767/125
f 811/5479 853/5478 845/5200
f 811/5479 765/5208 777/123
f 853/5478 1037/4709 944/5480
s 0
f 944/5480 1173/4706 1109/5481
f 1388/4983 1286/5482 1032/5196
s 1
f 1623/5195 1767/4981 1785/6301
f 1785/5483 1852/4977 1853/5484
f 1785/5483 1853/5484 1850/5186
f 1853/5484 1940/4971 1939/5485
f 1850/5186 1939/5485 1942/5183
f 1939/5485 2022/4967 2023/5486
f 1942/5183 2023/5486 2029/5487
f 2023/5486 2066/4964 2068/5488
f 2029/5489 2068/5491 2072/5490
f 2068/5491 2077/4960 2079/5492
f 2072/5490 2079/5492 2082/5493
f 2082/5493 2083/4956 2089/5494
f 2083/4956 2090/4952 2089/5494
f 2089/5494 2101/4951 2108/5495
f 2108/5495 2133/4946 2126/5496
s 0
f 2126/5496 2142/4945 2138/5499
f 2126/5496 2138/5499 2135/5497
s 1
f 2135/5497 2138/5499 2153/5498
f 2153/5501 2150/5503 2215/5502
f 2150/6315 2157/4936 2193/6297
f 2215/5502 2193/5504 2354/5505
f 2193/6297 2211/4933 2351/6296
f 2354/5505 2351/5506 2358/5142
f 2351/6296 2325/4930 2345/6295
f 2345/5507 2340/5137 2356/5140
f 2340/5137 2345/5507 2369/4926
f 2363/4925 2276/5133 2075/5135
f 2276/5133 2363/4925 2401/4921
f 2371/4920 2036/5508 1990/5129
f 2036/5508 2371/4920 2420/4914
f 2036/5508 2282/4913 1925/4898
s 0
f 3071/5079 3461/5075 2983/5074
s 1
f 640/5223 637/5017 694/5002
f 1840/4701 1921/4697 1924/5509
f 1767/4981 1760/4704 1840/4701
f 1924/5509 1921/4697 2008/4693
f 1924/5509 2011/4692 2014/4975
f 2011/4692 2062/4688 2069/4687
f 2069/4687 2074/5510 2017/4976
f 2074/5510 2069/4687 2104/4684
f 2102/5511 2105/4966 2076/4969
f 2105/4966 2102/5511 2117/5512
f 2117/5512 2114/4677 2099/4962
f 2114/4677 2117/5512 2134/4678
f 2114/4677 2146/4675 2131/5513
f 2100/4957 2131/5513 2118/5514
f 2131/5513 2185/4671 2181/4670
f 2118/5515 2181/6316 2129/5516
f 2181/5517 2239/4666 2210/5518
f 2129/5519 2210/5518 2149/5521
f 2210/5518 2238/4660 2205/4659
f 2149/5521 2205/4659 2160/5522
f 2160/5522 2183/5524 2151/5526
f 2183/5524 2190/4656 2162/5525
f 2151/4943 2162/5528 2161/5527
f 2162/5528 2154/4650 2212/5529
f 2161/5527 2212/5529 2167/5530
f 2212/5529 2271/4646 2165/5531
f 2165/5531 2253/5532 2191/4939
f 2165/5531 2314/4643 2344/4642
f 2253/5533 2344/5535 2352/5534
f 2344/5535 2436/4639 2429/5536
f 2352/5534 2429/5536 2419/5537
f 2429/5536 2538/4634 2454/5538
f 2419/5537 2454/5538 2439/5539
f 2454/5538 2500/4631 2473/5540
f 2439/5539 2473/5540 2464/5541
f 2473/5540 2495/4628 2492/5542
f 2464/5541 2492/5542 2483/4911
f 2492/5542 2499/4625 2479/5543
f 2479/5543 2430/4906 2431/4909
f 2479/5543 2465/4622 2426/5544
f 2426/5544 2273/4613 2294/4907
f 147/3974 218/6236 221/5545
f 752/5011 734/4747 809/4738
f 2067/4696 2054/3703 2116/3701
f 2136/3700 2121/4691 2064/4694
f 2003/4699 1997/3709 2054/3703
f 2121/4691 2136/3700 2192/3698
f 2174/3694 2141/4681 2123/4685
f 2141/4681 2174/3694 2186/3692
f 2152/3691 2155/5546 2139/4682
f 2155/5546 2152/3691 2169/3688
f 2171/5548 2184/5549 2194/5550
f 2184/5549 2175/3682 2194/5550
f 2194/5550 2198/3681 2234/5553
f 2233/4668 2234/5553 2242/4663
f 2234/5553 2240/3679 2247/5554
f 2247/5554 2254/3675 2245/4664
f 2247/5554 2252/3676 2254/3675
f 2254/5555 2260/3671 2268/3670
f 2255/5556 2268/3670 2251/5557
f 2268/3670 2335/3665 2331/5558
f 2251/5557 2331/5558 2301/5559
f 2331/5558 2405/3662 2397/5560
f 2397/5561 2415/4645 2320/4647
f 2415/4645 2397/5561 2468/3658
f 2415/4645 2560/3657 2461/5562
f 2461/5562 2560/3657 2542/3653
f 2514/3652 2497/5563 2445/4636
f 2497/5563 2514/3652 2513/3650
f 2497/5563 2508/3649 2509/5564
f 2508/3649 2484/3647 2475/5565
f 2509/5564 2475/5565 2467/6317
f 2475/5565 2407/3645 2416/6224
f 2467/5567 2416/5569 2451/5570
f 2416/5569 2306/3642 2367/5571
f 2451/5570 2367/5571 2394/5572
f 2367/5571 2027/3641 2290/5573
f 2394/5572 2290/5573 2370/5574
f 2290/5573 1930/3634 2007/4462
f 2370/5574 2007/4462 2322/143
f 4612/4549 4614/4374 4586/4373
f 4608/4545 4611/4544 4647/794
f 4611/4544 4577/4540 4584/5575
f 4624/5576 4669/795 4647/794
f 4624/5576 4584/5575 4588/5577
f 4624/5576 4638/5578 4693/5579
f 4638/5578 4637/5580 4696/4390
f 4693/5579 4696/4390 4749/4388
f 4741/4387 4708/796 4669/795
f 4637/5580 4638/5578 4588/5577
f 4587/5581 4585/5582 4634/4393
f 4637/5580 4634/4393 4694/4391
f 4585/5582 4587/5581 4530/5583
f 4585/5582 4528/5584 4527/4401
f 4585/5582 4583/4397 4630/4394
f 4528/5584 4469/5589 4468/5585
f 4468/5585 4465/5586 4527/4401
f 4527/4401 4582/4398 4583/4397
s 0
f 4465/5586 4468/5585 4196/4522
f 4061/5588 3945/4405 4276/4404
f 4290/5587 4276/4404 4465/5586
s 1
f 3709/4515 3396/4407 3945/4405
s 0
f 4061/5588 4196/4522 3723/4517
s 1
f 4196/4522 4333/4527 4068/4523
f 4468/5585 4469/5589 4333/4527
f 4469/5589 4471/4532 4338/4528
f 4469/5589 4528/5584 4530/5583
f 4530/5583 4532/4537 4473/4533
f 4587/5581 4588/5577 4532/4537
f 4584/5575 4531/4538 4532/4537
f 256/4495 263/4494 165/4431
f 740/4491 736/4490 260/4434
f 263/4494 260/4434 166/4432
f 876/4487 877/4486 732/4437
f 736/4490 732/4437 257/4435
f 990/4483 993/5590 878/4440
f 877/4486 878/4440 730/4438
f 993/5590 1098/4480 1096/5591
f 993/5590 989/4443 874/4441
f 1096/5591 1228/4477 1227/5592
f 1097/4446 987/4444 989/4443
f 1435/5593 1223/4448 1227/5592
f 1648/5594 1331/4449 1435/5593
f 4772/4384 4744/797 4708/796
f 4754/4381 4699/4550 4688/798
f 4539/4366 4479/4037 4480/4832
f 4594/4363 4538/4038 4539/4366
f 4654/5595 4725/6318 4730/5596
f 4658/5597 4595/4044 4594/5598
f 4658/5597 4730/5596 4734/5599
f 4660/5600 4596/4045 4595/4044
f 4660/5600 4734/5599 4735/5601
f 4659/5602 4597/5605 4596/4045
f 4659/5602 4735/5601 4733/5603
f 4655/5604 4598/4051 4597/5605
f 4655/5604 4733/5603 4731/5606
f 4661/5607 4599/5609 4598/4051
f 4661/5607 4668/5610 4601/5608
f 4599/5609 4601/5608 4544/4105
f 4599/5609 4542/4054 4541/4052
f 4668/5610 4674/5613 4602/5611
f 4601/5608 4602/5611 4545/5612
f 4674/5613 4672/5617 4605/5614
f 4602/5611 4605/5614 4547/5615
f 4605/5614 4606/5616 4550/4119
f 4547/5615 4550/4119 4497/4116
f 4606/5616 4605/5614 4672/5617
f 4675/5618 4676/5620 4610/5619
f 4606/5616 4610/5619 4551/4120
f 4676/5620 4677/5622 4613/5621
f 4610/5619 4613/5621 4553/4127
f 4677/5622 4681/5624 4616/5623
f 4613/5621 4616/5623 4554/4128
f 4681/5624 4705/5626 4635/5625
f 4616/5623 4635/5625 4556/4135
f 4705/5626 4756/5628 4646/5627
f 4635/5625 4646/5627 4558/4136
f 4756/5628 4864/5631 4651/5629
f 4646/5627 4651/5629 4560/5630
f 4864/5631 4890/5637 4656/5632
f 4651/5629 4656/5632 4565/5633
f 4656/5632 4667/4242 4568/5634
f 4565/5633 4568/5634 4507/5635
f 4505/5636 4506/4137 4560/5630
f 4890/5637 4895/5638 4667/4242
f 4895/5638 4890/5637 4945/5639
f 4948/5640 4950/5641 4898/4246
f 4895/5638 4898/4246 4670/4243
f 4950/5641 4948/5640 4980/4272
f 4982/4269 4977/4266 4946/4253
f 4950/5641 4946/4253 4897/4247
f 4945/5639 4972/5643 4980/4272
f 4942/5642 4964/4274 4972/5643
f 4945/5639 4890/5637 4864/5631
f 4924/5644 4935/4276 4964/4274
f 4942/5642 4864/5631 4756/5628
f 4766/5645 4906/4278 4935/4276
f 4756/5628 4705/5626 4766/5645
f 4727/5646 4855/5648 4906/4278
f 4705/5626 4681/5624 4727/5646
f 4784/5647 4896/5654 4886/4282
f 4855/5648 4886/4282 4918/4279
f 4855/5648 4727/5646 4726/5649
f 4729/5650 4860/5653 4784/5647
f 4726/5649 4727/5646 4681/5624
f 4677/5622 4676/5620 4729/5650
f 4859/5651 4873/5674 4904/5652
f 4860/5653 4904/5652 4896/5654
f 4860/5653 4729/5650 4732/5655
f 4732/5655 4736/5657 4861/5656
f 4732/5655 4729/5650 4676/5620
f 4675/5618 4672/5617 4736/5657
f 4882/5658 4899/5667 4875/5659
f 4875/5659 4873/5674 4859/5651
f 4861/5656 4736/5657 4742/5660
f 4742/5660 4737/5662 4865/5661
f 4742/5660 4736/5657 4672/5617
f 4674/5613 4668/5610 4737/5662
f 4858/5663 4876/5665 4884/5664
f 4884/5664 4899/5667 4882/5658
f 4865/5661 4737/5662 4731/5606
f 4876/5665 4878/5694 4883/5666
f 4883/5666 4902/5668 4899/5667
f 4902/5668 4883/5666 4852/5669
f 4853/5670 4821/5672 4877/5671
f 4902/5668 4877/5671 4875/5659
f 4821/5672 4814/5675 4872/5673
f 4877/5671 4872/5673 4873/5674
f 4814/5675 4809/5677 4894/5676
f 4894/5676 4904/5652 4873/5674
f 4809/5677 4790/4287 4892/5678
f 4892/5678 4896/5654 4904/5652
f 4814/5675 4821/5672 4804/5679
f 4796/5680 4794/4289 4809/5677
f 4804/5679 4813/5682 4829/5681
f 4826/4295 4815/4291 4796/5680
f 4821/5672 4853/5670 4813/5682
f 4829/5685 4832/5687 4840/5683
f 4840/5683 4841/4297 4826/5684
f 4813/5686 4820/5688 4832/5687
f 4820/5688 4827/5692 4836/5689
f 4820/5690 4813/5682 4853/5670
f 4820/5690 4852/5669 4850/5695
f 4857/5693 4823/5716 4827/5692
f 4852/5669 4883/5666 4878/5694
f 4850/5695 4878/5694 4881/5699
f 4900/5697 4854/5714 4857/5693
f 4878/5694 4876/5665 4880/5698
f 4881/5699 4880/5698 4901/5703
f 4888/5701 4887/5712 4900/5697
f 4880/5698 4863/5723 4885/5702
f 4901/5703 4885/5702 4866/5706
f 4785/5705 4848/5708 4888/5701
f 4885/5702 4735/5601 4734/5599
f 4866/5706 4734/5599 4730/5596
f 4848/5708 4782/4354 4787/4352
f 4807/5709 4887/5712 4888/5701
f 4848/5708 4785/5705 4770/4359
f 4807/5709 4787/4352 4786/4346
f 4807/5709 4799/5710 4847/5711
f 4847/5711 4799/5710 4795/4342
f 4805/5713 4818/5715 4854/5714
f 4854/5714 4900/5697 4887/5712
f 4818/5715 4805/5713 4812/4338
f 4824/4334 4833/5717 4823/5716
f 4823/5716 4857/5693 4854/5714
f 4833/5717 4836/5689 4827/5692
f 4836/5689 4833/5717 4839/4329
f 4836/5689 4840/5683 4832/5687
f 4831/5720 4830/4300 4844/4298
f 4842/5718 4844/4298 4840/5683
f 4831/5720 4817/5719 4773/4322
f 4781/5721 4780/5722 4830/4300
f 4780/5722 4781/5721 4746/4319
f 4747/4318 4738/4307 4779/4303
f 4780/5722 4779/4303 4835/4301
f 4842/5718 4839/4329 4811/4325
f 4833/5717 4824/4334 4834/4330
f 4824/4334 4812/4338 4816/4335
f 4805/5713 4795/4342 4803/4339
f 4799/5710 4786/4346 4788/4343
f 4785/5705 4730/6319 4725/4361
f 4863/5723 4733/5603 4735/5601
f 4863/5723 4880/5698 4876/5665
f 4858/5663 4731/5606 4733/5603
f 4737/5662 4668/5610 4661/5607
f 4896/5654 4892/5678 4869/4283
f 4418/5724 4429/4139 4505/5636
f 4204/4235 4206/6320 4429/5725
f 3036/4225 2857/3437 2856/5726
f 3038/4216 2856/5726 2854/5727
f 2856/5726 2669/3431 2668/3426
f 2854/5727 2668/3426 2665/3423
f 2856/5726 2857/3437 2671/3434
f 3034/4224 2860/3438 2857/3437
f 3772/5728 3710/4024 3948/4027
f 218/3972 389/3971 404/4796
f 376/5729 324/3802 321/3921
f 430/5730 373/3805 376/5729
f 487/5731 431/3807 430/5730
f 490/5732 466/3810 487/5731
f 498/3815 489/3814 490/5733
f 206/5735 199/3840 243/3837
f 206/5736 208/6231 137/3857
f 135/3850 132/3413 199/5737
f 279/3922 268/3798 285/3793
f 693/3784 783/3783 784/4744
f 685/76 451/75 459/5738
f 968/3777 1080/3765 1084/3759
f 1867/3191 1861/5742 1775/5739
f 1778/5740 1775/5739 1702/3722
f 1778/5740 1782/3194 1876/3192
f 1775/5739 1861/5742 1845/129
f 1764/5741 1699/3719 1702/3722
f 1861/5742 1958/3707 1923/130
f 1861/5742 1867/3191 1963/3190
f 1764/5741 1845/129 1836/128
f 4757/3487 4695/3484 4701/4263
s 0
f 4642/4264 4523/6216 4600/3471
s 1
f 19/4197 74/3414 72/3847
f 320/3797 372/3358 366/3354
f 1643/3772 1640/3322 1758/3315
f 1827/3117 1725/265 1741/264
f 832/3091 662/2949 689/3607
f 4758/3491 4768/2837 4703/2835
f 4385/2813 4329/2810 4355/1017
f 4329/2810 4177/2807 4184/5743
f 4177/6321 3975/2803 3979/3460
f 639/3357 711/2702 706/3342
f 2403/2672 2417/2598 2307/3318
f 1746/2658 1677/2682 1692/5745
f 1677/2682 1552/9 1579/5746
f 1579/5746 1581/5748 1707/2653
f 1579/5746 1552/9 1402/12
f 1387/5747 1392/5749 1581/5748
f 1392/5749 1387/5747 1285/1969
f 1392/5751 1283/5754 1276/5752
f 1399/5753 1584/2646 1581/2650
f 1283/5754 1169/6322 1165/5755
f 1165/5755 1164/5759 1257/5756
f 1257/5756 1384/2647 1399/5753
f 1257/5756 1164/5759 1162/5757
f 1256/5758 1375/95 1384/2647
f 1164/5759 1060/5794 1064/5760
f 1064/5760 1069/5762 1161/5761
f 1161/5761 1254/98 1256/5758
f 1069/5762 1075/5793 1163/5763
f 1163/5763 1243/96 1254/98
f 1163/5763 1075/5793 1094/5764
f 1166/5765 1252/5766 1243/96
f 1252/5766 1166/5765 1171/5767
f 1268/5768 1368/5770 1363/5769
f 1252/5766 1363/5769 1369/97
f 1368/5770 1364/5772 1371/5771
f 1363/5769 1371/5771 1396/88
f 1364/5772 1230/5774 1236/5773
f 1371/5771 1236/5773 1251/89
f 1230/5774 1134/5776 1132/5775
f 1132/5775 1122/83 1251/89
f 1134/5776 1052/5778 1050/5777
f 1050/5777 1043/5780 1122/83
f 1052/5778 1051/5781 1049/5779
f 1050/5777 1049/5779 1046/99
f 1051/5781 1118/5783 1110/5782
f 1049/5779 1110/5782 1094/5764
f 1118/5783 1181/5784 1171/5767
f 1110/5782 1171/5767 1166/5765
f 1181/5784 1118/5783 1143/31
f 1183/36 1233/5786 1262/5785
f 1181/5784 1262/5785 1268/5768
f 1233/5786 1301/27 1340/5787
f 1262/5785 1340/5787 1368/5770
f 1301/27 1292/26 1336/5788
f 1340/5787 1336/5788 1364/5772
f 1292/26 1202/42 1211/5789
f 1336/5788 1211/5789 1230/5774
f 1202/42 1151/39 1146/5790
f 1211/5789 1146/5790 1134/5776
f 1151/39 1095/38 1063/5791
f 1146/5790 1063/5791 1052/5778
f 1095/38 1105/32 1073/5792
f 1063/5791 1073/5792 1051/5781
f 1118/5783 1051/5781 1073/5792
f 1075/5793 1010/100 1046/99
f 1075/5793 1069/5762 988/46
f 1069/5762 1064/5760 1006/43
f 1064/5760 1060/5794 1019/48
f 1060/5794 1061/5796 1021/5795
f 1164/5759 1165/5755 1061/5796
f 1061/5796 1071/5798 1014/5797
f 1165/5755 1169/6322 1071/5798
f 1283/5750 1285/1969 1179/5799
f 1387/5747 1402/12 1290/1970
f 2553/2610 2552/2603 2550/2601
f 2288/2591 1979/2590 1984/3311
f 2380/5801 2119/2584 2272/2587
f 2380/5801 2373/116 2039/111
f 2039/111 1952/109 1956/2582
f 2313/2553 2050/112 2375/115
f 1717/2644 1573/2643 1499/90
f 1030/5820 963/86 905/5818
f 820/5804 805/5803 713/5814
f 713/6323 742/5806 820/5805
f 742/5806 713/6323 645/5807
f 650/5808 642/5812 762/5809
f 762/5809 898/2489 820/5805
f 650/5808 645/5807 416/5810
f 417/5811 406/1033 642/5812
f 417/5811 416/5810 360/1926
f 364/1925 341/5846 406/1033
f 645/5813 641/1936 413/1932
f 713/5814 699/5815 631/1937
f 805/5803 775/1943 699/5815
f 857/5817 840/1947 771/1946
f 930/101 927/102 840/1947
f 1123/5819 1092/85 963/86
f 762/5809 642/5812 636/1031
f 856/2487 807/2486 815/5821
f 6/2456 2565/2396 65/2944
f 97/2449 99/2442 44/2424
f 2755/2410 2872/2253 2871/5823
f 2754/2408 2871/5823 2864/2379
f 4389/5824 4383/2205 4487/2203
f 4389/5824 4393/2303 4201/5825
f 4194/2287 4188/2208 4383/2205
f 3986/2285 3977/2211 4186/2209
f 3737/2265 3735/2224 3962/2222
f 3425/5826 3424/5830 3733/2225
f 3157/2258 3153/2251 3422/6324
f 3424/5830 3422/5834 3726/2227
f 3153/5831 3152/5835 3419/5832
f 3422/5834 3419/5837 3715/2229
f 3152/5835 3151/6160 3417/5836
f 3419/6325 3417/6326 3707/6327
f 3417/5836 3151/6160 3158/2244
f 3417/6328 3416/6329 3705/6330
f 2968/2380 2864/2379 2871/5823
f 4467/2207 4455/786 4525/2190
f 4416/2168 4392/2163 4407/2143
f 1537/5839 1564/1 1400/4
f 1383/1999 1373/2003 1529/5840
f 1373/2003 1362/21 1524/24
f 1529/5840 1524/24 1528/23
f 1565/5841 1570/5842 1537/5839
f 1570/5842 1565/5841 1567/14
f 1571/5843 1589/7 1587/5844
f 1570/5842 1587/5844 1564/1
f 1565/5841 1528/23 1510/15
f 1458/5845 1496/20 1349/22
f 1330/1990 1325/1977 1426/18
f 948/1956 952/49 1021/5795
f 846/1948 840/1947 927/102
f 327/1919 303/1918 341/5846
f 303/1918 282/1915 264/1903
f 303/1918 269/5847 308/1034
f 269/5847 264/1903 215/5848
f 214/5849 210/6097 308/1034
f 167/1895 160/1894 210/1027
f 2725/1851 2746/5850 2751/359
f 2746/5850 2784/1847 2795/5851
f 2784/1847 2777/1383 2792/1382
f 2770/1845 2771/1692 2775/6119
f 2753/5853 2745/6331 2863/2111
f 2899/1812 2808/1056 2785/5854
f 2858/5855 2927/1370 2923/1372
f 3694/2240 3688/1357 3907/1340
f 4280/1327 4305/1301 4293/779
f 4269/5856 4225/5857 4229/1239
f 4225/5857 4157/5858 4159/1242
f 4157/1276 4078/1256 4067/6112
f 4080/5860 4224/1233 4212/1198
f 3950/1249 3923/1191 4080/1195
f 3692/1070 3653/1069 3759/2127
f 3901/1172 3934/1254 3867/1164
f 3732/1152 3739/5862 3802/5861
f 3796/1151 3795/1149 3724/1153
f 3674/572 3686/552 3739/5862
f 3739/5862 3738/5864 3810/5863
f 3686/552 3676/555 3738/5864
f 3810/5863 3816/5866 3868/5865
f 3848/560 3847/559 3802/5861
f 3738/5864 3731/5867 3816/5866
f 3816/5866 3819/618 3886/621
f 3731/5867 3727/5921 3819/618
f 3676/555 3657/6070 3731/5867
f 3795/1149 3803/570 3718/569
f 3482/5868 3597/1122 3587/5869
f 3475/1136 3477/1135 3403/1104
f 3475/1136 3384/1110 3380/5992
f 3484/1657 3418/1105 3403/1104
f 3609/5871 3587/1132 3597/1120
f 3482/5868 3380/1112 3376/1725
f 3185/6332 3164/535 3269/536
f 3220/1111 3095/6333 3070/1090
f 3177/545 3101/542 3107/544
f 3284/5876 3292/6334 3195/5877
f 3342/1102 3331/530 3292/5878
f 3401/1654 3364/502 3367/1107
f 3367/1107 3364/502 3331/530
f 3010/1086 3005/1080 2934/1083
f 2921/1082 2903/510 2868/509
f 2921/1082 2942/1084 2958/1230
f 3415/1801 3558/6099 3571/1066
f 3601/4176 3412/998 3491/994
f 3655/993 3837/982 3846/981
f 3293/987 3205/5887 3199/6335
f 3199/5880 3207/5886 3270/5882
f 3270/5882 3256/6090 3252/5883
f 3199/5884 3205/6336 3122/944
f 3124/5885 3187/934 3207/5886
f 3312/986 3232/5889 3205/5887
f 3332/5888 3241/5890 3232/5889
f 3308/979 3222/978 3241/5890
f 3127/972 3241/971 3222/5891
f 3119/956 3086/959 3088/974
f 2948/4192 3078/917 3096/940
f 3252/5892 3256/931 3187/934
f 3078/917 3166/910 3186/909
f 3270/5882 3207/5886 3223/930
f 3244/5894 3325/6006 3285/5893
f 3126/5895 3148/5901 3224/5896
f 3224/5899 3294/5900 3273/5906
f 3173/929 3273/6083 3244/5894
f 3224/5899 3148/6085 3188/857
f 3248/856 3296/863 3294/5900
f 3141/913 3162/912 3148/5901
f 3282/915 3322/869 3305/866
f 3282/915 3279/865 3237/858
f 12/3853 24/884 2568/5902
f 3335/923 3354/840 3357/5903
f 3294/5900 3357/868 3354/5905
f 3406/852 3426/5983 3435/846
f 3503/851 3442/850 3448/5907
f 3935/6246 3859/4090 4034/6245
f 3485/6084 3497/844 3435/846
f 3453/1617 3459/765 3371/5912
f 3370/5913 3375/384 3450/383
f 3459/765 3464/767 3374/5914
f 3972/5915 3969/750 3887/1540
f 3913/737 3843/703 3903/709
f 3683/1569 3602/633 3610/5916
f 3693/5917 3610/670 3616/1529
f 3690/731 3616/1529 3623/727
f 3806/5918 3841/668 3878/667
f 3789/688 3631/690 3689/6337
f 3555/584 3656/583 3594/675
f 4138/6127 4137/1558 4173/603
f 3431/5919 3366/486 3372/1647
f 3504/5920 3414/497 3431/5919
f 3727/642 3716/627 3817/5922
f 3716/627 3722/1791 3818/1790
f 4265/5923 4254/6338 4220/602
f 4254/615 4262/614 4230/1595
f 3269/536 3201/522 3155/548
f 3195/532 3209/527 3144/528
f 3266/435 3149/455 3150/454
f 3264/526 3329/525 3302/431
f 3328/501 3360/503 3272/505
f 3179/5926 3160/523 3202/520
f 2880/482 2869/481 2907/6066
f 2913/5927 2935/463 2932/405
f 2935/463 2980/462 2975/1676
f 3055/458 2965/452 2969/5928
f 3090/1412 3113/429 3033/439
f 3113/429 3135/428 3030/374
f 3190/5929 3111/6339 3149/455
f 3049/5930 3045/367 3172/375
f 3135/428 3172/375 3045/367
f 1431/331 1429/330 1560/179
f 1294/323 1347/324 1321/5931
f 1244/304 1231/302 1264/286
f 1359/318 1348/320 1342/5932
f 1359/5934 1367/5936 1430/5935
f 1367/5933 1342/5932 1339/306
f 1367/5933 1361/310 1421/309
f 1446/5938 1438/6044 1483/168
f 1446/5938 1491/5939 1494/6340
f 1446/5940 1450/150 1381/5941
f 1450/150 1443/145 1390/147
f 1381/5941 1390/147 1350/5943
f 1346/5944 1366/5945 1386/5942
f 1346/5944 1350/5943 1341/307
f 1346/5944 1339/306 1342/5932
f 1390/147 1436/146 1397/5946
f 1350/5943 1397/5946 1391/311
f 1397/5946 1407/5948 1411/5947
f 1436/146 1467/149 1407/5948
f 1408/5949 1404/5955 1411/5950
f 1407/5951 1467/5954 1471/5952
f 1471/5952 1472/191 1406/5953
f 1467/5954 1494/6340 1491/5939
f 1471/5952 1491/5939 1483/168
f 1404/5955 1430/5935 1421/5937
f 1347/293 1333/6054 1313/295
f 1231/6055 1313/295 1333/6054
f 1380/289 1376/6049 1449/241
f 1416/248 1427/239 1376/5957
f 1536/3055 1538/250 1590/258
f 1601/5959 1590/258 1538/250
f 1601/5959 1563/5960 1580/5961
f 1618/5962 1615/5963 1605/257
f 1615/5963 1618/5962 1628/224
f 1621/223 1608/219 1604/205
f 1615/5963 1604/205 1595/203
f 1618/5962 1580/5961 1588/225
f 1563/5964 1516/245 1526/5965
f 1580/5966 1526/5965 1535/232
f 1516/245 1501/5968 1504/5967
f 1526/5965 1504/5967 1519/229
f 1501/5968 1505/197 1507/5969
f 1504/5967 1507/5969 1518/5970
f 1476/243 1480/6048 1427/239
f 1460/5956 1449/241 1480/236
f 1519/229 1518/5970 1522/214
f 1625/227 1611/210 1608/219
f 1518/5970 1507/5969 1575/201
f 1582/5972 1575/206 1604/205
f 1657/5973 1674/158 1658/5974
f 1649/5975 1658/5974 1641/5976
f 1674/158 1617/154 1609/159
f 1658/5974 1609/159 1597/161
f 1597/161 1578/174 1629/187
f 1578/174 1597/161 1531/5977
f 2373/116 2375/115 2050/112
f 1369/97 1396/88 1403/91
f 1569/2642 1378/93 1403/91
f 950/2016 977/68 994/64
f 1067/70 1066/51 1029/55
f 1005/67 1029/55 1002/54
f 1038/58 1003/57 1002/54
f 1168/35 1213/28 1233/5786
f 1168/35 1150/34 1184/29
f 1458/5845 1426/18 1510/15
f 1439/16 1432/11 1555/8
f 1547/17 1555/8 1571/5843
f 1669/10 1642/2 1587/5844
f 1495/163 1493/200 1545/5980
f 3573/830 3498/829 3550/5978
f 3980/991 3935/4100 4056/4065
f 3311/977 3308/979 3332/5888
f 3912/1160 3900/6002 3897/5985
f 1545/5980 1493/200 1531/5977
f 3097/896 3102/925 3100/892
f 3082/961 3083/960 3088/974
f 2563/948 8/897 2595/899
f 3406/852 3395/854 3402/5982
f 1366/5945 1382/341 1413/5989
f 1448/340 1438/5990 1413/5989
f 1438/5990 1446/5940 1386/5942
f 1348/320 1389/317 1382/341
f 3147/926 3187/934 3219/935
f 3223/930 3207/5886 3187/934
f 3380/5992 3384/1110 3286/1109
f 3161/5996 3286/1109 3284/1108
f 3107/544 3106/5995 3140/5994
f 3072/543 3095/1087 3106/5995
f 3161/5875 3140/5994 3259/5998
f 3140/5994 3095/1087 3220/5997
f 3137/1127 3115/551 3185/550
f 3513/832 3381/818 3487/820
f 3900/6002 3912/1160 3915/1159
f 3509/6005 3522/6341 3550/5978
f 3325/842 3319/841 3274/921
f 3897/5985 3900/6002 3892/6004
f 3527/6009 3523/6016 3529/6010
f 3534/6011 3546/6024 3538/6012
f 3527/6009 3531/6017 3525/6013
f 3527/6042 3519/6041 3521/6342
f 3538/6012 3535/6020 3531/6017
f 3541/6018 3537/6031 3533/6019
f 3535/6020 3533/6019 3530/6021
f 3538/6012 3545/6023 3541/6018
f 3551/6022 3549/6030 3541/6018
f 3545/6023 3538/6012 3546/6024
f 3545/6023 3552/6025 3556/6026
f 3556/6026 3559/6028 3557/6027
f 3559/6028 3562/6343 3560/6029
f 3549/6030 3542/6032 3537/6031
f 3542/6032 3539/6344 3536/6033
f 3532/6034 3533/6019 3537/6031
f 3532/6034 3528/6345 3530/6021
f 3524/6035 3525/6013 3531/6017
f 3546/6024 3534/6011 3548/6036
f 3526/6040 3518/6346 3519/6041
f 2928/373 2955/437 2943/443
f 2943/1200 2956/438 2928/440
f 3435/5910 3426/822 3444/824
f 3561/6347 3485/5909 3443/5911
f 3515/5908 3561/6347 3443/5911
f 3503/851 3515/5908 3443/5911
f 3444/824 3503/851 3443/5911
f 3435/5910 3444/824 3443/5911
f 3584/6081 3576/5986 3569/5988
f 3522/5984 3513/832 3564/6000
f 3550/5978 3522/6341 3564/839
f 3550/5978 3564/839 3568/838
f 3553/836 3550/5978 3568/838
f 3568/838 3563/837 3544/6082
f 3553/836 3568/838 3544/6082
f 3890/1166 3897/5985 3902/6008
f 3902/6008 3892/6004 3890/1166
f 3549/6030 3551/6022 3557/6027
f 3542/6032 3549/6030 3557/6027
f 3559/6028 3556/6026 3552/6025
f 3559/6028 3552/6025 3546/6024
f 3562/6343 3559/6028 3546/6024
f 3539/6344 3542/6032 3557/6027
f 3539/6348 3557/6349 3560/6350
f 3526/6014 3525/6013 3524/6035
f 3562/6343 3546/6024 3548/6036
f 3562/6343 3548/6036 3529/6010
f 3528/6345 3532/6034 3536/6033
f 3528/6345 3536/6033 3539/6344
f 3529/6351 3523/6352 3521/6342
f 3518/6353 3526/6014 3524/6035
f 3560/6350 3562/6354 3529/6351
f 3560/6350 3529/6351 3521/6342
f 3528/6039 3539/6348 3560/6350
f 3518/6346 3524/6037 3528/6039
f 3518/6346 3528/6039 3560/6350
f 3518/6346 3560/6350 3521/6342
f 3518/6346 3521/6342 3519/6041
